
> @ava/worker@0.1.0 test /Users/h_dryden/Documents/New project/christopher-jtbd-review/apps/worker
> vitest run


 RUN  v5.0.0 /Users/h_dryden/Documents/New project/christopher-jtbd-review/apps/worker

{"t":"2026-10-01T15:44:03.221Z","level":"info","msg":"slow database query","data":{"durationMs":490,"statement":"truncate users, companies, career_sources, discovery_runs, scan_runs, scans, jobs, job_events, decisions, tasks, setting"}}
{"t":"2026-10-01T15:44:03.240Z","level":"info","msg":"task start","taskId":"3ff48539-bdd6-4009-9391-ea5bc96c9346","taskType":"discover","data":{"id":"3ff48539-bdd6-4009-9391-ea5bc96c9346","type":"discover","attempt":1,"workerId":"test","commit":null,"readyWaitMs":9,"heapUsedMb":112,"heapLimitMb":4144,"rssMb":216}}
{"t":"2026-10-01T15:44:03.399Z","level":"warn","msg":"logo re-encode failed; the original is kept","taskId":"3ff48539-bdd6-4009-9391-ea5bc96c9346","taskType":"discover","data":{"error":"Input buffer has corrupt header:","bytes":400}}
{"t":"2026-10-01T15:44:03.412Z","level":"info","msg":"logo captured","taskId":"3ff48539-bdd6-4009-9391-ea5bc96c9346","taskType":"discover","data":{"company":"Acme","source":"site_icon","sourceUrl":"https://www.acme.example/favicon.png","bytes":400,"contentType":"image/png"}}
{"t":"2026-10-01T15:44:03.415Z","level":"info","msg":"task done","taskId":"3ff48539-bdd6-4009-9391-ea5bc96c9346","taskType":"discover","data":{"id":"3ff48539-bdd6-4009-9391-ea5bc96c9346","type":"discover","ms":176,"heapUsedMb":73,"heapDeltaMb":-39,"heapLimitMb":4144,"rssMb":206,"rssDeltaMb":-10}}
{"t":"2026-10-01T15:44:03.427Z","level":"info","msg":"task start","taskId":"7a6fc4ee-5026-401f-917f-1d6681a8ce85","taskType":"discover","data":{"id":"7a6fc4ee-5026-401f-917f-1d6681a8ce85","type":"discover","attempt":1,"workerId":"test","commit":null,"readyWaitMs":3,"heapUsedMb":75,"heapLimitMb":4144,"rssMb":206}}
{"t":"2026-10-01T15:44:03.430Z","level":"info","msg":"task done","taskId":"7a6fc4ee-5026-401f-917f-1d6681a8ce85","taskType":"discover","data":{"id":"7a6fc4ee-5026-401f-917f-1d6681a8ce85","type":"discover","ms":3,"heapUsedMb":75,"heapDeltaMb":0,"heapLimitMb":4144,"rssMb":206,"rssDeltaMb":0}}
{"t":"2026-10-01T15:44:03.975Z","level":"info","msg":"slow database query","data":{"durationMs":542,"statement":"truncate users, companies, career_sources, discovery_runs, scan_runs, scans, jobs, job_events, decisions, tasks, setting"}}
{"t":"2026-10-01T15:44:04.003Z","level":"info","msg":"task start","taskId":"534ec838-1caa-4fea-a1fe-fd88fbe5bf26","taskType":"discover","data":{"id":"534ec838-1caa-4fea-a1fe-fd88fbe5bf26","type":"discover","attempt":1,"workerId":"test","commit":null,"readyWaitMs":15,"heapUsedMb":77,"heapLimitMb":4144,"rssMb":180}}
{"t":"2026-10-01T15:44:04.064Z","level":"info","msg":"discovery finished","taskId":"534ec838-1caa-4fea-a1fe-fd88fbe5bf26","taskType":"discover","data":{"company":"Acme","outcome":"resolved","fetches":0,"best":"pasted_ats"}}
{"t":"2026-10-01T15:44:04.065Z","level":"info","msg":"task done","taskId":"534ec838-1caa-4fea-a1fe-fd88fbe5bf26","taskType":"discover","data":{"id":"534ec838-1caa-4fea-a1fe-fd88fbe5bf26","type":"discover","ms":62,"heapUsedMb":79,"heapDeltaMb":2,"heapLimitMb":4144,"rssMb":176,"rssDeltaMb":-4}}
{"t":"2026-10-01T15:44:04.067Z","level":"info","msg":"task start","taskId":"63904fbc-425f-45e1-a086-8550d8c51adb","taskType":"discover","data":{"id":"63904fbc-425f-45e1-a086-8550d8c51adb","type":"discover","attempt":1,"workerId":"test","commit":null,"readyWaitMs":68,"heapUsedMb":79,"heapLimitMb":4144,"rssMb":176}}
{"t":"2026-10-01T15:44:04.166Z","level":"info","msg":"discovery finished","taskId":"63904fbc-425f-45e1-a086-8550d8c51adb","taskType":"discover","data":{"company":"Acme Robotics Ltd","outcome":"resolved","fetches":0,"best":"pasted_ats"}}
{"t":"2026-10-01T15:44:04.168Z","level":"info","msg":"task done","taskId":"63904fbc-425f-45e1-a086-8550d8c51adb","taskType":"discover","data":{"id":"63904fbc-425f-45e1-a086-8550d8c51adb","type":"discover","ms":101,"heapUsedMb":81,"heapDeltaMb":2,"heapLimitMb":4144,"rssMb":176,"rssDeltaMb":0}}
{"t":"2026-10-01T15:44:04.170Z","level":"info","msg":"task start","taskId":"cf107f34-bda6-446d-81ba-a2c909846f62","taskType":"scan_company","data":{"id":"cf107f34-bda6-446d-81ba-a2c909846f62","type":"scan_company","attempt":1,"workerId":"test","commit":null,"readyWaitMs":113,"heapUsedMb":81,"heapLimitMb":4144,"rssMb":176}}
{"t":"2026-10-01T15:44:04.342Z","level":"info","msg":"source scanned","taskId":"cf107f34-bda6-446d-81ba-a2c909846f62","taskType":"scan_company","data":{"company":"Acme Robotics","type":"greenhouse","status":"ok","postings":5,"new":5,"closed":0,"followers":0,"deferredDescriptions":0,"reusedListing":false,"claimFetchedBytes":1452,"claimRequests":3,"claimRevalidated":0,"heapUsedMb":84,"ms":166}}
{"t":"2026-10-01T15:44:04.348Z","level":"info","msg":"task done","taskId":"cf107f34-bda6-446d-81ba-a2c909846f62","taskType":"scan_company","data":{"id":"cf107f34-bda6-446d-81ba-a2c909846f62","type":"scan_company","ms":178,"heapUsedMb":85,"heapDeltaMb":4,"heapLimitMb":4144,"rssMb":177,"rssDeltaMb":1}}
{"t":"2026-10-01T15:44:04.357Z","level":"info","msg":"task start","taskId":"b1b8a305-bdb3-4d20-9891-5dd598f81383","taskType":"scan_company","data":{"id":"b1b8a305-bdb3-4d20-9891-5dd598f81383","type":"scan_company","attempt":1,"workerId":"test","commit":null,"readyWaitMs":197,"heapUsedMb":85,"heapLimitMb":4144,"rssMb":177}}
{"t":"2026-10-01T15:44:04.481Z","level":"info","msg":"source scanned","taskId":"b1b8a305-bdb3-4d20-9891-5dd598f81383","taskType":"scan_company","data":{"company":"Acme Robotics Ltd","type":"greenhouse","status":"ok","postings":5,"new":5,"closed":0,"followers":0,"deferredDescriptions":0,"reusedListing":false,"claimFetchedBytes":1452,"claimRequests":3,"claimRevalidated":0,"heapUsedMb":75,"ms":118}}
{"t":"2026-10-01T15:44:04.486Z","level":"info","msg":"task done","taskId":"b1b8a305-bdb3-4d20-9891-5dd598f81383","taskType":"scan_company","data":{"id":"b1b8a305-bdb3-4d20-9891-5dd598f81383","type":"scan_company","ms":130,"heapUsedMb":75,"heapDeltaMb":-10,"heapLimitMb":4144,"rssMb":177,"rssDeltaMb":0}}
{"t":"2026-10-01T15:44:04.487Z","level":"info","msg":"task start","taskId":"77299861-cba9-4f64-97d1-d2f9989df6ef","taskType":"discover","data":{"id":"77299861-cba9-4f64-97d1-d2f9989df6ef","type":"discover","attempt":1,"workerId":"test","commit":null,"readyWaitMs":483,"heapUsedMb":75,"heapLimitMb":4144,"rssMb":177}}
{"t":"2026-10-01T15:44:04.541Z","level":"warn","msg":"logo re-encode failed; the original is kept","taskId":"77299861-cba9-4f64-97d1-d2f9989df6ef","taskType":"discover","data":{"error":"Input buffer has corrupt header:","bytes":400}}
{"t":"2026-10-01T15:44:04.545Z","level":"info","msg":"logo captured","taskId":"77299861-cba9-4f64-97d1-d2f9989df6ef","taskType":"discover","data":{"company":"Acme Robotics","source":"site_icon","sourceUrl":"https://www.acme.example/favicon.png","bytes":400,"contentType":"image/png"}}
{"t":"2026-10-01T15:44:04.547Z","level":"info","msg":"task done","taskId":"77299861-cba9-4f64-97d1-d2f9989df6ef","taskType":"discover","data":{"id":"77299861-cba9-4f64-97d1-d2f9989df6ef","type":"discover","ms":59,"heapUsedMb":76,"heapDeltaMb":1,"heapLimitMb":4144,"rssMb":177,"rssDeltaMb":0}}
{"t":"2026-10-01T15:44:04.549Z","level":"info","msg":"task start","taskId":"8f4c8936-f56f-43f4-94d7-c022bcb11929","taskType":"discover","data":{"id":"8f4c8936-f56f-43f4-94d7-c022bcb11929","type":"discover","attempt":1,"workerId":"test","commit":null,"readyWaitMs":481,"heapUsedMb":77,"heapLimitMb":4144,"rssMb":177}}
{"t":"2026-10-01T15:44:04.553Z","level":"info","msg":"logo capture failed","taskId":"8f4c8936-f56f-43f4-94d7-c022bcb11929","taskType":"discover","data":{"company":"Acme Robotics Ltd","error":"No usable icon found for acme-named.example","tried":4,"attempts":1,"nextAttemptAt":"2026-09-05T07:00:00.000Z"}}
{"t":"2026-10-01T15:44:04.554Z","level":"info","msg":"task done","taskId":"8f4c8936-f56f-43f4-94d7-c022bcb11929","taskType":"discover","data":{"id":"8f4c8936-f56f-43f4-94d7-c022bcb11929","type":"discover","ms":5,"heapUsedMb":77,"heapDeltaMb":0,"heapLimitMb":4144,"rssMb":177,"rssDeltaMb":0}}
{"t":"2026-10-01T15:44:05.051Z","level":"info","msg":"slow database query","taskId":"cf107f34-bda6-446d-81ba-a2c909846f62","taskType":"scan_company","data":{"durationMs":495,"statement":"truncate users, companies, career_sources, discovery_runs, scan_runs, scans, jobs, job_events, decisions, tasks, setting"}}
{"t":"2026-10-01T15:44:05.068Z","level":"info","msg":"task start","taskId":"9e62da3e-1ec9-4dd0-bbee-bf434737fd35","taskType":"discover","data":{"id":"9e62da3e-1ec9-4dd0-bbee-bf434737fd35","type":"discover","attempt":1,"workerId":"test","commit":null,"readyWaitMs":6,"heapUsedMb":79,"heapLimitMb":4144,"rssMb":168}}
{"t":"2026-10-01T15:44:05.238Z","level":"info","msg":"discovery finished","taskId":"9e62da3e-1ec9-4dd0-bbee-bf434737fd35","taskType":"discover","data":{"company":"acme.example","outcome":"resolved","fetches":3,"best":"ats_link"}}
{"t":"2026-10-01T15:44:05.240Z","level":"info","msg":"task done","taskId":"9e62da3e-1ec9-4dd0-bbee-bf434737fd35","taskType":"discover","data":{"id":"9e62da3e-1ec9-4dd0-bbee-bf434737fd35","type":"discover","ms":172,"heapUsedMb":83,"heapDeltaMb":4,"heapLimitMb":4144,"rssMb":165,"rssDeltaMb":-3}}
{"t":"2026-10-01T15:44:05.242Z","level":"info","msg":"task start","taskId":"ee9ae5c4-0e11-442b-8e91-6faf4dacaeb8","taskType":"scan_company","data":{"id":"ee9ae5c4-0e11-442b-8e91-6faf4dacaeb8","type":"scan_company","attempt":1,"workerId":"test","commit":null,"readyWaitMs":10,"heapUsedMb":83,"heapLimitMb":4144,"rssMb":165}}
{"t":"2026-10-01T15:44:05.433Z","level":"info","msg":"source scanned","taskId":"ee9ae5c4-0e11-442b-8e91-6faf4dacaeb8","taskType":"scan_company","data":{"company":"Acme Robotics","type":"greenhouse","status":"ok","postings":5,"new":5,"closed":0,"followers":1,"deferredDescriptions":0,"reusedListing":false,"claimFetchedBytes":1452,"claimRequests":3,"claimRevalidated":0,"heapUsedMb":86,"ms":186}}
{"t":"2026-10-01T15:44:05.440Z","level":"info","msg":"task done","taskId":"ee9ae5c4-0e11-442b-8e91-6faf4dacaeb8","taskType":"scan_company","data":{"id":"ee9ae5c4-0e11-442b-8e91-6faf4dacaeb8","type":"scan_company","ms":198,"heapUsedMb":87,"heapDeltaMb":4,"heapLimitMb":4144,"rssMb":165,"rssDeltaMb":0}}
{"t":"2026-10-01T15:44:05.441Z","level":"info","msg":"task start","taskId":"e57a8f5d-02a7-43dc-87b7-1e0c0521788d","taskType":"fetch_description","data":{"id":"e57a8f5d-02a7-43dc-87b7-1e0c0521788d","type":"fetch_description","attempt":1,"workerId":"test","commit":null,"readyWaitMs":45,"heapUsedMb":87,"heapLimitMb":4144,"rssMb":165}}
{"t":"2026-10-01T15:44:05.464Z","level":"info","msg":"task done","taskId":"e57a8f5d-02a7-43dc-87b7-1e0c0521788d","taskType":"fetch_description","data":{"id":"e57a8f5d-02a7-43dc-87b7-1e0c0521788d","type":"fetch_description","ms":23,"heapUsedMb":78,"heapDeltaMb":-9,"heapLimitMb":4144,"rssMb":165,"rssDeltaMb":0}}
{"t":"2026-10-01T15:44:05.465Z","level":"info","msg":"task start","taskId":"211eca97-e2c5-4845-8ffa-e721bb78b1c1","taskType":"fetch_description","data":{"id":"211eca97-e2c5-4845-8ffa-e721bb78b1c1","type":"fetch_description","attempt":1,"workerId":"test","commit":null,"readyWaitMs":69,"heapUsedMb":78,"heapLimitMb":4144,"rssMb":165}}
{"t":"2026-10-01T15:44:05.507Z","level":"info","msg":"task done","taskId":"211eca97-e2c5-4845-8ffa-e721bb78b1c1","taskType":"fetch_description","data":{"id":"211eca97-e2c5-4845-8ffa-e721bb78b1c1","type":"fetch_description","ms":42,"heapUsedMb":79,"heapDeltaMb":1,"heapLimitMb":4144,"rssMb":165,"rssDeltaMb":0}}
{"t":"2026-10-01T15:44:05.510Z","level":"info","msg":"task start","taskId":"bae622bc-f4b2-420d-8b48-b82a1c364427","taskType":"fetch_description","data":{"id":"bae622bc-f4b2-420d-8b48-b82a1c364427","type":"fetch_description","attempt":1,"workerId":"test","commit":null,"readyWaitMs":114,"heapUsedMb":79,"heapLimitMb":4144,"rssMb":165}}
{"t":"2026-10-01T15:44:05.556Z","level":"info","msg":"task done","taskId":"bae622bc-f4b2-420d-8b48-b82a1c364427","taskType":"fetch_description","data":{"id":"bae622bc-f4b2-420d-8b48-b82a1c364427","type":"fetch_description","ms":46,"heapUsedMb":80,"heapDeltaMb":1,"heapLimitMb":4144,"rssMb":168,"rssDeltaMb":3}}
{"t":"2026-10-01T15:44:05.564Z","level":"info","msg":"task start","taskId":"f3fb9bbb-2d69-42c6-8c3e-5226cef7df10","taskType":"fetch_description","data":{"id":"f3fb9bbb-2d69-42c6-8c3e-5226cef7df10","type":"fetch_description","attempt":1,"workerId":"test","commit":null,"readyWaitMs":168,"heapUsedMb":80,"heapLimitMb":4144,"rssMb":168}}
{"t":"2026-10-01T15:44:05.604Z","level":"info","msg":"task done","taskId":"f3fb9bbb-2d69-42c6-8c3e-5226cef7df10","taskType":"fetch_description","data":{"id":"f3fb9bbb-2d69-42c6-8c3e-5226cef7df10","type":"fetch_description","ms":40,"heapUsedMb":82,"heapDeltaMb":2,"heapLimitMb":4144,"rssMb":168,"rssDeltaMb":0}}
{"t":"2026-10-01T15:44:05.605Z","level":"info","msg":"task start","taskId":"389f4c1f-4b72-4cc9-a87d-b45390a9c638","taskType":"discover","data":{"id":"389f4c1f-4b72-4cc9-a87d-b45390a9c638","type":"discover","attempt":1,"workerId":"test","commit":null,"readyWaitMs":536,"heapUsedMb":82,"heapLimitMb":4144,"rssMb":168}}
{"t":"2026-10-01T15:44:05.659Z","level":"warn","msg":"logo re-encode failed; the original is kept","taskId":"389f4c1f-4b72-4cc9-a87d-b45390a9c638","taskType":"discover","data":{"error":"Input buffer has corrupt header:","bytes":400}}
{"t":"2026-10-01T15:44:05.664Z","level":"info","msg":"logo captured","taskId":"389f4c1f-4b72-4cc9-a87d-b45390a9c638","taskType":"discover","data":{"company":"Acme Robotics","source":"site_icon","sourceUrl":"https://www.acme.example/favicon.png","bytes":400,"contentType":"image/png"}}
{"t":"2026-10-01T15:44:05.666Z","level":"info","msg":"task done","taskId":"389f4c1f-4b72-4cc9-a87d-b45390a9c638","taskType":"discover","data":{"id":"389f4c1f-4b72-4cc9-a87d-b45390a9c638","type":"discover","ms":61,"heapUsedMb":83,"heapDeltaMb":1,"heapLimitMb":4144,"rssMb":167,"rssDeltaMb":-1}}
{"t":"2026-10-01T15:44:06.182Z","level":"info","msg":"slow database query","data":{"durationMs":512,"statement":"truncate users, companies, career_sources, discovery_runs, scan_runs, scans, jobs, job_events, decisions, tasks, setting"}}
{"t":"2026-10-01T15:44:06.203Z","level":"info","msg":"task start","taskId":"3b96c751-9782-4ecb-a7e7-e9189eced5ad","taskType":"discover","data":{"id":"3b96c751-9782-4ecb-a7e7-e9189eced5ad","type":"discover","attempt":1,"workerId":"test","commit":null,"readyWaitMs":6,"heapUsedMb":85,"heapLimitMb":4144,"rssMb":167}}
{"t":"2026-10-01T15:44:06.372Z","level":"info","msg":"discovery finished","taskId":"3b96c751-9782-4ecb-a7e7-e9189eced5ad","taskType":"discover","data":{"company":"acme.example","outcome":"resolved","fetches":3,"best":"ats_link"}}
{"t":"2026-10-01T15:44:06.374Z","level":"info","msg":"task done","taskId":"3b96c751-9782-4ecb-a7e7-e9189eced5ad","taskType":"discover","data":{"id":"3b96c751-9782-4ecb-a7e7-e9189eced5ad","type":"discover","ms":171,"heapUsedMb":88,"heapDeltaMb":3,"heapLimitMb":4144,"rssMb":167,"rssDeltaMb":0}}
{"t":"2026-10-01T15:44:06.376Z","level":"info","msg":"task start","taskId":"f7798289-3c97-427b-916c-80d4277cca49","taskType":"scan_company","data":{"id":"f7798289-3c97-427b-916c-80d4277cca49","type":"scan_company","attempt":1,"workerId":"test","commit":null,"readyWaitMs":11,"heapUsedMb":88,"heapLimitMb":4144,"rssMb":167}}
{"t":"2026-10-01T15:44:06.540Z","level":"info","msg":"source scanned","taskId":"f7798289-3c97-427b-916c-80d4277cca49","taskType":"scan_company","data":{"company":"Acme Robotics","type":"greenhouse","status":"ok","postings":5,"new":5,"closed":0,"followers":1,"deferredDescriptions":0,"reusedListing":false,"claimFetchedBytes":1452,"claimRequests":3,"claimRevalidated":0,"heapUsedMb":81,"ms":154}}
{"t":"2026-10-01T15:44:06.548Z","level":"info","msg":"task done","taskId":"f7798289-3c97-427b-916c-80d4277cca49","taskType":"scan_company","data":{"id":"f7798289-3c97-427b-916c-80d4277cca49","type":"scan_company","ms":172,"heapUsedMb":81,"heapDeltaMb":-7,"heapLimitMb":4144,"rssMb":168,"rssDeltaMb":1}}
{"t":"2026-10-01T15:44:06.551Z","level":"info","msg":"task start","taskId":"144f2f41-b227-49e3-8474-e30e6bd20ad5","taskType":"fetch_description","data":{"id":"144f2f41-b227-49e3-8474-e30e6bd20ad5","type":"fetch_description","attempt":1,"workerId":"test","commit":null,"readyWaitMs":27,"heapUsedMb":81,"heapLimitMb":4144,"rssMb":168}}
{"t":"2026-10-01T15:44:06.574Z","level":"info","msg":"task done","taskId":"144f2f41-b227-49e3-8474-e30e6bd20ad5","taskType":"fetch_description","data":{"id":"144f2f41-b227-49e3-8474-e30e6bd20ad5","type":"fetch_description","ms":23,"heapUsedMb":82,"heapDeltaMb":1,"heapLimitMb":4144,"rssMb":168,"rssDeltaMb":0}}
{"t":"2026-10-01T15:44:06.576Z","level":"info","msg":"task start","taskId":"220b183d-3534-40cf-8f1f-d0843e98e7ef","taskType":"fetch_description","data":{"id":"220b183d-3534-40cf-8f1f-d0843e98e7ef","type":"fetch_description","attempt":1,"workerId":"test","commit":null,"readyWaitMs":52,"heapUsedMb":83,"heapLimitMb":4144,"rssMb":168}}
{"t":"2026-10-01T15:44:06.626Z","level":"info","msg":"task done","taskId":"220b183d-3534-40cf-8f1f-d0843e98e7ef","taskType":"fetch_description","data":{"id":"220b183d-3534-40cf-8f1f-d0843e98e7ef","type":"fetch_description","ms":50,"heapUsedMb":84,"heapDeltaMb":1,"heapLimitMb":4144,"rssMb":168,"rssDeltaMb":0}}
{"t":"2026-10-01T15:44:06.628Z","level":"info","msg":"task start","taskId":"3c684d48-9526-48f1-b58c-86fbda123cdb","taskType":"fetch_description","data":{"id":"3c684d48-9526-48f1-b58c-86fbda123cdb","type":"fetch_description","attempt":1,"workerId":"test","commit":null,"readyWaitMs":104,"heapUsedMb":84,"heapLimitMb":4144,"rssMb":168}}
{"t":"2026-10-01T15:44:06.677Z","level":"info","msg":"task done","taskId":"3c684d48-9526-48f1-b58c-86fbda123cdb","taskType":"fetch_description","data":{"id":"3c684d48-9526-48f1-b58c-86fbda123cdb","type":"fetch_description","ms":49,"heapUsedMb":85,"heapDeltaMb":1,"heapLimitMb":4144,"rssMb":168,"rssDeltaMb":0}}
{"t":"2026-10-01T15:44:06.679Z","level":"info","msg":"task start","taskId":"aad0daf3-d7b8-4838-ac38-98ba8b70455d","taskType":"fetch_description","data":{"id":"aad0daf3-d7b8-4838-ac38-98ba8b70455d","type":"fetch_description","attempt":1,"workerId":"test","commit":null,"readyWaitMs":155,"heapUsedMb":85,"heapLimitMb":4144,"rssMb":168}}
{"t":"2026-10-01T15:44:06.729Z","level":"info","msg":"task done","taskId":"aad0daf3-d7b8-4838-ac38-98ba8b70455d","taskType":"fetch_description","data":{"id":"aad0daf3-d7b8-4838-ac38-98ba8b70455d","type":"fetch_description","ms":50,"heapUsedMb":87,"heapDeltaMb":2,"heapLimitMb":4144,"rssMb":168,"rssDeltaMb":0}}
{"t":"2026-10-01T15:44:06.731Z","level":"info","msg":"task start","taskId":"112cc89c-9898-496e-967f-b092c8e1bb6d","taskType":"discover","data":{"id":"112cc89c-9898-496e-967f-b092c8e1bb6d","type":"discover","attempt":1,"workerId":"test","commit":null,"readyWaitMs":527,"heapUsedMb":87,"heapLimitMb":4144,"rssMb":168}}
{"t":"2026-10-01T15:44:06.784Z","level":"warn","msg":"logo re-encode failed; the original is kept","taskId":"112cc89c-9898-496e-967f-b092c8e1bb6d","taskType":"discover","data":{"error":"Input buffer has corrupt header:","bytes":400}}
{"t":"2026-10-01T15:44:06.791Z","level":"info","msg":"logo captured","taskId":"112cc89c-9898-496e-967f-b092c8e1bb6d","taskType":"discover","data":{"company":"Acme Robotics","source":"site_icon","sourceUrl":"https://www.acme.example/favicon.png","bytes":400,"contentType":"image/png"}}
{"t":"2026-10-01T15:44:06.793Z","level":"info","msg":"task done","taskId":"112cc89c-9898-496e-967f-b092c8e1bb6d","taskType":"discover","data":{"id":"112cc89c-9898-496e-967f-b092c8e1bb6d","type":"discover","ms":62,"heapUsedMb":88,"heapDeltaMb":1,"heapLimitMb":4144,"rssMb":169,"rssDeltaMb":1}}
{"t":"2026-10-01T15:44:07.174Z","level":"info","msg":"slow database query","taskId":"cf107f34-bda6-446d-81ba-a2c909846f62","taskType":"scan_company","data":{"durationMs":376,"statement":"truncate users, companies, career_sources, discovery_runs, scan_runs, scans, jobs, job_events, decisions, tasks, setting"}}
{"t":"2026-10-01T15:44:07.187Z","level":"info","msg":"task start","taskId":"9267aa81-167e-424c-b36a-0ffc23e5f8c6","taskType":"discover","data":{"id":"9267aa81-167e-424c-b36a-0ffc23e5f8c6","type":"discover","attempt":1,"workerId":"test","commit":null,"readyWaitMs":4,"heapUsedMb":90,"heapLimitMb":4144,"rssMb":168}}
{"t":"2026-10-01T15:44:07.353Z","level":"info","msg":"discovery finished","taskId":"9267aa81-167e-424c-b36a-0ffc23e5f8c6","taskType":"discover","data":{"company":"acme.example","outcome":"resolved","fetches":3,"best":"ats_link"}}
{"t":"2026-10-01T15:44:07.354Z","level":"info","msg":"task done","taskId":"9267aa81-167e-424c-b36a-0ffc23e5f8c6","taskType":"discover","data":{"id":"9267aa81-167e-424c-b36a-0ffc23e5f8c6","type":"discover","ms":167,"heapUsedMb":82,"heapDeltaMb":-8,"heapLimitMb":4144,"rssMb":170,"rssDeltaMb":2}}
{"t":"2026-10-01T15:44:07.356Z","level":"info","msg":"task start","taskId":"a0a78a31-2475-46cb-9a9b-080cc7b56c55","taskType":"scan_company","data":{"id":"a0a78a31-2475-46cb-9a9b-080cc7b56c55","type":"scan_company","attempt":1,"workerId":"test","commit":null,"readyWaitMs":10,"heapUsedMb":82,"heapLimitMb":4144,"rssMb":170}}
{"t":"2026-10-01T15:44:07.592Z","level":"info","msg":"source scanned","taskId":"a0a78a31-2475-46cb-9a9b-080cc7b56c55","taskType":"scan_company","data":{"company":"Acme Robotics","type":"greenhouse","status":"ok","postings":5,"new":5,"closed":0,"followers":1,"deferredDescriptions":0,"reusedListing":false,"claimFetchedBytes":1452,"claimRequests":3,"claimRevalidated":0,"heapUsedMb":86,"ms":232}}
{"t":"2026-10-01T15:44:07.602Z","level":"info","msg":"task done","taskId":"a0a78a31-2475-46cb-9a9b-080cc7b56c55","taskType":"scan_company","data":{"id":"a0a78a31-2475-46cb-9a9b-080cc7b56c55","type":"scan_company","ms":246,"heapUsedMb":86,"heapDeltaMb":4,"heapLimitMb":4144,"rssMb":170,"rssDeltaMb":0}}
{"t":"2026-10-01T15:44:07.604Z","level":"info","msg":"task start","taskId":"21c76917-7419-4f20-afff-a3ddcd15caf6","taskType":"fetch_description","data":{"id":"21c76917-7419-4f20-afff-a3ddcd15caf6","type":"fetch_description","attempt":1,"workerId":"test","commit":null,"readyWaitMs":95,"heapUsedMb":86,"heapLimitMb":4144,"rssMb":170}}
{"t":"2026-10-01T15:44:07.615Z","level":"info","msg":"task done","taskId":"21c76917-7419-4f20-afff-a3ddcd15caf6","taskType":"fetch_description","data":{"id":"21c76917-7419-4f20-afff-a3ddcd15caf6","type":"fetch_description","ms":11,"heapUsedMb":87,"heapDeltaMb":1,"heapLimitMb":4144,"rssMb":170,"rssDeltaMb":0}}
{"t":"2026-10-01T15:44:07.617Z","level":"info","msg":"task start","taskId":"3c67df5a-b549-4e89-9441-5c72d114583f","taskType":"fetch_description","data":{"id":"3c67df5a-b549-4e89-9441-5c72d114583f","type":"fetch_description","attempt":1,"workerId":"test","commit":null,"readyWaitMs":108,"heapUsedMb":87,"heapLimitMb":4144,"rssMb":170}}
{"t":"2026-10-01T15:44:07.666Z","level":"info","msg":"task done","taskId":"3c67df5a-b549-4e89-9441-5c72d114583f","taskType":"fetch_description","data":{"id":"3c67df5a-b549-4e89-9441-5c72d114583f","type":"fetch_description","ms":49,"heapUsedMb":89,"heapDeltaMb":2,"heapLimitMb":4144,"rssMb":170,"rssDeltaMb":0}}
{"t":"2026-10-01T15:44:07.668Z","level":"info","msg":"task start","taskId":"48a4c750-ca2b-4623-861a-28da80c87084","taskType":"discover","data":{"id":"48a4c750-ca2b-4623-861a-28da80c87084","type":"discover","attempt":1,"workerId":"test","commit":null,"readyWaitMs":480,"heapUsedMb":89,"heapLimitMb":4144,"rssMb":170}}
{"t":"2026-10-01T15:44:07.721Z","level":"warn","msg":"logo re-encode failed; the original is kept","taskId":"48a4c750-ca2b-4623-861a-28da80c87084","taskType":"discover","data":{"error":"Input buffer has corrupt header:","bytes":400}}
{"t":"2026-10-01T15:44:07.727Z","level":"info","msg":"logo captured","taskId":"48a4c750-ca2b-4623-861a-28da80c87084","taskType":"discover","data":{"company":"Acme Robotics","source":"site_icon","sourceUrl":"https://www.acme.example/favicon.png","bytes":400,"contentType":"image/png"}}
{"t":"2026-10-01T15:44:07.728Z","level":"info","msg":"task done","taskId":"48a4c750-ca2b-4623-861a-28da80c87084","taskType":"discover","data":{"id":"48a4c750-ca2b-4623-861a-28da80c87084","type":"discover","ms":60,"heapUsedMb":90,"heapDeltaMb":1,"heapLimitMb":4144,"rssMb":170,"rssDeltaMb":0}}
{"t":"2026-10-01T15:44:08.265Z","level":"info","msg":"slow database query","data":{"durationMs":535,"statement":"truncate users, companies, career_sources, discovery_runs, scan_runs, scans, jobs, job_events, decisions, tasks, setting"}}
{"t":"2026-10-01T15:44:08.278Z","level":"info","msg":"task start","taskId":"f5166bf2-6575-4a69-96f0-a88d69220686","taskType":"discover","data":{"id":"f5166bf2-6575-4a69-96f0-a88d69220686","type":"discover","attempt":1,"workerId":"test","commit":null,"readyWaitMs":4,"heapUsedMb":91,"heapLimitMb":4144,"rssMb":170}}
{"t":"2026-10-01T15:44:08.442Z","level":"info","msg":"discovery finished","taskId":"f5166bf2-6575-4a69-96f0-a88d69220686","taskType":"discover","data":{"company":"acme.example","outcome":"resolved","fetches":3,"best":"ats_link"}}
{"t":"2026-10-01T15:44:08.444Z","level":"info","msg":"task done","taskId":"f5166bf2-6575-4a69-96f0-a88d69220686","taskType":"discover","data":{"id":"f5166bf2-6575-4a69-96f0-a88d69220686","type":"discover","ms":166,"heapUsedMb":84,"heapDeltaMb":-7,"heapLimitMb":4144,"rssMb":172,"rssDeltaMb":2}}
{"t":"2026-10-01T15:44:08.445Z","level":"info","msg":"task start","taskId":"8bfd0f20-9f8d-45ef-b522-8857ca975d64","taskType":"scan_company","data":{"id":"8bfd0f20-9f8d-45ef-b522-8857ca975d64","type":"scan_company","attempt":1,"workerId":"test","commit":null,"readyWaitMs":9,"heapUsedMb":84,"heapLimitMb":4144,"rssMb":172}}
{"t":"2026-10-01T15:44:08.621Z","level":"info","msg":"source scanned","taskId":"8bfd0f20-9f8d-45ef-b522-8857ca975d64","taskType":"scan_company","data":{"company":"Acme Robotics","type":"greenhouse","status":"ok","postings":5,"new":5,"closed":0,"followers":1,"deferredDescriptions":0,"reusedListing":false,"claimFetchedBytes":1452,"claimRequests":3,"claimRevalidated":0,"heapUsedMb":87,"ms":172}}
{"t":"2026-10-01T15:44:08.628Z","level":"info","msg":"task done","taskId":"8bfd0f20-9f8d-45ef-b522-8857ca975d64","taskType":"scan_company","data":{"id":"8bfd0f20-9f8d-45ef-b522-8857ca975d64","type":"scan_company","ms":183,"heapUsedMb":88,"heapDeltaMb":4,"heapLimitMb":4144,"rssMb":172,"rssDeltaMb":0}}
{"t":"2026-10-01T15:44:08.630Z","level":"info","msg":"task start","taskId":"4ddd6470-2b73-428f-aaaf-aa5a2025e8a0","taskType":"fetch_description","data":{"id":"4ddd6470-2b73-428f-aaaf-aa5a2025e8a0","type":"fetch_description","attempt":1,"workerId":"test","commit":null,"readyWaitMs":30,"heapUsedMb":88,"heapLimitMb":4144,"rssMb":172}}
{"t":"2026-10-01T15:44:08.647Z","level":"info","msg":"task done","taskId":"4ddd6470-2b73-428f-aaaf-aa5a2025e8a0","taskType":"fetch_description","data":{"id":"4ddd6470-2b73-428f-aaaf-aa5a2025e8a0","type":"fetch_description","ms":17,"heapUsedMb":89,"heapDeltaMb":1,"heapLimitMb":4144,"rssMb":172,"rssDeltaMb":0}}
{"t":"2026-10-01T15:44:08.648Z","level":"info","msg":"task start","taskId":"b808e6b4-a144-4fee-b9da-6bbfbd00ef6f","taskType":"fetch_description","data":{"id":"b808e6b4-a144-4fee-b9da-6bbfbd00ef6f","type":"fetch_description","attempt":1,"workerId":"test","commit":null,"readyWaitMs":48,"heapUsedMb":89,"heapLimitMb":4144,"rssMb":172}}
{"t":"2026-10-01T15:44:08.697Z","level":"info","msg":"task done","taskId":"b808e6b4-a144-4fee-b9da-6bbfbd00ef6f","taskType":"fetch_description","data":{"id":"b808e6b4-a144-4fee-b9da-6bbfbd00ef6f","type":"fetch_description","ms":49,"heapUsedMb":90,"heapDeltaMb":1,"heapLimitMb":4144,"rssMb":172,"rssDeltaMb":0}}
{"t":"2026-10-01T15:44:08.699Z","level":"info","msg":"task start","taskId":"ce7bcb2a-28cc-48f9-a1b3-9b9679b3c87d","taskType":"fetch_description","data":{"id":"ce7bcb2a-28cc-48f9-a1b3-9b9679b3c87d","type":"fetch_description","attempt":1,"workerId":"test","commit":null,"readyWaitMs":99,"heapUsedMb":90,"heapLimitMb":4144,"rssMb":172}}
{"t":"2026-10-01T15:44:08.748Z","level":"info","msg":"task done","taskId":"ce7bcb2a-28cc-48f9-a1b3-9b9679b3c87d","taskType":"fetch_description","data":{"id":"ce7bcb2a-28cc-48f9-a1b3-9b9679b3c87d","type":"fetch_description","ms":49,"heapUsedMb":91,"heapDeltaMb":1,"heapLimitMb":4144,"rssMb":172,"rssDeltaMb":0}}
{"t":"2026-10-01T15:44:08.750Z","level":"info","msg":"task start","taskId":"38c6874e-e673-4480-a768-216af15bbc07","taskType":"fetch_description","data":{"id":"38c6874e-e673-4480-a768-216af15bbc07","type":"fetch_description","attempt":1,"workerId":"test","commit":null,"readyWaitMs":150,"heapUsedMb":91,"heapLimitMb":4144,"rssMb":172}}
{"t":"2026-10-01T15:44:08.797Z","level":"info","msg":"task done","taskId":"38c6874e-e673-4480-a768-216af15bbc07","taskType":"fetch_description","data":{"id":"38c6874e-e673-4480-a768-216af15bbc07","type":"fetch_description","ms":47,"heapUsedMb":93,"heapDeltaMb":2,"heapLimitMb":4144,"rssMb":172,"rssDeltaMb":0}}
{"t":"2026-10-01T15:44:08.799Z","level":"info","msg":"task start","taskId":"9eafd61a-6cbc-41b2-b757-4fe6f04b86da","taskType":"discover","data":{"id":"9eafd61a-6cbc-41b2-b757-4fe6f04b86da","type":"discover","attempt":1,"workerId":"test","commit":null,"readyWaitMs":521,"heapUsedMb":93,"heapLimitMb":4144,"rssMb":172}}
{"t":"2026-10-01T15:44:08.854Z","level":"warn","msg":"logo re-encode failed; the original is kept","taskId":"9eafd61a-6cbc-41b2-b757-4fe6f04b86da","taskType":"discover","data":{"error":"Input buffer has corrupt header:","bytes":400}}
{"t":"2026-10-01T15:44:08.860Z","level":"info","msg":"logo captured","taskId":"9eafd61a-6cbc-41b2-b757-4fe6f04b86da","taskType":"discover","data":{"company":"Acme Robotics","source":"site_icon","sourceUrl":"https://www.acme.example/favicon.png","bytes":400,"contentType":"image/png"}}
{"t":"2026-10-01T15:44:08.862Z","level":"info","msg":"task done","taskId":"9eafd61a-6cbc-41b2-b757-4fe6f04b86da","taskType":"discover","data":{"id":"9eafd61a-6cbc-41b2-b757-4fe6f04b86da","type":"discover","ms":62,"heapUsedMb":94,"heapDeltaMb":1,"heapLimitMb":4144,"rssMb":172,"rssDeltaMb":0}}
{"t":"2026-10-01T15:44:08.867Z","level":"info","msg":"task start","taskId":"d40fbd84-0b98-4599-8f0a-aeeae815a402","taskType":"reevaluate_gate","data":{"id":"d40fbd84-0b98-4599-8f0a-aeeae815a402","type":"reevaluate_gate","attempt":1,"workerId":"test","commit":null,"readyWaitMs":3,"heapUsedMb":94,"heapLimitMb":4144,"rssMb":172}}
{"t":"2026-10-01T15:44:08.932Z","level":"info","msg":"task done","taskId":"d40fbd84-0b98-4599-8f0a-aeeae815a402","taskType":"reevaluate_gate","data":{"id":"d40fbd84-0b98-4599-8f0a-aeeae815a402","type":"reevaluate_gate","ms":65,"heapUsedMb":95,"heapDeltaMb":1,"heapLimitMb":4144,"rssMb":173,"rssDeltaMb":1}}
{"t":"2026-10-01T15:44:09.391Z","level":"info","msg":"slow database query","data":{"durationMs":456,"statement":"truncate users, companies, career_sources, discovery_runs, scan_runs, scans, jobs, job_events, decisions, tasks, setting"}}
{"t":"2026-10-01T15:44:09.409Z","level":"info","msg":"task start","taskId":"44b66b12-8c2b-474c-ae52-8ac623321778","taskType":"discover","data":{"id":"44b66b12-8c2b-474c-ae52-8ac623321778","type":"discover","attempt":1,"workerId":"test","commit":null,"readyWaitMs":6,"heapUsedMb":87,"heapLimitMb":4144,"rssMb":167}}
{"t":"2026-10-01T15:44:09.590Z","level":"info","msg":"discovery finished","taskId":"44b66b12-8c2b-474c-ae52-8ac623321778","taskType":"discover","data":{"company":"acme.example","outcome":"resolved","fetches":3,"best":"ats_link"}}
{"t":"2026-10-01T15:44:09.595Z","level":"info","msg":"task done","taskId":"44b66b12-8c2b-474c-ae52-8ac623321778","taskType":"discover","data":{"id":"44b66b12-8c2b-474c-ae52-8ac623321778","type":"discover","ms":186,"heapUsedMb":90,"heapDeltaMb":3,"heapLimitMb":4144,"rssMb":168,"rssDeltaMb":1}}
{"t":"2026-10-01T15:44:09.600Z","level":"info","msg":"task start","taskId":"dc4f71e8-fc1d-43bd-8fa6-be891039d0bf","taskType":"scan_company","data":{"id":"dc4f71e8-fc1d-43bd-8fa6-be891039d0bf","type":"scan_company","attempt":1,"workerId":"test","commit":null,"readyWaitMs":27,"heapUsedMb":90,"heapLimitMb":4144,"rssMb":168}}
{"t":"2026-10-01T15:44:09.755Z","level":"info","msg":"source scanned","taskId":"dc4f71e8-fc1d-43bd-8fa6-be891039d0bf","taskType":"scan_company","data":{"company":"Acme Robotics","type":"greenhouse","status":"ok","postings":5,"new":5,"closed":0,"followers":1,"deferredDescriptions":0,"reusedListing":false,"claimFetchedBytes":1452,"claimRequests":3,"claimRevalidated":0,"heapUsedMb":93,"ms":143}}
{"t":"2026-10-01T15:44:09.764Z","level":"info","msg":"task done","taskId":"dc4f71e8-fc1d-43bd-8fa6-be891039d0bf","taskType":"scan_company","data":{"id":"dc4f71e8-fc1d-43bd-8fa6-be891039d0bf","type":"scan_company","ms":164,"heapUsedMb":93,"heapDeltaMb":3,"heapLimitMb":4144,"rssMb":168,"rssDeltaMb":0}}
{"t":"2026-10-01T15:44:09.767Z","level":"info","msg":"task start","taskId":"8310b636-1b80-4c4f-a97a-23627c9b7042","taskType":"fetch_description","data":{"id":"8310b636-1b80-4c4f-a97a-23627c9b7042","type":"fetch_description","attempt":1,"workerId":"test","commit":null,"readyWaitMs":30,"heapUsedMb":93,"heapLimitMb":4144,"rssMb":168}}
{"t":"2026-10-01T15:44:09.786Z","level":"info","msg":"task done","taskId":"8310b636-1b80-4c4f-a97a-23627c9b7042","taskType":"fetch_description","data":{"id":"8310b636-1b80-4c4f-a97a-23627c9b7042","type":"fetch_description","ms":19,"heapUsedMb":94,"heapDeltaMb":1,"heapLimitMb":4144,"rssMb":168,"rssDeltaMb":0}}
{"t":"2026-10-01T15:44:09.791Z","level":"info","msg":"task start","taskId":"0d20b5bf-9871-4a7f-8fcf-8edae6c3855e","taskType":"fetch_description","data":{"id":"0d20b5bf-9871-4a7f-8fcf-8edae6c3855e","type":"fetch_description","attempt":1,"workerId":"test","commit":null,"readyWaitMs":54,"heapUsedMb":95,"heapLimitMb":4144,"rssMb":168}}
{"t":"2026-10-01T15:44:09.832Z","level":"info","msg":"task done","taskId":"0d20b5bf-9871-4a7f-8fcf-8edae6c3855e","taskType":"fetch_description","data":{"id":"0d20b5bf-9871-4a7f-8fcf-8edae6c3855e","type":"fetch_description","ms":41,"heapUsedMb":96,"heapDeltaMb":1,"heapLimitMb":4144,"rssMb":168,"rssDeltaMb":0}}
{"t":"2026-10-01T15:44:09.833Z","level":"info","msg":"task start","taskId":"c206b6e7-8b6f-4022-b0e4-d7ea0dd1e8c6","taskType":"fetch_description","data":{"id":"c206b6e7-8b6f-4022-b0e4-d7ea0dd1e8c6","type":"fetch_description","attempt":1,"workerId":"test","commit":null,"readyWaitMs":96,"heapUsedMb":96,"heapLimitMb":4144,"rssMb":168}}
{"t":"2026-10-01T15:44:09.885Z","level":"info","msg":"task done","taskId":"c206b6e7-8b6f-4022-b0e4-d7ea0dd1e8c6","taskType":"fetch_description","data":{"id":"c206b6e7-8b6f-4022-b0e4-d7ea0dd1e8c6","type":"fetch_description","ms":51,"heapUsedMb":97,"heapDeltaMb":1,"heapLimitMb":4144,"rssMb":168,"rssDeltaMb":0}}
{"t":"2026-10-01T15:44:09.888Z","level":"info","msg":"task start","taskId":"7cd1864c-3db9-4cfb-9a1f-f464c26e392a","taskType":"fetch_description","data":{"id":"7cd1864c-3db9-4cfb-9a1f-f464c26e392a","type":"fetch_description","attempt":1,"workerId":"test","commit":null,"readyWaitMs":151,"heapUsedMb":97,"heapLimitMb":4144,"rssMb":168}}
{"t":"2026-10-01T15:44:09.943Z","level":"info","msg":"task done","taskId":"7cd1864c-3db9-4cfb-9a1f-f464c26e392a","taskType":"fetch_description","data":{"id":"7cd1864c-3db9-4cfb-9a1f-f464c26e392a","type":"fetch_description","ms":55,"heapUsedMb":88,"heapDeltaMb":-9,"heapLimitMb":4144,"rssMb":169,"rssDeltaMb":1}}
{"t":"2026-10-01T15:44:09.949Z","level":"info","msg":"task start","taskId":"2a41b5c4-41ad-4ce0-907d-fb8e4cf5a145","taskType":"discover","data":{"id":"2a41b5c4-41ad-4ce0-907d-fb8e4cf5a145","type":"discover","attempt":1,"workerId":"test","commit":null,"readyWaitMs":540,"heapUsedMb":88,"heapLimitMb":4144,"rssMb":169}}
{"t":"2026-10-01T15:44:10.004Z","level":"warn","msg":"logo re-encode failed; the original is kept","taskId":"2a41b5c4-41ad-4ce0-907d-fb8e4cf5a145","taskType":"discover","data":{"error":"Input buffer has corrupt header:","bytes":400}}
{"t":"2026-10-01T15:44:10.008Z","level":"info","msg":"logo captured","taskId":"2a41b5c4-41ad-4ce0-907d-fb8e4cf5a145","taskType":"discover","data":{"company":"Acme Robotics","source":"site_icon","sourceUrl":"https://www.acme.example/favicon.png","bytes":400,"contentType":"image/png"}}
{"t":"2026-10-01T15:44:10.009Z","level":"info","msg":"task done","taskId":"2a41b5c4-41ad-4ce0-907d-fb8e4cf5a145","taskType":"discover","data":{"id":"2a41b5c4-41ad-4ce0-907d-fb8e4cf5a145","type":"discover","ms":60,"heapUsedMb":89,"heapDeltaMb":1,"heapLimitMb":4144,"rssMb":169,"rssDeltaMb":0}}
{"t":"2026-10-01T15:44:10.559Z","level":"info","msg":"slow database query","taskId":"cf107f34-bda6-446d-81ba-a2c909846f62","taskType":"scan_company","data":{"durationMs":548,"statement":"truncate users, companies, career_sources, discovery_runs, scan_runs, scans, jobs, job_events, decisions, tasks, setting"}}
{"t":"2026-10-01T15:44:10.578Z","level":"info","msg":"task start","taskId":"27d56d92-cdad-4bb3-9893-ad74426eba2c","taskType":"discover","data":{"id":"27d56d92-cdad-4bb3-9893-ad74426eba2c","type":"discover","attempt":1,"workerId":"test","commit":null,"readyWaitMs":4,"heapUsedMb":91,"heapLimitMb":4144,"rssMb":155}}
{"t":"2026-10-01T15:44:10.761Z","level":"info","msg":"discovery finished","taskId":"27d56d92-cdad-4bb3-9893-ad74426eba2c","taskType":"discover","data":{"company":"acme.example","outcome":"resolved","fetches":3,"best":"ats_link"}}
{"t":"2026-10-01T15:44:10.763Z","level":"info","msg":"task done","taskId":"27d56d92-cdad-4bb3-9893-ad74426eba2c","taskType":"discover","data":{"id":"27d56d92-cdad-4bb3-9893-ad74426eba2c","type":"discover","ms":185,"heapUsedMb":94,"heapDeltaMb":3,"heapLimitMb":4144,"rssMb":147,"rssDeltaMb":-8}}
{"t":"2026-10-01T15:44:10.765Z","level":"info","msg":"task start","taskId":"6030dca3-c732-40c7-b7ba-8b2a602e517b","taskType":"scan_company","data":{"id":"6030dca3-c732-40c7-b7ba-8b2a602e517b","type":"scan_company","attempt":1,"workerId":"test","commit":null,"readyWaitMs":21,"heapUsedMb":94,"heapLimitMb":4144,"rssMb":147}}
{"t":"2026-10-01T15:44:10.953Z","level":"info","msg":"source scanned","taskId":"6030dca3-c732-40c7-b7ba-8b2a602e517b","taskType":"scan_company","data":{"company":"Acme Robotics","type":"greenhouse","status":"ok","postings":5,"new":5,"closed":0,"followers":1,"deferredDescriptions":0,"reusedListing":false,"claimFetchedBytes":1452,"claimRequests":3,"claimRevalidated":0,"heapUsedMb":97,"ms":183}}
{"t":"2026-10-01T15:44:10.972Z","level":"info","msg":"task done","taskId":"6030dca3-c732-40c7-b7ba-8b2a602e517b","taskType":"scan_company","data":{"id":"6030dca3-c732-40c7-b7ba-8b2a602e517b","type":"scan_company","ms":207,"heapUsedMb":97,"heapDeltaMb":3,"heapLimitMb":4144,"rssMb":147,"rssDeltaMb":0}}
{"t":"2026-10-01T15:44:10.977Z","level":"info","msg":"task start","taskId":"924e83fe-0c76-4c45-8c75-6306a94ca744","taskType":"fetch_description","data":{"id":"924e83fe-0c76-4c45-8c75-6306a94ca744","type":"fetch_description","attempt":1,"workerId":"test","commit":null,"readyWaitMs":64,"heapUsedMb":97,"heapLimitMb":4144,"rssMb":147}}
{"t":"2026-10-01T15:44:11.014Z","level":"info","msg":"task done","taskId":"924e83fe-0c76-4c45-8c75-6306a94ca744","taskType":"fetch_description","data":{"id":"924e83fe-0c76-4c45-8c75-6306a94ca744","type":"fetch_description","ms":37,"heapUsedMb":98,"heapDeltaMb":1,"heapLimitMb":4144,"rssMb":147,"rssDeltaMb":0}}
{"t":"2026-10-01T15:44:11.016Z","level":"info","msg":"task start","taskId":"a01808ae-40a9-45a7-b69d-d60adea470ac","taskType":"fetch_description","data":{"id":"a01808ae-40a9-45a7-b69d-d60adea470ac","type":"fetch_description","attempt":1,"workerId":"test","commit":null,"readyWaitMs":103,"heapUsedMb":98,"heapLimitMb":4144,"rssMb":147}}
{"t":"2026-10-01T15:44:11.054Z","level":"info","msg":"task done","taskId":"a01808ae-40a9-45a7-b69d-d60adea470ac","taskType":"fetch_description","data":{"id":"a01808ae-40a9-45a7-b69d-d60adea470ac","type":"fetch_description","ms":38,"heapUsedMb":100,"heapDeltaMb":2,"heapLimitMb":4144,"rssMb":148,"rssDeltaMb":1}}
{"t":"2026-10-01T15:44:11.057Z","level":"info","msg":"task start","taskId":"f7faf234-d0c6-4d6c-8a19-86261b1e1df2","taskType":"fetch_description","data":{"id":"f7faf234-d0c6-4d6c-8a19-86261b1e1df2","type":"fetch_description","attempt":1,"workerId":"test","commit":null,"readyWaitMs":144,"heapUsedMb":100,"heapLimitMb":4144,"rssMb":148}}
{"t":"2026-10-01T15:44:11.114Z","level":"info","msg":"task done","taskId":"f7faf234-d0c6-4d6c-8a19-86261b1e1df2","taskType":"fetch_description","data":{"id":"f7faf234-d0c6-4d6c-8a19-86261b1e1df2","type":"fetch_description","ms":57,"heapUsedMb":91,"heapDeltaMb":-9,"heapLimitMb":4144,"rssMb":149,"rssDeltaMb":1}}
{"t":"2026-10-01T15:44:11.118Z","level":"info","msg":"task start","taskId":"691fcdfb-d3ca-4471-bc05-53fd7f8549c2","taskType":"fetch_description","data":{"id":"691fcdfb-d3ca-4471-bc05-53fd7f8549c2","type":"fetch_description","attempt":1,"workerId":"test","commit":null,"readyWaitMs":205,"heapUsedMb":91,"heapLimitMb":4144,"rssMb":149}}
{"t":"2026-10-01T15:44:11.156Z","level":"info","msg":"task done","taskId":"691fcdfb-d3ca-4471-bc05-53fd7f8549c2","taskType":"fetch_description","data":{"id":"691fcdfb-d3ca-4471-bc05-53fd7f8549c2","type":"fetch_description","ms":37,"heapUsedMb":92,"heapDeltaMb":1,"heapLimitMb":4144,"rssMb":148,"rssDeltaMb":-1}}
{"t":"2026-10-01T15:44:11.159Z","level":"info","msg":"task start","taskId":"b268bb5a-a07a-41bf-ada3-a3e2f318b046","taskType":"discover","data":{"id":"b268bb5a-a07a-41bf-ada3-a3e2f318b046","type":"discover","attempt":1,"workerId":"test","commit":null,"readyWaitMs":580,"heapUsedMb":92,"heapLimitMb":4144,"rssMb":148}}
{"t":"2026-10-01T15:44:11.216Z","level":"warn","msg":"logo re-encode failed; the original is kept","taskId":"b268bb5a-a07a-41bf-ada3-a3e2f318b046","taskType":"discover","data":{"error":"Input buffer has corrupt header:","bytes":400}}
{"t":"2026-10-01T15:44:11.227Z","level":"info","msg":"logo captured","taskId":"b268bb5a-a07a-41bf-ada3-a3e2f318b046","taskType":"discover","data":{"company":"Acme Robotics","source":"site_icon","sourceUrl":"https://www.acme.example/favicon.png","bytes":400,"contentType":"image/png"}}
{"t":"2026-10-01T15:44:11.229Z","level":"info","msg":"task done","taskId":"b268bb5a-a07a-41bf-ada3-a3e2f318b046","taskType":"discover","data":{"id":"b268bb5a-a07a-41bf-ada3-a3e2f318b046","type":"discover","ms":70,"heapUsedMb":93,"heapDeltaMb":1,"heapLimitMb":4144,"rssMb":147,"rssDeltaMb":-1}}
{"t":"2026-10-01T15:44:11.238Z","level":"info","msg":"task start","taskId":"32ea2e9d-6198-48bf-8d3d-446f687a2c15","taskType":"scan_company","data":{"id":"32ea2e9d-6198-48bf-8d3d-446f687a2c15","type":"scan_company","attempt":1,"workerId":"test","commit":null,"readyWaitMs":8,"heapUsedMb":93,"heapLimitMb":4144,"rssMb":147}}
{"t":"2026-10-01T15:44:11.359Z","level":"info","msg":"source scanned","taskId":"32ea2e9d-6198-48bf-8d3d-446f687a2c15","taskType":"scan_company","data":{"company":"Acme Robotics","type":"greenhouse","status":"ok","postings":4,"new":0,"closed":0,"followers":1,"deferredDescriptions":0,"reusedListing":false,"claimFetchedBytes":1162,"claimRequests":3,"claimRevalidated":0,"heapUsedMb":96,"ms":117}}
{"t":"2026-10-01T15:44:11.363Z","level":"info","msg":"task done","taskId":"32ea2e9d-6198-48bf-8d3d-446f687a2c15","taskType":"scan_company","data":{"id":"32ea2e9d-6198-48bf-8d3d-446f687a2c15","type":"scan_company","ms":125,"heapUsedMb":96,"heapDeltaMb":3,"heapLimitMb":4144,"rssMb":147,"rssDeltaMb":0}}
{"t":"2026-10-01T15:44:11.371Z","level":"info","msg":"task start","taskId":"52f78a79-e3f4-4e06-a4e5-28944cedcc91","taskType":"scan_company","data":{"id":"52f78a79-e3f4-4e06-a4e5-28944cedcc91","type":"scan_company","attempt":1,"workerId":"test","commit":null,"readyWaitMs":4,"heapUsedMb":97,"heapLimitMb":4144,"rssMb":147}}
{"t":"2026-10-01T15:44:11.524Z","level":"info","msg":"source scanned","taskId":"52f78a79-e3f4-4e06-a4e5-28944cedcc91","taskType":"scan_company","data":{"company":"Acme Robotics","type":"greenhouse","status":"ok","postings":4,"new":0,"closed":1,"followers":1,"deferredDescriptions":0,"reusedListing":false,"claimFetchedBytes":1162,"claimRequests":3,"claimRevalidated":0,"heapUsedMb":77,"ms":151}}
{"t":"2026-10-01T15:44:11.529Z","level":"info","msg":"task done","taskId":"52f78a79-e3f4-4e06-a4e5-28944cedcc91","taskType":"scan_company","data":{"id":"52f78a79-e3f4-4e06-a4e5-28944cedcc91","type":"scan_company","ms":158,"heapUsedMb":77,"heapDeltaMb":-20,"heapLimitMb":4144,"rssMb":125,"rssDeltaMb":-22}}
{"t":"2026-10-01T15:44:12.226Z","level":"info","msg":"slow database query","taskId":"cf107f34-bda6-446d-81ba-a2c909846f62","taskType":"scan_company","data":{"durationMs":693,"statement":"truncate users, companies, career_sources, discovery_runs, scan_runs, scans, jobs, job_events, decisions, tasks, setting"}}
{"t":"2026-10-01T15:44:12.260Z","level":"info","msg":"task start","taskId":"98ca1a98-85ae-47f3-9afe-cd8fd0d8ccce","taskType":"discover","data":{"id":"98ca1a98-85ae-47f3-9afe-cd8fd0d8ccce","type":"discover","attempt":1,"workerId":"test","commit":null,"readyWaitMs":9,"heapUsedMb":77,"heapLimitMb":4144,"rssMb":114}}
{"t":"2026-10-01T15:44:12.442Z","level":"info","msg":"discovery finished","taskId":"98ca1a98-85ae-47f3-9afe-cd8fd0d8ccce","taskType":"discover","data":{"company":"acme.example","outcome":"resolved","fetches":3,"best":"ats_link"}}
{"t":"2026-10-01T15:44:12.445Z","level":"info","msg":"task done","taskId":"98ca1a98-85ae-47f3-9afe-cd8fd0d8ccce","taskType":"discover","data":{"id":"98ca1a98-85ae-47f3-9afe-cd8fd0d8ccce","type":"discover","ms":185,"heapUsedMb":78,"heapDeltaMb":1,"heapLimitMb":4144,"rssMb":115,"rssDeltaMb":1}}
{"t":"2026-10-01T15:44:12.450Z","level":"info","msg":"task start","taskId":"365d7090-367a-40b4-8c62-0e0c2c85c20a","taskType":"scan_company","data":{"id":"365d7090-367a-40b4-8c62-0e0c2c85c20a","type":"scan_company","attempt":1,"workerId":"test","commit":null,"readyWaitMs":25,"heapUsedMb":78,"heapLimitMb":4144,"rssMb":115}}
{"t":"2026-10-01T15:44:12.652Z","level":"info","msg":"source scanned","taskId":"365d7090-367a-40b4-8c62-0e0c2c85c20a","taskType":"scan_company","data":{"company":"Acme Robotics","type":"greenhouse","status":"ok","postings":5,"new":5,"closed":0,"followers":1,"deferredDescriptions":0,"reusedListing":false,"claimFetchedBytes":1452,"claimRequests":3,"claimRevalidated":0,"heapUsedMb":79,"ms":193}}
{"t":"2026-10-01T15:44:12.677Z","level":"info","msg":"task done","taskId":"365d7090-367a-40b4-8c62-0e0c2c85c20a","taskType":"scan_company","data":{"id":"365d7090-367a-40b4-8c62-0e0c2c85c20a","type":"scan_company","ms":227,"heapUsedMb":78,"heapDeltaMb":0,"heapLimitMb":4144,"rssMb":119,"rssDeltaMb":4}}
{"t":"2026-10-01T15:44:12.684Z","level":"info","msg":"task start","taskId":"5ca78392-ac15-4ae0-9ef5-7f7faf65c060","taskType":"fetch_description","data":{"id":"5ca78392-ac15-4ae0-9ef5-7f7faf65c060","type":"fetch_description","attempt":1,"workerId":"test","commit":null,"readyWaitMs":87,"heapUsedMb":78,"heapLimitMb":4144,"rssMb":119}}
{"t":"2026-10-01T15:44:12.736Z","level":"info","msg":"task done","taskId":"5ca78392-ac15-4ae0-9ef5-7f7faf65c060","taskType":"fetch_description","data":{"id":"5ca78392-ac15-4ae0-9ef5-7f7faf65c060","type":"fetch_description","ms":52,"heapUsedMb":78,"heapDeltaMb":0,"heapLimitMb":4144,"rssMb":119,"rssDeltaMb":0}}
{"t":"2026-10-01T15:44:12.742Z","level":"info","msg":"task start","taskId":"086ea89e-3b10-4489-8515-3a821cb05f8a","taskType":"fetch_description","data":{"id":"086ea89e-3b10-4489-8515-3a821cb05f8a","type":"fetch_description","attempt":1,"workerId":"test","commit":null,"readyWaitMs":145,"heapUsedMb":78,"heapLimitMb":4144,"rssMb":119}}
{"t":"2026-10-01T15:44:12.786Z","level":"info","msg":"task done","taskId":"086ea89e-3b10-4489-8515-3a821cb05f8a","taskType":"fetch_description","data":{"id":"086ea89e-3b10-4489-8515-3a821cb05f8a","type":"fetch_description","ms":44,"heapUsedMb":79,"heapDeltaMb":1,"heapLimitMb":4144,"rssMb":119,"rssDeltaMb":0}}
{"t":"2026-10-01T15:44:12.790Z","level":"info","msg":"task start","taskId":"543354b0-5335-4faa-8e5b-6b01689a8c05","taskType":"fetch_description","data":{"id":"543354b0-5335-4faa-8e5b-6b01689a8c05","type":"fetch_description","attempt":1,"workerId":"test","commit":null,"readyWaitMs":193,"heapUsedMb":78,"heapLimitMb":4144,"rssMb":119}}
{"t":"2026-10-01T15:44:12.822Z","level":"info","msg":"task done","taskId":"543354b0-5335-4faa-8e5b-6b01689a8c05","taskType":"fetch_description","data":{"id":"543354b0-5335-4faa-8e5b-6b01689a8c05","type":"fetch_description","ms":32,"heapUsedMb":79,"heapDeltaMb":1,"heapLimitMb":4144,"rssMb":119,"rssDeltaMb":0}}
{"t":"2026-10-01T15:44:12.824Z","level":"info","msg":"task start","taskId":"464ef0b0-3659-4150-b01d-af7d0b46fd12","taskType":"fetch_description","data":{"id":"464ef0b0-3659-4150-b01d-af7d0b46fd12","type":"fetch_description","attempt":1,"workerId":"test","commit":null,"readyWaitMs":227,"heapUsedMb":80,"heapLimitMb":4144,"rssMb":119}}
{"t":"2026-10-01T15:44:12.869Z","level":"info","msg":"task done","taskId":"464ef0b0-3659-4150-b01d-af7d0b46fd12","taskType":"fetch_description","data":{"id":"464ef0b0-3659-4150-b01d-af7d0b46fd12","type":"fetch_description","ms":45,"heapUsedMb":79,"heapDeltaMb":-1,"heapLimitMb":4144,"rssMb":119,"rssDeltaMb":0}}
{"t":"2026-10-01T15:44:12.872Z","level":"info","msg":"task start","taskId":"0f46e55f-def0-4fa5-b7ce-7846fa6777e8","taskType":"discover","data":{"id":"0f46e55f-def0-4fa5-b7ce-7846fa6777e8","type":"discover","attempt":1,"workerId":"test","commit":null,"readyWaitMs":611,"heapUsedMb":80,"heapLimitMb":4144,"rssMb":119}}
{"t":"2026-10-01T15:44:12.929Z","level":"warn","msg":"logo re-encode failed; the original is kept","taskId":"0f46e55f-def0-4fa5-b7ce-7846fa6777e8","taskType":"discover","data":{"error":"Input buffer has corrupt header:","bytes":400}}
{"t":"2026-10-01T15:44:12.935Z","level":"info","msg":"logo captured","taskId":"0f46e55f-def0-4fa5-b7ce-7846fa6777e8","taskType":"discover","data":{"company":"Acme Robotics","source":"site_icon","sourceUrl":"https://www.acme.example/favicon.png","bytes":400,"contentType":"image/png"}}
{"t":"2026-10-01T15:44:12.936Z","level":"info","msg":"task done","taskId":"0f46e55f-def0-4fa5-b7ce-7846fa6777e8","taskType":"discover","data":{"id":"0f46e55f-def0-4fa5-b7ce-7846fa6777e8","type":"discover","ms":64,"heapUsedMb":79,"heapDeltaMb":-1,"heapLimitMb":4144,"rssMb":119,"rssDeltaMb":0}}
{"t":"2026-10-01T15:44:12.944Z","level":"info","msg":"task start","taskId":"b8b06e25-308c-4f95-ad28-b17373f6c25e","taskType":"scan_company","data":{"id":"b8b06e25-308c-4f95-ad28-b17373f6c25e","type":"scan_company","attempt":1,"workerId":"test","commit":null,"readyWaitMs":5,"heapUsedMb":80,"heapLimitMb":4144,"rssMb":119}}
{"t":"2026-10-01T15:44:12.964Z","level":"info","msg":"source scanned","taskId":"b8b06e25-308c-4f95-ad28-b17373f6c25e","taskType":"scan_company","data":{"company":"Acme Robotics","type":"greenhouse","status":"failed","postings":0,"new":0,"closed":0,"followers":1,"deferredDescriptions":0,"reusedListing":false,"claimFetchedBytes":16,"claimRequests":1,"claimRevalidated":0,"heapUsedMb":80,"ms":14}}
{"t":"2026-10-01T15:44:12.971Z","level":"info","msg":"task done","taskId":"b8b06e25-308c-4f95-ad28-b17373f6c25e","taskType":"scan_company","data":{"id":"b8b06e25-308c-4f95-ad28-b17373f6c25e","type":"scan_company","ms":26,"heapUsedMb":81,"heapDeltaMb":1,"heapLimitMb":4144,"rssMb":120,"rssDeltaMb":1}}
{"t":"2026-10-01T15:44:12.975Z","level":"info","msg":"task start","taskId":"c130f75a-2ca9-4279-8c2c-7a1b3fb2fd86","taskType":"scan_company","data":{"id":"c130f75a-2ca9-4279-8c2c-7a1b3fb2fd86","type":"scan_company","attempt":1,"workerId":"test","commit":null,"readyWaitMs":3,"heapUsedMb":81,"heapLimitMb":4144,"rssMb":120}}
{"t":"2026-10-01T15:44:13.017Z","level":"info","msg":"source scanned","taskId":"c130f75a-2ca9-4279-8c2c-7a1b3fb2fd86","taskType":"scan_company","data":{"company":"Acme Robotics","type":"greenhouse","status":"failed","postings":0,"new":0,"closed":0,"followers":1,"deferredDescriptions":0,"reusedListing":false,"claimFetchedBytes":16,"claimRequests":1,"claimRevalidated":0,"heapUsedMb":80,"ms":36}}
{"t":"2026-10-01T15:44:13.028Z","level":"info","msg":"task done","taskId":"c130f75a-2ca9-4279-8c2c-7a1b3fb2fd86","taskType":"scan_company","data":{"id":"c130f75a-2ca9-4279-8c2c-7a1b3fb2fd86","type":"scan_company","ms":53,"heapUsedMb":80,"heapDeltaMb":-1,"heapLimitMb":4144,"rssMb":121,"rssDeltaMb":1}}
{"t":"2026-10-01T15:44:13.637Z","level":"info","msg":"slow database query","data":{"durationMs":601,"statement":"truncate users, companies, career_sources, discovery_runs, scan_runs, scans, jobs, job_events, decisions, tasks, setting"}}
{"t":"2026-10-01T15:44:13.669Z","level":"info","msg":"task start","taskId":"4c4932e4-3172-44a0-90ee-95dde7fcc476","taskType":"discover","data":{"id":"4c4932e4-3172-44a0-90ee-95dde7fcc476","type":"discover","attempt":1,"workerId":"test","commit":null,"readyWaitMs":10,"heapUsedMb":82,"heapLimitMb":4144,"rssMb":121}}
{"t":"2026-10-01T15:44:13.861Z","level":"info","msg":"discovery finished","taskId":"4c4932e4-3172-44a0-90ee-95dde7fcc476","taskType":"discover","data":{"company":"acme.example","outcome":"resolved","fetches":3,"best":"ats_link"}}
{"t":"2026-10-01T15:44:13.865Z","level":"info","msg":"task done","taskId":"4c4932e4-3172-44a0-90ee-95dde7fcc476","taskType":"discover","data":{"id":"4c4932e4-3172-44a0-90ee-95dde7fcc476","type":"discover","ms":196,"heapUsedMb":82,"heapDeltaMb":0,"heapLimitMb":4144,"rssMb":122,"rssDeltaMb":1}}
{"t":"2026-10-01T15:44:13.870Z","level":"info","msg":"task start","taskId":"e3209473-80e0-4cde-a0f1-47a6eb049dcd","taskType":"scan_company","data":{"id":"e3209473-80e0-4cde-a0f1-47a6eb049dcd","type":"scan_company","attempt":1,"workerId":"test","commit":null,"readyWaitMs":15,"heapUsedMb":82,"heapLimitMb":4144,"rssMb":122}}
{"t":"2026-10-01T15:44:14.054Z","level":"info","msg":"source scanned","taskId":"e3209473-80e0-4cde-a0f1-47a6eb049dcd","taskType":"scan_company","data":{"company":"Acme Robotics","type":"greenhouse","status":"ok","postings":5,"new":5,"closed":0,"followers":1,"deferredDescriptions":0,"reusedListing":false,"claimFetchedBytes":1452,"claimRequests":3,"claimRevalidated":0,"heapUsedMb":83,"ms":179}}
{"t":"2026-10-01T15:44:14.071Z","level":"info","msg":"task done","taskId":"e3209473-80e0-4cde-a0f1-47a6eb049dcd","taskType":"scan_company","data":{"id":"e3209473-80e0-4cde-a0f1-47a6eb049dcd","type":"scan_company","ms":201,"heapUsedMb":83,"heapDeltaMb":1,"heapLimitMb":4144,"rssMb":123,"rssDeltaMb":1}}
{"t":"2026-10-01T15:44:14.075Z","level":"info","msg":"task start","taskId":"ab9222b2-59a6-4b88-97df-260aa2f08576","taskType":"fetch_description","data":{"id":"ab9222b2-59a6-4b88-97df-260aa2f08576","type":"fetch_description","attempt":1,"workerId":"test","commit":null,"readyWaitMs":61,"heapUsedMb":83,"heapLimitMb":4144,"rssMb":123}}
{"t":"2026-10-01T15:44:14.104Z","level":"info","msg":"task done","taskId":"ab9222b2-59a6-4b88-97df-260aa2f08576","taskType":"fetch_description","data":{"id":"ab9222b2-59a6-4b88-97df-260aa2f08576","type":"fetch_description","ms":29,"heapUsedMb":82,"heapDeltaMb":-1,"heapLimitMb":4144,"rssMb":123,"rssDeltaMb":0}}
{"t":"2026-10-01T15:44:14.109Z","level":"info","msg":"task start","taskId":"b6cd8652-7b10-4aa0-98a8-4131bcff0422","taskType":"fetch_description","data":{"id":"b6cd8652-7b10-4aa0-98a8-4131bcff0422","type":"fetch_description","attempt":1,"workerId":"test","commit":null,"readyWaitMs":95,"heapUsedMb":82,"heapLimitMb":4144,"rssMb":123}}
{"t":"2026-10-01T15:44:14.143Z","level":"info","msg":"task done","taskId":"b6cd8652-7b10-4aa0-98a8-4131bcff0422","taskType":"fetch_description","data":{"id":"b6cd8652-7b10-4aa0-98a8-4131bcff0422","type":"fetch_description","ms":34,"heapUsedMb":83,"heapDeltaMb":1,"heapLimitMb":4144,"rssMb":123,"rssDeltaMb":0}}
{"t":"2026-10-01T15:44:14.145Z","level":"info","msg":"task start","taskId":"94abc363-def5-40b3-8159-0a817e5f0947","taskType":"fetch_description","data":{"id":"94abc363-def5-40b3-8159-0a817e5f0947","type":"fetch_description","attempt":1,"workerId":"test","commit":null,"readyWaitMs":131,"heapUsedMb":83,"heapLimitMb":4144,"rssMb":123}}
{"t":"2026-10-01T15:44:14.209Z","level":"info","msg":"task done","taskId":"94abc363-def5-40b3-8159-0a817e5f0947","taskType":"fetch_description","data":{"id":"94abc363-def5-40b3-8159-0a817e5f0947","type":"fetch_description","ms":64,"heapUsedMb":76,"heapDeltaMb":-7,"heapLimitMb":4144,"rssMb":124,"rssDeltaMb":1}}
{"t":"2026-10-01T15:44:14.210Z","level":"info","msg":"task start","taskId":"658c969c-48c1-4687-a673-22eb3745c987","taskType":"fetch_description","data":{"id":"658c969c-48c1-4687-a673-22eb3745c987","type":"fetch_description","attempt":1,"workerId":"test","commit":null,"readyWaitMs":196,"heapUsedMb":77,"heapLimitMb":4144,"rssMb":124}}
{"t":"2026-10-01T15:44:14.239Z","level":"info","msg":"task done","taskId":"658c969c-48c1-4687-a673-22eb3745c987","taskType":"fetch_description","data":{"id":"658c969c-48c1-4687-a673-22eb3745c987","type":"fetch_description","ms":29,"heapUsedMb":78,"heapDeltaMb":1,"heapLimitMb":4144,"rssMb":124,"rssDeltaMb":0}}
{"t":"2026-10-01T15:44:14.241Z","level":"info","msg":"task start","taskId":"2d32590c-206c-4d2c-9220-6153ebd24146","taskType":"discover","data":{"id":"2d32590c-206c-4d2c-9220-6153ebd24146","type":"discover","attempt":1,"workerId":"test","commit":null,"readyWaitMs":568,"heapUsedMb":78,"heapLimitMb":4144,"rssMb":124}}
{"t":"2026-10-01T15:44:14.294Z","level":"warn","msg":"logo re-encode failed; the original is kept","taskId":"2d32590c-206c-4d2c-9220-6153ebd24146","taskType":"discover","data":{"error":"Input buffer has corrupt header:","bytes":400}}
{"t":"2026-10-01T15:44:14.301Z","level":"info","msg":"logo captured","taskId":"2d32590c-206c-4d2c-9220-6153ebd24146","taskType":"discover","data":{"company":"Acme Robotics","source":"site_icon","sourceUrl":"https://www.acme.example/favicon.png","bytes":400,"contentType":"image/png"}}
{"t":"2026-10-01T15:44:14.302Z","level":"info","msg":"task done","taskId":"2d32590c-206c-4d2c-9220-6153ebd24146","taskType":"discover","data":{"id":"2d32590c-206c-4d2c-9220-6153ebd24146","type":"discover","ms":61,"heapUsedMb":79,"heapDeltaMb":1,"heapLimitMb":4144,"rssMb":124,"rssDeltaMb":0}}
{"t":"2026-10-01T15:44:14.308Z","level":"info","msg":"task start","taskId":"fec61c46-c919-4c44-8a4f-9a8705a5e94d","taskType":"scan_company","data":{"id":"fec61c46-c919-4c44-8a4f-9a8705a5e94d","type":"scan_company","attempt":1,"workerId":"test","commit":null,"readyWaitMs":3,"heapUsedMb":79,"heapLimitMb":4144,"rssMb":124}}
{"t":"2026-10-01T15:44:14.431Z","level":"info","msg":"source scanned","taskId":"fec61c46-c919-4c44-8a4f-9a8705a5e94d","taskType":"scan_company","data":{"company":"Acme Robotics","type":"greenhouse","status":"ok","postings":4,"new":0,"closed":0,"followers":1,"deferredDescriptions":0,"reusedListing":false,"claimFetchedBytes":1162,"claimRequests":3,"claimRevalidated":0,"heapUsedMb":79,"ms":118}}
{"t":"2026-10-01T15:44:14.436Z","level":"info","msg":"task done","taskId":"fec61c46-c919-4c44-8a4f-9a8705a5e94d","taskType":"scan_company","data":{"id":"fec61c46-c919-4c44-8a4f-9a8705a5e94d","type":"scan_company","ms":128,"heapUsedMb":79,"heapDeltaMb":0,"heapLimitMb":4144,"rssMb":124,"rssDeltaMb":0}}
{"t":"2026-10-01T15:44:14.440Z","level":"info","msg":"task start","taskId":"e5b10833-02cc-41ce-b009-5b47d56b509e","taskType":"scan_company","data":{"id":"e5b10833-02cc-41ce-b009-5b47d56b509e","type":"scan_company","attempt":1,"workerId":"test","commit":null,"readyWaitMs":4,"heapUsedMb":79,"heapLimitMb":4144,"rssMb":124}}
{"t":"2026-10-01T15:44:14.589Z","level":"info","msg":"source scanned","taskId":"e5b10833-02cc-41ce-b009-5b47d56b509e","taskType":"scan_company","data":{"company":"Acme Robotics","type":"greenhouse","status":"ok","postings":4,"new":0,"closed":1,"followers":1,"deferredDescriptions":0,"reusedListing":false,"claimFetchedBytes":1162,"claimRequests":3,"claimRevalidated":0,"heapUsedMb":79,"ms":144}}
{"t":"2026-10-01T15:44:14.595Z","level":"info","msg":"task done","taskId":"e5b10833-02cc-41ce-b009-5b47d56b509e","taskType":"scan_company","data":{"id":"e5b10833-02cc-41ce-b009-5b47d56b509e","type":"scan_company","ms":155,"heapUsedMb":79,"heapDeltaMb":0,"heapLimitMb":4144,"rssMb":125,"rssDeltaMb":1}}
{"t":"2026-10-01T15:44:14.600Z","level":"info","msg":"task start","taskId":"c226ea59-4a9b-4865-a006-7fbb2e6ec54f","taskType":"scan_company","data":{"id":"c226ea59-4a9b-4865-a006-7fbb2e6ec54f","type":"scan_company","attempt":1,"workerId":"test","commit":null,"readyWaitMs":3,"heapUsedMb":80,"heapLimitMb":4144,"rssMb":125}}
{"t":"2026-10-01T15:44:14.739Z","level":"info","msg":"source scanned","taskId":"c226ea59-4a9b-4865-a006-7fbb2e6ec54f","taskType":"scan_company","data":{"company":"Acme Robotics","type":"greenhouse","status":"ok","postings":5,"new":0,"closed":0,"followers":1,"deferredDescriptions":0,"reusedListing":false,"claimFetchedBytes":1452,"claimRequests":3,"claimRevalidated":0,"heapUsedMb":82,"ms":130}}
{"t":"2026-10-01T15:44:14.745Z","level":"info","msg":"task done","taskId":"c226ea59-4a9b-4865-a006-7fbb2e6ec54f","taskType":"scan_company","data":{"id":"c226ea59-4a9b-4865-a006-7fbb2e6ec54f","type":"scan_company","ms":145,"heapUsedMb":82,"heapDeltaMb":2,"heapLimitMb":4144,"rssMb":126,"rssDeltaMb":1}}
{"t":"2026-10-01T15:44:15.421Z","level":"info","msg":"slow database query","data":{"durationMs":673,"statement":"truncate users, companies, career_sources, discovery_runs, scan_runs, scans, jobs, job_events, decisions, tasks, setting"}}
{"t":"2026-10-01T15:44:15.461Z","level":"info","msg":"task start","taskId":"d42c7e23-84a6-40db-a247-d92b6cbbc5d3","taskType":"discover","data":{"id":"d42c7e23-84a6-40db-a247-d92b6cbbc5d3","type":"discover","attempt":1,"workerId":"test","commit":null,"readyWaitMs":9,"heapUsedMb":79,"heapLimitMb":4144,"rssMb":127}}
{"t":"2026-10-01T15:44:16.236Z","level":"info","msg":"discovery finished","taskId":"d42c7e23-84a6-40db-a247-d92b6cbbc5d3","taskType":"discover","data":{"company":"orbital.example","outcome":"not_found","fetches":18}}
{"t":"2026-10-01T15:44:16.240Z","level":"info","msg":"task done","taskId":"d42c7e23-84a6-40db-a247-d92b6cbbc5d3","taskType":"discover","data":{"id":"d42c7e23-84a6-40db-a247-d92b6cbbc5d3","type":"discover","ms":779,"heapUsedMb":83,"heapDeltaMb":4,"heapLimitMb":4144,"rssMb":127,"rssDeltaMb":0}}
{"t":"2026-10-01T15:44:16.243Z","level":"info","msg":"task start","taskId":"be9ede3c-f95d-49ff-a376-2e8ddc8f9604","taskType":"discover","data":{"id":"be9ede3c-f95d-49ff-a376-2e8ddc8f9604","type":"discover","attempt":1,"workerId":"test","commit":null,"readyWaitMs":778,"heapUsedMb":83,"heapLimitMb":4144,"rssMb":127}}
{"t":"2026-10-01T15:44:16.336Z","level":"info","msg":"logo capture failed","taskId":"be9ede3c-f95d-49ff-a376-2e8ddc8f9604","taskType":"discover","data":{"company":"Orbital","error":"No usable icon found for orbital.example","tried":3,"attempts":1,"nextAttemptAt":"2026-09-05T07:00:00.000Z"}}
{"t":"2026-10-01T15:44:16.340Z","level":"info","msg":"task done","taskId":"be9ede3c-f95d-49ff-a376-2e8ddc8f9604","taskType":"discover","data":{"id":"be9ede3c-f95d-49ff-a376-2e8ddc8f9604","type":"discover","ms":97,"heapUsedMb":84,"heapDeltaMb":1,"heapLimitMb":4144,"rssMb":128,"rssDeltaMb":1}}
{"t":"2026-10-01T15:44:16.819Z","level":"info","msg":"slow database query","data":{"durationMs":469,"statement":"truncate users, companies, career_sources, discovery_runs, scan_runs, scans, jobs, job_events, decisions, tasks, setting"}}
{"t":"2026-10-01T15:44:16.843Z","level":"info","msg":"task start","taskId":"2a9d0003-2715-4b45-b491-80e72d81bcf0","taskType":"discover","data":{"id":"2a9d0003-2715-4b45-b491-80e72d81bcf0","type":"discover","attempt":1,"workerId":"test","commit":null,"readyWaitMs":6,"heapUsedMb":81,"heapLimitMb":4144,"rssMb":127}}
{"t":"2026-10-01T15:44:17.564Z","level":"info","msg":"discovery finished","taskId":"2a9d0003-2715-4b45-b491-80e72d81bcf0","taskType":"discover","data":{"company":"orbital.example","outcome":"not_found","fetches":18}}
{"t":"2026-10-01T15:44:17.567Z","level":"info","msg":"task done","taskId":"2a9d0003-2715-4b45-b491-80e72d81bcf0","taskType":"discover","data":{"id":"2a9d0003-2715-4b45-b491-80e72d81bcf0","type":"discover","ms":724,"heapUsedMb":85,"heapDeltaMb":4,"heapLimitMb":4144,"rssMb":127,"rssDeltaMb":0}}
{"t":"2026-10-01T15:44:17.571Z","level":"info","msg":"task start","taskId":"b1036047-5b07-495b-9892-5ec17b405c72","taskType":"discover","data":{"id":"b1036047-5b07-495b-9892-5ec17b405c72","type":"discover","attempt":1,"workerId":"test","commit":null,"readyWaitMs":726,"heapUsedMb":85,"heapLimitMb":4144,"rssMb":127}}
{"t":"2026-10-01T15:44:17.663Z","level":"info","msg":"logo capture failed","taskId":"b1036047-5b07-495b-9892-5ec17b405c72","taskType":"discover","data":{"company":"Orbital","error":"No usable icon found for orbital.example","tried":3,"attempts":1,"nextAttemptAt":"2026-09-05T07:00:00.000Z"}}
{"t":"2026-10-01T15:44:17.668Z","level":"info","msg":"task done","taskId":"b1036047-5b07-495b-9892-5ec17b405c72","taskType":"discover","data":{"id":"b1036047-5b07-495b-9892-5ec17b405c72","type":"discover","ms":96,"heapUsedMb":81,"heapDeltaMb":-4,"heapLimitMb":4144,"rssMb":127,"rssDeltaMb":0}}
{"t":"2026-10-01T15:44:17.684Z","level":"info","msg":"task start","taskId":"114e7ce5-282d-453e-90df-7a30d5e0d3f2","taskType":"discover","data":{"id":"114e7ce5-282d-453e-90df-7a30d5e0d3f2","type":"discover","attempt":1,"workerId":"test","commit":null,"readyWaitMs":5,"heapUsedMb":81,"heapLimitMb":4144,"rssMb":127}}
{"t":"2026-10-01T15:44:17.774Z","level":"info","msg":"discovery finished","taskId":"114e7ce5-282d-453e-90df-7a30d5e0d3f2","taskType":"discover","data":{"company":"Orbital","outcome":"resolved","fetches":0,"best":"pasted_ats"}}
{"t":"2026-10-01T15:44:17.784Z","level":"info","msg":"task done","taskId":"114e7ce5-282d-453e-90df-7a30d5e0d3f2","taskType":"discover","data":{"id":"114e7ce5-282d-453e-90df-7a30d5e0d3f2","type":"discover","ms":100,"heapUsedMb":83,"heapDeltaMb":2,"heapLimitMb":4144,"rssMb":127,"rssDeltaMb":0}}
{"t":"2026-10-01T15:44:17.789Z","level":"info","msg":"task start","taskId":"68a00bfb-2968-4fab-9a38-20003e048a0d","taskType":"scan_company","data":{"id":"68a00bfb-2968-4fab-9a38-20003e048a0d","type":"scan_company","attempt":1,"workerId":"test","commit":null,"readyWaitMs":48,"heapUsedMb":83,"heapLimitMb":4144,"rssMb":127}}
{"t":"2026-10-01T15:44:17.969Z","level":"info","msg":"source scanned","taskId":"68a00bfb-2968-4fab-9a38-20003e048a0d","taskType":"scan_company","data":{"company":"Acme Robotics","type":"greenhouse","status":"ok","postings":5,"new":5,"closed":0,"followers":1,"deferredDescriptions":0,"reusedListing":false,"claimFetchedBytes":1452,"claimRequests":3,"claimRevalidated":0,"heapUsedMb":85,"ms":156}}
{"t":"2026-10-01T15:44:17.982Z","level":"info","msg":"task done","taskId":"68a00bfb-2968-4fab-9a38-20003e048a0d","taskType":"scan_company","data":{"id":"68a00bfb-2968-4fab-9a38-20003e048a0d","type":"scan_company","ms":193,"heapUsedMb":86,"heapDeltaMb":3,"heapLimitMb":4144,"rssMb":127,"rssDeltaMb":0}}
{"t":"2026-10-01T15:44:17.985Z","level":"info","msg":"task start","taskId":"d913ac4c-02e0-4629-bcfc-42e26c77fff8","taskType":"fetch_description","data":{"id":"d913ac4c-02e0-4629-bcfc-42e26c77fff8","type":"fetch_description","attempt":1,"workerId":"test","commit":null,"readyWaitMs":45,"heapUsedMb":86,"heapLimitMb":4144,"rssMb":127}}
{"t":"2026-10-01T15:44:18.024Z","level":"info","msg":"task done","taskId":"d913ac4c-02e0-4629-bcfc-42e26c77fff8","taskType":"fetch_description","data":{"id":"d913ac4c-02e0-4629-bcfc-42e26c77fff8","type":"fetch_description","ms":39,"heapUsedMb":77,"heapDeltaMb":-9,"heapLimitMb":4144,"rssMb":129,"rssDeltaMb":2}}
{"t":"2026-10-01T15:44:18.026Z","level":"info","msg":"task start","taskId":"fb4412a1-8a89-4366-938d-768acbf7867b","taskType":"fetch_description","data":{"id":"fb4412a1-8a89-4366-938d-768acbf7867b","type":"fetch_description","attempt":1,"workerId":"test","commit":null,"readyWaitMs":86,"heapUsedMb":77,"heapLimitMb":4144,"rssMb":129}}
{"t":"2026-10-01T15:44:18.053Z","level":"info","msg":"task done","taskId":"fb4412a1-8a89-4366-938d-768acbf7867b","taskType":"fetch_description","data":{"id":"fb4412a1-8a89-4366-938d-768acbf7867b","type":"fetch_description","ms":27,"heapUsedMb":78,"heapDeltaMb":1,"heapLimitMb":4144,"rssMb":129,"rssDeltaMb":0}}
{"t":"2026-10-01T15:44:18.054Z","level":"info","msg":"task start","taskId":"1bc725e4-fcf5-41b6-b506-ff06219f12fe","taskType":"fetch_description","data":{"id":"1bc725e4-fcf5-41b6-b506-ff06219f12fe","type":"fetch_description","attempt":1,"workerId":"test","commit":null,"readyWaitMs":114,"heapUsedMb":78,"heapLimitMb":4144,"rssMb":129}}
{"t":"2026-10-01T15:44:18.101Z","level":"info","msg":"task done","taskId":"1bc725e4-fcf5-41b6-b506-ff06219f12fe","taskType":"fetch_description","data":{"id":"1bc725e4-fcf5-41b6-b506-ff06219f12fe","type":"fetch_description","ms":47,"heapUsedMb":79,"heapDeltaMb":1,"heapLimitMb":4144,"rssMb":129,"rssDeltaMb":0}}
{"t":"2026-10-01T15:44:18.104Z","level":"info","msg":"task start","taskId":"b89e13bf-df3a-4f65-8155-5495779c79d6","taskType":"fetch_description","data":{"id":"b89e13bf-df3a-4f65-8155-5495779c79d6","type":"fetch_description","attempt":1,"workerId":"test","commit":null,"readyWaitMs":164,"heapUsedMb":79,"heapLimitMb":4144,"rssMb":129}}
{"t":"2026-10-01T15:44:18.150Z","level":"info","msg":"task done","taskId":"b89e13bf-df3a-4f65-8155-5495779c79d6","taskType":"fetch_description","data":{"id":"b89e13bf-df3a-4f65-8155-5495779c79d6","type":"fetch_description","ms":46,"heapUsedMb":80,"heapDeltaMb":1,"heapLimitMb":4144,"rssMb":128,"rssDeltaMb":-1}}
{"t":"2026-10-01T15:44:18.151Z","level":"info","msg":"task start","taskId":"6e837682-c6aa-468a-8e51-cd88c71600a2","taskType":"discover","data":{"id":"6e837682-c6aa-468a-8e51-cd88c71600a2","type":"discover","attempt":1,"workerId":"test","commit":null,"readyWaitMs":466,"heapUsedMb":80,"heapLimitMb":4144,"rssMb":128}}
{"t":"2026-10-01T15:44:18.209Z","level":"info","msg":"logo capture failed","taskId":"6e837682-c6aa-468a-8e51-cd88c71600a2","taskType":"discover","data":{"company":"Acme Robotics","error":"No usable icon found for orbital.example","tried":3,"attempts":2,"nextAttemptAt":"2026-09-05T12:00:00.000Z"}}
{"t":"2026-10-01T15:44:18.210Z","level":"info","msg":"task done","taskId":"6e837682-c6aa-468a-8e51-cd88c71600a2","taskType":"discover","data":{"id":"6e837682-c6aa-468a-8e51-cd88c71600a2","type":"discover","ms":59,"heapUsedMb":81,"heapDeltaMb":1,"heapLimitMb":4144,"rssMb":127,"rssDeltaMb":-1}}
{"t":"2026-10-01T15:44:18.667Z","level":"info","msg":"slow database query","taskId":"cf107f34-bda6-446d-81ba-a2c909846f62","taskType":"scan_company","data":{"durationMs":449,"statement":"truncate users, companies, career_sources, discovery_runs, scan_runs, scans, jobs, job_events, decisions, tasks, setting"}}
{"t":"2026-10-01T15:44:18.693Z","level":"info","msg":"task start","taskId":"0cb0017f-9e04-48e0-9697-d5296c5b7173","taskType":"discover","data":{"id":"0cb0017f-9e04-48e0-9697-d5296c5b7173","type":"discover","attempt":1,"workerId":"test","commit":null,"readyWaitMs":8,"heapUsedMb":77,"heapLimitMb":4144,"rssMb":124}}
{"t":"2026-10-01T15:44:18.862Z","level":"info","msg":"discovery finished","taskId":"0cb0017f-9e04-48e0-9697-d5296c5b7173","taskType":"discover","data":{"company":"acme.example","outcome":"resolved","fetches":3,"best":"ats_link"}}
{"t":"2026-10-01T15:44:18.864Z","level":"info","msg":"task done","taskId":"0cb0017f-9e04-48e0-9697-d5296c5b7173","taskType":"discover","data":{"id":"0cb0017f-9e04-48e0-9697-d5296c5b7173","type":"discover","ms":171,"heapUsedMb":81,"heapDeltaMb":4,"heapLimitMb":4144,"rssMb":129,"rssDeltaMb":5}}
{"t":"2026-10-01T15:44:18.866Z","level":"info","msg":"task start","taskId":"184b96f4-2781-40d9-a922-bb597f30dbd3","taskType":"scan_company","data":{"id":"184b96f4-2781-40d9-a922-bb597f30dbd3","type":"scan_company","attempt":1,"workerId":"test","commit":null,"readyWaitMs":11,"heapUsedMb":81,"heapLimitMb":4144,"rssMb":129}}
{"t":"2026-10-01T15:44:19.041Z","level":"info","msg":"source scanned","taskId":"184b96f4-2781-40d9-a922-bb597f30dbd3","taskType":"scan_company","data":{"company":"Acme Robotics","type":"greenhouse","status":"ok","postings":5,"new":5,"closed":0,"followers":1,"deferredDescriptions":0,"reusedListing":false,"claimFetchedBytes":1452,"claimRequests":3,"claimRevalidated":0,"heapUsedMb":78,"ms":171}}
{"t":"2026-10-01T15:44:19.047Z","level":"info","msg":"task done","taskId":"184b96f4-2781-40d9-a922-bb597f30dbd3","taskType":"scan_company","data":{"id":"184b96f4-2781-40d9-a922-bb597f30dbd3","type":"scan_company","ms":181,"heapUsedMb":79,"heapDeltaMb":-2,"heapLimitMb":4144,"rssMb":129,"rssDeltaMb":0}}
{"t":"2026-10-01T15:44:19.049Z","level":"info","msg":"task start","taskId":"0e1f9e39-e6a9-4d64-895b-e0b5f98bdd51","taskType":"fetch_description","data":{"id":"0e1f9e39-e6a9-4d64-895b-e0b5f98bdd51","type":"fetch_description","attempt":1,"workerId":"test","commit":null,"readyWaitMs":27,"heapUsedMb":79,"heapLimitMb":4144,"rssMb":129}}
{"t":"2026-10-01T15:44:19.066Z","level":"info","msg":"task done","taskId":"0e1f9e39-e6a9-4d64-895b-e0b5f98bdd51","taskType":"fetch_description","data":{"id":"0e1f9e39-e6a9-4d64-895b-e0b5f98bdd51","type":"fetch_description","ms":17,"heapUsedMb":80,"heapDeltaMb":1,"heapLimitMb":4144,"rssMb":130,"rssDeltaMb":1}}
{"t":"2026-10-01T15:44:19.068Z","level":"info","msg":"task start","taskId":"4929b329-e118-41c9-b469-ce29de972e8e","taskType":"fetch_description","data":{"id":"4929b329-e118-41c9-b469-ce29de972e8e","type":"fetch_description","attempt":1,"workerId":"test","commit":null,"readyWaitMs":46,"heapUsedMb":80,"heapLimitMb":4144,"rssMb":130}}
{"t":"2026-10-01T15:44:19.116Z","level":"info","msg":"task done","taskId":"4929b329-e118-41c9-b469-ce29de972e8e","taskType":"fetch_description","data":{"id":"4929b329-e118-41c9-b469-ce29de972e8e","type":"fetch_description","ms":48,"heapUsedMb":81,"heapDeltaMb":1,"heapLimitMb":4144,"rssMb":130,"rssDeltaMb":0}}
{"t":"2026-10-01T15:44:19.118Z","level":"info","msg":"task start","taskId":"3b287cc7-2dd7-4aba-af56-a608888124c0","taskType":"fetch_description","data":{"id":"3b287cc7-2dd7-4aba-af56-a608888124c0","type":"fetch_description","attempt":1,"workerId":"test","commit":null,"readyWaitMs":96,"heapUsedMb":81,"heapLimitMb":4144,"rssMb":130}}
{"t":"2026-10-01T15:44:19.167Z","level":"info","msg":"task done","taskId":"3b287cc7-2dd7-4aba-af56-a608888124c0","taskType":"fetch_description","data":{"id":"3b287cc7-2dd7-4aba-af56-a608888124c0","type":"fetch_description","ms":49,"heapUsedMb":82,"heapDeltaMb":1,"heapLimitMb":4144,"rssMb":130,"rssDeltaMb":0}}
{"t":"2026-10-01T15:44:19.168Z","level":"info","msg":"task start","taskId":"4e46565a-c72b-47f8-8268-26463caf7dbd","taskType":"fetch_description","data":{"id":"4e46565a-c72b-47f8-8268-26463caf7dbd","type":"fetch_description","attempt":1,"workerId":"test","commit":null,"readyWaitMs":146,"heapUsedMb":83,"heapLimitMb":4144,"rssMb":130}}
{"t":"2026-10-01T15:44:19.219Z","level":"info","msg":"task done","taskId":"4e46565a-c72b-47f8-8268-26463caf7dbd","taskType":"fetch_description","data":{"id":"4e46565a-c72b-47f8-8268-26463caf7dbd","type":"fetch_description","ms":51,"heapUsedMb":84,"heapDeltaMb":1,"heapLimitMb":4144,"rssMb":130,"rssDeltaMb":0}}
{"t":"2026-10-01T15:44:19.231Z","level":"info","msg":"task start","taskId":"ddc8608a-7eec-4000-bc8d-c09232d28038","taskType":"discover","data":{"id":"ddc8608a-7eec-4000-bc8d-c09232d28038","type":"discover","attempt":1,"workerId":"test","commit":null,"readyWaitMs":537,"heapUsedMb":79,"heapLimitMb":4144,"rssMb":131}}
{"t":"2026-10-01T15:44:19.289Z","level":"warn","msg":"logo re-encode failed; the original is kept","taskId":"ddc8608a-7eec-4000-bc8d-c09232d28038","taskType":"discover","data":{"error":"Input buffer has corrupt header:","bytes":400}}
{"t":"2026-10-01T15:44:19.303Z","level":"info","msg":"logo captured","taskId":"ddc8608a-7eec-4000-bc8d-c09232d28038","taskType":"discover","data":{"company":"Acme Robotics","source":"site_icon","sourceUrl":"https://www.acme.example/favicon.png","bytes":400,"contentType":"image/png"}}
{"t":"2026-10-01T15:44:19.305Z","level":"info","msg":"task done","taskId":"ddc8608a-7eec-4000-bc8d-c09232d28038","taskType":"discover","data":{"id":"ddc8608a-7eec-4000-bc8d-c09232d28038","type":"discover","ms":74,"heapUsedMb":75,"heapDeltaMb":-4,"heapLimitMb":4144,"rssMb":131,"rssDeltaMb":0}}
{"t":"2026-10-01T15:44:19.317Z","level":"info","msg":"task start","taskId":"28576820-86ae-4eef-9cf7-c88996604520","taskType":"run_daily","data":{"id":"28576820-86ae-4eef-9cf7-c88996604520","type":"run_daily","attempt":1,"workerId":"test","commit":null,"readyWaitMs":10,"heapUsedMb":75,"heapLimitMb":4144,"rssMb":131}}
{"t":"2026-10-01T15:44:19.336Z","level":"info","msg":"daily run started","taskId":"28576820-86ae-4eef-9cf7-c88996604520","taskType":"run_daily","data":{"runId":"a6e39c86-fb62-4794-8c33-2f1b0dc25629","runDate":"2026-09-05","companies":1,"logosQueued":0,"retired":0}}
{"t":"2026-10-01T15:44:19.342Z","level":"info","msg":"task done","taskId":"28576820-86ae-4eef-9cf7-c88996604520","taskType":"run_daily","data":{"id":"28576820-86ae-4eef-9cf7-c88996604520","type":"run_daily","ms":25,"heapUsedMb":76,"heapDeltaMb":1,"heapLimitMb":4144,"rssMb":137,"rssDeltaMb":6}}
{"t":"2026-10-01T15:44:19.345Z","level":"info","msg":"task start","taskId":"1ddd6f5a-56bd-46c7-a614-51df59d95c24","taskType":"scan_company","data":{"id":"1ddd6f5a-56bd-46c7-a614-51df59d95c24","type":"scan_company","attempt":1,"workerId":"test","commit":null,"readyWaitMs":28,"heapUsedMb":76,"heapLimitMb":4144,"rssMb":137}}
{"t":"2026-10-01T15:44:19.468Z","level":"info","msg":"source scanned","taskId":"1ddd6f5a-56bd-46c7-a614-51df59d95c24","taskType":"scan_company","data":{"company":"Acme Robotics","type":"greenhouse","status":"ok","postings":5,"new":0,"closed":0,"followers":1,"deferredDescriptions":0,"reusedListing":false,"claimFetchedBytes":1452,"claimRequests":3,"claimRevalidated":0,"heapUsedMb":78,"ms":118}}
{"t":"2026-10-01T15:44:19.476Z","level":"info","msg":"scan run finalised","taskId":"1ddd6f5a-56bd-46c7-a614-51df59d95c24","taskType":"scan_company","data":{"runId":"a6e39c86-fb62-4794-8c33-2f1b0dc25629","ok":1,"failed":0,"newRoles":0}}
{"t":"2026-10-01T15:44:19.476Z","level":"info","msg":"task done","taskId":"1ddd6f5a-56bd-46c7-a614-51df59d95c24","taskType":"scan_company","data":{"id":"1ddd6f5a-56bd-46c7-a614-51df59d95c24","type":"scan_company","ms":131,"heapUsedMb":79,"heapDeltaMb":3,"heapLimitMb":4144,"rssMb":137,"rssDeltaMb":0}}
{"t":"2026-10-01T15:44:19.477Z","level":"info","msg":"task start","taskId":"3477e184-17fd-4148-a7cd-96ad7d9bade9","taskType":"suggest_from_scans","data":{"id":"3477e184-17fd-4148-a7cd-96ad7d9bade9","type":"suggest_from_scans","attempt":1,"workerId":"test","commit":null,"readyWaitMs":6,"heapUsedMb":79,"heapLimitMb":4144,"rssMb":137}}
{"t":"2026-10-01T15:44:19.486Z","level":"info","msg":"scan suggestions filed","taskId":"3477e184-17fd-4148-a7cd-96ad7d9bade9","taskType":"suggest_from_scans","data":{"userId":"ba158da6-575b-45b2-9734-853e12f8cebc","titles":5,"unmatched":1,"inserted":0}}
{"t":"2026-10-01T15:44:19.487Z","level":"info","msg":"task done","taskId":"3477e184-17fd-4148-a7cd-96ad7d9bade9","taskType":"suggest_from_scans","data":{"id":"3477e184-17fd-4148-a7cd-96ad7d9bade9","type":"suggest_from_scans","ms":10,"heapUsedMb":79,"heapDeltaMb":0,"heapLimitMb":4144,"rssMb":137,"rssDeltaMb":0}}
{"t":"2026-10-01T15:44:19.903Z","level":"info","msg":"slow database query","data":{"durationMs":414,"statement":"truncate users, companies, career_sources, discovery_runs, scan_runs, scans, jobs, job_events, decisions, tasks, setting"}}
{"t":"2026-10-01T15:44:19.921Z","level":"info","msg":"task start","taskId":"3babd2b1-2ba3-4c5a-acc3-526452a02dcb","taskType":"discover","data":{"id":"3babd2b1-2ba3-4c5a-acc3-526452a02dcb","type":"discover","attempt":1,"workerId":"test","commit":null,"readyWaitMs":5,"heapUsedMb":81,"heapLimitMb":4144,"rssMb":135}}
{"t":"2026-10-01T15:44:20.108Z","level":"info","msg":"discovery finished","taskId":"3babd2b1-2ba3-4c5a-acc3-526452a02dcb","taskType":"discover","data":{"company":"acme.example","outcome":"resolved","fetches":3,"best":"ats_link"}}
{"t":"2026-10-01T15:44:20.114Z","level":"info","msg":"task done","taskId":"3babd2b1-2ba3-4c5a-acc3-526452a02dcb","taskType":"discover","data":{"id":"3babd2b1-2ba3-4c5a-acc3-526452a02dcb","type":"discover","ms":193,"heapUsedMb":84,"heapDeltaMb":3,"heapLimitMb":4144,"rssMb":127,"rssDeltaMb":-8}}
{"t":"2026-10-01T15:44:20.118Z","level":"info","msg":"task start","taskId":"01e87928-0d74-4294-ab27-f8aa4fd5ae4c","taskType":"scan_company","data":{"id":"01e87928-0d74-4294-ab27-f8aa4fd5ae4c","type":"scan_company","attempt":1,"workerId":"test","commit":null,"readyWaitMs":27,"heapUsedMb":84,"heapLimitMb":4144,"rssMb":127}}
{"t":"2026-10-01T15:44:20.277Z","level":"info","msg":"source scanned","taskId":"01e87928-0d74-4294-ab27-f8aa4fd5ae4c","taskType":"scan_company","data":{"company":"Acme Robotics","type":"greenhouse","status":"ok","postings":5,"new":5,"closed":0,"followers":1,"deferredDescriptions":0,"reusedListing":false,"claimFetchedBytes":1452,"claimRequests":3,"claimRevalidated":0,"heapUsedMb":87,"ms":146}}
{"t":"2026-10-01T15:44:20.286Z","level":"info","msg":"task done","taskId":"01e87928-0d74-4294-ab27-f8aa4fd5ae4c","taskType":"scan_company","data":{"id":"01e87928-0d74-4294-ab27-f8aa4fd5ae4c","type":"scan_company","ms":169,"heapUsedMb":87,"heapDeltaMb":3,"heapLimitMb":4144,"rssMb":130,"rssDeltaMb":3}}
{"t":"2026-10-01T15:44:20.289Z","level":"info","msg":"task start","taskId":"5f61835f-f332-4cee-8c68-e9a642cb25b3","taskType":"fetch_description","data":{"id":"5f61835f-f332-4cee-8c68-e9a642cb25b3","type":"fetch_description","attempt":1,"workerId":"test","commit":null,"readyWaitMs":34,"heapUsedMb":87,"heapLimitMb":4144,"rssMb":130}}
{"t":"2026-10-01T15:44:20.315Z","level":"info","msg":"task done","taskId":"5f61835f-f332-4cee-8c68-e9a642cb25b3","taskType":"fetch_description","data":{"id":"5f61835f-f332-4cee-8c68-e9a642cb25b3","type":"fetch_description","ms":26,"heapUsedMb":77,"heapDeltaMb":-10,"heapLimitMb":4144,"rssMb":131,"rssDeltaMb":1}}
{"t":"2026-10-01T15:44:20.318Z","level":"info","msg":"task start","taskId":"322c6438-f738-4f20-b384-2d35d06a4e33","taskType":"fetch_description","data":{"id":"322c6438-f738-4f20-b384-2d35d06a4e33","type":"fetch_description","attempt":1,"workerId":"test","commit":null,"readyWaitMs":63,"heapUsedMb":77,"heapLimitMb":4144,"rssMb":131}}
{"t":"2026-10-01T15:44:20.363Z","level":"info","msg":"task done","taskId":"322c6438-f738-4f20-b384-2d35d06a4e33","taskType":"fetch_description","data":{"id":"322c6438-f738-4f20-b384-2d35d06a4e33","type":"fetch_description","ms":45,"heapUsedMb":78,"heapDeltaMb":1,"heapLimitMb":4144,"rssMb":128,"rssDeltaMb":-3}}
{"t":"2026-10-01T15:44:20.366Z","level":"info","msg":"task start","taskId":"4efc6ba9-eed0-4ec2-93be-3c86faddeac6","taskType":"discover","data":{"id":"4efc6ba9-eed0-4ec2-93be-3c86faddeac6","type":"discover","attempt":1,"workerId":"test","commit":null,"readyWaitMs":444,"heapUsedMb":78,"heapLimitMb":4144,"rssMb":128}}
{"t":"2026-10-01T15:44:20.422Z","level":"warn","msg":"logo re-encode failed; the original is kept","taskId":"4efc6ba9-eed0-4ec2-93be-3c86faddeac6","taskType":"discover","data":{"error":"Input buffer has corrupt header:","bytes":400}}
{"t":"2026-10-01T15:44:20.428Z","level":"info","msg":"logo captured","taskId":"4efc6ba9-eed0-4ec2-93be-3c86faddeac6","taskType":"discover","data":{"company":"Acme Robotics","source":"site_icon","sourceUrl":"https://www.acme.example/favicon.png","bytes":400,"contentType":"image/png"}}
{"t":"2026-10-01T15:44:20.430Z","level":"info","msg":"task done","taskId":"4efc6ba9-eed0-4ec2-93be-3c86faddeac6","taskType":"discover","data":{"id":"4efc6ba9-eed0-4ec2-93be-3c86faddeac6","type":"discover","ms":64,"heapUsedMb":79,"heapDeltaMb":1,"heapLimitMb":4144,"rssMb":129,"rssDeltaMb":1}}
{"t":"2026-10-01T15:44:20.573Z","level":"info","msg":"source scanned","data":{"company":"acme.example","type":"greenhouse","status":"ok","postings":5,"new":0,"closed":0,"followers":1,"deferredDescriptions":0,"reusedListing":false,"claimFetchedBytes":1449,"claimRequests":3,"claimRevalidated":0,"heapUsedMb":81,"ms":135}}
{"t":"2026-10-01T15:44:20.717Z","level":"info","msg":"source scanned","data":{"company":"acme.example","type":"greenhouse","status":"partial","postings":1,"new":0,"closed":0,"followers":1,"deferredDescriptions":0,"reusedListing":false,"claimFetchedBytes":451,"claimRequests":3,"claimRevalidated":0,"heapUsedMb":84,"ms":139}}
{"t":"2026-10-01T15:44:20.726Z","level":"info","msg":"task start","taskId":"b9b63bfe-bac0-46e5-94fa-7fd579167ca7","taskType":"fetch_description","data":{"id":"b9b63bfe-bac0-46e5-94fa-7fd579167ca7","type":"fetch_description","attempt":1,"workerId":"test","commit":null,"readyWaitMs":25,"heapUsedMb":84,"heapLimitMb":4144,"rssMb":131}}
{"t":"2026-10-01T15:44:20.753Z","level":"info","msg":"task done","taskId":"b9b63bfe-bac0-46e5-94fa-7fd579167ca7","taskType":"fetch_description","data":{"id":"b9b63bfe-bac0-46e5-94fa-7fd579167ca7","type":"fetch_description","ms":27,"heapUsedMb":85,"heapDeltaMb":1,"heapLimitMb":4144,"rssMb":132,"rssDeltaMb":1}}
{"t":"2026-10-01T15:44:21.356Z","level":"info","msg":"slow database query","taskId":"cf107f34-bda6-446d-81ba-a2c909846f62","taskType":"scan_company","data":{"durationMs":599,"statement":"truncate users, companies, career_sources, discovery_runs, scan_runs, scans, jobs, job_events, decisions, tasks, setting"}}
{"t":"2026-10-01T15:44:21.411Z","level":"info","msg":"source scanned","data":{"company":"Orbital","type":"smartrecruiters","status":"ok","postings":3,"new":3,"closed":0,"followers":1,"deferredDescriptions":0,"reusedListing":false,"claimFetchedBytes":507,"claimRequests":1,"claimRevalidated":0,"heapUsedMb":78,"ms":36}}
{"t":"2026-10-01T15:44:32.533Z","level":"info","msg":"source scanned","data":{"company":"Orbital","type":"smartrecruiters","status":"partial","postings":10000,"new":10000,"closed":0,"followers":1,"deferredDescriptions":0,"reusedListing":false,"claimFetchedBytes":1643568,"claimRequests":100,"claimRevalidated":0,"heapUsedMb":191,"ms":11110}}
{"t":"2026-10-01T15:44:37.984Z","level":"info","msg":"source scanned","data":{"company":"Orbital","type":"smartrecruiters","status":"partial","postings":10000,"new":0,"closed":0,"followers":1,"deferredDescriptions":0,"reusedListing":false,"claimFetchedBytes":1643568,"claimRequests":100,"claimRevalidated":0,"heapUsedMb":228,"ms":5426}}
{"t":"2026-10-01T15:44:38.413Z","level":"info","msg":"slow database query","taskId":"cf107f34-bda6-446d-81ba-a2c909846f62","taskType":"scan_company","data":{"durationMs":405,"statement":"truncate users, companies, career_sources, discovery_runs, scan_runs, scans, jobs, job_events, decisions, tasks, setting"}}
{"t":"2026-10-01T15:44:38.439Z","level":"info","msg":"task start","taskId":"9a90b48b-793a-4d05-91aa-54448bf404c7","taskType":"discover","data":{"id":"9a90b48b-793a-4d05-91aa-54448bf404c7","type":"discover","attempt":1,"workerId":"test","commit":null,"readyWaitMs":11,"heapUsedMb":75,"heapLimitMb":4144,"rssMb":205}}
{"t":"2026-10-01T15:44:38.605Z","level":"info","msg":"discovery finished","taskId":"9a90b48b-793a-4d05-91aa-54448bf404c7","taskType":"discover","data":{"company":"acme.example","outcome":"resolved","fetches":3,"best":"ats_link"}}
{"t":"2026-10-01T15:44:38.609Z","level":"info","msg":"task done","taskId":"9a90b48b-793a-4d05-91aa-54448bf404c7","taskType":"discover","data":{"id":"9a90b48b-793a-4d05-91aa-54448bf404c7","type":"discover","ms":170,"heapUsedMb":78,"heapDeltaMb":3,"heapLimitMb":4144,"rssMb":205,"rssDeltaMb":0}}
{"t":"2026-10-01T15:44:38.613Z","level":"info","msg":"task start","taskId":"4870e6d9-9f55-4443-ae48-b6e5168e0de1","taskType":"scan_company","data":{"id":"4870e6d9-9f55-4443-ae48-b6e5168e0de1","type":"scan_company","attempt":1,"workerId":"test","commit":null,"readyWaitMs":15,"heapUsedMb":78,"heapLimitMb":4144,"rssMb":205}}
{"t":"2026-10-01T15:44:38.782Z","level":"info","msg":"source scanned","taskId":"4870e6d9-9f55-4443-ae48-b6e5168e0de1","taskType":"scan_company","data":{"company":"Acme Robotics","type":"greenhouse","status":"ok","postings":5,"new":5,"closed":0,"followers":1,"deferredDescriptions":0,"reusedListing":false,"claimFetchedBytes":1452,"claimRequests":3,"claimRevalidated":0,"heapUsedMb":81,"ms":162}}
{"t":"2026-10-01T15:44:38.788Z","level":"info","msg":"task done","taskId":"4870e6d9-9f55-4443-ae48-b6e5168e0de1","taskType":"scan_company","data":{"id":"4870e6d9-9f55-4443-ae48-b6e5168e0de1","type":"scan_company","ms":175,"heapUsedMb":81,"heapDeltaMb":3,"heapLimitMb":4144,"rssMb":205,"rssDeltaMb":0}}
{"t":"2026-10-01T15:44:38.789Z","level":"info","msg":"task start","taskId":"1e626d75-3738-4c98-8eb5-9c66cd9ba9e3","taskType":"fetch_description","data":{"id":"1e626d75-3738-4c98-8eb5-9c66cd9ba9e3","type":"fetch_description","attempt":1,"workerId":"test","commit":null,"readyWaitMs":24,"heapUsedMb":81,"heapLimitMb":4144,"rssMb":205}}
{"t":"2026-10-01T15:44:38.810Z","level":"info","msg":"task done","taskId":"1e626d75-3738-4c98-8eb5-9c66cd9ba9e3","taskType":"fetch_description","data":{"id":"1e626d75-3738-4c98-8eb5-9c66cd9ba9e3","type":"fetch_description","ms":21,"heapUsedMb":82,"heapDeltaMb":1,"heapLimitMb":4144,"rssMb":206,"rssDeltaMb":1}}
{"t":"2026-10-01T15:44:38.812Z","level":"info","msg":"task start","taskId":"eae6bc9a-56cc-4e15-9320-5715cee11b2f","taskType":"fetch_description","data":{"id":"eae6bc9a-56cc-4e15-9320-5715cee11b2f","type":"fetch_description","attempt":1,"workerId":"test","commit":null,"readyWaitMs":47,"heapUsedMb":82,"heapLimitMb":4144,"rssMb":206}}
{"t":"2026-10-01T15:44:38.856Z","level":"info","msg":"task done","taskId":"eae6bc9a-56cc-4e15-9320-5715cee11b2f","taskType":"fetch_description","data":{"id":"eae6bc9a-56cc-4e15-9320-5715cee11b2f","type":"fetch_description","ms":44,"heapUsedMb":83,"heapDeltaMb":1,"heapLimitMb":4144,"rssMb":206,"rssDeltaMb":0}}
{"t":"2026-10-01T15:44:38.857Z","level":"info","msg":"task start","taskId":"14fcfc4a-6cd1-470f-aa28-03d1a32fd2e9","taskType":"fetch_description","data":{"id":"14fcfc4a-6cd1-470f-aa28-03d1a32fd2e9","type":"fetch_description","attempt":1,"workerId":"test","commit":null,"readyWaitMs":92,"heapUsedMb":83,"heapLimitMb":4144,"rssMb":206}}
{"t":"2026-10-01T15:44:38.907Z","level":"info","msg":"task done","taskId":"14fcfc4a-6cd1-470f-aa28-03d1a32fd2e9","taskType":"fetch_description","data":{"id":"14fcfc4a-6cd1-470f-aa28-03d1a32fd2e9","type":"fetch_description","ms":50,"heapUsedMb":84,"heapDeltaMb":1,"heapLimitMb":4144,"rssMb":206,"rssDeltaMb":0}}
{"t":"2026-10-01T15:44:38.908Z","level":"info","msg":"task start","taskId":"e8c93caf-35a5-4a74-8a5b-a40ec59e6cac","taskType":"fetch_description","data":{"id":"e8c93caf-35a5-4a74-8a5b-a40ec59e6cac","type":"fetch_description","attempt":1,"workerId":"test","commit":null,"readyWaitMs":143,"heapUsedMb":85,"heapLimitMb":4144,"rssMb":206}}
{"t":"2026-10-01T15:44:38.958Z","level":"info","msg":"task done","taskId":"e8c93caf-35a5-4a74-8a5b-a40ec59e6cac","taskType":"fetch_description","data":{"id":"e8c93caf-35a5-4a74-8a5b-a40ec59e6cac","type":"fetch_description","ms":50,"heapUsedMb":86,"heapDeltaMb":1,"heapLimitMb":4144,"rssMb":206,"rssDeltaMb":0}}
{"t":"2026-10-01T15:44:38.960Z","level":"info","msg":"task start","taskId":"a6aae3a8-3e0f-42f9-95f6-0dfbad1eba8d","taskType":"discover","data":{"id":"a6aae3a8-3e0f-42f9-95f6-0dfbad1eba8d","type":"discover","attempt":1,"workerId":"test","commit":null,"readyWaitMs":522,"heapUsedMb":86,"heapLimitMb":4144,"rssMb":206}}
{"t":"2026-10-01T15:44:39.014Z","level":"warn","msg":"logo re-encode failed; the original is kept","taskId":"a6aae3a8-3e0f-42f9-95f6-0dfbad1eba8d","taskType":"discover","data":{"error":"Input buffer has corrupt header:","bytes":400}}
{"t":"2026-10-01T15:44:39.019Z","level":"info","msg":"logo captured","taskId":"a6aae3a8-3e0f-42f9-95f6-0dfbad1eba8d","taskType":"discover","data":{"company":"Acme Robotics","source":"site_icon","sourceUrl":"https://www.acme.example/favicon.png","bytes":400,"contentType":"image/png"}}
{"t":"2026-10-01T15:44:39.020Z","level":"info","msg":"task done","taskId":"a6aae3a8-3e0f-42f9-95f6-0dfbad1eba8d","taskType":"discover","data":{"id":"a6aae3a8-3e0f-42f9-95f6-0dfbad1eba8d","type":"discover","ms":60,"heapUsedMb":87,"heapDeltaMb":1,"heapLimitMb":4144,"rssMb":206,"rssDeltaMb":0}}
{"t":"2026-10-01T15:44:39.320Z","level":"info","msg":"slow database query","taskId":"cf107f34-bda6-446d-81ba-a2c909846f62","taskType":"scan_company","data":{"durationMs":281,"statement":"truncate users, companies, career_sources, discovery_runs, scan_runs, scans, jobs, job_events, decisions, tasks, setting"}}
{"t":"2026-10-01T15:44:39.338Z","level":"info","msg":"task start","taskId":"e6950fb5-2e10-4426-9e50-38e43fd8ed57","taskType":"discover","data":{"id":"e6950fb5-2e10-4426-9e50-38e43fd8ed57","type":"discover","attempt":1,"workerId":"test","commit":null,"readyWaitMs":5,"heapUsedMb":77,"heapLimitMb":4144,"rssMb":201}}
{"t":"2026-10-01T15:44:39.503Z","level":"info","msg":"discovery finished","taskId":"e6950fb5-2e10-4426-9e50-38e43fd8ed57","taskType":"discover","data":{"company":"acme.example","outcome":"resolved","fetches":3,"best":"ats_link"}}
{"t":"2026-10-01T15:44:39.504Z","level":"info","msg":"task done","taskId":"e6950fb5-2e10-4426-9e50-38e43fd8ed57","taskType":"discover","data":{"id":"e6950fb5-2e10-4426-9e50-38e43fd8ed57","type":"discover","ms":166,"heapUsedMb":80,"heapDeltaMb":3,"heapLimitMb":4144,"rssMb":197,"rssDeltaMb":-4}}
{"t":"2026-10-01T15:44:39.506Z","level":"info","msg":"task start","taskId":"50270803-041f-4785-bf9f-e4ffec503949","taskType":"scan_company","data":{"id":"50270803-041f-4785-bf9f-e4ffec503949","type":"scan_company","attempt":1,"workerId":"test","commit":null,"readyWaitMs":10,"heapUsedMb":81,"heapLimitMb":4144,"rssMb":197}}
{"t":"2026-10-01T15:44:39.678Z","level":"info","msg":"source scanned","taskId":"50270803-041f-4785-bf9f-e4ffec503949","taskType":"scan_company","data":{"company":"Acme Robotics","type":"greenhouse","status":"ok","postings":5,"new":5,"closed":0,"followers":1,"deferredDescriptions":0,"reusedListing":false,"claimFetchedBytes":1452,"claimRequests":3,"claimRevalidated":0,"heapUsedMb":83,"ms":168}}
{"t":"2026-10-01T15:44:39.684Z","level":"info","msg":"task done","taskId":"50270803-041f-4785-bf9f-e4ffec503949","taskType":"scan_company","data":{"id":"50270803-041f-4785-bf9f-e4ffec503949","type":"scan_company","ms":178,"heapUsedMb":84,"heapDeltaMb":3,"heapLimitMb":4144,"rssMb":196,"rssDeltaMb":-1}}
{"t":"2026-10-01T15:44:39.686Z","level":"info","msg":"task start","taskId":"301f428d-5f07-4011-95e8-929cd4196244","taskType":"fetch_description","data":{"id":"301f428d-5f07-4011-95e8-929cd4196244","type":"fetch_description","attempt":1,"workerId":"test","commit":null,"readyWaitMs":33,"heapUsedMb":84,"heapLimitMb":4144,"rssMb":196}}
{"t":"2026-10-01T15:44:39.707Z","level":"info","msg":"task done","taskId":"301f428d-5f07-4011-95e8-929cd4196244","taskType":"fetch_description","data":{"id":"301f428d-5f07-4011-95e8-929cd4196244","type":"fetch_description","ms":21,"heapUsedMb":85,"heapDeltaMb":1,"heapLimitMb":4144,"rssMb":196,"rssDeltaMb":0}}
{"t":"2026-10-01T15:44:39.708Z","level":"info","msg":"task start","taskId":"bc228ad0-f9bf-49af-adb4-6e9f7d1e0553","taskType":"fetch_description","data":{"id":"bc228ad0-f9bf-49af-adb4-6e9f7d1e0553","type":"fetch_description","attempt":1,"workerId":"test","commit":null,"readyWaitMs":55,"heapUsedMb":85,"heapLimitMb":4144,"rssMb":196}}
{"t":"2026-10-01T15:44:39.755Z","level":"info","msg":"task done","taskId":"bc228ad0-f9bf-49af-adb4-6e9f7d1e0553","taskType":"fetch_description","data":{"id":"bc228ad0-f9bf-49af-adb4-6e9f7d1e0553","type":"fetch_description","ms":46,"heapUsedMb":86,"heapDeltaMb":1,"heapLimitMb":4144,"rssMb":196,"rssDeltaMb":0}}
{"t":"2026-10-01T15:44:39.756Z","level":"info","msg":"task start","taskId":"0a36e26f-c308-4738-9744-e557c20eb88d","taskType":"fetch_description","data":{"id":"0a36e26f-c308-4738-9744-e557c20eb88d","type":"fetch_description","attempt":1,"workerId":"test","commit":null,"readyWaitMs":103,"heapUsedMb":86,"heapLimitMb":4144,"rssMb":196}}
{"t":"2026-10-01T15:44:39.808Z","level":"info","msg":"task done","taskId":"0a36e26f-c308-4738-9744-e557c20eb88d","taskType":"fetch_description","data":{"id":"0a36e26f-c308-4738-9744-e557c20eb88d","type":"fetch_description","ms":52,"heapUsedMb":87,"heapDeltaMb":1,"heapLimitMb":4144,"rssMb":195,"rssDeltaMb":-1}}
{"t":"2026-10-01T15:44:39.810Z","level":"info","msg":"task start","taskId":"4b0d5bc4-15ca-43cb-8226-3f6fece46195","taskType":"fetch_description","data":{"id":"4b0d5bc4-15ca-43cb-8226-3f6fece46195","type":"fetch_description","attempt":1,"workerId":"test","commit":null,"readyWaitMs":157,"heapUsedMb":87,"heapLimitMb":4144,"rssMb":195}}
{"t":"2026-10-01T15:44:39.859Z","level":"info","msg":"task done","taskId":"4b0d5bc4-15ca-43cb-8226-3f6fece46195","taskType":"fetch_description","data":{"id":"4b0d5bc4-15ca-43cb-8226-3f6fece46195","type":"fetch_description","ms":50,"heapUsedMb":78,"heapDeltaMb":-9,"heapLimitMb":4144,"rssMb":195,"rssDeltaMb":0}}
{"t":"2026-10-01T15:44:39.861Z","level":"info","msg":"task start","taskId":"8ed13340-90e5-48b6-8220-ec2d54e4b02c","taskType":"discover","data":{"id":"8ed13340-90e5-48b6-8220-ec2d54e4b02c","type":"discover","attempt":1,"workerId":"test","commit":null,"readyWaitMs":523,"heapUsedMb":78,"heapLimitMb":4144,"rssMb":195}}
{"t":"2026-10-01T15:44:39.914Z","level":"warn","msg":"logo re-encode failed; the original is kept","taskId":"8ed13340-90e5-48b6-8220-ec2d54e4b02c","taskType":"discover","data":{"error":"Input buffer has corrupt header:","bytes":400}}
{"t":"2026-10-01T15:44:39.920Z","level":"info","msg":"logo captured","taskId":"8ed13340-90e5-48b6-8220-ec2d54e4b02c","taskType":"discover","data":{"company":"Acme Robotics","source":"site_icon","sourceUrl":"https://www.acme.example/favicon.png","bytes":400,"contentType":"image/png"}}
{"t":"2026-10-01T15:44:39.922Z","level":"info","msg":"task done","taskId":"8ed13340-90e5-48b6-8220-ec2d54e4b02c","taskType":"discover","data":{"id":"8ed13340-90e5-48b6-8220-ec2d54e4b02c","type":"discover","ms":61,"heapUsedMb":79,"heapDeltaMb":1,"heapLimitMb":4144,"rssMb":195,"rssDeltaMb":0}}
{"t":"2026-10-01T15:44:40.080Z","level":"info","msg":"source scanned","data":{"company":"acme.example","type":"greenhouse","status":"ok","postings":5,"new":0,"closed":0,"followers":1,"deferredDescriptions":0,"reusedListing":false,"claimFetchedBytes":1452,"claimRequests":3,"claimRevalidated":0,"heapUsedMb":81,"ms":150}}
{"t":"2026-10-01T15:44:40.474Z","level":"info","msg":"slow database query","data":{"durationMs":380,"statement":"truncate users, companies, career_sources, discovery_runs, scan_runs, scans, jobs, job_events, decisions, tasks, setting"}}
{"t":"2026-10-01T15:44:40.490Z","level":"info","msg":"task start","taskId":"76371fc9-5488-4b7e-814e-d4928a801644","taskType":"discover","data":{"id":"76371fc9-5488-4b7e-814e-d4928a801644","type":"discover","attempt":1,"workerId":"test","commit":null,"readyWaitMs":5,"heapUsedMb":83,"heapLimitMb":4144,"rssMb":184}}
{"t":"2026-10-01T15:44:40.654Z","level":"info","msg":"discovery finished","taskId":"76371fc9-5488-4b7e-814e-d4928a801644","taskType":"discover","data":{"company":"acme.example","outcome":"resolved","fetches":3,"best":"ats_link"}}
{"t":"2026-10-01T15:44:40.656Z","level":"info","msg":"task done","taskId":"76371fc9-5488-4b7e-814e-d4928a801644","taskType":"discover","data":{"id":"76371fc9-5488-4b7e-814e-d4928a801644","type":"discover","ms":166,"heapUsedMb":86,"heapDeltaMb":3,"heapLimitMb":4144,"rssMb":185,"rssDeltaMb":1}}
{"t":"2026-10-01T15:44:40.657Z","level":"info","msg":"task start","taskId":"37961234-0212-4316-a2fb-83053df21512","taskType":"scan_company","data":{"id":"37961234-0212-4316-a2fb-83053df21512","type":"scan_company","attempt":1,"workerId":"test","commit":null,"readyWaitMs":10,"heapUsedMb":86,"heapLimitMb":4144,"rssMb":185}}
{"t":"2026-10-01T15:44:40.828Z","level":"info","msg":"source scanned","taskId":"37961234-0212-4316-a2fb-83053df21512","taskType":"scan_company","data":{"company":"Acme Robotics","type":"greenhouse","status":"ok","postings":5,"new":5,"closed":0,"followers":1,"deferredDescriptions":0,"reusedListing":false,"claimFetchedBytes":1452,"claimRequests":3,"claimRevalidated":0,"heapUsedMb":88,"ms":167}}
{"t":"2026-10-01T15:44:40.834Z","level":"info","msg":"task done","taskId":"37961234-0212-4316-a2fb-83053df21512","taskType":"scan_company","data":{"id":"37961234-0212-4316-a2fb-83053df21512","type":"scan_company","ms":177,"heapUsedMb":89,"heapDeltaMb":3,"heapLimitMb":4144,"rssMb":184,"rssDeltaMb":-1}}
{"t":"2026-10-01T15:44:40.836Z","level":"info","msg":"task start","taskId":"4c4835d6-8a07-4e4c-ad38-f693a3c7af3a","taskType":"fetch_description","data":{"id":"4c4835d6-8a07-4e4c-ad38-f693a3c7af3a","type":"fetch_description","attempt":1,"workerId":"test","commit":null,"readyWaitMs":25,"heapUsedMb":89,"heapLimitMb":4144,"rssMb":184}}
{"t":"2026-10-01T15:44:40.859Z","level":"info","msg":"task done","taskId":"4c4835d6-8a07-4e4c-ad38-f693a3c7af3a","taskType":"fetch_description","data":{"id":"4c4835d6-8a07-4e4c-ad38-f693a3c7af3a","type":"fetch_description","ms":23,"heapUsedMb":90,"heapDeltaMb":1,"heapLimitMb":4144,"rssMb":184,"rssDeltaMb":0}}
{"t":"2026-10-01T15:44:40.860Z","level":"info","msg":"task start","taskId":"7eb9bfa8-47de-4887-86e4-0528976fb592","taskType":"fetch_description","data":{"id":"7eb9bfa8-47de-4887-86e4-0528976fb592","type":"fetch_description","attempt":1,"workerId":"test","commit":null,"readyWaitMs":49,"heapUsedMb":90,"heapLimitMb":4144,"rssMb":184}}
{"t":"2026-10-01T15:44:40.908Z","level":"info","msg":"task done","taskId":"7eb9bfa8-47de-4887-86e4-0528976fb592","taskType":"fetch_description","data":{"id":"7eb9bfa8-47de-4887-86e4-0528976fb592","type":"fetch_description","ms":48,"heapUsedMb":81,"heapDeltaMb":-9,"heapLimitMb":4144,"rssMb":185,"rssDeltaMb":1}}
{"t":"2026-10-01T15:44:40.910Z","level":"info","msg":"task start","taskId":"2a0c7464-cc97-4200-9bca-5d8b949da8e4","taskType":"fetch_description","data":{"id":"2a0c7464-cc97-4200-9bca-5d8b949da8e4","type":"fetch_description","attempt":1,"workerId":"test","commit":null,"readyWaitMs":99,"heapUsedMb":81,"heapLimitMb":4144,"rssMb":185}}
{"t":"2026-10-01T15:44:40.958Z","level":"info","msg":"task done","taskId":"2a0c7464-cc97-4200-9bca-5d8b949da8e4","taskType":"fetch_description","data":{"id":"2a0c7464-cc97-4200-9bca-5d8b949da8e4","type":"fetch_description","ms":48,"heapUsedMb":82,"heapDeltaMb":1,"heapLimitMb":4144,"rssMb":185,"rssDeltaMb":0}}
{"t":"2026-10-01T15:44:40.960Z","level":"info","msg":"task start","taskId":"fc9589da-4193-4177-8beb-01d8a87d4aa0","taskType":"fetch_description","data":{"id":"fc9589da-4193-4177-8beb-01d8a87d4aa0","type":"fetch_description","attempt":1,"workerId":"test","commit":null,"readyWaitMs":149,"heapUsedMb":82,"heapLimitMb":4144,"rssMb":185}}
{"t":"2026-10-01T15:44:41.016Z","level":"info","msg":"task done","taskId":"fc9589da-4193-4177-8beb-01d8a87d4aa0","taskType":"fetch_description","data":{"id":"fc9589da-4193-4177-8beb-01d8a87d4aa0","type":"fetch_description","ms":56,"heapUsedMb":83,"heapDeltaMb":1,"heapLimitMb":4144,"rssMb":184,"rssDeltaMb":-1}}
{"t":"2026-10-01T15:44:41.019Z","level":"info","msg":"task start","taskId":"23cb5eae-22bb-4862-8a3e-c0c57bf15033","taskType":"discover","data":{"id":"23cb5eae-22bb-4862-8a3e-c0c57bf15033","type":"discover","attempt":1,"workerId":"test","commit":null,"readyWaitMs":529,"heapUsedMb":83,"heapLimitMb":4144,"rssMb":184}}
{"t":"2026-10-01T15:44:41.076Z","level":"warn","msg":"logo re-encode failed; the original is kept","taskId":"23cb5eae-22bb-4862-8a3e-c0c57bf15033","taskType":"discover","data":{"error":"Input buffer has corrupt header:","bytes":400}}
{"t":"2026-10-01T15:44:41.080Z","level":"info","msg":"logo captured","taskId":"23cb5eae-22bb-4862-8a3e-c0c57bf15033","taskType":"discover","data":{"company":"Acme Robotics","source":"site_icon","sourceUrl":"https://www.acme.example/favicon.png","bytes":400,"contentType":"image/png"}}
{"t":"2026-10-01T15:44:41.083Z","level":"info","msg":"task done","taskId":"23cb5eae-22bb-4862-8a3e-c0c57bf15033","taskType":"discover","data":{"id":"23cb5eae-22bb-4862-8a3e-c0c57bf15033","type":"discover","ms":64,"heapUsedMb":84,"heapDeltaMb":1,"heapLimitMb":4144,"rssMb":184,"rssDeltaMb":0}}
{"t":"2026-10-01T15:44:41.201Z","level":"info","msg":"source scanned","data":{"company":"acme.example","type":"greenhouse","status":"ok","postings":5,"new":0,"closed":0,"followers":1,"deferredDescriptions":0,"reusedListing":false,"claimFetchedBytes":1452,"claimRequests":3,"claimRevalidated":0,"heapUsedMb":86,"ms":113}}
{"t":"2026-10-01T15:44:41.351Z","level":"info","msg":"source scanned","data":{"company":"acme.example","type":"greenhouse","status":"ok","postings":5,"new":0,"closed":0,"followers":1,"deferredDescriptions":0,"reusedListing":false,"claimFetchedBytes":1452,"claimRequests":3,"claimRevalidated":0,"heapUsedMb":88,"ms":145}}
{"t":"2026-10-01T15:44:41.617Z","level":"info","msg":"slow database query","taskId":"cf107f34-bda6-446d-81ba-a2c909846f62","taskType":"scan_company","data":{"durationMs":263,"statement":"truncate users, companies, career_sources, discovery_runs, scan_runs, scans, jobs, job_events, decisions, tasks, setting"}}
{"t":"2026-10-01T15:44:41.632Z","level":"info","msg":"task start","taskId":"90cf1511-8cad-410d-ad1d-3c07f2443432","taskType":"discover","data":{"id":"90cf1511-8cad-410d-ad1d-3c07f2443432","type":"discover","attempt":1,"workerId":"test","commit":null,"readyWaitMs":5,"heapUsedMb":89,"heapLimitMb":4144,"rssMb":182}}
{"t":"2026-10-01T15:44:41.797Z","level":"info","msg":"discovery finished","taskId":"90cf1511-8cad-410d-ad1d-3c07f2443432","taskType":"discover","data":{"company":"acme.example","outcome":"resolved","fetches":3,"best":"ats_link"}}
{"t":"2026-10-01T15:44:41.800Z","level":"info","msg":"task done","taskId":"90cf1511-8cad-410d-ad1d-3c07f2443432","taskType":"discover","data":{"id":"90cf1511-8cad-410d-ad1d-3c07f2443432","type":"discover","ms":168,"heapUsedMb":82,"heapDeltaMb":-7,"heapLimitMb":4144,"rssMb":178,"rssDeltaMb":-4}}
{"t":"2026-10-01T15:44:41.803Z","level":"info","msg":"task start","taskId":"6180fe67-24ab-4229-8c2e-f6bf43b7b91d","taskType":"scan_company","data":{"id":"6180fe67-24ab-4229-8c2e-f6bf43b7b91d","type":"scan_company","attempt":1,"workerId":"test","commit":null,"readyWaitMs":14,"heapUsedMb":82,"heapLimitMb":4144,"rssMb":178}}
{"t":"2026-10-01T15:44:41.958Z","level":"info","msg":"source scanned","taskId":"6180fe67-24ab-4229-8c2e-f6bf43b7b91d","taskType":"scan_company","data":{"company":"Acme Robotics","type":"greenhouse","status":"ok","postings":5,"new":5,"closed":0,"followers":1,"deferredDescriptions":0,"reusedListing":false,"claimFetchedBytes":1452,"claimRequests":3,"claimRevalidated":0,"heapUsedMb":85,"ms":151}}
{"t":"2026-10-01T15:44:41.965Z","level":"info","msg":"task done","taskId":"6180fe67-24ab-4229-8c2e-f6bf43b7b91d","taskType":"scan_company","data":{"id":"6180fe67-24ab-4229-8c2e-f6bf43b7b91d","type":"scan_company","ms":162,"heapUsedMb":85,"heapDeltaMb":3,"heapLimitMb":4144,"rssMb":177,"rssDeltaMb":-1}}
{"t":"2026-10-01T15:44:41.967Z","level":"info","msg":"task start","taskId":"c6dda902-0d4b-4b41-93b1-84565e0eb48e","taskType":"fetch_description","data":{"id":"c6dda902-0d4b-4b41-93b1-84565e0eb48e","type":"fetch_description","attempt":1,"workerId":"test","commit":null,"readyWaitMs":23,"heapUsedMb":85,"heapLimitMb":4144,"rssMb":177}}
{"t":"2026-10-01T15:44:42.006Z","level":"info","msg":"task done","taskId":"c6dda902-0d4b-4b41-93b1-84565e0eb48e","taskType":"fetch_description","data":{"id":"c6dda902-0d4b-4b41-93b1-84565e0eb48e","type":"fetch_description","ms":39,"heapUsedMb":86,"heapDeltaMb":1,"heapLimitMb":4144,"rssMb":177,"rssDeltaMb":0}}
{"t":"2026-10-01T15:44:42.007Z","level":"info","msg":"task start","taskId":"45373b5b-de6a-487b-95aa-df6b6c43527d","taskType":"fetch_description","data":{"id":"45373b5b-de6a-487b-95aa-df6b6c43527d","type":"fetch_description","attempt":1,"workerId":"test","commit":null,"readyWaitMs":63,"heapUsedMb":87,"heapLimitMb":4144,"rssMb":177}}
{"t":"2026-10-01T15:44:42.066Z","level":"info","msg":"task done","taskId":"45373b5b-de6a-487b-95aa-df6b6c43527d","taskType":"fetch_description","data":{"id":"45373b5b-de6a-487b-95aa-df6b6c43527d","type":"fetch_description","ms":58,"heapUsedMb":88,"heapDeltaMb":1,"heapLimitMb":4144,"rssMb":176,"rssDeltaMb":-1}}
{"t":"2026-10-01T15:44:42.073Z","level":"info","msg":"task start","taskId":"08bb8f90-ffcf-438c-b9e5-01a3a3c8bee4","taskType":"fetch_description","data":{"id":"08bb8f90-ffcf-438c-b9e5-01a3a3c8bee4","type":"fetch_description","attempt":1,"workerId":"test","commit":null,"readyWaitMs":129,"heapUsedMb":88,"heapLimitMb":4144,"rssMb":176}}
{"t":"2026-10-01T15:44:42.109Z","level":"info","msg":"task done","taskId":"08bb8f90-ffcf-438c-b9e5-01a3a3c8bee4","taskType":"fetch_description","data":{"id":"08bb8f90-ffcf-438c-b9e5-01a3a3c8bee4","type":"fetch_description","ms":36,"heapUsedMb":89,"heapDeltaMb":1,"heapLimitMb":4144,"rssMb":176,"rssDeltaMb":0}}
{"t":"2026-10-01T15:44:42.111Z","level":"info","msg":"task start","taskId":"cbbcfc65-55a9-4c39-889f-5711c0ce4b11","taskType":"fetch_description","data":{"id":"cbbcfc65-55a9-4c39-889f-5711c0ce4b11","type":"fetch_description","attempt":1,"workerId":"test","commit":null,"readyWaitMs":167,"heapUsedMb":89,"heapLimitMb":4144,"rssMb":176}}
{"t":"2026-10-01T15:44:42.162Z","level":"info","msg":"task done","taskId":"cbbcfc65-55a9-4c39-889f-5711c0ce4b11","taskType":"fetch_description","data":{"id":"cbbcfc65-55a9-4c39-889f-5711c0ce4b11","type":"fetch_description","ms":51,"heapUsedMb":90,"heapDeltaMb":1,"heapLimitMb":4144,"rssMb":175,"rssDeltaMb":-1}}
{"t":"2026-10-01T15:44:42.165Z","level":"info","msg":"task start","taskId":"66bef8a4-31da-4d79-8021-7f850bf25326","taskType":"discover","data":{"id":"66bef8a4-31da-4d79-8021-7f850bf25326","type":"discover","attempt":1,"workerId":"test","commit":null,"readyWaitMs":533,"heapUsedMb":90,"heapLimitMb":4144,"rssMb":175}}
{"t":"2026-10-01T15:44:42.226Z","level":"warn","msg":"logo re-encode failed; the original is kept","taskId":"66bef8a4-31da-4d79-8021-7f850bf25326","taskType":"discover","data":{"error":"Input buffer has corrupt header:","bytes":400}}
{"t":"2026-10-01T15:44:42.231Z","level":"info","msg":"logo captured","taskId":"66bef8a4-31da-4d79-8021-7f850bf25326","taskType":"discover","data":{"company":"Acme Robotics","source":"site_icon","sourceUrl":"https://www.acme.example/favicon.png","bytes":400,"contentType":"image/png"}}
{"t":"2026-10-01T15:44:42.232Z","level":"info","msg":"task done","taskId":"66bef8a4-31da-4d79-8021-7f850bf25326","taskType":"discover","data":{"id":"66bef8a4-31da-4d79-8021-7f850bf25326","type":"discover","ms":67,"heapUsedMb":91,"heapDeltaMb":1,"heapLimitMb":4144,"rssMb":175,"rssDeltaMb":0}}
{"t":"2026-10-01T15:44:42.356Z","level":"info","msg":"source scanned","data":{"company":"acme.example","type":"greenhouse","status":"ok","postings":5,"new":0,"closed":0,"followers":1,"deferredDescriptions":0,"reusedListing":false,"claimFetchedBytes":1452,"claimRequests":3,"claimRevalidated":0,"heapUsedMb":93,"ms":121}}
{"t":"2026-10-01T15:44:42.982Z","level":"info","msg":"slow database query","taskId":"cf107f34-bda6-446d-81ba-a2c909846f62","taskType":"scan_company","data":{"durationMs":623,"statement":"truncate users, companies, career_sources, discovery_runs, scan_runs, scans, jobs, job_events, decisions, tasks, setting"}}
{"t":"2026-10-01T15:44:43.022Z","level":"info","msg":"task start","taskId":"9546b18a-9f26-4b7a-b345-f4cb6befa9f0","taskType":"discover","data":{"id":"9546b18a-9f26-4b7a-b345-f4cb6befa9f0","type":"discover","attempt":1,"workerId":"test","commit":null,"readyWaitMs":12,"heapUsedMb":84,"heapLimitMb":4144,"rssMb":132}}
{"t":"2026-10-01T15:44:43.218Z","level":"info","msg":"discovery finished","taskId":"9546b18a-9f26-4b7a-b345-f4cb6befa9f0","taskType":"discover","data":{"company":"acme.example","outcome":"resolved","fetches":3,"best":"ats_link"}}
{"t":"2026-10-01T15:44:43.241Z","level":"info","msg":"task done","taskId":"9546b18a-9f26-4b7a-b345-f4cb6befa9f0","taskType":"discover","data":{"id":"9546b18a-9f26-4b7a-b345-f4cb6befa9f0","type":"discover","ms":220,"heapUsedMb":87,"heapDeltaMb":3,"heapLimitMb":4144,"rssMb":128,"rssDeltaMb":-4}}
{"t":"2026-10-01T15:44:43.257Z","level":"info","msg":"task start","taskId":"3082e8e4-34f2-4fe2-9e10-06702ee87618","taskType":"scan_company","data":{"id":"3082e8e4-34f2-4fe2-9e10-06702ee87618","type":"scan_company","attempt":1,"workerId":"test","commit":null,"readyWaitMs":66,"heapUsedMb":87,"heapLimitMb":4144,"rssMb":128}}
{"t":"2026-10-01T15:44:43.429Z","level":"info","msg":"source scanned","taskId":"3082e8e4-34f2-4fe2-9e10-06702ee87618","taskType":"scan_company","data":{"company":"Acme Robotics","type":"greenhouse","status":"ok","postings":5,"new":5,"closed":0,"followers":1,"deferredDescriptions":0,"reusedListing":false,"claimFetchedBytes":1452,"claimRequests":3,"claimRevalidated":0,"heapUsedMb":90,"ms":145}}
{"t":"2026-10-01T15:44:43.440Z","level":"info","msg":"task done","taskId":"3082e8e4-34f2-4fe2-9e10-06702ee87618","taskType":"scan_company","data":{"id":"3082e8e4-34f2-4fe2-9e10-06702ee87618","type":"scan_company","ms":183,"heapUsedMb":90,"heapDeltaMb":3,"heapLimitMb":4144,"rssMb":130,"rssDeltaMb":2}}
{"t":"2026-10-01T15:44:43.442Z","level":"info","msg":"task start","taskId":"2d79e096-c4f0-4281-9a0a-359626c482a7","taskType":"fetch_description","data":{"id":"2d79e096-c4f0-4281-9a0a-359626c482a7","type":"fetch_description","attempt":1,"workerId":"test","commit":null,"readyWaitMs":37,"heapUsedMb":90,"heapLimitMb":4144,"rssMb":130}}
{"t":"2026-10-01T15:44:43.457Z","level":"info","msg":"task done","taskId":"2d79e096-c4f0-4281-9a0a-359626c482a7","taskType":"fetch_description","data":{"id":"2d79e096-c4f0-4281-9a0a-359626c482a7","type":"fetch_description","ms":15,"heapUsedMb":91,"heapDeltaMb":1,"heapLimitMb":4144,"rssMb":130,"rssDeltaMb":0}}
{"t":"2026-10-01T15:44:43.459Z","level":"info","msg":"task start","taskId":"81e2b5e0-b554-4577-a66a-ca27d0c62b29","taskType":"fetch_description","data":{"id":"81e2b5e0-b554-4577-a66a-ca27d0c62b29","type":"fetch_description","attempt":1,"workerId":"test","commit":null,"readyWaitMs":54,"heapUsedMb":91,"heapLimitMb":4144,"rssMb":130}}
{"t":"2026-10-01T15:44:43.507Z","level":"info","msg":"task done","taskId":"81e2b5e0-b554-4577-a66a-ca27d0c62b29","taskType":"fetch_description","data":{"id":"81e2b5e0-b554-4577-a66a-ca27d0c62b29","type":"fetch_description","ms":48,"heapUsedMb":92,"heapDeltaMb":1,"heapLimitMb":4144,"rssMb":130,"rssDeltaMb":0}}
{"t":"2026-10-01T15:44:43.512Z","level":"info","msg":"task start","taskId":"c21b7172-fa3e-4ef7-9d00-23675a5c3913","taskType":"fetch_description","data":{"id":"c21b7172-fa3e-4ef7-9d00-23675a5c3913","type":"fetch_description","attempt":1,"workerId":"test","commit":null,"readyWaitMs":107,"heapUsedMb":93,"heapLimitMb":4144,"rssMb":130}}
{"t":"2026-10-01T15:44:43.575Z","level":"info","msg":"task done","taskId":"c21b7172-fa3e-4ef7-9d00-23675a5c3913","taskType":"fetch_description","data":{"id":"c21b7172-fa3e-4ef7-9d00-23675a5c3913","type":"fetch_description","ms":63,"heapUsedMb":94,"heapDeltaMb":1,"heapLimitMb":4144,"rssMb":131,"rssDeltaMb":1}}
{"t":"2026-10-01T15:44:43.579Z","level":"info","msg":"task start","taskId":"8e7c2162-b54b-4bfd-9f33-c051399b7385","taskType":"fetch_description","data":{"id":"8e7c2162-b54b-4bfd-9f33-c051399b7385","type":"fetch_description","attempt":1,"workerId":"test","commit":null,"readyWaitMs":174,"heapUsedMb":94,"heapLimitMb":4144,"rssMb":132}}
{"t":"2026-10-01T15:44:43.708Z","level":"info","msg":"task done","taskId":"8e7c2162-b54b-4bfd-9f33-c051399b7385","taskType":"fetch_description","data":{"id":"8e7c2162-b54b-4bfd-9f33-c051399b7385","type":"fetch_description","ms":129,"heapUsedMb":95,"heapDeltaMb":1,"heapLimitMb":4144,"rssMb":133,"rssDeltaMb":1}}
{"t":"2026-10-01T15:44:43.717Z","level":"info","msg":"task start","taskId":"0e595598-65c5-4e2b-a70d-cc3cbe6f53cf","taskType":"discover","data":{"id":"0e595598-65c5-4e2b-a70d-cc3cbe6f53cf","type":"discover","attempt":1,"workerId":"test","commit":null,"readyWaitMs":694,"heapUsedMb":95,"heapLimitMb":4144,"rssMb":133}}
{"t":"2026-10-01T15:44:43.792Z","level":"warn","msg":"logo re-encode failed; the original is kept","taskId":"0e595598-65c5-4e2b-a70d-cc3cbe6f53cf","taskType":"discover","data":{"error":"Input buffer has corrupt header:","bytes":400}}
{"t":"2026-10-01T15:44:43.826Z","level":"info","msg":"logo captured","taskId":"0e595598-65c5-4e2b-a70d-cc3cbe6f53cf","taskType":"discover","data":{"company":"Acme Robotics","source":"site_icon","sourceUrl":"https://www.acme.example/favicon.png","bytes":400,"contentType":"image/png"}}
{"t":"2026-10-01T15:44:43.830Z","level":"info","msg":"task done","taskId":"0e595598-65c5-4e2b-a70d-cc3cbe6f53cf","taskType":"discover","data":{"id":"0e595598-65c5-4e2b-a70d-cc3cbe6f53cf","type":"discover","ms":113,"heapUsedMb":86,"heapDeltaMb":-9,"heapLimitMb":4144,"rssMb":136,"rssDeltaMb":3}}
{"t":"2026-10-01T15:44:44.347Z","level":"info","msg":"source scanned","data":{"company":"acme.example","type":"greenhouse","status":"ok","postings":5,"new":0,"closed":0,"followers":1,"deferredDescriptions":0,"reusedListing":false,"claimFetchedBytes":1452,"claimRequests":3,"claimRevalidated":0,"heapUsedMb":88,"ms":500}}
{"t":"2026-10-01T15:44:46.108Z","level":"info","msg":"slow database query","data":{"durationMs":1365,"statement":"truncate users, companies, career_sources, discovery_runs, scan_runs, scans, jobs, job_events, decisions, tasks, setting"}}
{"t":"2026-10-01T15:44:46.136Z","level":"info","msg":"task start","taskId":"810d96a3-0f7d-4119-9c5d-0b75f6a564a1","taskType":"discover","data":{"id":"810d96a3-0f7d-4119-9c5d-0b75f6a564a1","type":"discover","attempt":1,"workerId":"test","commit":null,"readyWaitMs":7,"heapUsedMb":90,"heapLimitMb":4144,"rssMb":85}}
{"t":"2026-10-01T15:44:46.341Z","level":"info","msg":"discovery finished","taskId":"810d96a3-0f7d-4119-9c5d-0b75f6a564a1","taskType":"discover","data":{"company":"acme.example","outcome":"resolved","fetches":3,"best":"ats_link"}}
{"t":"2026-10-01T15:44:46.351Z","level":"info","msg":"task done","taskId":"810d96a3-0f7d-4119-9c5d-0b75f6a564a1","taskType":"discover","data":{"id":"810d96a3-0f7d-4119-9c5d-0b75f6a564a1","type":"discover","ms":215,"heapUsedMb":93,"heapDeltaMb":3,"heapLimitMb":4144,"rssMb":101,"rssDeltaMb":16}}
{"t":"2026-10-01T15:44:46.359Z","level":"info","msg":"task start","taskId":"e8252379-ca92-42d1-bf2d-2bafcbd19b16","taskType":"scan_company","data":{"id":"e8252379-ca92-42d1-bf2d-2bafcbd19b16","type":"scan_company","attempt":1,"workerId":"test","commit":null,"readyWaitMs":58,"heapUsedMb":93,"heapLimitMb":4144,"rssMb":101}}
{"t":"2026-10-01T15:44:46.688Z","level":"info","msg":"source scanned","taskId":"e8252379-ca92-42d1-bf2d-2bafcbd19b16","taskType":"scan_company","data":{"company":"Acme Robotics","type":"greenhouse","status":"ok","postings":5,"new":5,"closed":0,"followers":1,"deferredDescriptions":0,"reusedListing":false,"claimFetchedBytes":1452,"claimRequests":3,"claimRevalidated":0,"heapUsedMb":96,"ms":309}}
{"t":"2026-10-01T15:44:46.709Z","level":"info","msg":"task done","taskId":"e8252379-ca92-42d1-bf2d-2bafcbd19b16","taskType":"scan_company","data":{"id":"e8252379-ca92-42d1-bf2d-2bafcbd19b16","type":"scan_company","ms":350,"heapUsedMb":96,"heapDeltaMb":3,"heapLimitMb":4144,"rssMb":104,"rssDeltaMb":3}}
{"t":"2026-10-01T15:44:46.714Z","level":"info","msg":"task start","taskId":"fdd7983d-c027-4cef-b6f7-10c37e2aead0","taskType":"fetch_description","data":{"id":"fdd7983d-c027-4cef-b6f7-10c37e2aead0","type":"fetch_description","attempt":1,"workerId":"test","commit":null,"readyWaitMs":99,"heapUsedMb":96,"heapLimitMb":4144,"rssMb":104}}
{"t":"2026-10-01T15:44:46.770Z","level":"info","msg":"task done","taskId":"fdd7983d-c027-4cef-b6f7-10c37e2aead0","taskType":"fetch_description","data":{"id":"fdd7983d-c027-4cef-b6f7-10c37e2aead0","type":"fetch_description","ms":56,"heapUsedMb":97,"heapDeltaMb":1,"heapLimitMb":4144,"rssMb":105,"rssDeltaMb":1}}
{"t":"2026-10-01T15:44:46.796Z","level":"info","msg":"task start","taskId":"6901b66d-7031-4aa6-80b1-1b4178c65bd4","taskType":"fetch_description","data":{"id":"6901b66d-7031-4aa6-80b1-1b4178c65bd4","type":"fetch_description","attempt":1,"workerId":"test","commit":null,"readyWaitMs":181,"heapUsedMb":87,"heapLimitMb":4144,"rssMb":118}}
{"t":"2026-10-01T15:44:46.821Z","level":"info","msg":"task done","taskId":"6901b66d-7031-4aa6-80b1-1b4178c65bd4","taskType":"fetch_description","data":{"id":"6901b66d-7031-4aa6-80b1-1b4178c65bd4","type":"fetch_description","ms":24,"heapUsedMb":88,"heapDeltaMb":1,"heapLimitMb":4144,"rssMb":119,"rssDeltaMb":1}}
{"t":"2026-10-01T15:44:46.843Z","level":"info","msg":"task start","taskId":"23910d76-eb2c-4573-b0ab-906bcf0fb851","taskType":"fetch_description","data":{"id":"23910d76-eb2c-4573-b0ab-906bcf0fb851","type":"fetch_description","attempt":1,"workerId":"test","commit":null,"readyWaitMs":228,"heapUsedMb":88,"heapLimitMb":4144,"rssMb":119}}
{"t":"2026-10-01T15:44:46.870Z","level":"info","msg":"task done","taskId":"23910d76-eb2c-4573-b0ab-906bcf0fb851","taskType":"fetch_description","data":{"id":"23910d76-eb2c-4573-b0ab-906bcf0fb851","type":"fetch_description","ms":27,"heapUsedMb":89,"heapDeltaMb":1,"heapLimitMb":4144,"rssMb":120,"rssDeltaMb":1}}
{"t":"2026-10-01T15:44:46.875Z","level":"info","msg":"task start","taskId":"5f56f68f-90c0-4afa-8855-898993e1ad15","taskType":"fetch_description","data":{"id":"5f56f68f-90c0-4afa-8855-898993e1ad15","type":"fetch_description","attempt":1,"workerId":"test","commit":null,"readyWaitMs":260,"heapUsedMb":89,"heapLimitMb":4144,"rssMb":120}}
{"t":"2026-10-01T15:44:46.935Z","level":"info","msg":"task done","taskId":"5f56f68f-90c0-4afa-8855-898993e1ad15","taskType":"fetch_description","data":{"id":"5f56f68f-90c0-4afa-8855-898993e1ad15","type":"fetch_description","ms":60,"heapUsedMb":90,"heapDeltaMb":1,"heapLimitMb":4144,"rssMb":121,"rssDeltaMb":1}}
{"t":"2026-10-01T15:44:46.939Z","level":"info","msg":"task start","taskId":"2a1e2e7c-7a80-4739-b131-cf29fa90e7b6","taskType":"discover","data":{"id":"2a1e2e7c-7a80-4739-b131-cf29fa90e7b6","type":"discover","attempt":1,"workerId":"test","commit":null,"readyWaitMs":803,"heapUsedMb":90,"heapLimitMb":4144,"rssMb":121}}
{"t":"2026-10-01T15:44:47.001Z","level":"warn","msg":"logo re-encode failed; the original is kept","taskId":"2a1e2e7c-7a80-4739-b131-cf29fa90e7b6","taskType":"discover","data":{"error":"Input buffer has corrupt header:","bytes":400}}
{"t":"2026-10-01T15:44:47.065Z","level":"info","msg":"logo captured","taskId":"2a1e2e7c-7a80-4739-b131-cf29fa90e7b6","taskType":"discover","data":{"company":"Acme Robotics","source":"site_icon","sourceUrl":"https://www.acme.example/favicon.png","bytes":400,"contentType":"image/png"}}
{"t":"2026-10-01T15:44:47.074Z","level":"info","msg":"task done","taskId":"2a1e2e7c-7a80-4739-b131-cf29fa90e7b6","taskType":"discover","data":{"id":"2a1e2e7c-7a80-4739-b131-cf29fa90e7b6","type":"discover","ms":135,"heapUsedMb":91,"heapDeltaMb":1,"heapLimitMb":4144,"rssMb":124,"rssDeltaMb":3}}
{"t":"2026-10-01T15:44:49.065Z","level":"info","msg":"slow database query","taskId":"cf107f34-bda6-446d-81ba-a2c909846f62","taskType":"scan_company","data":{"durationMs":1865,"statement":"truncate users, companies, career_sources, discovery_runs, scan_runs, scans, jobs, job_events, decisions, tasks, setting"}}
{"t":"2026-10-01T15:44:49.156Z","level":"info","msg":"task start","taskId":"d1e4334b-ab83-4d9f-8f23-6dd57823a9f4","taskType":"discover","data":{"id":"d1e4334b-ab83-4d9f-8f23-6dd57823a9f4","type":"discover","attempt":1,"workerId":"test","commit":null,"readyWaitMs":14,"heapUsedMb":95,"heapLimitMb":4144,"rssMb":83}}
{"t":"2026-10-01T15:44:49.339Z","level":"info","msg":"discovery finished","taskId":"d1e4334b-ab83-4d9f-8f23-6dd57823a9f4","taskType":"discover","data":{"company":"acme.example","outcome":"resolved","fetches":3,"best":"ats_link"}}
{"t":"2026-10-01T15:44:49.346Z","level":"info","msg":"task done","taskId":"d1e4334b-ab83-4d9f-8f23-6dd57823a9f4","taskType":"discover","data":{"id":"d1e4334b-ab83-4d9f-8f23-6dd57823a9f4","type":"discover","ms":190,"heapUsedMb":98,"heapDeltaMb":3,"heapLimitMb":4144,"rssMb":100,"rssDeltaMb":17}}
{"t":"2026-10-01T15:44:49.349Z","level":"info","msg":"task start","taskId":"de66bf2d-7734-4db1-afbd-cd309b8d1274","taskType":"scan_company","data":{"id":"de66bf2d-7734-4db1-afbd-cd309b8d1274","type":"scan_company","attempt":1,"workerId":"test","commit":null,"readyWaitMs":22,"heapUsedMb":98,"heapLimitMb":4144,"rssMb":101}}
{"t":"2026-10-01T15:44:49.549Z","level":"info","msg":"source scanned","taskId":"de66bf2d-7734-4db1-afbd-cd309b8d1274","taskType":"scan_company","data":{"company":"Acme Robotics","type":"greenhouse","status":"ok","postings":5,"new":5,"closed":0,"followers":1,"deferredDescriptions":0,"reusedListing":false,"claimFetchedBytes":1452,"claimRequests":3,"claimRevalidated":0,"heapUsedMb":90,"ms":192}}
{"t":"2026-10-01T15:44:49.566Z","level":"info","msg":"task done","taskId":"de66bf2d-7734-4db1-afbd-cd309b8d1274","taskType":"scan_company","data":{"id":"de66bf2d-7734-4db1-afbd-cd309b8d1274","type":"scan_company","ms":217,"heapUsedMb":90,"heapDeltaMb":-8,"heapLimitMb":4144,"rssMb":119,"rssDeltaMb":18}}
{"t":"2026-10-01T15:44:49.569Z","level":"info","msg":"task start","taskId":"7ac4ed56-0a59-42df-aa60-4aa0915a0175","taskType":"fetch_description","data":{"id":"7ac4ed56-0a59-42df-aa60-4aa0915a0175","type":"fetch_description","attempt":1,"workerId":"test","commit":null,"readyWaitMs":61,"heapUsedMb":90,"heapLimitMb":4144,"rssMb":119}}
{"t":"2026-10-01T15:44:49.585Z","level":"info","msg":"task done","taskId":"7ac4ed56-0a59-42df-aa60-4aa0915a0175","taskType":"fetch_description","data":{"id":"7ac4ed56-0a59-42df-aa60-4aa0915a0175","type":"fetch_description","ms":15,"heapUsedMb":92,"heapDeltaMb":2,"heapLimitMb":4144,"rssMb":120,"rssDeltaMb":1}}
{"t":"2026-10-01T15:44:49.586Z","level":"info","msg":"task start","taskId":"6b74d0d1-7160-4cd7-a1fa-38ee1bc9c7b7","taskType":"fetch_description","data":{"id":"6b74d0d1-7160-4cd7-a1fa-38ee1bc9c7b7","type":"fetch_description","attempt":1,"workerId":"test","commit":null,"readyWaitMs":78,"heapUsedMb":92,"heapLimitMb":4144,"rssMb":120}}
{"t":"2026-10-01T15:44:49.641Z","level":"info","msg":"task done","taskId":"6b74d0d1-7160-4cd7-a1fa-38ee1bc9c7b7","taskType":"fetch_description","data":{"id":"6b74d0d1-7160-4cd7-a1fa-38ee1bc9c7b7","type":"fetch_description","ms":55,"heapUsedMb":93,"heapDeltaMb":1,"heapLimitMb":4144,"rssMb":121,"rssDeltaMb":1}}
{"t":"2026-10-01T15:44:49.643Z","level":"info","msg":"task start","taskId":"5df3cd32-1426-43f3-bc2e-0b08c90c27ec","taskType":"fetch_description","data":{"id":"5df3cd32-1426-43f3-bc2e-0b08c90c27ec","type":"fetch_description","attempt":1,"workerId":"test","commit":null,"readyWaitMs":135,"heapUsedMb":93,"heapLimitMb":4144,"rssMb":121}}
{"t":"2026-10-01T15:44:49.697Z","level":"info","msg":"task done","taskId":"5df3cd32-1426-43f3-bc2e-0b08c90c27ec","taskType":"fetch_description","data":{"id":"5df3cd32-1426-43f3-bc2e-0b08c90c27ec","type":"fetch_description","ms":54,"heapUsedMb":94,"heapDeltaMb":1,"heapLimitMb":4144,"rssMb":122,"rssDeltaMb":1}}
{"t":"2026-10-01T15:44:49.705Z","level":"info","msg":"task start","taskId":"df1feda1-5f6c-49b6-9318-bd3777ff5386","taskType":"fetch_description","data":{"id":"df1feda1-5f6c-49b6-9318-bd3777ff5386","type":"fetch_description","attempt":1,"workerId":"test","commit":null,"readyWaitMs":197,"heapUsedMb":94,"heapLimitMb":4144,"rssMb":122}}
{"t":"2026-10-01T15:44:49.737Z","level":"info","msg":"task done","taskId":"df1feda1-5f6c-49b6-9318-bd3777ff5386","taskType":"fetch_description","data":{"id":"df1feda1-5f6c-49b6-9318-bd3777ff5386","type":"fetch_description","ms":32,"heapUsedMb":95,"heapDeltaMb":1,"heapLimitMb":4144,"rssMb":124,"rssDeltaMb":2}}
{"t":"2026-10-01T15:44:49.739Z","level":"info","msg":"task start","taskId":"2ee4ab30-5c4f-429c-b0a0-d9d8f8ed1b45","taskType":"discover","data":{"id":"2ee4ab30-5c4f-429c-b0a0-d9d8f8ed1b45","type":"discover","attempt":1,"workerId":"test","commit":null,"readyWaitMs":580,"heapUsedMb":95,"heapLimitMb":4144,"rssMb":124}}
{"t":"2026-10-01T15:44:49.792Z","level":"warn","msg":"logo re-encode failed; the original is kept","taskId":"2ee4ab30-5c4f-429c-b0a0-d9d8f8ed1b45","taskType":"discover","data":{"error":"Input buffer has corrupt header:","bytes":400}}
{"t":"2026-10-01T15:44:49.807Z","level":"info","msg":"logo captured","taskId":"2ee4ab30-5c4f-429c-b0a0-d9d8f8ed1b45","taskType":"discover","data":{"company":"Acme Robotics","source":"site_icon","sourceUrl":"https://www.acme.example/favicon.png","bytes":400,"contentType":"image/png"}}
{"t":"2026-10-01T15:44:49.808Z","level":"info","msg":"task done","taskId":"2ee4ab30-5c4f-429c-b0a0-d9d8f8ed1b45","taskType":"discover","data":{"id":"2ee4ab30-5c4f-429c-b0a0-d9d8f8ed1b45","type":"discover","ms":69,"heapUsedMb":96,"heapDeltaMb":1,"heapLimitMb":4144,"rssMb":127,"rssDeltaMb":3}}
{"t":"2026-10-01T15:44:50.566Z","level":"info","msg":"slow database query","data":{"durationMs":720,"statement":"truncate users, companies, career_sources, discovery_runs, scan_runs, scans, jobs, job_events, decisions, tasks, setting"}}
{"t":"2026-10-01T15:44:50.599Z","level":"info","msg":"task start","taskId":"be77f5ac-1837-4614-be18-1f6de89b1a43","taskType":"discover","data":{"id":"be77f5ac-1837-4614-be18-1f6de89b1a43","type":"discover","attempt":1,"workerId":"test","commit":null,"readyWaitMs":14,"heapUsedMb":98,"heapLimitMb":4144,"rssMb":129}}
{"t":"2026-10-01T15:44:50.779Z","level":"info","msg":"discovery finished","taskId":"be77f5ac-1837-4614-be18-1f6de89b1a43","taskType":"discover","data":{"company":"acme.example","outcome":"resolved","fetches":3,"best":"ats_link"}}
{"t":"2026-10-01T15:44:50.780Z","level":"info","msg":"task done","taskId":"be77f5ac-1837-4614-be18-1f6de89b1a43","taskType":"discover","data":{"id":"be77f5ac-1837-4614-be18-1f6de89b1a43","type":"discover","ms":181,"heapUsedMb":90,"heapDeltaMb":-8,"heapLimitMb":4144,"rssMb":133,"rssDeltaMb":4}}
{"t":"2026-10-01T15:44:50.784Z","level":"info","msg":"task start","taskId":"f77c28a0-4f6f-4ef3-8fcc-034c412cf6e1","taskType":"scan_company","data":{"id":"f77c28a0-4f6f-4ef3-8fcc-034c412cf6e1","type":"scan_company","attempt":1,"workerId":"test","commit":null,"readyWaitMs":20,"heapUsedMb":91,"heapLimitMb":4144,"rssMb":133}}
{"t":"2026-10-01T15:44:50.955Z","level":"info","msg":"source scanned","taskId":"f77c28a0-4f6f-4ef3-8fcc-034c412cf6e1","taskType":"scan_company","data":{"company":"Acme Robotics","type":"greenhouse","status":"ok","postings":5,"new":5,"closed":0,"followers":1,"deferredDescriptions":0,"reusedListing":false,"claimFetchedBytes":1452,"claimRequests":3,"claimRevalidated":0,"heapUsedMb":93,"ms":162}}
{"t":"2026-10-01T15:44:50.962Z","level":"info","msg":"task done","taskId":"f77c28a0-4f6f-4ef3-8fcc-034c412cf6e1","taskType":"scan_company","data":{"id":"f77c28a0-4f6f-4ef3-8fcc-034c412cf6e1","type":"scan_company","ms":178,"heapUsedMb":94,"heapDeltaMb":3,"heapLimitMb":4144,"rssMb":134,"rssDeltaMb":1}}
{"t":"2026-10-01T15:44:50.965Z","level":"info","msg":"task start","taskId":"8b5f473f-7a25-4232-be06-e4df3166b4f5","taskType":"fetch_description","data":{"id":"8b5f473f-7a25-4232-be06-e4df3166b4f5","type":"fetch_description","attempt":1,"workerId":"test","commit":null,"readyWaitMs":39,"heapUsedMb":94,"heapLimitMb":4144,"rssMb":134}}
{"t":"2026-10-01T15:44:50.986Z","level":"info","msg":"task done","taskId":"8b5f473f-7a25-4232-be06-e4df3166b4f5","taskType":"fetch_description","data":{"id":"8b5f473f-7a25-4232-be06-e4df3166b4f5","type":"fetch_description","ms":21,"heapUsedMb":95,"heapDeltaMb":1,"heapLimitMb":4144,"rssMb":134,"rssDeltaMb":0}}
{"t":"2026-10-01T15:44:50.988Z","level":"info","msg":"task start","taskId":"77c3be2a-d926-43c2-87d1-5567bc76c324","taskType":"fetch_description","data":{"id":"77c3be2a-d926-43c2-87d1-5567bc76c324","type":"fetch_description","attempt":1,"workerId":"test","commit":null,"readyWaitMs":62,"heapUsedMb":95,"heapLimitMb":4144,"rssMb":134}}
{"t":"2026-10-01T15:44:51.042Z","level":"info","msg":"task done","taskId":"77c3be2a-d926-43c2-87d1-5567bc76c324","taskType":"fetch_description","data":{"id":"77c3be2a-d926-43c2-87d1-5567bc76c324","type":"fetch_description","ms":54,"heapUsedMb":96,"heapDeltaMb":1,"heapLimitMb":4144,"rssMb":135,"rssDeltaMb":1}}
{"t":"2026-10-01T15:44:51.044Z","level":"info","msg":"task start","taskId":"258a49df-b79f-487e-9495-942f0009f5a3","taskType":"fetch_description","data":{"id":"258a49df-b79f-487e-9495-942f0009f5a3","type":"fetch_description","attempt":1,"workerId":"test","commit":null,"readyWaitMs":118,"heapUsedMb":96,"heapLimitMb":4144,"rssMb":135}}
{"t":"2026-10-01T15:44:51.088Z","level":"info","msg":"task done","taskId":"258a49df-b79f-487e-9495-942f0009f5a3","taskType":"fetch_description","data":{"id":"258a49df-b79f-487e-9495-942f0009f5a3","type":"fetch_description","ms":44,"heapUsedMb":97,"heapDeltaMb":1,"heapLimitMb":4144,"rssMb":135,"rssDeltaMb":0}}
{"t":"2026-10-01T15:44:51.091Z","level":"info","msg":"task start","taskId":"aa6520bc-2b51-4abc-bbe6-f2abe5cc8732","taskType":"fetch_description","data":{"id":"aa6520bc-2b51-4abc-bbe6-f2abe5cc8732","type":"fetch_description","attempt":1,"workerId":"test","commit":null,"readyWaitMs":165,"heapUsedMb":97,"heapLimitMb":4144,"rssMb":135}}
{"t":"2026-10-01T15:44:51.138Z","level":"info","msg":"task done","taskId":"aa6520bc-2b51-4abc-bbe6-f2abe5cc8732","taskType":"fetch_description","data":{"id":"aa6520bc-2b51-4abc-bbe6-f2abe5cc8732","type":"fetch_description","ms":48,"heapUsedMb":98,"heapDeltaMb":1,"heapLimitMb":4144,"rssMb":135,"rssDeltaMb":0}}
{"t":"2026-10-01T15:44:51.142Z","level":"info","msg":"task start","taskId":"fc74bd31-2648-41ec-88bc-2fcb3e9aa51c","taskType":"discover","data":{"id":"fc74bd31-2648-41ec-88bc-2fcb3e9aa51c","type":"discover","attempt":1,"workerId":"test","commit":null,"readyWaitMs":543,"heapUsedMb":99,"heapLimitMb":4144,"rssMb":135}}
{"t":"2026-10-01T15:44:51.199Z","level":"warn","msg":"logo re-encode failed; the original is kept","taskId":"fc74bd31-2648-41ec-88bc-2fcb3e9aa51c","taskType":"discover","data":{"error":"Input buffer has corrupt header:","bytes":400}}
{"t":"2026-10-01T15:44:51.212Z","level":"info","msg":"logo captured","taskId":"fc74bd31-2648-41ec-88bc-2fcb3e9aa51c","taskType":"discover","data":{"company":"Acme Robotics","source":"site_icon","sourceUrl":"https://www.acme.example/favicon.png","bytes":400,"contentType":"image/png"}}
{"t":"2026-10-01T15:44:51.215Z","level":"info","msg":"task done","taskId":"fc74bd31-2648-41ec-88bc-2fcb3e9aa51c","taskType":"discover","data":{"id":"fc74bd31-2648-41ec-88bc-2fcb3e9aa51c","type":"discover","ms":73,"heapUsedMb":99,"heapDeltaMb":0,"heapLimitMb":4144,"rssMb":136,"rssDeltaMb":1}}
{"t":"2026-10-01T15:44:51.398Z","level":"info","msg":"source scanned","data":{"company":"acme.example","type":"greenhouse","status":"partial","postings":2,"new":0,"closed":0,"followers":1,"deferredDescriptions":0,"reusedListing":false,"claimFetchedBytes":721,"claimRequests":3,"claimRevalidated":0,"heapUsedMb":101,"ms":176}}
{"t":"2026-10-01T15:44:52.906Z","level":"info","msg":"slow database query","data":{"durationMs":1500,"statement":"truncate users, companies, career_sources, discovery_runs, scan_runs, scans, jobs, job_events, decisions, tasks, setting"}}
{"t":"2026-10-01T15:44:53.035Z","level":"info","msg":"task start","taskId":"c5f3cdf7-3a83-436e-a88d-92cdf184647f","taskType":"discover","data":{"id":"c5f3cdf7-3a83-436e-a88d-92cdf184647f","type":"discover","attempt":1,"workerId":"test","commit":null,"readyWaitMs":11,"heapUsedMb":76,"heapLimitMb":4144,"rssMb":140}}
{"t":"2026-10-01T15:44:53.218Z","level":"info","msg":"discovery finished","taskId":"c5f3cdf7-3a83-436e-a88d-92cdf184647f","taskType":"discover","data":{"company":"acme.example","outcome":"resolved","fetches":3,"best":"ats_link"}}
{"t":"2026-10-01T15:44:53.222Z","level":"info","msg":"task done","taskId":"c5f3cdf7-3a83-436e-a88d-92cdf184647f","taskType":"discover","data":{"id":"c5f3cdf7-3a83-436e-a88d-92cdf184647f","type":"discover","ms":187,"heapUsedMb":79,"heapDeltaMb":3,"heapLimitMb":4144,"rssMb":139,"rssDeltaMb":-1}}
{"t":"2026-10-01T15:44:53.226Z","level":"info","msg":"task start","taskId":"bbe7d641-e7c9-4e20-837e-009ea713bfd9","taskType":"scan_company","data":{"id":"bbe7d641-e7c9-4e20-837e-009ea713bfd9","type":"scan_company","attempt":1,"workerId":"test","commit":null,"readyWaitMs":24,"heapUsedMb":79,"heapLimitMb":4144,"rssMb":139}}
{"t":"2026-10-01T15:44:53.481Z","level":"info","msg":"source scanned","taskId":"bbe7d641-e7c9-4e20-837e-009ea713bfd9","taskType":"scan_company","data":{"company":"Acme Robotics","type":"greenhouse","status":"ok","postings":5,"new":5,"closed":0,"followers":1,"deferredDescriptions":0,"reusedListing":false,"claimFetchedBytes":1452,"claimRequests":3,"claimRevalidated":0,"heapUsedMb":82,"ms":245}}
{"t":"2026-10-01T15:44:53.495Z","level":"info","msg":"task done","taskId":"bbe7d641-e7c9-4e20-837e-009ea713bfd9","taskType":"scan_company","data":{"id":"bbe7d641-e7c9-4e20-837e-009ea713bfd9","type":"scan_company","ms":269,"heapUsedMb":82,"heapDeltaMb":3,"heapLimitMb":4144,"rssMb":140,"rssDeltaMb":1}}
{"t":"2026-10-01T15:44:53.500Z","level":"info","msg":"task start","taskId":"6d8ee1da-971b-4996-a6b6-6234d6841caa","taskType":"fetch_description","data":{"id":"6d8ee1da-971b-4996-a6b6-6234d6841caa","type":"fetch_description","attempt":1,"workerId":"test","commit":null,"readyWaitMs":87,"heapUsedMb":82,"heapLimitMb":4144,"rssMb":140}}
{"t":"2026-10-01T15:44:53.548Z","level":"info","msg":"task done","taskId":"6d8ee1da-971b-4996-a6b6-6234d6841caa","taskType":"fetch_description","data":{"id":"6d8ee1da-971b-4996-a6b6-6234d6841caa","type":"fetch_description","ms":48,"heapUsedMb":83,"heapDeltaMb":1,"heapLimitMb":4144,"rssMb":140,"rssDeltaMb":0}}
{"t":"2026-10-01T15:44:53.554Z","level":"info","msg":"task start","taskId":"78dc2a26-72dc-44f0-918b-03f698f792b2","taskType":"fetch_description","data":{"id":"78dc2a26-72dc-44f0-918b-03f698f792b2","type":"fetch_description","attempt":1,"workerId":"test","commit":null,"readyWaitMs":141,"heapUsedMb":83,"heapLimitMb":4144,"rssMb":140}}
{"t":"2026-10-01T15:44:53.578Z","level":"info","msg":"task done","taskId":"78dc2a26-72dc-44f0-918b-03f698f792b2","taskType":"fetch_description","data":{"id":"78dc2a26-72dc-44f0-918b-03f698f792b2","type":"fetch_description","ms":23,"heapUsedMb":84,"heapDeltaMb":1,"heapLimitMb":4144,"rssMb":141,"rssDeltaMb":1}}
{"t":"2026-10-01T15:44:53.585Z","level":"info","msg":"task start","taskId":"52bf7726-6156-44ec-b9bc-7e5d6e1a9239","taskType":"fetch_description","data":{"id":"52bf7726-6156-44ec-b9bc-7e5d6e1a9239","type":"fetch_description","attempt":1,"workerId":"test","commit":null,"readyWaitMs":172,"heapUsedMb":84,"heapLimitMb":4144,"rssMb":141}}
{"t":"2026-10-01T15:44:53.647Z","level":"info","msg":"task done","taskId":"52bf7726-6156-44ec-b9bc-7e5d6e1a9239","taskType":"fetch_description","data":{"id":"52bf7726-6156-44ec-b9bc-7e5d6e1a9239","type":"fetch_description","ms":62,"heapUsedMb":86,"heapDeltaMb":2,"heapLimitMb":4144,"rssMb":141,"rssDeltaMb":0}}
{"t":"2026-10-01T15:44:53.650Z","level":"info","msg":"task start","taskId":"0d7bbc86-774a-4f18-af5a-70f536a6e9f4","taskType":"fetch_description","data":{"id":"0d7bbc86-774a-4f18-af5a-70f536a6e9f4","type":"fetch_description","attempt":1,"workerId":"test","commit":null,"readyWaitMs":237,"heapUsedMb":86,"heapLimitMb":4144,"rssMb":141}}
{"t":"2026-10-01T15:44:53.738Z","level":"info","msg":"task done","taskId":"0d7bbc86-774a-4f18-af5a-70f536a6e9f4","taskType":"fetch_description","data":{"id":"0d7bbc86-774a-4f18-af5a-70f536a6e9f4","type":"fetch_description","ms":88,"heapUsedMb":87,"heapDeltaMb":1,"heapLimitMb":4144,"rssMb":141,"rssDeltaMb":0}}
{"t":"2026-10-01T15:44:53.742Z","level":"info","msg":"task start","taskId":"87a0dc2e-2c03-45bf-8af0-ab95da3eba05","taskType":"discover","data":{"id":"87a0dc2e-2c03-45bf-8af0-ab95da3eba05","type":"discover","attempt":1,"workerId":"test","commit":null,"readyWaitMs":705,"heapUsedMb":87,"heapLimitMb":4144,"rssMb":141}}
{"t":"2026-10-01T15:44:53.810Z","level":"warn","msg":"logo re-encode failed; the original is kept","taskId":"87a0dc2e-2c03-45bf-8af0-ab95da3eba05","taskType":"discover","data":{"error":"Input buffer has corrupt header:","bytes":400}}
{"t":"2026-10-01T15:44:53.840Z","level":"info","msg":"logo captured","taskId":"87a0dc2e-2c03-45bf-8af0-ab95da3eba05","taskType":"discover","data":{"company":"Acme Robotics","source":"site_icon","sourceUrl":"https://www.acme.example/favicon.png","bytes":400,"contentType":"image/png"}}
{"t":"2026-10-01T15:44:53.842Z","level":"info","msg":"task done","taskId":"87a0dc2e-2c03-45bf-8af0-ab95da3eba05","taskType":"discover","data":{"id":"87a0dc2e-2c03-45bf-8af0-ab95da3eba05","type":"discover","ms":101,"heapUsedMb":88,"heapDeltaMb":1,"heapLimitMb":4144,"rssMb":142,"rssDeltaMb":1}}
{"t":"2026-10-01T15:44:53.987Z","level":"info","msg":"source scanned","data":{"company":"acme.example","type":"greenhouse","status":"ok","postings":4,"new":0,"closed":0,"followers":1,"deferredDescriptions":0,"reusedListing":false,"claimFetchedBytes":1162,"claimRequests":3,"claimRevalidated":0,"heapUsedMb":78,"ms":141}}
{"t":"2026-10-01T15:44:54.179Z","level":"info","msg":"source scanned","data":{"company":"acme.example","type":"greenhouse","status":"ok","postings":4,"new":0,"closed":1,"followers":1,"deferredDescriptions":0,"reusedListing":false,"claimFetchedBytes":1162,"claimRequests":3,"claimRevalidated":0,"heapUsedMb":80,"ms":140}}
{"t":"2026-10-01T15:44:54.318Z","level":"info","msg":"source scanned","data":{"company":"acme.example","type":"greenhouse","status":"partial","postings":2,"new":0,"closed":0,"followers":1,"deferredDescriptions":0,"reusedListing":false,"claimFetchedBytes":721,"claimRequests":3,"claimRevalidated":0,"heapUsedMb":83,"ms":127}}
{"t":"2026-10-01T15:44:54.477Z","level":"info","msg":"source scanned","data":{"company":"acme.example","type":"greenhouse","status":"ok","postings":4,"new":0,"closed":0,"followers":1,"deferredDescriptions":0,"reusedListing":false,"claimFetchedBytes":1162,"claimRequests":3,"claimRevalidated":0,"heapUsedMb":85,"ms":149}}
{"t":"2026-10-01T15:44:54.640Z","level":"info","msg":"source scanned","data":{"company":"acme.example","type":"greenhouse","status":"ok","postings":4,"new":0,"closed":1,"followers":1,"deferredDescriptions":0,"reusedListing":false,"claimFetchedBytes":1162,"claimRequests":3,"claimRevalidated":0,"heapUsedMb":86,"ms":153}}
{"t":"2026-10-01T15:44:55.703Z","level":"info","msg":"slow database query","data":{"durationMs":1055,"statement":"truncate users, companies, career_sources, discovery_runs, scan_runs, scans, jobs, job_events, decisions, tasks, setting"}}
{"t":"2026-10-01T15:44:55.753Z","level":"info","msg":"task start","taskId":"ec37bc3e-4c33-40f4-8291-cf0463c576e0","taskType":"discover","data":{"id":"ec37bc3e-4c33-40f4-8291-cf0463c576e0","type":"discover","attempt":1,"workerId":"test","commit":null,"readyWaitMs":12,"heapUsedMb":88,"heapLimitMb":4144,"rssMb":97}}
{"t":"2026-10-01T15:44:55.959Z","level":"info","msg":"discovery finished","taskId":"ec37bc3e-4c33-40f4-8291-cf0463c576e0","taskType":"discover","data":{"company":"acme.example","outcome":"resolved","fetches":3,"best":"ats_link"}}
{"t":"2026-10-01T15:44:55.962Z","level":"info","msg":"task done","taskId":"ec37bc3e-4c33-40f4-8291-cf0463c576e0","taskType":"discover","data":{"id":"ec37bc3e-4c33-40f4-8291-cf0463c576e0","type":"discover","ms":212,"heapUsedMb":80,"heapDeltaMb":-8,"heapLimitMb":4144,"rssMb":122,"rssDeltaMb":25}}
{"t":"2026-10-01T15:44:55.965Z","level":"info","msg":"task start","taskId":"55948120-d64b-4769-92f4-615cf7d04e74","taskType":"scan_company","data":{"id":"55948120-d64b-4769-92f4-615cf7d04e74","type":"scan_company","attempt":1,"workerId":"test","commit":null,"readyWaitMs":31,"heapUsedMb":80,"heapLimitMb":4144,"rssMb":122}}
{"t":"2026-10-01T15:44:56.219Z","level":"info","msg":"source scanned","taskId":"55948120-d64b-4769-92f4-615cf7d04e74","taskType":"scan_company","data":{"company":"Acme Robotics","type":"greenhouse","status":"ok","postings":5,"new":5,"closed":0,"followers":1,"deferredDescriptions":0,"reusedListing":false,"claimFetchedBytes":1452,"claimRequests":3,"claimRevalidated":0,"heapUsedMb":83,"ms":244}}
{"t":"2026-10-01T15:44:56.233Z","level":"info","msg":"task done","taskId":"55948120-d64b-4769-92f4-615cf7d04e74","taskType":"scan_company","data":{"id":"55948120-d64b-4769-92f4-615cf7d04e74","type":"scan_company","ms":268,"heapUsedMb":83,"heapDeltaMb":3,"heapLimitMb":4144,"rssMb":124,"rssDeltaMb":2}}
{"t":"2026-10-01T15:44:56.238Z","level":"info","msg":"task start","taskId":"8153720e-0bfa-438b-a097-a02ee83e2e70","taskType":"fetch_description","data":{"id":"8153720e-0bfa-438b-a097-a02ee83e2e70","type":"fetch_description","attempt":1,"workerId":"test","commit":null,"readyWaitMs":80,"heapUsedMb":84,"heapLimitMb":4144,"rssMb":124}}
{"t":"2026-10-01T15:44:56.261Z","level":"info","msg":"task done","taskId":"8153720e-0bfa-438b-a097-a02ee83e2e70","taskType":"fetch_description","data":{"id":"8153720e-0bfa-438b-a097-a02ee83e2e70","type":"fetch_description","ms":23,"heapUsedMb":85,"heapDeltaMb":1,"heapLimitMb":4144,"rssMb":126,"rssDeltaMb":2}}
{"t":"2026-10-01T15:44:56.264Z","level":"info","msg":"task start","taskId":"2306e416-b523-486c-8292-5cbee16a20cf","taskType":"fetch_description","data":{"id":"2306e416-b523-486c-8292-5cbee16a20cf","type":"fetch_description","attempt":1,"workerId":"test","commit":null,"readyWaitMs":106,"heapUsedMb":85,"heapLimitMb":4144,"rssMb":126}}
{"t":"2026-10-01T15:44:56.330Z","level":"info","msg":"task done","taskId":"2306e416-b523-486c-8292-5cbee16a20cf","taskType":"fetch_description","data":{"id":"2306e416-b523-486c-8292-5cbee16a20cf","type":"fetch_description","ms":66,"heapUsedMb":86,"heapDeltaMb":1,"heapLimitMb":4144,"rssMb":123,"rssDeltaMb":-3}}
{"t":"2026-10-01T15:44:56.331Z","level":"info","msg":"task start","taskId":"37c2c666-b330-418d-9c1b-1c3de0143139","taskType":"fetch_description","data":{"id":"37c2c666-b330-418d-9c1b-1c3de0143139","type":"fetch_description","attempt":1,"workerId":"test","commit":null,"readyWaitMs":173,"heapUsedMb":86,"heapLimitMb":4144,"rssMb":123}}
{"t":"2026-10-01T15:44:56.354Z","level":"info","msg":"task done","taskId":"37c2c666-b330-418d-9c1b-1c3de0143139","taskType":"fetch_description","data":{"id":"37c2c666-b330-418d-9c1b-1c3de0143139","type":"fetch_description","ms":23,"heapUsedMb":87,"heapDeltaMb":1,"heapLimitMb":4144,"rssMb":124,"rssDeltaMb":1}}
{"t":"2026-10-01T15:44:56.355Z","level":"info","msg":"task start","taskId":"1d62d330-41ed-4402-8701-112c4dc13bdb","taskType":"fetch_description","data":{"id":"1d62d330-41ed-4402-8701-112c4dc13bdb","type":"fetch_description","attempt":1,"workerId":"test","commit":null,"readyWaitMs":197,"heapUsedMb":87,"heapLimitMb":4144,"rssMb":125}}
{"t":"2026-10-01T15:44:56.410Z","level":"info","msg":"task done","taskId":"1d62d330-41ed-4402-8701-112c4dc13bdb","taskType":"fetch_description","data":{"id":"1d62d330-41ed-4402-8701-112c4dc13bdb","type":"fetch_description","ms":55,"heapUsedMb":88,"heapDeltaMb":1,"heapLimitMb":4144,"rssMb":126,"rssDeltaMb":1}}
{"t":"2026-10-01T15:44:56.413Z","level":"info","msg":"task start","taskId":"01b69c82-de0d-4976-95af-f46450c6bd82","taskType":"discover","data":{"id":"01b69c82-de0d-4976-95af-f46450c6bd82","type":"discover","attempt":1,"workerId":"test","commit":null,"readyWaitMs":656,"heapUsedMb":88,"heapLimitMb":4144,"rssMb":126}}
{"t":"2026-10-01T15:44:56.469Z","level":"warn","msg":"logo re-encode failed; the original is kept","taskId":"01b69c82-de0d-4976-95af-f46450c6bd82","taskType":"discover","data":{"error":"Input buffer has corrupt header:","bytes":400}}
{"t":"2026-10-01T15:44:56.476Z","level":"info","msg":"logo captured","taskId":"01b69c82-de0d-4976-95af-f46450c6bd82","taskType":"discover","data":{"company":"Acme Robotics","source":"site_icon","sourceUrl":"https://www.acme.example/favicon.png","bytes":400,"contentType":"image/png"}}
{"t":"2026-10-01T15:44:56.478Z","level":"info","msg":"task done","taskId":"01b69c82-de0d-4976-95af-f46450c6bd82","taskType":"discover","data":{"id":"01b69c82-de0d-4976-95af-f46450c6bd82","type":"discover","ms":64,"heapUsedMb":89,"heapDeltaMb":1,"heapLimitMb":4144,"rssMb":126,"rssDeltaMb":0}}
{"t":"2026-10-01T15:44:56.633Z","level":"info","msg":"source scanned","data":{"company":"acme.example","type":"greenhouse","status":"ok","postings":4,"new":0,"closed":0,"followers":1,"deferredDescriptions":0,"reusedListing":false,"claimFetchedBytes":1162,"claimRequests":3,"claimRevalidated":0,"heapUsedMb":81,"ms":152}}
{"t":"2026-10-01T15:44:56.767Z","level":"info","msg":"source scanned","data":{"company":"acme.example","type":"greenhouse","status":"ok","postings":5,"new":0,"closed":0,"followers":1,"deferredDescriptions":0,"reusedListing":false,"claimFetchedBytes":1452,"claimRequests":3,"claimRevalidated":0,"heapUsedMb":83,"ms":125}}
{"t":"2026-10-01T15:44:56.919Z","level":"info","msg":"source scanned","data":{"company":"acme.example","type":"greenhouse","status":"ok","postings":4,"new":0,"closed":0,"followers":1,"deferredDescriptions":0,"reusedListing":false,"claimFetchedBytes":1162,"claimRequests":3,"claimRevalidated":0,"heapUsedMb":85,"ms":148}}
{"t":"2026-10-01T15:44:57.492Z","level":"info","msg":"slow database query","data":{"durationMs":566,"statement":"truncate users, companies, career_sources, discovery_runs, scan_runs, scans, jobs, job_events, decisions, tasks, setting"}}
{"t":"2026-10-01T15:44:57.527Z","level":"info","msg":"task start","taskId":"7af54dc4-aeac-474b-b09a-8b57f628ff67","taskType":"discover","data":{"id":"7af54dc4-aeac-474b-b09a-8b57f628ff67","type":"discover","attempt":1,"workerId":"test","commit":null,"readyWaitMs":10,"heapUsedMb":86,"heapLimitMb":4144,"rssMb":134}}
{"t":"2026-10-01T15:44:57.707Z","level":"info","msg":"discovery finished","taskId":"7af54dc4-aeac-474b-b09a-8b57f628ff67","taskType":"discover","data":{"company":"acme.example","outcome":"resolved","fetches":3,"best":"ats_link"}}
{"t":"2026-10-01T15:44:57.712Z","level":"info","msg":"task done","taskId":"7af54dc4-aeac-474b-b09a-8b57f628ff67","taskType":"discover","data":{"id":"7af54dc4-aeac-474b-b09a-8b57f628ff67","type":"discover","ms":186,"heapUsedMb":89,"heapDeltaMb":3,"heapLimitMb":4144,"rssMb":137,"rssDeltaMb":3}}
{"t":"2026-10-01T15:44:57.719Z","level":"info","msg":"task start","taskId":"4489d5ea-a028-4fae-b498-e58a3f6e64fb","taskType":"scan_company","data":{"id":"4489d5ea-a028-4fae-b498-e58a3f6e64fb","type":"scan_company","attempt":1,"workerId":"test","commit":null,"readyWaitMs":27,"heapUsedMb":89,"heapLimitMb":4144,"rssMb":137}}
{"t":"2026-10-01T15:44:57.901Z","level":"info","msg":"source scanned","taskId":"4489d5ea-a028-4fae-b498-e58a3f6e64fb","taskType":"scan_company","data":{"company":"Acme Robotics","type":"greenhouse","status":"ok","postings":5,"new":5,"closed":0,"followers":1,"deferredDescriptions":0,"reusedListing":false,"claimFetchedBytes":1452,"claimRequests":3,"claimRevalidated":0,"heapUsedMb":92,"ms":147}}
{"t":"2026-10-01T15:44:57.912Z","level":"info","msg":"task done","taskId":"4489d5ea-a028-4fae-b498-e58a3f6e64fb","taskType":"scan_company","data":{"id":"4489d5ea-a028-4fae-b498-e58a3f6e64fb","type":"scan_company","ms":193,"heapUsedMb":92,"heapDeltaMb":3,"heapLimitMb":4144,"rssMb":140,"rssDeltaMb":3}}
{"t":"2026-10-01T15:44:57.916Z","level":"info","msg":"task start","taskId":"0b55d7b1-9cc2-4d14-abb6-c3b7636dd2c8","taskType":"fetch_description","data":{"id":"0b55d7b1-9cc2-4d14-abb6-c3b7636dd2c8","type":"fetch_description","attempt":1,"workerId":"test","commit":null,"readyWaitMs":47,"heapUsedMb":92,"heapLimitMb":4144,"rssMb":140}}
{"t":"2026-10-01T15:44:57.940Z","level":"info","msg":"task done","taskId":"0b55d7b1-9cc2-4d14-abb6-c3b7636dd2c8","taskType":"fetch_description","data":{"id":"0b55d7b1-9cc2-4d14-abb6-c3b7636dd2c8","type":"fetch_description","ms":24,"heapUsedMb":83,"heapDeltaMb":-9,"heapLimitMb":4144,"rssMb":141,"rssDeltaMb":1}}
{"t":"2026-10-01T15:44:57.943Z","level":"info","msg":"task start","taskId":"6c970693-142e-4aad-af19-248b4c91ddcb","taskType":"fetch_description","data":{"id":"6c970693-142e-4aad-af19-248b4c91ddcb","type":"fetch_description","attempt":1,"workerId":"test","commit":null,"readyWaitMs":74,"heapUsedMb":83,"heapLimitMb":4144,"rssMb":141}}
{"t":"2026-10-01T15:44:57.998Z","level":"info","msg":"task done","taskId":"6c970693-142e-4aad-af19-248b4c91ddcb","taskType":"fetch_description","data":{"id":"6c970693-142e-4aad-af19-248b4c91ddcb","type":"fetch_description","ms":55,"heapUsedMb":84,"heapDeltaMb":1,"heapLimitMb":4144,"rssMb":141,"rssDeltaMb":0}}
{"t":"2026-10-01T15:44:58.006Z","level":"info","msg":"task start","taskId":"55035cfc-7a51-48fe-b32d-25befaf43268","taskType":"fetch_description","data":{"id":"55035cfc-7a51-48fe-b32d-25befaf43268","type":"fetch_description","attempt":1,"workerId":"test","commit":null,"readyWaitMs":137,"heapUsedMb":84,"heapLimitMb":4144,"rssMb":141}}
{"t":"2026-10-01T15:44:58.038Z","level":"info","msg":"task done","taskId":"55035cfc-7a51-48fe-b32d-25befaf43268","taskType":"fetch_description","data":{"id":"55035cfc-7a51-48fe-b32d-25befaf43268","type":"fetch_description","ms":32,"heapUsedMb":85,"heapDeltaMb":1,"heapLimitMb":4144,"rssMb":142,"rssDeltaMb":1}}
{"t":"2026-10-01T15:44:58.040Z","level":"info","msg":"task start","taskId":"eba6cb0a-96d2-41df-b537-827a2570a527","taskType":"fetch_description","data":{"id":"eba6cb0a-96d2-41df-b537-827a2570a527","type":"fetch_description","attempt":1,"workerId":"test","commit":null,"readyWaitMs":171,"heapUsedMb":86,"heapLimitMb":4144,"rssMb":142}}
{"t":"2026-10-01T15:44:58.094Z","level":"info","msg":"task done","taskId":"eba6cb0a-96d2-41df-b537-827a2570a527","taskType":"fetch_description","data":{"id":"eba6cb0a-96d2-41df-b537-827a2570a527","type":"fetch_description","ms":54,"heapUsedMb":87,"heapDeltaMb":1,"heapLimitMb":4144,"rssMb":142,"rssDeltaMb":0}}
{"t":"2026-10-01T15:44:58.126Z","level":"info","msg":"task start","taskId":"92b2b64b-9b33-4d86-bc0d-b15188e5c7f0","taskType":"discover","data":{"id":"92b2b64b-9b33-4d86-bc0d-b15188e5c7f0","type":"discover","attempt":1,"workerId":"test","commit":null,"readyWaitMs":599,"heapUsedMb":87,"heapLimitMb":4144,"rssMb":142}}
{"t":"2026-10-01T15:44:58.180Z","level":"warn","msg":"logo re-encode failed; the original is kept","taskId":"92b2b64b-9b33-4d86-bc0d-b15188e5c7f0","taskType":"discover","data":{"error":"Input buffer has corrupt header:","bytes":400}}
{"t":"2026-10-01T15:44:58.187Z","level":"info","msg":"logo captured","taskId":"92b2b64b-9b33-4d86-bc0d-b15188e5c7f0","taskType":"discover","data":{"company":"Acme Robotics","source":"site_icon","sourceUrl":"https://www.acme.example/favicon.png","bytes":400,"contentType":"image/png"}}
{"t":"2026-10-01T15:44:58.192Z","level":"info","msg":"task done","taskId":"92b2b64b-9b33-4d86-bc0d-b15188e5c7f0","taskType":"discover","data":{"id":"92b2b64b-9b33-4d86-bc0d-b15188e5c7f0","type":"discover","ms":66,"heapUsedMb":88,"heapDeltaMb":1,"heapLimitMb":4144,"rssMb":142,"rssDeltaMb":0}}
{"t":"2026-10-01T15:44:58.339Z","level":"info","msg":"source scanned","data":{"company":"acme.example","type":"greenhouse","status":"ok","postings":4,"new":0,"closed":0,"followers":1,"deferredDescriptions":0,"reusedListing":false,"claimFetchedBytes":1162,"claimRequests":3,"claimRevalidated":0,"heapUsedMb":90,"ms":143}}
{"t":"2026-10-01T15:44:58.489Z","level":"info","msg":"source scanned","data":{"company":"acme.example","type":"greenhouse","status":"ok","postings":4,"new":0,"closed":0,"followers":1,"deferredDescriptions":0,"reusedListing":false,"claimFetchedBytes":1162,"claimRequests":3,"claimRevalidated":0,"heapUsedMb":92,"ms":138}}
{"t":"2026-10-01T15:44:58.627Z","level":"info","msg":"source scanned","data":{"company":"acme.example","type":"greenhouse","status":"ok","postings":4,"new":0,"closed":1,"followers":1,"deferredDescriptions":0,"reusedListing":false,"claimFetchedBytes":1162,"claimRequests":3,"claimRevalidated":0,"heapUsedMb":93,"ms":130}}
{"t":"2026-10-01T15:44:58.779Z","level":"info","msg":"source scanned","data":{"company":"acme.example","type":"greenhouse","status":"ok","postings":5,"new":0,"closed":0,"followers":1,"deferredDescriptions":0,"reusedListing":false,"claimFetchedBytes":1452,"claimRequests":3,"claimRevalidated":0,"heapUsedMb":76,"ms":148}}
{"t":"2026-10-01T15:44:59.327Z","level":"info","msg":"slow database query","data":{"durationMs":545,"statement":"truncate users, companies, career_sources, discovery_runs, scan_runs, scans, jobs, job_events, decisions, tasks, setting"}}
{"t":"2026-10-01T15:44:59.354Z","level":"info","msg":"task start","taskId":"b07c2480-9f45-4b89-a758-7d49c48a7306","taskType":"discover","data":{"id":"b07c2480-9f45-4b89-a758-7d49c48a7306","type":"discover","attempt":1,"workerId":"test","commit":null,"readyWaitMs":9,"heapUsedMb":78,"heapLimitMb":4144,"rssMb":153}}
{"t":"2026-10-01T15:44:59.541Z","level":"info","msg":"discovery finished","taskId":"b07c2480-9f45-4b89-a758-7d49c48a7306","taskType":"discover","data":{"company":"acme.example","outcome":"resolved","fetches":3,"best":"ats_link"}}
{"t":"2026-10-01T15:44:59.543Z","level":"info","msg":"task done","taskId":"b07c2480-9f45-4b89-a758-7d49c48a7306","taskType":"discover","data":{"id":"b07c2480-9f45-4b89-a758-7d49c48a7306","type":"discover","ms":189,"heapUsedMb":81,"heapDeltaMb":3,"heapLimitMb":4144,"rssMb":153,"rssDeltaMb":0}}
{"t":"2026-10-01T15:44:59.545Z","level":"info","msg":"task start","taskId":"0ac44fc1-dcd2-4d81-b634-b3fcaa7d42dd","taskType":"scan_company","data":{"id":"0ac44fc1-dcd2-4d81-b634-b3fcaa7d42dd","type":"scan_company","attempt":1,"workerId":"test","commit":null,"readyWaitMs":26,"heapUsedMb":81,"heapLimitMb":4144,"rssMb":153}}
{"t":"2026-10-01T15:44:59.705Z","level":"info","msg":"source scanned","taskId":"0ac44fc1-dcd2-4d81-b634-b3fcaa7d42dd","taskType":"scan_company","data":{"company":"Acme Robotics","type":"greenhouse","status":"ok","postings":5,"new":5,"closed":0,"followers":1,"deferredDescriptions":0,"reusedListing":false,"claimFetchedBytes":1452,"claimRequests":3,"claimRevalidated":0,"heapUsedMb":83,"ms":155}}
{"t":"2026-10-01T15:44:59.711Z","level":"info","msg":"task done","taskId":"0ac44fc1-dcd2-4d81-b634-b3fcaa7d42dd","taskType":"scan_company","data":{"id":"0ac44fc1-dcd2-4d81-b634-b3fcaa7d42dd","type":"scan_company","ms":166,"heapUsedMb":84,"heapDeltaMb":3,"heapLimitMb":4144,"rssMb":153,"rssDeltaMb":0}}
{"t":"2026-10-01T15:44:59.713Z","level":"info","msg":"task start","taskId":"af9e9a0d-79af-4a76-a01b-a0b4c4daf788","taskType":"fetch_description","data":{"id":"af9e9a0d-79af-4a76-a01b-a0b4c4daf788","type":"fetch_description","attempt":1,"workerId":"test","commit":null,"readyWaitMs":30,"heapUsedMb":84,"heapLimitMb":4144,"rssMb":153}}
{"t":"2026-10-01T15:44:59.735Z","level":"info","msg":"task done","taskId":"af9e9a0d-79af-4a76-a01b-a0b4c4daf788","taskType":"fetch_description","data":{"id":"af9e9a0d-79af-4a76-a01b-a0b4c4daf788","type":"fetch_description","ms":22,"heapUsedMb":85,"heapDeltaMb":1,"heapLimitMb":4144,"rssMb":153,"rssDeltaMb":0}}
{"t":"2026-10-01T15:44:59.737Z","level":"info","msg":"task start","taskId":"c72ddad3-89ee-44f0-bf98-b808fbe1b3a4","taskType":"fetch_description","data":{"id":"c72ddad3-89ee-44f0-bf98-b808fbe1b3a4","type":"fetch_description","attempt":1,"workerId":"test","commit":null,"readyWaitMs":54,"heapUsedMb":85,"heapLimitMb":4144,"rssMb":153}}
{"t":"2026-10-01T15:44:59.779Z","level":"info","msg":"task done","taskId":"c72ddad3-89ee-44f0-bf98-b808fbe1b3a4","taskType":"fetch_description","data":{"id":"c72ddad3-89ee-44f0-bf98-b808fbe1b3a4","type":"fetch_description","ms":42,"heapUsedMb":86,"heapDeltaMb":1,"heapLimitMb":4144,"rssMb":153,"rssDeltaMb":0}}
{"t":"2026-10-01T15:44:59.781Z","level":"info","msg":"task start","taskId":"126fff6a-07de-4a64-8111-550a285f90e6","taskType":"fetch_description","data":{"id":"126fff6a-07de-4a64-8111-550a285f90e6","type":"fetch_description","attempt":1,"workerId":"test","commit":null,"readyWaitMs":98,"heapUsedMb":86,"heapLimitMb":4144,"rssMb":153}}
{"t":"2026-10-01T15:44:59.835Z","level":"info","msg":"task done","taskId":"126fff6a-07de-4a64-8111-550a285f90e6","taskType":"fetch_description","data":{"id":"126fff6a-07de-4a64-8111-550a285f90e6","type":"fetch_description","ms":54,"heapUsedMb":87,"heapDeltaMb":1,"heapLimitMb":4144,"rssMb":153,"rssDeltaMb":0}}
{"t":"2026-10-01T15:44:59.837Z","level":"info","msg":"task start","taskId":"a4064955-2d98-4558-9fb3-4c9ba3cb8daf","taskType":"fetch_description","data":{"id":"a4064955-2d98-4558-9fb3-4c9ba3cb8daf","type":"fetch_description","attempt":1,"workerId":"test","commit":null,"readyWaitMs":154,"heapUsedMb":88,"heapLimitMb":4144,"rssMb":153}}
{"t":"2026-10-01T15:44:59.882Z","level":"info","msg":"task done","taskId":"a4064955-2d98-4558-9fb3-4c9ba3cb8daf","taskType":"fetch_description","data":{"id":"a4064955-2d98-4558-9fb3-4c9ba3cb8daf","type":"fetch_description","ms":45,"heapUsedMb":77,"heapDeltaMb":-11,"heapLimitMb":4144,"rssMb":153,"rssDeltaMb":0}}
{"t":"2026-10-01T15:44:59.884Z","level":"info","msg":"task start","taskId":"b6ee4898-9f79-402c-8fdf-4ebc53db5831","taskType":"discover","data":{"id":"b6ee4898-9f79-402c-8fdf-4ebc53db5831","type":"discover","attempt":1,"workerId":"test","commit":null,"readyWaitMs":529,"heapUsedMb":77,"heapLimitMb":4144,"rssMb":153}}
{"t":"2026-10-01T15:44:59.937Z","level":"warn","msg":"logo re-encode failed; the original is kept","taskId":"b6ee4898-9f79-402c-8fdf-4ebc53db5831","taskType":"discover","data":{"error":"Input buffer has corrupt header:","bytes":400}}
{"t":"2026-10-01T15:44:59.941Z","level":"info","msg":"logo captured","taskId":"b6ee4898-9f79-402c-8fdf-4ebc53db5831","taskType":"discover","data":{"company":"Acme Robotics","source":"site_icon","sourceUrl":"https://www.acme.example/favicon.png","bytes":400,"contentType":"image/png"}}
{"t":"2026-10-01T15:44:59.943Z","level":"info","msg":"task done","taskId":"b6ee4898-9f79-402c-8fdf-4ebc53db5831","taskType":"discover","data":{"id":"b6ee4898-9f79-402c-8fdf-4ebc53db5831","type":"discover","ms":58,"heapUsedMb":78,"heapDeltaMb":1,"heapLimitMb":4144,"rssMb":153,"rssDeltaMb":0}}
{"t":"2026-10-01T15:45:00.072Z","level":"info","msg":"source scanned","data":{"company":"acme.example","type":"greenhouse","status":"suspect_empty","postings":0,"new":0,"closed":0,"followers":1,"deferredDescriptions":0,"reusedListing":false,"claimFetchedBytes":162,"claimRequests":3,"claimRevalidated":0,"heapUsedMb":80,"ms":127}}
{"t":"2026-10-01T15:45:00.217Z","level":"info","msg":"source scanned","data":{"company":"acme.example","type":"greenhouse","status":"suspect_empty","postings":0,"new":0,"closed":0,"followers":1,"deferredDescriptions":0,"reusedListing":false,"claimFetchedBytes":162,"claimRequests":3,"claimRevalidated":0,"heapUsedMb":81,"ms":141}}
{"t":"2026-10-01T15:45:00.755Z","level":"info","msg":"slow database query","taskId":"cf107f34-bda6-446d-81ba-a2c909846f62","taskType":"scan_company","data":{"durationMs":531,"statement":"truncate users, companies, career_sources, discovery_runs, scan_runs, scans, jobs, job_events, decisions, tasks, setting"}}
{"t":"2026-10-01T15:45:00.795Z","level":"info","msg":"task start","taskId":"bd78b708-7d75-4f18-9733-c2126eba8c9f","taskType":"discover","data":{"id":"bd78b708-7d75-4f18-9733-c2126eba8c9f","type":"discover","attempt":1,"workerId":"test","commit":null,"readyWaitMs":13,"heapUsedMb":83,"heapLimitMb":4144,"rssMb":144}}
{"t":"2026-10-01T15:45:01.004Z","level":"info","msg":"discovery finished","taskId":"bd78b708-7d75-4f18-9733-c2126eba8c9f","taskType":"discover","data":{"company":"acme.example","outcome":"resolved","fetches":3,"best":"ats_link"}}
{"t":"2026-10-01T15:45:01.010Z","level":"info","msg":"task done","taskId":"bd78b708-7d75-4f18-9733-c2126eba8c9f","taskType":"discover","data":{"id":"bd78b708-7d75-4f18-9733-c2126eba8c9f","type":"discover","ms":215,"heapUsedMb":86,"heapDeltaMb":3,"heapLimitMb":4144,"rssMb":135,"rssDeltaMb":-9}}
{"t":"2026-10-01T15:45:01.015Z","level":"info","msg":"task start","taskId":"6fc873b7-7d6c-40ce-8beb-72e74dc253e1","taskType":"scan_company","data":{"id":"6fc873b7-7d6c-40ce-8beb-72e74dc253e1","type":"scan_company","attempt":1,"workerId":"test","commit":null,"readyWaitMs":38,"heapUsedMb":86,"heapLimitMb":4144,"rssMb":135}}
{"t":"2026-10-01T15:45:01.205Z","level":"info","msg":"source scanned","taskId":"6fc873b7-7d6c-40ce-8beb-72e74dc253e1","taskType":"scan_company","data":{"company":"Acme Robotics","type":"greenhouse","status":"ok","postings":5,"new":5,"closed":0,"followers":1,"deferredDescriptions":0,"reusedListing":false,"claimFetchedBytes":1452,"claimRequests":3,"claimRevalidated":0,"heapUsedMb":89,"ms":176}}
{"t":"2026-10-01T15:45:01.212Z","level":"info","msg":"task done","taskId":"6fc873b7-7d6c-40ce-8beb-72e74dc253e1","taskType":"scan_company","data":{"id":"6fc873b7-7d6c-40ce-8beb-72e74dc253e1","type":"scan_company","ms":197,"heapUsedMb":89,"heapDeltaMb":3,"heapLimitMb":4144,"rssMb":135,"rssDeltaMb":0}}
{"t":"2026-10-01T15:45:01.214Z","level":"info","msg":"task start","taskId":"f1795d3e-c963-4dc0-8fe9-d162650586f8","taskType":"fetch_description","data":{"id":"f1795d3e-c963-4dc0-8fe9-d162650586f8","type":"fetch_description","attempt":1,"workerId":"test","commit":null,"readyWaitMs":65,"heapUsedMb":79,"heapLimitMb":4144,"rssMb":137}}
{"t":"2026-10-01T15:45:01.239Z","level":"info","msg":"task done","taskId":"f1795d3e-c963-4dc0-8fe9-d162650586f8","taskType":"fetch_description","data":{"id":"f1795d3e-c963-4dc0-8fe9-d162650586f8","type":"fetch_description","ms":25,"heapUsedMb":80,"heapDeltaMb":1,"heapLimitMb":4144,"rssMb":137,"rssDeltaMb":0}}
{"t":"2026-10-01T15:45:01.240Z","level":"info","msg":"task start","taskId":"b02eaea4-45d6-4973-aa1d-2583d80b2d81","taskType":"fetch_description","data":{"id":"b02eaea4-45d6-4973-aa1d-2583d80b2d81","type":"fetch_description","attempt":1,"workerId":"test","commit":null,"readyWaitMs":91,"heapUsedMb":80,"heapLimitMb":4144,"rssMb":137}}
{"t":"2026-10-01T15:45:01.285Z","level":"info","msg":"task done","taskId":"b02eaea4-45d6-4973-aa1d-2583d80b2d81","taskType":"fetch_description","data":{"id":"b02eaea4-45d6-4973-aa1d-2583d80b2d81","type":"fetch_description","ms":45,"heapUsedMb":81,"heapDeltaMb":1,"heapLimitMb":4144,"rssMb":137,"rssDeltaMb":0}}
{"t":"2026-10-01T15:45:01.287Z","level":"info","msg":"task start","taskId":"55e9d829-a020-4e9e-b53e-6929eaf0d0bc","taskType":"fetch_description","data":{"id":"55e9d829-a020-4e9e-b53e-6929eaf0d0bc","type":"fetch_description","attempt":1,"workerId":"test","commit":null,"readyWaitMs":138,"heapUsedMb":81,"heapLimitMb":4144,"rssMb":137}}
{"t":"2026-10-01T15:45:01.333Z","level":"info","msg":"task done","taskId":"55e9d829-a020-4e9e-b53e-6929eaf0d0bc","taskType":"fetch_description","data":{"id":"55e9d829-a020-4e9e-b53e-6929eaf0d0bc","type":"fetch_description","ms":46,"heapUsedMb":82,"heapDeltaMb":1,"heapLimitMb":4144,"rssMb":138,"rssDeltaMb":1}}
{"t":"2026-10-01T15:45:01.335Z","level":"info","msg":"task start","taskId":"e7ecda17-9c05-4b10-a501-9b05d538e92c","taskType":"fetch_description","data":{"id":"e7ecda17-9c05-4b10-a501-9b05d538e92c","type":"fetch_description","attempt":1,"workerId":"test","commit":null,"readyWaitMs":186,"heapUsedMb":82,"heapLimitMb":4144,"rssMb":138}}
{"t":"2026-10-01T15:45:01.389Z","level":"info","msg":"task done","taskId":"e7ecda17-9c05-4b10-a501-9b05d538e92c","taskType":"fetch_description","data":{"id":"e7ecda17-9c05-4b10-a501-9b05d538e92c","type":"fetch_description","ms":54,"heapUsedMb":83,"heapDeltaMb":1,"heapLimitMb":4144,"rssMb":139,"rssDeltaMb":1}}
{"t":"2026-10-01T15:45:01.396Z","level":"info","msg":"task start","taskId":"a81eb3af-59a5-4709-81ae-98e9f4a5fb65","taskType":"discover","data":{"id":"a81eb3af-59a5-4709-81ae-98e9f4a5fb65","type":"discover","attempt":1,"workerId":"test","commit":null,"readyWaitMs":596,"heapUsedMb":84,"heapLimitMb":4144,"rssMb":139}}
{"t":"2026-10-01T15:45:01.450Z","level":"warn","msg":"logo re-encode failed; the original is kept","taskId":"a81eb3af-59a5-4709-81ae-98e9f4a5fb65","taskType":"discover","data":{"error":"Input buffer has corrupt header:","bytes":400}}
{"t":"2026-10-01T15:45:01.457Z","level":"info","msg":"logo captured","taskId":"a81eb3af-59a5-4709-81ae-98e9f4a5fb65","taskType":"discover","data":{"company":"Acme Robotics","source":"site_icon","sourceUrl":"https://www.acme.example/favicon.png","bytes":400,"contentType":"image/png"}}
{"t":"2026-10-01T15:45:01.459Z","level":"info","msg":"task done","taskId":"a81eb3af-59a5-4709-81ae-98e9f4a5fb65","taskType":"discover","data":{"id":"a81eb3af-59a5-4709-81ae-98e9f4a5fb65","type":"discover","ms":64,"heapUsedMb":84,"heapDeltaMb":0,"heapLimitMb":4144,"rssMb":141,"rssDeltaMb":2}}
{"t":"2026-10-01T15:45:01.511Z","level":"info","msg":"source scanned","data":{"company":"acme.example","type":"html","status":"failed","postings":0,"new":0,"closed":0,"followers":1,"deferredDescriptions":0,"reusedListing":false,"claimFetchedBytes":44,"claimRequests":1,"claimRevalidated":0,"heapUsedMb":86,"ms":48}}
{"t":"2026-10-01T15:45:01.823Z","level":"info","msg":"slow database query","data":{"durationMs":305,"statement":"truncate users, companies, career_sources, discovery_runs, scan_runs, scans, jobs, job_events, decisions, tasks, setting"}}
{"t":"2026-10-01T15:45:01.837Z","level":"info","msg":"task start","taskId":"c1730425-dee9-4deb-9874-ba0a69f9e212","taskType":"discover","data":{"id":"c1730425-dee9-4deb-9874-ba0a69f9e212","type":"discover","attempt":1,"workerId":"test","commit":null,"readyWaitMs":5,"heapUsedMb":87,"heapLimitMb":4144,"rssMb":144}}
{"t":"2026-10-01T15:45:02.002Z","level":"info","msg":"discovery finished","taskId":"c1730425-dee9-4deb-9874-ba0a69f9e212","taskType":"discover","data":{"company":"acme.example","outcome":"resolved","fetches":3,"best":"ats_link"}}
{"t":"2026-10-01T15:45:02.005Z","level":"info","msg":"task done","taskId":"c1730425-dee9-4deb-9874-ba0a69f9e212","taskType":"discover","data":{"id":"c1730425-dee9-4deb-9874-ba0a69f9e212","type":"discover","ms":168,"heapUsedMb":90,"heapDeltaMb":3,"heapLimitMb":4144,"rssMb":147,"rssDeltaMb":3}}
{"t":"2026-10-01T15:45:02.007Z","level":"info","msg":"task start","taskId":"aecf279e-3a65-42d3-89a2-230b9fe1ce8a","taskType":"scan_company","data":{"id":"aecf279e-3a65-42d3-89a2-230b9fe1ce8a","type":"scan_company","attempt":1,"workerId":"test","commit":null,"readyWaitMs":13,"heapUsedMb":90,"heapLimitMb":4144,"rssMb":147}}
{"t":"2026-10-01T15:45:02.173Z","level":"info","msg":"source scanned","taskId":"aecf279e-3a65-42d3-89a2-230b9fe1ce8a","taskType":"scan_company","data":{"company":"Acme Robotics","type":"greenhouse","status":"ok","postings":5,"new":5,"closed":0,"followers":1,"deferredDescriptions":0,"reusedListing":false,"claimFetchedBytes":1452,"claimRequests":3,"claimRevalidated":0,"heapUsedMb":82,"ms":161}}
{"t":"2026-10-01T15:45:02.177Z","level":"info","msg":"task done","taskId":"aecf279e-3a65-42d3-89a2-230b9fe1ce8a","taskType":"scan_company","data":{"id":"aecf279e-3a65-42d3-89a2-230b9fe1ce8a","type":"scan_company","ms":170,"heapUsedMb":82,"heapDeltaMb":-8,"heapLimitMb":4144,"rssMb":149,"rssDeltaMb":2}}
{"t":"2026-10-01T15:45:02.179Z","level":"info","msg":"task start","taskId":"cf85634c-befe-41e0-ae19-f1778fcd3e82","taskType":"fetch_description","data":{"id":"cf85634c-befe-41e0-ae19-f1778fcd3e82","type":"fetch_description","attempt":1,"workerId":"test","commit":null,"readyWaitMs":24,"heapUsedMb":83,"heapLimitMb":4144,"rssMb":149}}
{"t":"2026-10-01T15:45:02.203Z","level":"info","msg":"task done","taskId":"cf85634c-befe-41e0-ae19-f1778fcd3e82","taskType":"fetch_description","data":{"id":"cf85634c-befe-41e0-ae19-f1778fcd3e82","type":"fetch_description","ms":24,"heapUsedMb":84,"heapDeltaMb":1,"heapLimitMb":4144,"rssMb":149,"rssDeltaMb":0}}
{"t":"2026-10-01T15:45:02.204Z","level":"info","msg":"task start","taskId":"b66666a7-b6e6-4e09-8ad0-13ad28a9415b","taskType":"fetch_description","data":{"id":"b66666a7-b6e6-4e09-8ad0-13ad28a9415b","type":"fetch_description","attempt":1,"workerId":"test","commit":null,"readyWaitMs":49,"heapUsedMb":84,"heapLimitMb":4144,"rssMb":149}}
{"t":"2026-10-01T15:45:02.266Z","level":"info","msg":"task done","taskId":"b66666a7-b6e6-4e09-8ad0-13ad28a9415b","taskType":"fetch_description","data":{"id":"b66666a7-b6e6-4e09-8ad0-13ad28a9415b","type":"fetch_description","ms":62,"heapUsedMb":85,"heapDeltaMb":1,"heapLimitMb":4144,"rssMb":149,"rssDeltaMb":0}}
{"t":"2026-10-01T15:45:02.269Z","level":"info","msg":"task start","taskId":"fef15e69-6dc8-4dd6-bb38-2fa4fd641afc","taskType":"fetch_description","data":{"id":"fef15e69-6dc8-4dd6-bb38-2fa4fd641afc","type":"fetch_description","attempt":1,"workerId":"test","commit":null,"readyWaitMs":114,"heapUsedMb":85,"heapLimitMb":4144,"rssMb":149}}
{"t":"2026-10-01T15:45:02.318Z","level":"info","msg":"task done","taskId":"fef15e69-6dc8-4dd6-bb38-2fa4fd641afc","taskType":"fetch_description","data":{"id":"fef15e69-6dc8-4dd6-bb38-2fa4fd641afc","type":"fetch_description","ms":49,"heapUsedMb":86,"heapDeltaMb":1,"heapLimitMb":4144,"rssMb":149,"rssDeltaMb":0}}
{"t":"2026-10-01T15:45:02.323Z","level":"info","msg":"task start","taskId":"e042c629-4009-40d9-a157-b813e82540d7","taskType":"fetch_description","data":{"id":"e042c629-4009-40d9-a157-b813e82540d7","type":"fetch_description","attempt":1,"workerId":"test","commit":null,"readyWaitMs":168,"heapUsedMb":86,"heapLimitMb":4144,"rssMb":149}}
{"t":"2026-10-01T15:45:02.355Z","level":"info","msg":"task done","taskId":"e042c629-4009-40d9-a157-b813e82540d7","taskType":"fetch_description","data":{"id":"e042c629-4009-40d9-a157-b813e82540d7","type":"fetch_description","ms":32,"heapUsedMb":87,"heapDeltaMb":1,"heapLimitMb":4144,"rssMb":149,"rssDeltaMb":0}}
{"t":"2026-10-01T15:45:02.357Z","level":"info","msg":"task start","taskId":"e1a5553e-dd14-424f-b69a-96e1bf1fad21","taskType":"discover","data":{"id":"e1a5553e-dd14-424f-b69a-96e1bf1fad21","type":"discover","attempt":1,"workerId":"test","commit":null,"readyWaitMs":520,"heapUsedMb":87,"heapLimitMb":4144,"rssMb":149}}
{"t":"2026-10-01T15:45:02.410Z","level":"warn","msg":"logo re-encode failed; the original is kept","taskId":"e1a5553e-dd14-424f-b69a-96e1bf1fad21","taskType":"discover","data":{"error":"Input buffer has corrupt header:","bytes":400}}
{"t":"2026-10-01T15:45:02.414Z","level":"info","msg":"logo captured","taskId":"e1a5553e-dd14-424f-b69a-96e1bf1fad21","taskType":"discover","data":{"company":"Acme Robotics","source":"site_icon","sourceUrl":"https://www.acme.example/favicon.png","bytes":400,"contentType":"image/png"}}
{"t":"2026-10-01T15:45:02.425Z","level":"info","msg":"task done","taskId":"e1a5553e-dd14-424f-b69a-96e1bf1fad21","taskType":"discover","data":{"id":"e1a5553e-dd14-424f-b69a-96e1bf1fad21","type":"discover","ms":68,"heapUsedMb":88,"heapDeltaMb":1,"heapLimitMb":4144,"rssMb":149,"rssDeltaMb":0}}
{"t":"2026-10-01T15:45:02.442Z","level":"info","msg":"task start","taskId":"061b6b3a-1815-4f40-bef5-de4a41a2b9ec","taskType":"reevaluate_gate","data":{"id":"061b6b3a-1815-4f40-bef5-de4a41a2b9ec","type":"reevaluate_gate","attempt":1,"workerId":"test","commit":null,"readyWaitMs":14,"heapUsedMb":89,"heapLimitMb":4144,"rssMb":149}}
{"t":"2026-10-01T15:45:02.454Z","level":"info","msg":"task done","taskId":"061b6b3a-1815-4f40-bef5-de4a41a2b9ec","taskType":"reevaluate_gate","data":{"id":"061b6b3a-1815-4f40-bef5-de4a41a2b9ec","type":"reevaluate_gate","ms":12,"heapUsedMb":89,"heapDeltaMb":0,"heapLimitMb":4144,"rssMb":149,"rssDeltaMb":0}}
{"t":"2026-10-01T15:45:02.729Z","level":"info","msg":"slow database query","data":{"durationMs":272,"statement":"truncate users, companies, career_sources, discovery_runs, scan_runs, scans, jobs, job_events, decisions, tasks, setting"}}
{"t":"2026-10-01T15:45:02.745Z","level":"info","msg":"task start","taskId":"b3e69da7-3032-44f0-bae2-5f67b6af7bcb","taskType":"discover","data":{"id":"b3e69da7-3032-44f0-bae2-5f67b6af7bcb","type":"discover","attempt":1,"workerId":"test","commit":null,"readyWaitMs":6,"heapUsedMb":91,"heapLimitMb":4144,"rssMb":149}}
{"t":"2026-10-01T15:45:02.907Z","level":"info","msg":"discovery finished","taskId":"b3e69da7-3032-44f0-bae2-5f67b6af7bcb","taskType":"discover","data":{"company":"acme.example","outcome":"resolved","fetches":3,"best":"ats_link"}}
{"t":"2026-10-01T15:45:02.909Z","level":"info","msg":"task done","taskId":"b3e69da7-3032-44f0-bae2-5f67b6af7bcb","taskType":"discover","data":{"id":"b3e69da7-3032-44f0-bae2-5f67b6af7bcb","type":"discover","ms":164,"heapUsedMb":83,"heapDeltaMb":-8,"heapLimitMb":4144,"rssMb":149,"rssDeltaMb":0}}
{"t":"2026-10-01T15:45:02.910Z","level":"info","msg":"task start","taskId":"69406d0f-bfbb-4499-9c76-934019f4e2ba","taskType":"scan_company","data":{"id":"69406d0f-bfbb-4499-9c76-934019f4e2ba","type":"scan_company","attempt":1,"workerId":"test","commit":null,"readyWaitMs":9,"heapUsedMb":83,"heapLimitMb":4144,"rssMb":149}}
{"t":"2026-10-01T15:45:03.082Z","level":"info","msg":"source scanned","taskId":"69406d0f-bfbb-4499-9c76-934019f4e2ba","taskType":"scan_company","data":{"company":"Acme Robotics","type":"greenhouse","status":"ok","postings":5,"new":5,"closed":0,"followers":2,"deferredDescriptions":5,"reusedListing":false,"claimFetchedBytes":1452,"claimRequests":3,"claimRevalidated":0,"heapUsedMb":86,"ms":169}}
{"t":"2026-10-01T15:45:03.088Z","level":"info","msg":"task done","taskId":"69406d0f-bfbb-4499-9c76-934019f4e2ba","taskType":"scan_company","data":{"id":"69406d0f-bfbb-4499-9c76-934019f4e2ba","type":"scan_company","ms":178,"heapUsedMb":87,"heapDeltaMb":4,"heapLimitMb":4144,"rssMb":149,"rssDeltaMb":0}}
{"t":"2026-10-01T15:45:03.091Z","level":"info","msg":"task start","taskId":"fd8dd3e8-3ba7-441e-b140-7f9b5828e35a","taskType":"fetch_description","data":{"id":"fd8dd3e8-3ba7-441e-b140-7f9b5828e35a","type":"fetch_description","attempt":1,"workerId":"test","commit":null,"readyWaitMs":28,"heapUsedMb":87,"heapLimitMb":4144,"rssMb":149}}
{"t":"2026-10-01T15:45:03.142Z","level":"info","msg":"task done","taskId":"fd8dd3e8-3ba7-441e-b140-7f9b5828e35a","taskType":"fetch_description","data":{"id":"fd8dd3e8-3ba7-441e-b140-7f9b5828e35a","type":"fetch_description","ms":51,"heapUsedMb":88,"heapDeltaMb":1,"heapLimitMb":4144,"rssMb":149,"rssDeltaMb":0}}
{"t":"2026-10-01T15:45:03.144Z","level":"info","msg":"task start","taskId":"16977d24-256c-41d8-afaf-cf31720fb9cd","taskType":"fetch_description","data":{"id":"16977d24-256c-41d8-afaf-cf31720fb9cd","type":"fetch_description","attempt":1,"workerId":"test","commit":null,"readyWaitMs":81,"heapUsedMb":88,"heapLimitMb":4144,"rssMb":149}}
{"t":"2026-10-01T15:45:03.186Z","level":"info","msg":"task done","taskId":"16977d24-256c-41d8-afaf-cf31720fb9cd","taskType":"fetch_description","data":{"id":"16977d24-256c-41d8-afaf-cf31720fb9cd","type":"fetch_description","ms":42,"heapUsedMb":89,"heapDeltaMb":1,"heapLimitMb":4144,"rssMb":148,"rssDeltaMb":-1}}
{"t":"2026-10-01T15:45:03.188Z","level":"info","msg":"task start","taskId":"b63a3f7c-a18b-40eb-b57f-c18176dbd1dd","taskType":"fetch_description","data":{"id":"b63a3f7c-a18b-40eb-b57f-c18176dbd1dd","type":"fetch_description","attempt":1,"workerId":"test","commit":null,"readyWaitMs":125,"heapUsedMb":89,"heapLimitMb":4144,"rssMb":148}}
{"t":"2026-10-01T15:45:03.237Z","level":"info","msg":"task done","taskId":"b63a3f7c-a18b-40eb-b57f-c18176dbd1dd","taskType":"fetch_description","data":{"id":"b63a3f7c-a18b-40eb-b57f-c18176dbd1dd","type":"fetch_description","ms":49,"heapUsedMb":90,"heapDeltaMb":1,"heapLimitMb":4144,"rssMb":148,"rssDeltaMb":0}}
{"t":"2026-10-01T15:45:03.238Z","level":"info","msg":"task start","taskId":"f5b83ddd-4aa6-447e-a523-47ca307fd30f","taskType":"fetch_description","data":{"id":"f5b83ddd-4aa6-447e-a523-47ca307fd30f","type":"fetch_description","attempt":1,"workerId":"test","commit":null,"readyWaitMs":175,"heapUsedMb":90,"heapLimitMb":4144,"rssMb":148}}
{"t":"2026-10-01T15:45:03.287Z","level":"info","msg":"task done","taskId":"f5b83ddd-4aa6-447e-a523-47ca307fd30f","taskType":"fetch_description","data":{"id":"f5b83ddd-4aa6-447e-a523-47ca307fd30f","type":"fetch_description","ms":49,"heapUsedMb":91,"heapDeltaMb":1,"heapLimitMb":4144,"rssMb":148,"rssDeltaMb":0}}
{"t":"2026-10-01T15:45:03.288Z","level":"info","msg":"task start","taskId":"0bac543d-a63b-4b0e-92fe-e2cc72ef37f0","taskType":"fetch_description","data":{"id":"0bac543d-a63b-4b0e-92fe-e2cc72ef37f0","type":"fetch_description","attempt":1,"workerId":"test","commit":null,"readyWaitMs":225,"heapUsedMb":91,"heapLimitMb":4144,"rssMb":148}}
{"t":"2026-10-01T15:45:03.339Z","level":"info","msg":"task done","taskId":"0bac543d-a63b-4b0e-92fe-e2cc72ef37f0","taskType":"fetch_description","data":{"id":"0bac543d-a63b-4b0e-92fe-e2cc72ef37f0","type":"fetch_description","ms":51,"heapUsedMb":93,"heapDeltaMb":2,"heapLimitMb":4144,"rssMb":148,"rssDeltaMb":0}}
{"t":"2026-10-01T15:45:03.341Z","level":"info","msg":"task start","taskId":"e94cc29e-3a32-442e-b916-e13ee223e276","taskType":"discover","data":{"id":"e94cc29e-3a32-442e-b916-e13ee223e276","type":"discover","attempt":1,"workerId":"test","commit":null,"readyWaitMs":596,"heapUsedMb":93,"heapLimitMb":4144,"rssMb":148}}
{"t":"2026-10-01T15:45:03.395Z","level":"warn","msg":"logo re-encode failed; the original is kept","taskId":"e94cc29e-3a32-442e-b916-e13ee223e276","taskType":"discover","data":{"error":"Input buffer has corrupt header:","bytes":400}}
{"t":"2026-10-01T15:45:03.398Z","level":"info","msg":"logo captured","taskId":"e94cc29e-3a32-442e-b916-e13ee223e276","taskType":"discover","data":{"company":"Acme Robotics","source":"site_icon","sourceUrl":"https://www.acme.example/favicon.png","bytes":400,"contentType":"image/png"}}
{"t":"2026-10-01T15:45:03.399Z","level":"info","msg":"task done","taskId":"e94cc29e-3a32-442e-b916-e13ee223e276","taskType":"discover","data":{"id":"e94cc29e-3a32-442e-b916-e13ee223e276","type":"discover","ms":58,"heapUsedMb":94,"heapDeltaMb":1,"heapLimitMb":4144,"rssMb":148,"rssDeltaMb":0}}
{"t":"2026-10-01T15:45:03.524Z","level":"info","msg":"source scanned","data":{"company":"acme.example","type":"greenhouse","status":"ok","postings":7,"new":2,"closed":0,"followers":2,"deferredDescriptions":2,"reusedListing":false,"claimFetchedBytes":1900,"claimRequests":3,"claimRevalidated":0,"heapUsedMb":85,"ms":123}}
{"t":"2026-10-01T15:45:03.531Z","level":"info","msg":"task start","taskId":"6ff00ccf-eb6a-4475-934c-4971f577e0ab","taskType":"fetch_description","data":{"id":"6ff00ccf-eb6a-4475-934c-4971f577e0ab","type":"fetch_description","attempt":1,"workerId":"test","commit":null,"readyWaitMs":21,"heapUsedMb":86,"heapLimitMb":4144,"rssMb":139}}
{"t":"2026-10-01T15:45:03.561Z","level":"info","msg":"task done","taskId":"6ff00ccf-eb6a-4475-934c-4971f577e0ab","taskType":"fetch_description","data":{"id":"6ff00ccf-eb6a-4475-934c-4971f577e0ab","type":"fetch_description","ms":30,"heapUsedMb":87,"heapDeltaMb":1,"heapLimitMb":4144,"rssMb":139,"rssDeltaMb":0}}
{"t":"2026-10-01T15:45:03.562Z","level":"info","msg":"task start","taskId":"a31f96c0-4355-479d-bd11-da3748af9a56","taskType":"fetch_description","data":{"id":"a31f96c0-4355-479d-bd11-da3748af9a56","type":"fetch_description","attempt":1,"workerId":"test","commit":null,"readyWaitMs":52,"heapUsedMb":87,"heapLimitMb":4144,"rssMb":139}}
{"t":"2026-10-01T15:45:03.636Z","level":"info","msg":"task done","taskId":"a31f96c0-4355-479d-bd11-da3748af9a56","taskType":"fetch_description","data":{"id":"a31f96c0-4355-479d-bd11-da3748af9a56","type":"fetch_description","ms":74,"heapUsedMb":88,"heapDeltaMb":1,"heapLimitMb":4144,"rssMb":139,"rssDeltaMb":0}}
{"t":"2026-10-01T15:45:03.813Z","level":"info","msg":"source scanned","data":{"company":"acme.example","type":"greenhouse","status":"ok","postings":7,"new":0,"closed":0,"followers":2,"deferredDescriptions":0,"reusedListing":false,"claimFetchedBytes":1900,"claimRequests":3,"claimRevalidated":0,"heapUsedMb":90,"ms":162}}
{"t":"2026-10-01T15:45:04.420Z","level":"info","msg":"slow database query","taskId":"cf107f34-bda6-446d-81ba-a2c909846f62","taskType":"scan_company","data":{"durationMs":601,"statement":"truncate users, companies, career_sources, discovery_runs, scan_runs, scans, jobs, job_events, decisions, tasks, setting"}}
{"t":"2026-10-01T15:45:04.660Z","level":"info","msg":"source scanned","data":{"company":"Orbital","type":"smartrecruiters","status":"ok","postings":101,"new":101,"closed":0,"followers":0,"deferredDescriptions":0,"reusedListing":false,"claimFetchedBytes":8978,"claimRequests":2,"claimRevalidated":0,"heapUsedMb":77,"ms":188}}
{"t":"2026-10-01T15:45:04.771Z","level":"info","msg":"source scanned","data":{"company":"Orbital","type":"smartrecruiters","status":"ok","postings":101,"new":1,"closed":0,"followers":0,"deferredDescriptions":0,"reusedListing":false,"claimFetchedBytes":8978,"claimRequests":2,"claimRevalidated":0,"heapUsedMb":79,"ms":90}}
{"t":"2026-10-01T15:45:05.280Z","level":"info","msg":"slow database query","taskId":"cf107f34-bda6-446d-81ba-a2c909846f62","taskType":"scan_company","data":{"durationMs":495,"statement":"truncate users, companies, career_sources, discovery_runs, scan_runs, scans, jobs, job_events, decisions, tasks, setting"}}
{"t":"2026-10-01T15:45:05.299Z","level":"info","msg":"task start","taskId":"8f201bde-a3c4-4193-a2d3-67edf7b34182","taskType":"discover","data":{"id":"8f201bde-a3c4-4193-a2d3-67edf7b34182","type":"discover","attempt":1,"workerId":"test","commit":null,"readyWaitMs":6,"heapUsedMb":80,"heapLimitMb":4144,"rssMb":145}}
{"t":"2026-10-01T15:45:05.462Z","level":"info","msg":"discovery finished","taskId":"8f201bde-a3c4-4193-a2d3-67edf7b34182","taskType":"discover","data":{"company":"acme.example","outcome":"resolved","fetches":3,"best":"ats_link"}}
{"t":"2026-10-01T15:45:05.464Z","level":"info","msg":"task done","taskId":"8f201bde-a3c4-4193-a2d3-67edf7b34182","taskType":"discover","data":{"id":"8f201bde-a3c4-4193-a2d3-67edf7b34182","type":"discover","ms":165,"heapUsedMb":83,"heapDeltaMb":3,"heapLimitMb":4144,"rssMb":142,"rssDeltaMb":-3}}
{"t":"2026-10-01T15:45:05.466Z","level":"info","msg":"task start","taskId":"ad53b08e-56a3-4470-be5f-57a589535b39","taskType":"scan_company","data":{"id":"ad53b08e-56a3-4470-be5f-57a589535b39","type":"scan_company","attempt":1,"workerId":"test","commit":null,"readyWaitMs":11,"heapUsedMb":84,"heapLimitMb":4144,"rssMb":142}}
{"t":"2026-10-01T15:45:05.654Z","level":"info","msg":"source scanned","taskId":"ad53b08e-56a3-4470-be5f-57a589535b39","taskType":"scan_company","data":{"company":"Acme Robotics","type":"greenhouse","status":"ok","postings":5,"new":5,"closed":0,"followers":1,"deferredDescriptions":0,"reusedListing":false,"claimFetchedBytes":1452,"claimRequests":3,"claimRevalidated":0,"heapUsedMb":86,"ms":184}}
{"t":"2026-10-01T15:45:05.664Z","level":"info","msg":"task done","taskId":"ad53b08e-56a3-4470-be5f-57a589535b39","taskType":"scan_company","data":{"id":"ad53b08e-56a3-4470-be5f-57a589535b39","type":"scan_company","ms":198,"heapUsedMb":87,"heapDeltaMb":3,"heapLimitMb":4144,"rssMb":140,"rssDeltaMb":-2}}
{"t":"2026-10-01T15:45:05.669Z","level":"info","msg":"task start","taskId":"ed631abd-b19b-4dd5-9e4c-a8825e2ffdbc","taskType":"fetch_description","data":{"id":"ed631abd-b19b-4dd5-9e4c-a8825e2ffdbc","type":"fetch_description","attempt":1,"workerId":"test","commit":null,"readyWaitMs":50,"heapUsedMb":87,"heapLimitMb":4144,"rssMb":140}}
{"t":"2026-10-01T15:45:05.688Z","level":"info","msg":"task done","taskId":"ed631abd-b19b-4dd5-9e4c-a8825e2ffdbc","taskType":"fetch_description","data":{"id":"ed631abd-b19b-4dd5-9e4c-a8825e2ffdbc","type":"fetch_description","ms":19,"heapUsedMb":88,"heapDeltaMb":1,"heapLimitMb":4144,"rssMb":140,"rssDeltaMb":0}}
{"t":"2026-10-01T15:45:05.690Z","level":"info","msg":"task start","taskId":"05a5fef5-9eb4-4aa4-b82e-98f5b1024358","taskType":"fetch_description","data":{"id":"05a5fef5-9eb4-4aa4-b82e-98f5b1024358","type":"fetch_description","attempt":1,"workerId":"test","commit":null,"readyWaitMs":71,"heapUsedMb":88,"heapLimitMb":4144,"rssMb":140}}
{"t":"2026-10-01T15:45:05.744Z","level":"info","msg":"task done","taskId":"05a5fef5-9eb4-4aa4-b82e-98f5b1024358","taskType":"fetch_description","data":{"id":"05a5fef5-9eb4-4aa4-b82e-98f5b1024358","type":"fetch_description","ms":54,"heapUsedMb":89,"heapDeltaMb":1,"heapLimitMb":4144,"rssMb":140,"rssDeltaMb":0}}
{"t":"2026-10-01T15:45:05.747Z","level":"info","msg":"task start","taskId":"3561b1db-f4c8-4cc1-bd22-4aadf97ff71e","taskType":"fetch_description","data":{"id":"3561b1db-f4c8-4cc1-bd22-4aadf97ff71e","type":"fetch_description","attempt":1,"workerId":"test","commit":null,"readyWaitMs":128,"heapUsedMb":89,"heapLimitMb":4144,"rssMb":140}}
{"t":"2026-10-01T15:45:05.786Z","level":"info","msg":"task done","taskId":"3561b1db-f4c8-4cc1-bd22-4aadf97ff71e","taskType":"fetch_description","data":{"id":"3561b1db-f4c8-4cc1-bd22-4aadf97ff71e","type":"fetch_description","ms":39,"heapUsedMb":79,"heapDeltaMb":-10,"heapLimitMb":4144,"rssMb":140,"rssDeltaMb":0}}
{"t":"2026-10-01T15:45:05.791Z","level":"info","msg":"task start","taskId":"b14afad0-25cc-43d6-a658-d78a6d68b0a4","taskType":"fetch_description","data":{"id":"b14afad0-25cc-43d6-a658-d78a6d68b0a4","type":"fetch_description","attempt":1,"workerId":"test","commit":null,"readyWaitMs":172,"heapUsedMb":79,"heapLimitMb":4144,"rssMb":140}}
{"t":"2026-10-01T15:45:05.840Z","level":"info","msg":"task done","taskId":"b14afad0-25cc-43d6-a658-d78a6d68b0a4","taskType":"fetch_description","data":{"id":"b14afad0-25cc-43d6-a658-d78a6d68b0a4","type":"fetch_description","ms":49,"heapUsedMb":80,"heapDeltaMb":1,"heapLimitMb":4144,"rssMb":142,"rssDeltaMb":2}}
{"t":"2026-10-01T15:45:05.842Z","level":"info","msg":"task start","taskId":"5b92c26b-32b4-4743-8603-cb2dc164a625","taskType":"discover","data":{"id":"5b92c26b-32b4-4743-8603-cb2dc164a625","type":"discover","attempt":1,"workerId":"test","commit":null,"readyWaitMs":544,"heapUsedMb":80,"heapLimitMb":4144,"rssMb":142}}
{"t":"2026-10-01T15:45:05.898Z","level":"warn","msg":"logo re-encode failed; the original is kept","taskId":"5b92c26b-32b4-4743-8603-cb2dc164a625","taskType":"discover","data":{"error":"Input buffer has corrupt header:","bytes":400}}
{"t":"2026-10-01T15:45:05.907Z","level":"info","msg":"logo captured","taskId":"5b92c26b-32b4-4743-8603-cb2dc164a625","taskType":"discover","data":{"company":"Acme Robotics","source":"site_icon","sourceUrl":"https://www.acme.example/favicon.png","bytes":400,"contentType":"image/png"}}
{"t":"2026-10-01T15:45:05.908Z","level":"info","msg":"task done","taskId":"5b92c26b-32b4-4743-8603-cb2dc164a625","taskType":"discover","data":{"id":"5b92c26b-32b4-4743-8603-cb2dc164a625","type":"discover","ms":66,"heapUsedMb":81,"heapDeltaMb":1,"heapLimitMb":4144,"rssMb":144,"rssDeltaMb":2}}
{"t":"2026-10-01T15:45:06.034Z","level":"info","msg":"source scanned","data":{"company":"acme.example","type":"greenhouse","status":"ok","postings":5,"new":1,"closed":0,"followers":1,"deferredDescriptions":0,"reusedListing":false,"claimFetchedBytes":1450,"claimRequests":3,"claimRevalidated":0,"heapUsedMb":83,"ms":122}}
{"t":"2026-10-01T15:45:06.470Z","level":"info","msg":"slow database query","taskId":"cf107f34-bda6-446d-81ba-a2c909846f62","taskType":"scan_company","data":{"durationMs":431,"statement":"truncate users, companies, career_sources, discovery_runs, scan_runs, scans, jobs, job_events, decisions, tasks, setting"}}
{"t":"2026-10-01T15:45:06.511Z","level":"info","msg":"task start","taskId":"a5b9d450-dcf9-4dfb-beb0-c91536a7a949","taskType":"discover","data":{"id":"a5b9d450-dcf9-4dfb-beb0-c91536a7a949","type":"discover","attempt":1,"workerId":"test","commit":null,"readyWaitMs":13,"heapUsedMb":84,"heapLimitMb":4144,"rssMb":144}}
{"t":"2026-10-01T15:45:06.697Z","level":"info","msg":"discovery finished","taskId":"a5b9d450-dcf9-4dfb-beb0-c91536a7a949","taskType":"discover","data":{"company":"acme.example","outcome":"resolved","fetches":3,"best":"ats_link"}}
{"t":"2026-10-01T15:45:06.701Z","level":"info","msg":"task done","taskId":"a5b9d450-dcf9-4dfb-beb0-c91536a7a949","taskType":"discover","data":{"id":"a5b9d450-dcf9-4dfb-beb0-c91536a7a949","type":"discover","ms":190,"heapUsedMb":87,"heapDeltaMb":3,"heapLimitMb":4144,"rssMb":146,"rssDeltaMb":2}}
{"t":"2026-10-01T15:45:06.703Z","level":"info","msg":"task start","taskId":"8fd48d1a-e50e-4431-8175-12a7b834c26c","taskType":"scan_company","data":{"id":"8fd48d1a-e50e-4431-8175-12a7b834c26c","type":"scan_company","attempt":1,"workerId":"test","commit":null,"readyWaitMs":27,"heapUsedMb":88,"heapLimitMb":4144,"rssMb":146}}
{"t":"2026-10-01T15:45:06.855Z","level":"info","msg":"source scanned","taskId":"8fd48d1a-e50e-4431-8175-12a7b834c26c","taskType":"scan_company","data":{"company":"Acme Robotics","type":"greenhouse","status":"ok","postings":5,"new":5,"closed":0,"followers":1,"deferredDescriptions":0,"reusedListing":false,"claimFetchedBytes":1452,"claimRequests":3,"claimRevalidated":0,"heapUsedMb":80,"ms":147}}
{"t":"2026-10-01T15:45:06.860Z","level":"info","msg":"task done","taskId":"8fd48d1a-e50e-4431-8175-12a7b834c26c","taskType":"scan_company","data":{"id":"8fd48d1a-e50e-4431-8175-12a7b834c26c","type":"scan_company","ms":157,"heapUsedMb":80,"heapDeltaMb":-8,"heapLimitMb":4144,"rssMb":149,"rssDeltaMb":3}}
{"t":"2026-10-01T15:45:06.862Z","level":"info","msg":"task start","taskId":"4bfd7b6a-8077-4df9-817e-8c6c18c19b0b","taskType":"fetch_description","data":{"id":"4bfd7b6a-8077-4df9-817e-8c6c18c19b0b","type":"fetch_description","attempt":1,"workerId":"test","commit":null,"readyWaitMs":25,"heapUsedMb":80,"heapLimitMb":4144,"rssMb":149}}
{"t":"2026-10-01T15:45:06.886Z","level":"info","msg":"task done","taskId":"4bfd7b6a-8077-4df9-817e-8c6c18c19b0b","taskType":"fetch_description","data":{"id":"4bfd7b6a-8077-4df9-817e-8c6c18c19b0b","type":"fetch_description","ms":24,"heapUsedMb":81,"heapDeltaMb":1,"heapLimitMb":4144,"rssMb":148,"rssDeltaMb":-1}}
{"t":"2026-10-01T15:45:06.888Z","level":"info","msg":"task start","taskId":"2f53e8ec-3a7a-4405-a65d-00232568a877","taskType":"fetch_description","data":{"id":"2f53e8ec-3a7a-4405-a65d-00232568a877","type":"fetch_description","attempt":1,"workerId":"test","commit":null,"readyWaitMs":51,"heapUsedMb":81,"heapLimitMb":4144,"rssMb":148}}
{"t":"2026-10-01T15:45:06.937Z","level":"info","msg":"task done","taskId":"2f53e8ec-3a7a-4405-a65d-00232568a877","taskType":"fetch_description","data":{"id":"2f53e8ec-3a7a-4405-a65d-00232568a877","type":"fetch_description","ms":49,"heapUsedMb":82,"heapDeltaMb":1,"heapLimitMb":4144,"rssMb":148,"rssDeltaMb":0}}
{"t":"2026-10-01T15:45:06.939Z","level":"info","msg":"task start","taskId":"88b4b33a-458b-42a1-ac0b-d5d621fb34b1","taskType":"fetch_description","data":{"id":"88b4b33a-458b-42a1-ac0b-d5d621fb34b1","type":"fetch_description","attempt":1,"workerId":"test","commit":null,"readyWaitMs":102,"heapUsedMb":83,"heapLimitMb":4144,"rssMb":148}}
{"t":"2026-10-01T15:45:06.990Z","level":"info","msg":"task done","taskId":"88b4b33a-458b-42a1-ac0b-d5d621fb34b1","taskType":"fetch_description","data":{"id":"88b4b33a-458b-42a1-ac0b-d5d621fb34b1","type":"fetch_description","ms":51,"heapUsedMb":84,"heapDeltaMb":1,"heapLimitMb":4144,"rssMb":148,"rssDeltaMb":0}}
{"t":"2026-10-01T15:45:06.992Z","level":"info","msg":"task start","taskId":"fd8d1990-d959-4c66-90ef-d2461961afc1","taskType":"fetch_description","data":{"id":"fd8d1990-d959-4c66-90ef-d2461961afc1","type":"fetch_description","attempt":1,"workerId":"test","commit":null,"readyWaitMs":155,"heapUsedMb":84,"heapLimitMb":4144,"rssMb":148}}
{"t":"2026-10-01T15:45:07.038Z","level":"info","msg":"task done","taskId":"fd8d1990-d959-4c66-90ef-d2461961afc1","taskType":"fetch_description","data":{"id":"fd8d1990-d959-4c66-90ef-d2461961afc1","type":"fetch_description","ms":46,"heapUsedMb":85,"heapDeltaMb":1,"heapLimitMb":4144,"rssMb":148,"rssDeltaMb":0}}
{"t":"2026-10-01T15:45:07.039Z","level":"info","msg":"task start","taskId":"e1e8bd84-8cd4-4a27-9cb0-3af53f27b178","taskType":"discover","data":{"id":"e1e8bd84-8cd4-4a27-9cb0-3af53f27b178","type":"discover","attempt":1,"workerId":"test","commit":null,"readyWaitMs":525,"heapUsedMb":85,"heapLimitMb":4144,"rssMb":148}}
{"t":"2026-10-01T15:45:07.092Z","level":"warn","msg":"logo re-encode failed; the original is kept","taskId":"e1e8bd84-8cd4-4a27-9cb0-3af53f27b178","taskType":"discover","data":{"error":"Input buffer has corrupt header:","bytes":400}}
{"t":"2026-10-01T15:45:07.100Z","level":"info","msg":"logo captured","taskId":"e1e8bd84-8cd4-4a27-9cb0-3af53f27b178","taskType":"discover","data":{"company":"Acme Robotics","source":"site_icon","sourceUrl":"https://www.acme.example/favicon.png","bytes":400,"contentType":"image/png"}}
{"t":"2026-10-01T15:45:07.102Z","level":"info","msg":"task done","taskId":"e1e8bd84-8cd4-4a27-9cb0-3af53f27b178","taskType":"discover","data":{"id":"e1e8bd84-8cd4-4a27-9cb0-3af53f27b178","type":"discover","ms":63,"heapUsedMb":86,"heapDeltaMb":1,"heapLimitMb":4144,"rssMb":148,"rssDeltaMb":0}}
{"t":"2026-10-01T15:45:07.240Z","level":"info","msg":"source scanned","data":{"company":"acme.example","type":"greenhouse","status":"ok","postings":5,"new":0,"closed":0,"followers":1,"deferredDescriptions":0,"reusedListing":false,"claimFetchedBytes":1502,"claimRequests":3,"claimRevalidated":0,"heapUsedMb":88,"ms":127}}
{"t":"2026-10-01T15:45:07.594Z","level":"info","msg":"slow database query","taskId":"cf107f34-bda6-446d-81ba-a2c909846f62","taskType":"scan_company","data":{"durationMs":350,"statement":"truncate users, companies, career_sources, discovery_runs, scan_runs, scans, jobs, job_events, decisions, tasks, setting"}}
{"t":"2026-10-01T15:45:07.618Z","level":"info","msg":"task start","taskId":"b57ebe5e-c751-4da4-a133-864c6148ed66","taskType":"discover","data":{"id":"b57ebe5e-c751-4da4-a133-864c6148ed66","type":"discover","attempt":1,"workerId":"test","commit":null,"readyWaitMs":7,"heapUsedMb":90,"heapLimitMb":4144,"rssMb":129}}
{"t":"2026-10-01T15:45:07.802Z","level":"info","msg":"discovery finished","taskId":"b57ebe5e-c751-4da4-a133-864c6148ed66","taskType":"discover","data":{"company":"acme.example","outcome":"resolved","fetches":3,"best":"ats_link"}}
{"t":"2026-10-01T15:45:07.807Z","level":"info","msg":"task done","taskId":"b57ebe5e-c751-4da4-a133-864c6148ed66","taskType":"discover","data":{"id":"b57ebe5e-c751-4da4-a133-864c6148ed66","type":"discover","ms":188,"heapUsedMb":82,"heapDeltaMb":-8,"heapLimitMb":4144,"rssMb":134,"rssDeltaMb":5}}
{"t":"2026-10-01T15:45:07.809Z","level":"info","msg":"task start","taskId":"15941b9d-670c-47db-aaf1-9dce3cba3dbf","taskType":"scan_company","data":{"id":"15941b9d-670c-47db-aaf1-9dce3cba3dbf","type":"scan_company","attempt":1,"workerId":"test","commit":null,"readyWaitMs":25,"heapUsedMb":82,"heapLimitMb":4144,"rssMb":134}}
{"t":"2026-10-01T15:45:07.964Z","level":"info","msg":"source scanned","taskId":"15941b9d-670c-47db-aaf1-9dce3cba3dbf","taskType":"scan_company","data":{"company":"Acme Robotics","type":"greenhouse","status":"ok","postings":5,"new":5,"closed":0,"followers":1,"deferredDescriptions":0,"reusedListing":false,"claimFetchedBytes":1452,"claimRequests":3,"claimRevalidated":0,"heapUsedMb":85,"ms":149}}
{"t":"2026-10-01T15:45:07.969Z","level":"info","msg":"task done","taskId":"15941b9d-670c-47db-aaf1-9dce3cba3dbf","taskType":"scan_company","data":{"id":"15941b9d-670c-47db-aaf1-9dce3cba3dbf","type":"scan_company","ms":160,"heapUsedMb":85,"heapDeltaMb":3,"heapLimitMb":4144,"rssMb":135,"rssDeltaMb":1}}
{"t":"2026-10-01T15:45:07.971Z","level":"info","msg":"task start","taskId":"ea48790d-ed42-4965-855f-cd15279d44ad","taskType":"fetch_description","data":{"id":"ea48790d-ed42-4965-855f-cd15279d44ad","type":"fetch_description","attempt":1,"workerId":"test","commit":null,"readyWaitMs":27,"heapUsedMb":85,"heapLimitMb":4144,"rssMb":135}}
{"t":"2026-10-01T15:45:07.999Z","level":"info","msg":"task done","taskId":"ea48790d-ed42-4965-855f-cd15279d44ad","taskType":"fetch_description","data":{"id":"ea48790d-ed42-4965-855f-cd15279d44ad","type":"fetch_description","ms":28,"heapUsedMb":86,"heapDeltaMb":1,"heapLimitMb":4144,"rssMb":135,"rssDeltaMb":0}}
{"t":"2026-10-01T15:45:08.001Z","level":"info","msg":"task start","taskId":"f4785993-5915-44d9-b35c-ebc59a465d79","taskType":"fetch_description","data":{"id":"f4785993-5915-44d9-b35c-ebc59a465d79","type":"fetch_description","attempt":1,"workerId":"test","commit":null,"readyWaitMs":57,"heapUsedMb":86,"heapLimitMb":4144,"rssMb":135}}
{"t":"2026-10-01T15:45:08.042Z","level":"info","msg":"task done","taskId":"f4785993-5915-44d9-b35c-ebc59a465d79","taskType":"fetch_description","data":{"id":"f4785993-5915-44d9-b35c-ebc59a465d79","type":"fetch_description","ms":41,"heapUsedMb":87,"heapDeltaMb":1,"heapLimitMb":4144,"rssMb":135,"rssDeltaMb":0}}
{"t":"2026-10-01T15:45:08.043Z","level":"info","msg":"task start","taskId":"76c081e9-9780-4af4-9910-e0fce2477081","taskType":"fetch_description","data":{"id":"76c081e9-9780-4af4-9910-e0fce2477081","type":"fetch_description","attempt":1,"workerId":"test","commit":null,"readyWaitMs":99,"heapUsedMb":87,"heapLimitMb":4144,"rssMb":135}}
{"t":"2026-10-01T15:45:08.096Z","level":"info","msg":"task done","taskId":"76c081e9-9780-4af4-9910-e0fce2477081","taskType":"fetch_description","data":{"id":"76c081e9-9780-4af4-9910-e0fce2477081","type":"fetch_description","ms":53,"heapUsedMb":89,"heapDeltaMb":2,"heapLimitMb":4144,"rssMb":135,"rssDeltaMb":0}}
{"t":"2026-10-01T15:45:08.098Z","level":"info","msg":"task start","taskId":"4860746c-46ee-4465-a5af-08fa40910edc","taskType":"fetch_description","data":{"id":"4860746c-46ee-4465-a5af-08fa40910edc","type":"fetch_description","attempt":1,"workerId":"test","commit":null,"readyWaitMs":154,"heapUsedMb":89,"heapLimitMb":4144,"rssMb":135}}
{"t":"2026-10-01T15:45:08.147Z","level":"info","msg":"task done","taskId":"4860746c-46ee-4465-a5af-08fa40910edc","taskType":"fetch_description","data":{"id":"4860746c-46ee-4465-a5af-08fa40910edc","type":"fetch_description","ms":49,"heapUsedMb":90,"heapDeltaMb":1,"heapLimitMb":4144,"rssMb":135,"rssDeltaMb":0}}
{"t":"2026-10-01T15:45:08.149Z","level":"info","msg":"task start","taskId":"7807eac3-7d50-4e3c-8b1d-949aa33295b2","taskType":"discover","data":{"id":"7807eac3-7d50-4e3c-8b1d-949aa33295b2","type":"discover","attempt":1,"workerId":"test","commit":null,"readyWaitMs":529,"heapUsedMb":90,"heapLimitMb":4144,"rssMb":135}}
{"t":"2026-10-01T15:45:08.203Z","level":"warn","msg":"logo re-encode failed; the original is kept","taskId":"7807eac3-7d50-4e3c-8b1d-949aa33295b2","taskType":"discover","data":{"error":"Input buffer has corrupt header:","bytes":400}}
{"t":"2026-10-01T15:45:08.210Z","level":"info","msg":"logo captured","taskId":"7807eac3-7d50-4e3c-8b1d-949aa33295b2","taskType":"discover","data":{"company":"Acme Robotics","source":"site_icon","sourceUrl":"https://www.acme.example/favicon.png","bytes":400,"contentType":"image/png"}}
{"t":"2026-10-01T15:45:08.212Z","level":"info","msg":"task done","taskId":"7807eac3-7d50-4e3c-8b1d-949aa33295b2","taskType":"discover","data":{"id":"7807eac3-7d50-4e3c-8b1d-949aa33295b2","type":"discover","ms":63,"heapUsedMb":91,"heapDeltaMb":1,"heapLimitMb":4144,"rssMb":135,"rssDeltaMb":0}}
{"t":"2026-10-01T15:45:08.217Z","level":"info","msg":"task start","taskId":"6e5e867d-4fbb-4559-9717-7c1b05d5079a","taskType":"discover","data":{"id":"6e5e867d-4fbb-4559-9717-7c1b05d5079a","type":"discover","attempt":1,"workerId":"test","commit":null,"readyWaitMs":4,"heapUsedMb":91,"heapLimitMb":4144,"rssMb":135}}
{"t":"2026-10-01T15:45:08.413Z","level":"info","msg":"discovery finished","taskId":"6e5e867d-4fbb-4559-9717-7c1b05d5079a","taskType":"discover","data":{"company":"Acme Robotics","outcome":"needs_confirmation","fetches":3,"best":"ats_link"}}
{"t":"2026-10-01T15:45:08.417Z","level":"info","msg":"task done","taskId":"6e5e867d-4fbb-4559-9717-7c1b05d5079a","taskType":"discover","data":{"id":"6e5e867d-4fbb-4559-9717-7c1b05d5079a","type":"discover","ms":199,"heapUsedMb":83,"heapDeltaMb":-8,"heapLimitMb":4144,"rssMb":136,"rssDeltaMb":1}}
{"t":"2026-10-01T15:45:08.419Z","level":"info","msg":"task start","taskId":"97ead43d-cde8-4c15-89e5-1acfdecde23f","taskType":"discover","data":{"id":"97ead43d-cde8-4c15-89e5-1acfdecde23f","type":"discover","attempt":1,"workerId":"test","commit":null,"readyWaitMs":202,"heapUsedMb":83,"heapLimitMb":4144,"rssMb":136}}
{"t":"2026-10-01T15:45:08.475Z","level":"warn","msg":"logo re-encode failed; the original is kept","taskId":"97ead43d-cde8-4c15-89e5-1acfdecde23f","taskType":"discover","data":{"error":"Input buffer has corrupt header:","bytes":400}}
{"t":"2026-10-01T15:45:08.482Z","level":"info","msg":"logo captured","taskId":"97ead43d-cde8-4c15-89e5-1acfdecde23f","taskType":"discover","data":{"company":"Acme Robotics","source":"site_icon","sourceUrl":"https://www.acme.example/favicon.png","bytes":400,"contentType":"image/png"}}
{"t":"2026-10-01T15:45:08.485Z","level":"info","msg":"task done","taskId":"97ead43d-cde8-4c15-89e5-1acfdecde23f","taskType":"discover","data":{"id":"97ead43d-cde8-4c15-89e5-1acfdecde23f","type":"discover","ms":66,"heapUsedMb":84,"heapDeltaMb":1,"heapLimitMb":4144,"rssMb":136,"rssDeltaMb":0}}
{"t":"2026-10-01T15:45:08.960Z","level":"info","msg":"slow database query","data":{"durationMs":471,"statement":"truncate users, companies, career_sources, discovery_runs, scan_runs, scans, jobs, job_events, decisions, tasks, setting"}}
{"t":"2026-10-01T15:45:08.983Z","level":"info","msg":"task start","taskId":"a16174aa-3b2e-41aa-9ac7-ef80d2d361b9","taskType":"discover","data":{"id":"a16174aa-3b2e-41aa-9ac7-ef80d2d361b9","type":"discover","attempt":1,"workerId":"test","commit":null,"readyWaitMs":7,"heapUsedMb":85,"heapLimitMb":4144,"rssMb":136}}
{"t":"2026-10-01T15:45:09.147Z","level":"info","msg":"discovery finished","taskId":"a16174aa-3b2e-41aa-9ac7-ef80d2d361b9","taskType":"discover","data":{"company":"acme.example","outcome":"resolved","fetches":3,"best":"ats_link"}}
{"t":"2026-10-01T15:45:09.148Z","level":"info","msg":"task done","taskId":"a16174aa-3b2e-41aa-9ac7-ef80d2d361b9","taskType":"discover","data":{"id":"a16174aa-3b2e-41aa-9ac7-ef80d2d361b9","type":"discover","ms":166,"heapUsedMb":88,"heapDeltaMb":3,"heapLimitMb":4144,"rssMb":136,"rssDeltaMb":0}}
{"t":"2026-10-01T15:45:09.149Z","level":"info","msg":"task start","taskId":"7c0580d8-4c3e-46e4-8590-a2f8bc746077","taskType":"scan_company","data":{"id":"7c0580d8-4c3e-46e4-8590-a2f8bc746077","type":"scan_company","attempt":1,"workerId":"test","commit":null,"readyWaitMs":8,"heapUsedMb":89,"heapLimitMb":4144,"rssMb":136}}
{"t":"2026-10-01T15:45:09.321Z","level":"info","msg":"source scanned","taskId":"7c0580d8-4c3e-46e4-8590-a2f8bc746077","taskType":"scan_company","data":{"company":"Acme Robotics","type":"greenhouse","status":"ok","postings":5,"new":5,"closed":0,"followers":1,"deferredDescriptions":0,"reusedListing":false,"claimFetchedBytes":1452,"claimRequests":3,"claimRevalidated":0,"heapUsedMb":91,"ms":169}}
{"t":"2026-10-01T15:45:09.328Z","level":"info","msg":"task done","taskId":"7c0580d8-4c3e-46e4-8590-a2f8bc746077","taskType":"scan_company","data":{"id":"7c0580d8-4c3e-46e4-8590-a2f8bc746077","type":"scan_company","ms":179,"heapUsedMb":91,"heapDeltaMb":2,"heapLimitMb":4144,"rssMb":136,"rssDeltaMb":0}}
{"t":"2026-10-01T15:45:09.330Z","level":"info","msg":"task start","taskId":"c04302a0-c073-454b-87b4-6d3c607b9e98","taskType":"fetch_description","data":{"id":"c04302a0-c073-454b-87b4-6d3c607b9e98","type":"fetch_description","attempt":1,"workerId":"test","commit":null,"readyWaitMs":26,"heapUsedMb":92,"heapLimitMb":4144,"rssMb":136}}
{"t":"2026-10-01T15:45:09.356Z","level":"info","msg":"task done","taskId":"c04302a0-c073-454b-87b4-6d3c607b9e98","taskType":"fetch_description","data":{"id":"c04302a0-c073-454b-87b4-6d3c607b9e98","type":"fetch_description","ms":26,"heapUsedMb":93,"heapDeltaMb":1,"heapLimitMb":4144,"rssMb":136,"rssDeltaMb":0}}
{"t":"2026-10-01T15:45:09.358Z","level":"info","msg":"task start","taskId":"039878ec-8643-4666-bc21-4a67bca18a81","taskType":"fetch_description","data":{"id":"039878ec-8643-4666-bc21-4a67bca18a81","type":"fetch_description","attempt":1,"workerId":"test","commit":null,"readyWaitMs":54,"heapUsedMb":93,"heapLimitMb":4144,"rssMb":136}}
{"t":"2026-10-01T15:45:09.401Z","level":"info","msg":"task done","taskId":"039878ec-8643-4666-bc21-4a67bca18a81","taskType":"fetch_description","data":{"id":"039878ec-8643-4666-bc21-4a67bca18a81","type":"fetch_description","ms":43,"heapUsedMb":94,"heapDeltaMb":1,"heapLimitMb":4144,"rssMb":136,"rssDeltaMb":0}}
{"t":"2026-10-01T15:45:09.402Z","level":"info","msg":"task start","taskId":"6edf12a4-2c75-4a38-a9ec-4765a58f4708","taskType":"fetch_description","data":{"id":"6edf12a4-2c75-4a38-a9ec-4765a58f4708","type":"fetch_description","attempt":1,"workerId":"test","commit":null,"readyWaitMs":98,"heapUsedMb":94,"heapLimitMb":4144,"rssMb":136}}
{"t":"2026-10-01T15:45:09.452Z","level":"info","msg":"task done","taskId":"6edf12a4-2c75-4a38-a9ec-4765a58f4708","taskType":"fetch_description","data":{"id":"6edf12a4-2c75-4a38-a9ec-4765a58f4708","type":"fetch_description","ms":50,"heapUsedMb":84,"heapDeltaMb":-10,"heapLimitMb":4144,"rssMb":137,"rssDeltaMb":1}}
{"t":"2026-10-01T15:45:09.453Z","level":"info","msg":"task start","taskId":"b7e27c5e-e6b0-4476-acd3-93a75d8a1ab1","taskType":"fetch_description","data":{"id":"b7e27c5e-e6b0-4476-acd3-93a75d8a1ab1","type":"fetch_description","attempt":1,"workerId":"test","commit":null,"readyWaitMs":149,"heapUsedMb":85,"heapLimitMb":4144,"rssMb":137}}
{"t":"2026-10-01T15:45:09.500Z","level":"info","msg":"task done","taskId":"b7e27c5e-e6b0-4476-acd3-93a75d8a1ab1","taskType":"fetch_description","data":{"id":"b7e27c5e-e6b0-4476-acd3-93a75d8a1ab1","type":"fetch_description","ms":47,"heapUsedMb":86,"heapDeltaMb":1,"heapLimitMb":4144,"rssMb":137,"rssDeltaMb":0}}
{"t":"2026-10-01T15:45:09.501Z","level":"info","msg":"task start","taskId":"b95c4e0a-81b3-4685-991a-45410ac7d552","taskType":"discover","data":{"id":"b95c4e0a-81b3-4685-991a-45410ac7d552","type":"discover","attempt":1,"workerId":"test","commit":null,"readyWaitMs":519,"heapUsedMb":86,"heapLimitMb":4144,"rssMb":137}}
{"t":"2026-10-01T15:45:09.554Z","level":"warn","msg":"logo re-encode failed; the original is kept","taskId":"b95c4e0a-81b3-4685-991a-45410ac7d552","taskType":"discover","data":{"error":"Input buffer has corrupt header:","bytes":400}}
{"t":"2026-10-01T15:45:09.560Z","level":"info","msg":"logo captured","taskId":"b95c4e0a-81b3-4685-991a-45410ac7d552","taskType":"discover","data":{"company":"Acme Robotics","source":"site_icon","sourceUrl":"https://www.acme.example/favicon.png","bytes":400,"contentType":"image/png"}}
{"t":"2026-10-01T15:45:09.563Z","level":"info","msg":"task done","taskId":"b95c4e0a-81b3-4685-991a-45410ac7d552","taskType":"discover","data":{"id":"b95c4e0a-81b3-4685-991a-45410ac7d552","type":"discover","ms":62,"heapUsedMb":87,"heapDeltaMb":1,"heapLimitMb":4144,"rssMb":137,"rssDeltaMb":0}}
{"t":"2026-10-01T15:45:09.575Z","level":"info","msg":"daily run started","data":{"runId":"d535e159-5e2e-4e48-a867-67f5b85065aa","runDate":"2026-09-05","companies":2,"logosQueued":1,"retired":0}}
{"t":"2026-10-01T15:45:09.580Z","level":"info","msg":"task start","taskId":"04854e28-27c4-41e2-bc1b-120b7abb9384","taskType":"scan_company","data":{"id":"04854e28-27c4-41e2-bc1b-120b7abb9384","type":"scan_company","attempt":1,"workerId":"test","commit":null,"readyWaitMs":14,"heapUsedMb":88,"heapLimitMb":4144,"rssMb":137}}
{"t":"2026-10-01T15:45:09.712Z","level":"info","msg":"source scanned","taskId":"04854e28-27c4-41e2-bc1b-120b7abb9384","taskType":"scan_company","data":{"company":"Acme Robotics","type":"greenhouse","status":"ok","postings":5,"new":0,"closed":0,"followers":1,"deferredDescriptions":0,"reusedListing":false,"claimFetchedBytes":1452,"claimRequests":3,"claimRevalidated":0,"heapUsedMb":90,"ms":127}}
{"t":"2026-10-01T15:45:09.719Z","level":"info","msg":"task done","taskId":"04854e28-27c4-41e2-bc1b-120b7abb9384","taskType":"scan_company","data":{"id":"04854e28-27c4-41e2-bc1b-120b7abb9384","type":"scan_company","ms":139,"heapUsedMb":90,"heapDeltaMb":2,"heapLimitMb":4144,"rssMb":137,"rssDeltaMb":0}}
{"t":"2026-10-01T15:45:09.720Z","level":"info","msg":"task start","taskId":"56829c7a-acae-4e4f-99ca-0abce5f0f516","taskType":"scan_company","data":{"id":"56829c7a-acae-4e4f-99ca-0abce5f0f516","type":"scan_company","attempt":1,"workerId":"test","commit":null,"readyWaitMs":154,"heapUsedMb":90,"heapLimitMb":4144,"rssMb":137}}
{"t":"2026-10-01T15:45:09.722Z","level":"warn","msg":"company has no active source","taskId":"56829c7a-acae-4e4f-99ca-0abce5f0f516","taskType":"scan_company","data":{"company":"No source"}}
{"t":"2026-10-01T15:45:09.735Z","level":"info","msg":"scan run finalised","taskId":"56829c7a-acae-4e4f-99ca-0abce5f0f516","taskType":"scan_company","data":{"runId":"d535e159-5e2e-4e48-a867-67f5b85065aa","ok":1,"failed":1,"newRoles":0}}
{"t":"2026-10-01T15:45:09.736Z","level":"info","msg":"task done","taskId":"56829c7a-acae-4e4f-99ca-0abce5f0f516","taskType":"scan_company","data":{"id":"56829c7a-acae-4e4f-99ca-0abce5f0f516","type":"scan_company","ms":16,"heapUsedMb":91,"heapDeltaMb":1,"heapLimitMb":4144,"rssMb":137,"rssDeltaMb":0}}
{"t":"2026-10-01T15:45:09.737Z","level":"info","msg":"task start","taskId":"cfc99ee2-ca1d-4f6e-8a8a-49d295f2b88c","taskType":"discover","data":{"id":"cfc99ee2-ca1d-4f6e-8a8a-49d295f2b88c","type":"discover","attempt":1,"workerId":"test","commit":null,"readyWaitMs":171,"heapUsedMb":91,"heapLimitMb":4144,"rssMb":137}}
{"t":"2026-10-01T15:45:09.745Z","level":"info","msg":"logo capture failed","taskId":"cfc99ee2-ca1d-4f6e-8a8a-49d295f2b88c","taskType":"discover","data":{"company":"No source","error":"No usable icon found for none.example","tried":4,"attempts":1,"nextAttemptAt":"2026-09-05T07:00:00.000Z"}}
{"t":"2026-10-01T15:45:09.746Z","level":"info","msg":"task done","taskId":"cfc99ee2-ca1d-4f6e-8a8a-49d295f2b88c","taskType":"discover","data":{"id":"cfc99ee2-ca1d-4f6e-8a8a-49d295f2b88c","type":"discover","ms":9,"heapUsedMb":91,"heapDeltaMb":0,"heapLimitMb":4144,"rssMb":138,"rssDeltaMb":1}}
{"t":"2026-10-01T15:45:09.748Z","level":"info","msg":"task start","taskId":"6a8a80e9-2b0e-4c36-b344-6423f9f48e7d","taskType":"suggest_from_scans","data":{"id":"6a8a80e9-2b0e-4c36-b344-6423f9f48e7d","type":"suggest_from_scans","attempt":1,"workerId":"test","commit":null,"readyWaitMs":24,"heapUsedMb":92,"heapLimitMb":4144,"rssMb":138}}
{"t":"2026-10-01T15:45:09.753Z","level":"info","msg":"scan suggestions filed","taskId":"6a8a80e9-2b0e-4c36-b344-6423f9f48e7d","taskType":"suggest_from_scans","data":{"userId":"26e5d0b8-86de-4b3d-a7d6-395e60866a82","titles":5,"unmatched":1,"inserted":0}}
{"t":"2026-10-01T15:45:09.754Z","level":"info","msg":"task done","taskId":"6a8a80e9-2b0e-4c36-b344-6423f9f48e7d","taskType":"suggest_from_scans","data":{"id":"6a8a80e9-2b0e-4c36-b344-6423f9f48e7d","type":"suggest_from_scans","ms":6,"heapUsedMb":92,"heapDeltaMb":0,"heapLimitMb":4144,"rssMb":138,"rssDeltaMb":0}}
{"t":"2026-10-01T15:45:10.198Z","level":"info","msg":"slow database query","taskId":"cf107f34-bda6-446d-81ba-a2c909846f62","taskType":"scan_company","data":{"durationMs":441,"statement":"truncate users, companies, career_sources, discovery_runs, scan_runs, scans, jobs, job_events, decisions, tasks, setting"}}
{"t":"2026-10-01T15:45:10.211Z","level":"info","msg":"task start","taskId":"412e66f6-45ce-4541-92cd-f7df9320242b","taskType":"discover","data":{"id":"412e66f6-45ce-4541-92cd-f7df9320242b","type":"discover","attempt":1,"workerId":"test","commit":null,"readyWaitMs":5,"heapUsedMb":93,"heapLimitMb":4144,"rssMb":138}}
{"t":"2026-10-01T15:45:10.378Z","level":"info","msg":"discovery finished","taskId":"412e66f6-45ce-4541-92cd-f7df9320242b","taskType":"discover","data":{"company":"acme.example","outcome":"resolved","fetches":3,"best":"ats_link"}}
{"t":"2026-10-01T15:45:10.387Z","level":"info","msg":"task done","taskId":"412e66f6-45ce-4541-92cd-f7df9320242b","taskType":"discover","data":{"id":"412e66f6-45ce-4541-92cd-f7df9320242b","type":"discover","ms":176,"heapUsedMb":75,"heapDeltaMb":-18,"heapLimitMb":4144,"rssMb":150,"rssDeltaMb":12}}
{"t":"2026-10-01T15:45:10.393Z","level":"info","msg":"task start","taskId":"12068771-0462-4bcd-80fe-278134586100","taskType":"scan_company","data":{"id":"12068771-0462-4bcd-80fe-278134586100","type":"scan_company","attempt":1,"workerId":"test","commit":null,"readyWaitMs":26,"heapUsedMb":76,"heapLimitMb":4144,"rssMb":150}}
{"t":"2026-10-01T15:45:10.539Z","level":"info","msg":"source scanned","taskId":"12068771-0462-4bcd-80fe-278134586100","taskType":"scan_company","data":{"company":"Acme Robotics","type":"greenhouse","status":"ok","postings":5,"new":5,"closed":0,"followers":1,"deferredDescriptions":0,"reusedListing":false,"claimFetchedBytes":1452,"claimRequests":3,"claimRevalidated":0,"heapUsedMb":78,"ms":130}}
{"t":"2026-10-01T15:45:10.543Z","level":"info","msg":"task done","taskId":"12068771-0462-4bcd-80fe-278134586100","taskType":"scan_company","data":{"id":"12068771-0462-4bcd-80fe-278134586100","type":"scan_company","ms":150,"heapUsedMb":79,"heapDeltaMb":3,"heapLimitMb":4144,"rssMb":150,"rssDeltaMb":0}}
{"t":"2026-10-01T15:45:10.545Z","level":"info","msg":"task start","taskId":"ad5ae472-54d0-4761-b0eb-cccd56cdb1c0","taskType":"fetch_description","data":{"id":"ad5ae472-54d0-4761-b0eb-cccd56cdb1c0","type":"fetch_description","attempt":1,"workerId":"test","commit":null,"readyWaitMs":19,"heapUsedMb":79,"heapLimitMb":4144,"rssMb":150}}
{"t":"2026-10-01T15:45:10.578Z","level":"info","msg":"task done","taskId":"ad5ae472-54d0-4761-b0eb-cccd56cdb1c0","taskType":"fetch_description","data":{"id":"ad5ae472-54d0-4761-b0eb-cccd56cdb1c0","type":"fetch_description","ms":33,"heapUsedMb":80,"heapDeltaMb":1,"heapLimitMb":4144,"rssMb":150,"rssDeltaMb":0}}
{"t":"2026-10-01T15:45:10.580Z","level":"info","msg":"task start","taskId":"9cfbd08a-5b6c-4b36-ac7e-cc2295f1933a","taskType":"fetch_description","data":{"id":"9cfbd08a-5b6c-4b36-ac7e-cc2295f1933a","type":"fetch_description","attempt":1,"workerId":"test","commit":null,"readyWaitMs":54,"heapUsedMb":80,"heapLimitMb":4144,"rssMb":150}}
{"t":"2026-10-01T15:45:10.628Z","level":"info","msg":"task done","taskId":"9cfbd08a-5b6c-4b36-ac7e-cc2295f1933a","taskType":"fetch_description","data":{"id":"9cfbd08a-5b6c-4b36-ac7e-cc2295f1933a","type":"fetch_description","ms":48,"heapUsedMb":81,"heapDeltaMb":1,"heapLimitMb":4144,"rssMb":150,"rssDeltaMb":0}}
{"t":"2026-10-01T15:45:10.629Z","level":"info","msg":"task start","taskId":"039adaff-987e-4d8e-96a2-b5ec547317ba","taskType":"fetch_description","data":{"id":"039adaff-987e-4d8e-96a2-b5ec547317ba","type":"fetch_description","attempt":1,"workerId":"test","commit":null,"readyWaitMs":103,"heapUsedMb":81,"heapLimitMb":4144,"rssMb":150}}
{"t":"2026-10-01T15:45:10.679Z","level":"info","msg":"task done","taskId":"039adaff-987e-4d8e-96a2-b5ec547317ba","taskType":"fetch_description","data":{"id":"039adaff-987e-4d8e-96a2-b5ec547317ba","type":"fetch_description","ms":50,"heapUsedMb":82,"heapDeltaMb":1,"heapLimitMb":4144,"rssMb":150,"rssDeltaMb":0}}
{"t":"2026-10-01T15:45:10.681Z","level":"info","msg":"task start","taskId":"bda2091d-42c9-4819-a8ba-683802d843e5","taskType":"fetch_description","data":{"id":"bda2091d-42c9-4819-a8ba-683802d843e5","type":"fetch_description","attempt":1,"workerId":"test","commit":null,"readyWaitMs":155,"heapUsedMb":83,"heapLimitMb":4144,"rssMb":150}}
{"t":"2026-10-01T15:45:10.729Z","level":"info","msg":"task done","taskId":"bda2091d-42c9-4819-a8ba-683802d843e5","taskType":"fetch_description","data":{"id":"bda2091d-42c9-4819-a8ba-683802d843e5","type":"fetch_description","ms":48,"heapUsedMb":84,"heapDeltaMb":1,"heapLimitMb":4144,"rssMb":152,"rssDeltaMb":2}}
{"t":"2026-10-01T15:45:10.730Z","level":"info","msg":"task start","taskId":"584e5134-8766-4f61-9bf2-c9e0eb17d74c","taskType":"discover","data":{"id":"584e5134-8766-4f61-9bf2-c9e0eb17d74c","type":"discover","attempt":1,"workerId":"test","commit":null,"readyWaitMs":519,"heapUsedMb":84,"heapLimitMb":4144,"rssMb":152}}
{"t":"2026-10-01T15:45:10.781Z","level":"warn","msg":"logo re-encode failed; the original is kept","taskId":"584e5134-8766-4f61-9bf2-c9e0eb17d74c","taskType":"discover","data":{"error":"Input buffer has corrupt header:","bytes":400}}
{"t":"2026-10-01T15:45:10.788Z","level":"info","msg":"logo captured","taskId":"584e5134-8766-4f61-9bf2-c9e0eb17d74c","taskType":"discover","data":{"company":"Acme Robotics","source":"site_icon","sourceUrl":"https://www.acme.example/favicon.png","bytes":400,"contentType":"image/png"}}
{"t":"2026-10-01T15:45:10.790Z","level":"info","msg":"task done","taskId":"584e5134-8766-4f61-9bf2-c9e0eb17d74c","taskType":"discover","data":{"id":"584e5134-8766-4f61-9bf2-c9e0eb17d74c","type":"discover","ms":60,"heapUsedMb":85,"heapDeltaMb":1,"heapLimitMb":4144,"rssMb":152,"rssDeltaMb":0}}
{"t":"2026-10-01T15:45:11.182Z","level":"info","msg":"slow database query","taskId":"cf107f34-bda6-446d-81ba-a2c909846f62","taskType":"scan_company","data":{"durationMs":366,"statement":"truncate users, companies, career_sources, discovery_runs, scan_runs, scans, jobs, job_events, decisions, tasks, setting"}}
{"t":"2026-10-01T15:45:11.207Z","level":"info","msg":"task start","taskId":"980a2022-7512-4c80-b2f1-1eb8cb69f21f","taskType":"discover","data":{"id":"980a2022-7512-4c80-b2f1-1eb8cb69f21f","type":"discover","attempt":1,"workerId":"test","commit":null,"readyWaitMs":8,"heapUsedMb":78,"heapLimitMb":4144,"rssMb":152}}
{"t":"2026-10-01T15:45:11.375Z","level":"info","msg":"discovery finished","taskId":"980a2022-7512-4c80-b2f1-1eb8cb69f21f","taskType":"discover","data":{"company":"acme.example","outcome":"resolved","fetches":3,"best":"ats_link"}}
{"t":"2026-10-01T15:45:11.376Z","level":"info","msg":"task done","taskId":"980a2022-7512-4c80-b2f1-1eb8cb69f21f","taskType":"discover","data":{"id":"980a2022-7512-4c80-b2f1-1eb8cb69f21f","type":"discover","ms":170,"heapUsedMb":81,"heapDeltaMb":3,"heapLimitMb":4144,"rssMb":152,"rssDeltaMb":0}}
{"t":"2026-10-01T15:45:11.377Z","level":"info","msg":"task start","taskId":"7eb22ccb-100d-4004-8368-499db30f6271","taskType":"scan_company","data":{"id":"7eb22ccb-100d-4004-8368-499db30f6271","type":"scan_company","attempt":1,"workerId":"test","commit":null,"readyWaitMs":12,"heapUsedMb":81,"heapLimitMb":4144,"rssMb":152}}
{"t":"2026-10-01T15:45:11.543Z","level":"info","msg":"source scanned","taskId":"7eb22ccb-100d-4004-8368-499db30f6271","taskType":"scan_company","data":{"company":"Acme Robotics","type":"greenhouse","status":"ok","postings":5,"new":5,"closed":0,"followers":1,"deferredDescriptions":0,"reusedListing":false,"claimFetchedBytes":1452,"claimRequests":3,"claimRevalidated":0,"heapUsedMb":83,"ms":162}}
{"t":"2026-10-01T15:45:11.548Z","level":"info","msg":"task done","taskId":"7eb22ccb-100d-4004-8368-499db30f6271","taskType":"scan_company","data":{"id":"7eb22ccb-100d-4004-8368-499db30f6271","type":"scan_company","ms":171,"heapUsedMb":84,"heapDeltaMb":3,"heapLimitMb":4144,"rssMb":152,"rssDeltaMb":0}}
{"t":"2026-10-01T15:45:11.551Z","level":"info","msg":"task start","taskId":"baccb678-127e-4ea9-922c-d59d3d6d0697","taskType":"fetch_description","data":{"id":"baccb678-127e-4ea9-922c-d59d3d6d0697","type":"fetch_description","attempt":1,"workerId":"test","commit":null,"readyWaitMs":26,"heapUsedMb":84,"heapLimitMb":4144,"rssMb":152}}
{"t":"2026-10-01T15:45:11.577Z","level":"info","msg":"task done","taskId":"baccb678-127e-4ea9-922c-d59d3d6d0697","taskType":"fetch_description","data":{"id":"baccb678-127e-4ea9-922c-d59d3d6d0697","type":"fetch_description","ms":26,"heapUsedMb":85,"heapDeltaMb":1,"heapLimitMb":4144,"rssMb":152,"rssDeltaMb":0}}
{"t":"2026-10-01T15:45:11.578Z","level":"info","msg":"task start","taskId":"73492565-7ed1-480b-aaca-80d5e9e39eba","taskType":"fetch_description","data":{"id":"73492565-7ed1-480b-aaca-80d5e9e39eba","type":"fetch_description","attempt":1,"workerId":"test","commit":null,"readyWaitMs":53,"heapUsedMb":85,"heapLimitMb":4144,"rssMb":152}}
{"t":"2026-10-01T15:45:11.627Z","level":"info","msg":"task done","taskId":"73492565-7ed1-480b-aaca-80d5e9e39eba","taskType":"fetch_description","data":{"id":"73492565-7ed1-480b-aaca-80d5e9e39eba","type":"fetch_description","ms":49,"heapUsedMb":86,"heapDeltaMb":1,"heapLimitMb":4144,"rssMb":152,"rssDeltaMb":0}}
{"t":"2026-10-01T15:45:11.632Z","level":"info","msg":"task start","taskId":"9a520d87-9556-40cd-b02b-9e184f58452e","taskType":"fetch_description","data":{"id":"9a520d87-9556-40cd-b02b-9e184f58452e","type":"fetch_description","attempt":1,"workerId":"test","commit":null,"readyWaitMs":107,"heapUsedMb":86,"heapLimitMb":4144,"rssMb":152}}
{"t":"2026-10-01T15:45:11.679Z","level":"info","msg":"task done","taskId":"9a520d87-9556-40cd-b02b-9e184f58452e","taskType":"fetch_description","data":{"id":"9a520d87-9556-40cd-b02b-9e184f58452e","type":"fetch_description","ms":47,"heapUsedMb":87,"heapDeltaMb":1,"heapLimitMb":4144,"rssMb":152,"rssDeltaMb":0}}
{"t":"2026-10-01T15:45:11.680Z","level":"info","msg":"task start","taskId":"3a232bbd-559d-4581-a544-680c004d4f56","taskType":"fetch_description","data":{"id":"3a232bbd-559d-4581-a544-680c004d4f56","type":"fetch_description","attempt":1,"workerId":"test","commit":null,"readyWaitMs":155,"heapUsedMb":87,"heapLimitMb":4144,"rssMb":152}}
{"t":"2026-10-01T15:45:11.726Z","level":"info","msg":"task done","taskId":"3a232bbd-559d-4581-a544-680c004d4f56","taskType":"fetch_description","data":{"id":"3a232bbd-559d-4581-a544-680c004d4f56","type":"fetch_description","ms":46,"heapUsedMb":88,"heapDeltaMb":1,"heapLimitMb":4144,"rssMb":152,"rssDeltaMb":0}}
{"t":"2026-10-01T15:45:11.728Z","level":"info","msg":"task start","taskId":"99e9c46e-c25c-4c19-8617-a9fea1ce8dfe","taskType":"discover","data":{"id":"99e9c46e-c25c-4c19-8617-a9fea1ce8dfe","type":"discover","attempt":1,"workerId":"test","commit":null,"readyWaitMs":522,"heapUsedMb":89,"heapLimitMb":4144,"rssMb":152}}
{"t":"2026-10-01T15:45:11.783Z","level":"warn","msg":"logo re-encode failed; the original is kept","taskId":"99e9c46e-c25c-4c19-8617-a9fea1ce8dfe","taskType":"discover","data":{"error":"Input buffer has corrupt header:","bytes":400}}
{"t":"2026-10-01T15:45:11.787Z","level":"info","msg":"logo captured","taskId":"99e9c46e-c25c-4c19-8617-a9fea1ce8dfe","taskType":"discover","data":{"company":"Acme Robotics","source":"site_icon","sourceUrl":"https://www.acme.example/favicon.png","bytes":400,"contentType":"image/png"}}
{"t":"2026-10-01T15:45:11.789Z","level":"info","msg":"task done","taskId":"99e9c46e-c25c-4c19-8617-a9fea1ce8dfe","taskType":"discover","data":{"id":"99e9c46e-c25c-4c19-8617-a9fea1ce8dfe","type":"discover","ms":61,"heapUsedMb":79,"heapDeltaMb":-10,"heapLimitMb":4144,"rssMb":152,"rssDeltaMb":0}}
{"t":"2026-10-01T15:45:13.089Z","level":"info","msg":"slow database query","taskId":"cf107f34-bda6-446d-81ba-a2c909846f62","taskType":"scan_company","data":{"durationMs":1274,"statement":"truncate users, companies, career_sources, discovery_runs, scan_runs, scans, jobs, job_events, decisions, tasks, setting"}}
{"t":"2026-10-01T15:45:13.111Z","level":"info","msg":"task start","taskId":"7c4aed4d-44f2-4e2e-945c-02b1dc563fc0","taskType":"discover","data":{"id":"7c4aed4d-44f2-4e2e-945c-02b1dc563fc0","type":"discover","attempt":1,"workerId":"test","commit":null,"readyWaitMs":12,"heapUsedMb":82,"heapLimitMb":4144,"rssMb":147}}
{"t":"2026-10-01T15:45:13.291Z","level":"info","msg":"discovery finished","taskId":"7c4aed4d-44f2-4e2e-945c-02b1dc563fc0","taskType":"discover","data":{"company":"acme.example","outcome":"resolved","fetches":3,"best":"ats_link"}}
{"t":"2026-10-01T15:45:13.294Z","level":"info","msg":"task done","taskId":"7c4aed4d-44f2-4e2e-945c-02b1dc563fc0","taskType":"discover","data":{"id":"7c4aed4d-44f2-4e2e-945c-02b1dc563fc0","type":"discover","ms":183,"heapUsedMb":85,"heapDeltaMb":3,"heapLimitMb":4144,"rssMb":145,"rssDeltaMb":-2}}
{"t":"2026-10-01T15:45:13.297Z","level":"info","msg":"task start","taskId":"9aea2ef2-9147-4ebf-a324-d0e1a3cf8455","taskType":"scan_company","data":{"id":"9aea2ef2-9147-4ebf-a324-d0e1a3cf8455","type":"scan_company","attempt":1,"workerId":"test","commit":null,"readyWaitMs":22,"heapUsedMb":85,"heapLimitMb":4144,"rssMb":144}}
{"t":"2026-10-01T15:45:13.468Z","level":"info","msg":"source scanned","taskId":"9aea2ef2-9147-4ebf-a324-d0e1a3cf8455","taskType":"scan_company","data":{"company":"Acme Robotics","type":"greenhouse","status":"ok","postings":5,"new":5,"closed":0,"followers":1,"deferredDescriptions":0,"reusedListing":false,"claimFetchedBytes":1452,"claimRequests":3,"claimRevalidated":0,"heapUsedMb":88,"ms":161}}
{"t":"2026-10-01T15:45:13.475Z","level":"info","msg":"task done","taskId":"9aea2ef2-9147-4ebf-a324-d0e1a3cf8455","taskType":"scan_company","data":{"id":"9aea2ef2-9147-4ebf-a324-d0e1a3cf8455","type":"scan_company","ms":178,"heapUsedMb":88,"heapDeltaMb":3,"heapLimitMb":4144,"rssMb":143,"rssDeltaMb":-1}}
{"t":"2026-10-01T15:45:13.477Z","level":"info","msg":"task start","taskId":"1e62e2c4-7688-4b01-8546-60f8b42754af","taskType":"fetch_description","data":{"id":"1e62e2c4-7688-4b01-8546-60f8b42754af","type":"fetch_description","attempt":1,"workerId":"test","commit":null,"readyWaitMs":34,"heapUsedMb":88,"heapLimitMb":4144,"rssMb":143}}
{"t":"2026-10-01T15:45:13.490Z","level":"info","msg":"task done","taskId":"1e62e2c4-7688-4b01-8546-60f8b42754af","taskType":"fetch_description","data":{"id":"1e62e2c4-7688-4b01-8546-60f8b42754af","type":"fetch_description","ms":13,"heapUsedMb":90,"heapDeltaMb":2,"heapLimitMb":4144,"rssMb":143,"rssDeltaMb":0}}
{"t":"2026-10-01T15:45:13.491Z","level":"info","msg":"task start","taskId":"d0bb23c7-d474-4529-b53e-664661121f2f","taskType":"fetch_description","data":{"id":"d0bb23c7-d474-4529-b53e-664661121f2f","type":"fetch_description","attempt":1,"workerId":"test","commit":null,"readyWaitMs":48,"heapUsedMb":90,"heapLimitMb":4144,"rssMb":143}}
{"t":"2026-10-01T15:45:13.544Z","level":"info","msg":"task done","taskId":"d0bb23c7-d474-4529-b53e-664661121f2f","taskType":"fetch_description","data":{"id":"d0bb23c7-d474-4529-b53e-664661121f2f","type":"fetch_description","ms":53,"heapUsedMb":91,"heapDeltaMb":1,"heapLimitMb":4144,"rssMb":142,"rssDeltaMb":-1}}
{"t":"2026-10-01T15:45:13.546Z","level":"info","msg":"task start","taskId":"beaa8c20-bd82-4633-bc00-bd4da516daec","taskType":"fetch_description","data":{"id":"beaa8c20-bd82-4633-bc00-bd4da516daec","type":"fetch_description","attempt":1,"workerId":"test","commit":null,"readyWaitMs":103,"heapUsedMb":91,"heapLimitMb":4144,"rssMb":142}}
{"t":"2026-10-01T15:45:13.621Z","level":"info","msg":"task done","taskId":"beaa8c20-bd82-4633-bc00-bd4da516daec","taskType":"fetch_description","data":{"id":"beaa8c20-bd82-4633-bc00-bd4da516daec","type":"fetch_description","ms":75,"heapUsedMb":81,"heapDeltaMb":-10,"heapLimitMb":4144,"rssMb":142,"rssDeltaMb":0}}
{"t":"2026-10-01T15:45:13.623Z","level":"info","msg":"task start","taskId":"14a1ee1d-0166-495c-85b5-8ab309f0c119","taskType":"fetch_description","data":{"id":"14a1ee1d-0166-495c-85b5-8ab309f0c119","type":"fetch_description","attempt":1,"workerId":"test","commit":null,"readyWaitMs":180,"heapUsedMb":81,"heapLimitMb":4144,"rssMb":142}}
{"t":"2026-10-01T15:45:13.659Z","level":"info","msg":"task done","taskId":"14a1ee1d-0166-495c-85b5-8ab309f0c119","taskType":"fetch_description","data":{"id":"14a1ee1d-0166-495c-85b5-8ab309f0c119","type":"fetch_description","ms":36,"heapUsedMb":82,"heapDeltaMb":1,"heapLimitMb":4144,"rssMb":143,"rssDeltaMb":1}}
{"t":"2026-10-01T15:45:13.670Z","level":"info","msg":"task start","taskId":"276afffd-d948-472f-b1d1-1b52e090073c","taskType":"discover","data":{"id":"276afffd-d948-472f-b1d1-1b52e090073c","type":"discover","attempt":1,"workerId":"test","commit":null,"readyWaitMs":557,"heapUsedMb":83,"heapLimitMb":4144,"rssMb":143}}
{"t":"2026-10-01T15:45:13.733Z","level":"warn","msg":"logo re-encode failed; the original is kept","taskId":"276afffd-d948-472f-b1d1-1b52e090073c","taskType":"discover","data":{"error":"Input buffer has corrupt header:","bytes":400}}
{"t":"2026-10-01T15:45:13.741Z","level":"info","msg":"logo captured","taskId":"276afffd-d948-472f-b1d1-1b52e090073c","taskType":"discover","data":{"company":"Acme Robotics","source":"site_icon","sourceUrl":"https://www.acme.example/favicon.png","bytes":400,"contentType":"image/png"}}
{"t":"2026-10-01T15:45:13.746Z","level":"info","msg":"task done","taskId":"276afffd-d948-472f-b1d1-1b52e090073c","taskType":"discover","data":{"id":"276afffd-d948-472f-b1d1-1b52e090073c","type":"discover","ms":76,"heapUsedMb":83,"heapDeltaMb":0,"heapLimitMb":4144,"rssMb":144,"rssDeltaMb":1}}
{"t":"2026-10-01T15:45:13.878Z","level":"info","msg":"source scanned","data":{"company":"acme.example","type":"greenhouse","status":"ok","postings":5,"new":0,"closed":0,"followers":1,"deferredDescriptions":0,"reusedListing":false,"claimFetchedBytes":1452,"claimRequests":3,"claimRevalidated":0,"heapUsedMb":85,"ms":126}}
{"t":"2026-10-01T15:45:14.025Z","level":"info","msg":"source scanned","data":{"company":"acme.example","type":"greenhouse","status":"ok","postings":5,"new":0,"closed":0,"followers":1,"deferredDescriptions":0,"reusedListing":false,"claimFetchedBytes":1452,"claimRequests":3,"claimRevalidated":0,"heapUsedMb":88,"ms":139}}
{"t":"2026-10-01T15:45:14.482Z","level":"info","msg":"slow database query","data":{"durationMs":450,"statement":"truncate users, companies, career_sources, discovery_runs, scan_runs, scans, jobs, job_events, decisions, tasks, setting"}}
{"t":"2026-10-01T15:45:14.501Z","level":"info","msg":"task start","taskId":"b28f9b8f-e228-4d97-abce-c78d93101a82","taskType":"discover","data":{"id":"b28f9b8f-e228-4d97-abce-c78d93101a82","type":"discover","attempt":1,"workerId":"test","commit":null,"readyWaitMs":6,"heapUsedMb":89,"heapLimitMb":4144,"rssMb":143}}
{"t":"2026-10-01T15:45:14.666Z","level":"info","msg":"discovery finished","taskId":"b28f9b8f-e228-4d97-abce-c78d93101a82","taskType":"discover","data":{"company":"acme.example","outcome":"resolved","fetches":3,"best":"ats_link"}}
{"t":"2026-10-01T15:45:14.668Z","level":"info","msg":"task done","taskId":"b28f9b8f-e228-4d97-abce-c78d93101a82","taskType":"discover","data":{"id":"b28f9b8f-e228-4d97-abce-c78d93101a82","type":"discover","ms":167,"heapUsedMb":92,"heapDeltaMb":3,"heapLimitMb":4144,"rssMb":144,"rssDeltaMb":1}}
{"t":"2026-10-01T15:45:14.669Z","level":"info","msg":"task start","taskId":"fa4bb548-90bc-41ce-8708-99f4ff15a8de","taskType":"scan_company","data":{"id":"fa4bb548-90bc-41ce-8708-99f4ff15a8de","type":"scan_company","attempt":1,"workerId":"test","commit":null,"readyWaitMs":11,"heapUsedMb":92,"heapLimitMb":4144,"rssMb":144}}
{"t":"2026-10-01T15:45:14.837Z","level":"info","msg":"source scanned","taskId":"fa4bb548-90bc-41ce-8708-99f4ff15a8de","taskType":"scan_company","data":{"company":"Acme Robotics","type":"greenhouse","status":"ok","postings":5,"new":5,"closed":0,"followers":1,"deferredDescriptions":0,"reusedListing":false,"claimFetchedBytes":1452,"claimRequests":3,"claimRevalidated":0,"heapUsedMb":84,"ms":164}}
{"t":"2026-10-01T15:45:14.845Z","level":"info","msg":"task done","taskId":"fa4bb548-90bc-41ce-8708-99f4ff15a8de","taskType":"scan_company","data":{"id":"fa4bb548-90bc-41ce-8708-99f4ff15a8de","type":"scan_company","ms":176,"heapUsedMb":84,"heapDeltaMb":-8,"heapLimitMb":4144,"rssMb":135,"rssDeltaMb":-9}}
{"t":"2026-10-01T15:45:14.847Z","level":"info","msg":"task start","taskId":"5c6bbfa2-005a-411b-a61f-b140939eaa44","taskType":"fetch_description","data":{"id":"5c6bbfa2-005a-411b-a61f-b140939eaa44","type":"fetch_description","attempt":1,"workerId":"test","commit":null,"readyWaitMs":29,"heapUsedMb":84,"heapLimitMb":4144,"rssMb":135}}
{"t":"2026-10-01T15:45:14.876Z","level":"info","msg":"task done","taskId":"5c6bbfa2-005a-411b-a61f-b140939eaa44","taskType":"fetch_description","data":{"id":"5c6bbfa2-005a-411b-a61f-b140939eaa44","type":"fetch_description","ms":29,"heapUsedMb":85,"heapDeltaMb":1,"heapLimitMb":4144,"rssMb":134,"rssDeltaMb":-1}}
{"t":"2026-10-01T15:45:14.879Z","level":"info","msg":"task start","taskId":"8be6e8ee-8423-4fab-b203-992d0e9efb11","taskType":"fetch_description","data":{"id":"8be6e8ee-8423-4fab-b203-992d0e9efb11","type":"fetch_description","attempt":1,"workerId":"test","commit":null,"readyWaitMs":61,"heapUsedMb":86,"heapLimitMb":4144,"rssMb":134}}
{"t":"2026-10-01T15:45:14.926Z","level":"info","msg":"task done","taskId":"8be6e8ee-8423-4fab-b203-992d0e9efb11","taskType":"fetch_description","data":{"id":"8be6e8ee-8423-4fab-b203-992d0e9efb11","type":"fetch_description","ms":47,"heapUsedMb":87,"heapDeltaMb":1,"heapLimitMb":4144,"rssMb":134,"rssDeltaMb":0}}
{"t":"2026-10-01T15:45:14.928Z","level":"info","msg":"task start","taskId":"b81142f9-1ed7-412f-88f1-48f17fe9e4dc","taskType":"fetch_description","data":{"id":"b81142f9-1ed7-412f-88f1-48f17fe9e4dc","type":"fetch_description","attempt":1,"workerId":"test","commit":null,"readyWaitMs":110,"heapUsedMb":87,"heapLimitMb":4144,"rssMb":134}}
{"t":"2026-10-01T15:45:14.977Z","level":"info","msg":"task done","taskId":"b81142f9-1ed7-412f-88f1-48f17fe9e4dc","taskType":"fetch_description","data":{"id":"b81142f9-1ed7-412f-88f1-48f17fe9e4dc","type":"fetch_description","ms":49,"heapUsedMb":88,"heapDeltaMb":1,"heapLimitMb":4144,"rssMb":135,"rssDeltaMb":1}}
{"t":"2026-10-01T15:45:14.985Z","level":"info","msg":"task start","taskId":"a65a2be5-3d0b-4351-8456-0ecf1d49f741","taskType":"fetch_description","data":{"id":"a65a2be5-3d0b-4351-8456-0ecf1d49f741","type":"fetch_description","attempt":1,"workerId":"test","commit":null,"readyWaitMs":167,"heapUsedMb":88,"heapLimitMb":4144,"rssMb":135}}
{"t":"2026-10-01T15:45:15.024Z","level":"info","msg":"task done","taskId":"a65a2be5-3d0b-4351-8456-0ecf1d49f741","taskType":"fetch_description","data":{"id":"a65a2be5-3d0b-4351-8456-0ecf1d49f741","type":"fetch_description","ms":40,"heapUsedMb":89,"heapDeltaMb":1,"heapLimitMb":4144,"rssMb":135,"rssDeltaMb":0}}
{"t":"2026-10-01T15:45:15.026Z","level":"info","msg":"task start","taskId":"df481f16-7ca5-4da4-84a1-ab3aa902717e","taskType":"discover","data":{"id":"df481f16-7ca5-4da4-84a1-ab3aa902717e","type":"discover","attempt":1,"workerId":"test","commit":null,"readyWaitMs":525,"heapUsedMb":89,"heapLimitMb":4144,"rssMb":135}}
{"t":"2026-10-01T15:45:15.081Z","level":"warn","msg":"logo re-encode failed; the original is kept","taskId":"df481f16-7ca5-4da4-84a1-ab3aa902717e","taskType":"discover","data":{"error":"Input buffer has corrupt header:","bytes":400}}
{"t":"2026-10-01T15:45:15.093Z","level":"info","msg":"logo captured","taskId":"df481f16-7ca5-4da4-84a1-ab3aa902717e","taskType":"discover","data":{"company":"Acme Robotics","source":"site_icon","sourceUrl":"https://www.acme.example/favicon.png","bytes":400,"contentType":"image/png"}}
{"t":"2026-10-01T15:45:15.098Z","level":"info","msg":"task done","taskId":"df481f16-7ca5-4da4-84a1-ab3aa902717e","taskType":"discover","data":{"id":"df481f16-7ca5-4da4-84a1-ab3aa902717e","type":"discover","ms":72,"heapUsedMb":90,"heapDeltaMb":1,"heapLimitMb":4144,"rssMb":135,"rssDeltaMb":0}}
{"t":"2026-10-01T15:45:15.755Z","level":"info","msg":"slow database query","data":{"durationMs":614,"statement":"truncate users, companies, career_sources, discovery_runs, scan_runs, scans, jobs, job_events, decisions, tasks, setting"}}
{"t":"2026-10-01T15:45:15.783Z","level":"info","msg":"source scanned","data":{"company":"Empty Co","type":"html","status":"ok","postings":0,"new":0,"closed":0,"followers":0,"deferredDescriptions":0,"reusedListing":false,"claimFetchedBytes":152,"claimRequests":1,"claimRevalidated":0,"heapUsedMb":94,"ms":14}}
{"t":"2026-10-01T15:45:16.503Z","level":"info","msg":"slow database query","data":{"durationMs":715,"statement":"truncate users, companies, career_sources, discovery_runs, scan_runs, scans, jobs, job_events, decisions, tasks, setting"}}
{"t":"2026-10-01T15:45:16.564Z","level":"info","msg":"source scanned","data":{"company":"Filtered Co","type":"html","status":"failed","postings":0,"new":0,"closed":0,"followers":0,"deferredDescriptions":0,"reusedListing":false,"claimFetchedBytes":61,"claimRequests":1,"claimRevalidated":0,"heapUsedMb":85,"ms":34}}
{"t":"2026-10-01T15:45:17.323Z","level":"info","msg":"slow database query","data":{"durationMs":747,"statement":"truncate users, companies, career_sources, discovery_runs, scan_runs, scans, jobs, job_events, decisions, tasks, setting"}}
{"t":"2026-10-01T15:45:19.400Z","level":"info","msg":"source scanned","data":{"company":"Acme","type":"html","status":"partial","postings":1,"new":1,"closed":0,"followers":0,"deferredDescriptions":0,"reusedListing":false,"claimFetchedBytes":159093,"claimRequests":1,"claimRevalidated":0,"heapUsedMb":96,"ms":2051}}
{"t":"2026-10-01T15:45:20.716Z","level":"info","msg":"slow database query","data":{"durationMs":1296,"statement":"truncate users, companies, career_sources, discovery_runs, scan_runs, scans, jobs, job_events, decisions, tasks, setting"}}
{"t":"2026-10-01T15:45:22.722Z","level":"info","msg":"source scanned","data":{"company":"Acme","type":"html","status":"partial","postings":1,"new":1,"closed":0,"followers":0,"deferredDescriptions":0,"reusedListing":false,"claimFetchedBytes":159131,"claimRequests":2,"claimRevalidated":0,"heapUsedMb":124,"ms":1968}}
{"t":"2026-10-01T15:45:24.417Z","level":"info","msg":"source scanned","data":{"company":"Acme","type":"html","status":"partial","postings":1,"new":0,"closed":0,"followers":0,"deferredDescriptions":0,"reusedListing":false,"claimFetchedBytes":159131,"claimRequests":2,"claimRevalidated":0,"heapUsedMb":146,"ms":1685}}
{"t":"2026-10-01T15:45:24.978Z","level":"info","msg":"slow database query","data":{"durationMs":510,"statement":"truncate users, companies, career_sources, discovery_runs, scan_runs, scans, jobs, job_events, decisions, tasks, setting"}}
{"t":"2026-10-01T15:45:25.110Z","level":"info","msg":"source scanned","data":{"company":"Acme","type":"html","status":"ok","postings":2,"new":2,"closed":0,"followers":0,"deferredDescriptions":0,"reusedListing":false,"claimFetchedBytes":142,"claimRequests":2,"claimRevalidated":0,"heapUsedMb":137,"ms":51}}
{"t":"2026-10-01T15:45:25.131Z","level":"info","msg":"source scanned","data":{"company":"Acme","type":"html","status":"partial","postings":0,"new":0,"closed":0,"followers":0,"deferredDescriptions":0,"reusedListing":false,"claimFetchedBytes":96,"claimRequests":2,"claimRevalidated":0,"heapUsedMb":139,"ms":14}}
{"t":"2026-10-01T15:45:25.191Z","level":"info","msg":"source scanned","data":{"company":"Acme","type":"html","status":"partial","postings":1,"new":0,"closed":0,"followers":0,"deferredDescriptions":0,"reusedListing":false,"claimFetchedBytes":96,"claimRequests":2,"claimRevalidated":0,"heapUsedMb":141,"ms":56}}
{"t":"2026-10-01T15:45:25.235Z","level":"info","msg":"source scanned","data":{"company":"Acme","type":"html","status":"partial","postings":1,"new":0,"closed":0,"followers":0,"deferredDescriptions":0,"reusedListing":false,"claimFetchedBytes":129,"claimRequests":2,"claimRevalidated":0,"heapUsedMb":142,"ms":30}}
{"t":"2026-10-01T15:45:25.654Z","level":"info","msg":"slow database query","data":{"durationMs":412,"statement":"truncate users, companies, career_sources, discovery_runs, scan_runs, scans, jobs, job_events, decisions, tasks, setting"}}
{"t":"2026-10-01T15:45:25.812Z","level":"info","msg":"source scanned","data":{"company":"Acme","type":"html","status":"ok","postings":3,"new":3,"closed":0,"followers":0,"deferredDescriptions":0,"reusedListing":false,"claimFetchedBytes":329,"claimRequests":5,"claimRevalidated":0,"heapUsedMb":147,"ms":132}}
{"t":"2026-10-01T15:45:25.938Z","level":"warn","msg":"HTML pagination incomplete","data":{"url":"https://www.acme.example/listing?page=3","error":"HTTP 404 from https://www.acme.example/listing?page=3"}}
{"t":"2026-10-01T15:45:25.948Z","level":"info","msg":"source scanned","data":{"company":"Acme","type":"html","status":"partial","postings":2,"new":0,"closed":0,"followers":0,"deferredDescriptions":0,"reusedListing":false,"claimFetchedBytes":280,"claimRequests":5,"claimRevalidated":0,"heapUsedMb":149,"ms":117}}
{"t":"2026-10-01T15:45:26.814Z","level":"info","msg":"slow database query","data":{"durationMs":862,"statement":"truncate users, companies, career_sources, discovery_runs, scan_runs, scans, jobs, job_events, decisions, tasks, setting"}}
{"t":"2026-10-01T15:45:26.918Z","level":"info","msg":"source scanned","data":{"company":"Acme","type":"html","status":"ok","postings":3,"new":3,"closed":0,"followers":0,"deferredDescriptions":0,"reusedListing":false,"claimFetchedBytes":237,"claimRequests":3,"claimRevalidated":0,"heapUsedMb":142,"ms":80}}
{"t":"2026-10-01T15:45:28.145Z","level":"info","msg":"slow database query","data":{"durationMs":1217,"statement":"truncate users, companies, career_sources, discovery_runs, scan_runs, scans, jobs, job_events, decisions, tasks, setting"}}
{"t":"2026-10-01T15:45:28.262Z","level":"info","msg":"source scanned","data":{"company":"Acme","type":"html","status":"ok","postings":2,"new":2,"closed":0,"followers":0,"deferredDescriptions":0,"reusedListing":false,"claimFetchedBytes":89,"claimRequests":2,"claimRevalidated":0,"heapUsedMb":145,"ms":56}}
{"t":"2026-10-01T15:45:28.322Z","level":"info","msg":"source scanned","data":{"company":"Acme","type":"html","status":"partial","postings":1,"new":0,"closed":0,"followers":0,"deferredDescriptions":0,"reusedListing":false,"claimFetchedBytes":89,"claimRequests":2,"claimRevalidated":0,"heapUsedMb":148,"ms":44}}
{"t":"2026-10-01T15:45:28.805Z","level":"info","msg":"slow database query","data":{"durationMs":449,"statement":"truncate users, companies, career_sources, discovery_runs, scan_runs, scans, jobs, job_events, decisions, tasks, setting"}}
{"t":"2026-10-01T15:45:28.862Z","level":"info","msg":"source scanned","data":{"company":"Acme","type":"html","status":"partial","postings":2,"new":2,"closed":0,"followers":0,"deferredDescriptions":0,"reusedListing":false,"claimFetchedBytes":183,"claimRequests":2,"claimRevalidated":0,"heapUsedMb":142,"ms":40}}
{"t":"2026-10-01T15:45:29.317Z","level":"info","msg":"slow database query","data":{"durationMs":445,"statement":"truncate users, companies, career_sources, discovery_runs, scan_runs, scans, jobs, job_events, decisions, tasks, setting"}}
{"t":"2026-10-01T15:45:29.386Z","level":"info","msg":"source scanned","data":{"company":"Acme","type":"html","status":"ok","postings":1,"new":1,"closed":0,"followers":0,"deferredDescriptions":0,"reusedListing":false,"claimFetchedBytes":152,"claimRequests":2,"claimRevalidated":0,"heapUsedMb":144,"ms":57}}
{"t":"2026-10-01T15:45:29.963Z","level":"info","msg":"slow database query","data":{"durationMs":564,"statement":"truncate users, companies, career_sources, discovery_runs, scan_runs, scans, jobs, job_events, decisions, tasks, setting"}}
{"t":"2026-10-01T15:45:30.026Z","level":"info","msg":"source scanned","data":{"company":"Acme","type":"html","status":"partial","postings":1,"new":1,"closed":0,"followers":0,"deferredDescriptions":0,"reusedListing":false,"claimFetchedBytes":128,"claimRequests":1,"claimRevalidated":0,"heapUsedMb":147,"ms":43}}
{"t":"2026-10-01T15:45:30.872Z","level":"info","msg":"slow database query","data":{"durationMs":839,"statement":"truncate users, companies, career_sources, discovery_runs, scan_runs, scans, jobs, job_events, decisions, tasks, setting"}}
{"t":"2026-10-01T15:45:31.323Z","level":"info","msg":"slow database query","data":{"durationMs":425,"statement":"insert into \"jobs\" (\"id\", \"company_id\", \"source_id\", \"external_key\", \"title\", \"normalized_title\", \"url\", \"location\", \"lo"}}
{"t":"2026-10-01T15:45:31.368Z","level":"info","msg":"source scanned","data":{"company":"Acme","type":"html","status":"partial","postings":1,"new":1,"closed":0,"followers":0,"deferredDescriptions":0,"reusedListing":false,"claimFetchedBytes":156,"claimRequests":1,"claimRevalidated":0,"heapUsedMb":150,"ms":38}}
{"t":"2026-10-01T15:45:32.259Z","level":"info","msg":"slow database query","data":{"durationMs":884,"statement":"truncate users, companies, career_sources, discovery_runs, scan_runs, scans, jobs, job_events, decisions, tasks, setting"}}
{"t":"2026-10-01T15:45:32.324Z","level":"info","msg":"source scanned","data":{"company":"Acme","type":"html","status":"partial","postings":1,"new":1,"closed":0,"followers":0,"deferredDescriptions":0,"reusedListing":false,"claimFetchedBytes":119,"claimRequests":1,"claimRevalidated":0,"heapUsedMb":153,"ms":31}}
{"t":"2026-10-01T15:45:32.363Z","level":"info","msg":"source scanned","data":{"company":"Acme","type":"html","status":"partial","postings":1,"new":0,"closed":0,"followers":0,"deferredDescriptions":0,"reusedListing":false,"claimFetchedBytes":238,"claimRequests":2,"claimRevalidated":0,"heapUsedMb":145,"ms":20}}
{"t":"2026-10-01T15:45:32.714Z","level":"info","msg":"slow database query","data":{"durationMs":345,"statement":"truncate users, companies, career_sources, discovery_runs, scan_runs, scans, jobs, job_events, decisions, tasks, setting"}}
{"t":"2026-10-01T15:45:32.761Z","level":"info","msg":"source scanned","data":{"company":"Acme","type":"html","status":"ok","postings":2,"new":2,"closed":0,"followers":0,"deferredDescriptions":0,"reusedListing":false,"claimFetchedBytes":98,"claimRequests":1,"claimRevalidated":0,"heapUsedMb":148,"ms":28}}
{"t":"2026-10-01T15:45:32.808Z","level":"info","msg":"source scanned","data":{"company":"Acme","type":"html","status":"partial","postings":1,"new":0,"closed":0,"followers":0,"deferredDescriptions":0,"reusedListing":false,"claimFetchedBytes":114,"claimRequests":1,"claimRevalidated":0,"heapUsedMb":150,"ms":39}}
{"t":"2026-10-01T15:45:33.089Z","level":"info","msg":"slow database query","data":{"durationMs":275,"statement":"truncate users, companies, career_sources, discovery_runs, scan_runs, scans, jobs, job_events, decisions, tasks, setting"}}
{"t":"2026-10-01T15:45:33.178Z","level":"info","msg":"source scanned","data":{"company":"Acme","type":"html","status":"ok","postings":2,"new":2,"closed":0,"followers":0,"deferredDescriptions":0,"reusedListing":false,"claimFetchedBytes":126,"claimRequests":2,"claimRevalidated":0,"heapUsedMb":153,"ms":78}}
{"t":"2026-10-01T15:45:33.273Z","level":"info","msg":"source scanned","data":{"company":"Acme","type":"html","status":"ok","postings":2,"new":0,"closed":0,"followers":0,"deferredDescriptions":0,"reusedListing":false,"claimFetchedBytes":126,"claimRequests":2,"claimRevalidated":0,"heapUsedMb":155,"ms":80}}
{"t":"2026-10-01T15:45:33.366Z","level":"info","msg":"source scanned","data":{"company":"Acme","type":"html","status":"ok","postings":2,"new":0,"closed":0,"followers":0,"deferredDescriptions":0,"reusedListing":false,"claimFetchedBytes":126,"claimRequests":2,"claimRevalidated":0,"heapUsedMb":146,"ms":88}}
{"t":"2026-10-01T15:45:33.468Z","level":"info","msg":"source scanned","data":{"company":"Acme","type":"html","status":"ok","postings":2,"new":0,"closed":0,"followers":0,"deferredDescriptions":0,"reusedListing":false,"claimFetchedBytes":126,"claimRequests":2,"claimRevalidated":0,"heapUsedMb":148,"ms":99}}
{"t":"2026-10-01T15:45:33.568Z","level":"info","msg":"source scanned","data":{"company":"Acme","type":"html","status":"ok","postings":2,"new":0,"closed":0,"followers":0,"deferredDescriptions":0,"reusedListing":false,"claimFetchedBytes":126,"claimRequests":2,"claimRevalidated":0,"heapUsedMb":150,"ms":93}}
{"t":"2026-10-01T15:45:33.966Z","level":"info","msg":"slow database query","data":{"durationMs":393,"statement":"truncate users, companies, career_sources, discovery_runs, scan_runs, scans, jobs, job_events, decisions, tasks, setting"}}
{"t":"2026-10-01T15:45:34.046Z","level":"info","msg":"source scanned","data":{"company":"Acme","type":"html","status":"ok","postings":2,"new":2,"closed":0,"followers":0,"deferredDescriptions":0,"reusedListing":false,"claimFetchedBytes":126,"claimRequests":2,"claimRevalidated":0,"heapUsedMb":153,"ms":68}}
{"t":"2026-10-01T15:45:34.131Z","level":"warn","msg":"HTML pagination incomplete","data":{"url":"https://www.acme.example/listing?page=2","error":"HTTP 404 from https://www.acme.example/listing?page=2"}}
{"t":"2026-10-01T15:45:34.140Z","level":"info","msg":"source scanned","data":{"company":"Acme","type":"html","status":"partial","postings":1,"new":0,"closed":0,"followers":0,"deferredDescriptions":0,"reusedListing":false,"claimFetchedBytes":96,"claimRequests":2,"claimRevalidated":0,"heapUsedMb":155,"ms":88}}
{"t":"2026-10-01T15:45:34.230Z","level":"warn","msg":"HTML pagination incomplete","data":{"url":"https://www.acme.example/listing?page=2","error":"HTTP 404 from https://www.acme.example/listing?page=2"}}
{"t":"2026-10-01T15:45:34.238Z","level":"info","msg":"source scanned","data":{"company":"Acme","type":"html","status":"partial","postings":1,"new":0,"closed":0,"followers":0,"deferredDescriptions":0,"reusedListing":false,"claimFetchedBytes":96,"claimRequests":2,"claimRevalidated":0,"heapUsedMb":156,"ms":93}}
{"t":"2026-10-01T15:45:34.622Z","level":"info","msg":"slow database query","data":{"durationMs":377,"statement":"truncate users, companies, career_sources, discovery_runs, scan_runs, scans, jobs, job_events, decisions, tasks, setting"}}
{"t":"2026-10-01T15:45:34.694Z","level":"info","msg":"source scanned","data":{"company":"Acme","type":"html","status":"ok","postings":1,"new":1,"closed":0,"followers":0,"deferredDescriptions":0,"reusedListing":false,"claimFetchedBytes":45,"claimRequests":1,"claimRevalidated":0,"heapUsedMb":148,"ms":47}}
{"t":"2026-10-01T15:45:34.740Z","level":"info","msg":"source scanned","data":{"company":"Acme","type":"html","status":"ok","postings":1,"new":0,"closed":0,"followers":0,"deferredDescriptions":0,"reusedListing":false,"claimFetchedBytes":45,"claimRequests":1,"claimRevalidated":0,"heapUsedMb":150,"ms":34}}
{"t":"2026-10-01T15:45:35.120Z","level":"info","msg":"slow database query","data":{"durationMs":371,"statement":"truncate users, companies, career_sources, discovery_runs, scan_runs, scans, jobs, job_events, decisions, tasks, setting"}}
{"t":"2026-10-01T15:45:35.537Z","level":"info","msg":"slow database query","data":{"durationMs":384,"statement":"truncate users, companies, career_sources, discovery_runs, scan_runs, scans, jobs, job_events, decisions, tasks, setting"}}
{"t":"2026-10-01T15:45:35.559Z","level":"info","msg":"task start","taskId":"b3e30e36-1c9d-42d3-9922-08effe0f8826","taskType":"discover","data":{"id":"b3e30e36-1c9d-42d3-9922-08effe0f8826","type":"discover","attempt":1,"workerId":"test","commit":null,"readyWaitMs":7,"heapUsedMb":152,"heapLimitMb":4144,"rssMb":132}}
{"t":"2026-10-01T15:45:35.725Z","level":"info","msg":"discovery finished","taskId":"b3e30e36-1c9d-42d3-9922-08effe0f8826","taskType":"discover","data":{"company":"acme.example","outcome":"resolved","fetches":3,"best":"ats_link"}}
{"t":"2026-10-01T15:45:35.727Z","level":"info","msg":"task done","taskId":"b3e30e36-1c9d-42d3-9922-08effe0f8826","taskType":"discover","data":{"id":"b3e30e36-1c9d-42d3-9922-08effe0f8826","type":"discover","ms":168,"heapUsedMb":155,"heapDeltaMb":3,"heapLimitMb":4144,"rssMb":133,"rssDeltaMb":1}}
{"t":"2026-10-01T15:45:35.729Z","level":"info","msg":"task start","taskId":"c36a9f9b-09cb-4099-bd07-b1fd2013ed4e","taskType":"scan_company","data":{"id":"c36a9f9b-09cb-4099-bd07-b1fd2013ed4e","type":"scan_company","attempt":1,"workerId":"test","commit":null,"readyWaitMs":10,"heapUsedMb":155,"heapLimitMb":4144,"rssMb":133}}
{"t":"2026-10-01T15:45:35.910Z","level":"info","msg":"source scanned","taskId":"c36a9f9b-09cb-4099-bd07-b1fd2013ed4e","taskType":"scan_company","data":{"company":"Acme Robotics","type":"greenhouse","status":"ok","postings":13,"new":13,"closed":0,"followers":1,"deferredDescriptions":0,"reusedListing":false,"claimFetchedBytes":3490,"claimRequests":3,"claimRevalidated":0,"heapUsedMb":148,"ms":176}}
{"t":"2026-10-01T15:45:35.919Z","level":"info","msg":"task done","taskId":"c36a9f9b-09cb-4099-bd07-b1fd2013ed4e","taskType":"scan_company","data":{"id":"c36a9f9b-09cb-4099-bd07-b1fd2013ed4e","type":"scan_company","ms":190,"heapUsedMb":148,"heapDeltaMb":-7,"heapLimitMb":4144,"rssMb":139,"rssDeltaMb":6}}
{"t":"2026-10-01T15:45:35.922Z","level":"info","msg":"task start","taskId":"6252c640-4968-4e7b-bda2-33cf8c07731f","taskType":"fetch_description","data":{"id":"6252c640-4968-4e7b-bda2-33cf8c07731f","type":"fetch_description","attempt":1,"workerId":"test","commit":null,"readyWaitMs":40,"heapUsedMb":148,"heapLimitMb":4144,"rssMb":139}}
{"t":"2026-10-01T15:45:35.933Z","level":"info","msg":"task done","taskId":"6252c640-4968-4e7b-bda2-33cf8c07731f","taskType":"fetch_description","data":{"id":"6252c640-4968-4e7b-bda2-33cf8c07731f","type":"fetch_description","ms":11,"heapUsedMb":150,"heapDeltaMb":2,"heapLimitMb":4144,"rssMb":140,"rssDeltaMb":1}}
{"t":"2026-10-01T15:45:35.935Z","level":"info","msg":"task start","taskId":"eb64f18f-e713-4f7d-bb61-40100cd1cf10","taskType":"discover","data":{"id":"eb64f18f-e713-4f7d-bb61-40100cd1cf10","type":"discover","attempt":1,"workerId":"test","commit":null,"readyWaitMs":374,"heapUsedMb":150,"heapLimitMb":4144,"rssMb":140}}
{"t":"2026-10-01T15:45:35.992Z","level":"warn","msg":"logo re-encode failed; the original is kept","taskId":"eb64f18f-e713-4f7d-bb61-40100cd1cf10","taskType":"discover","data":{"error":"Input buffer has corrupt header:","bytes":400}}
{"t":"2026-10-01T15:45:36.013Z","level":"info","msg":"logo captured","taskId":"eb64f18f-e713-4f7d-bb61-40100cd1cf10","taskType":"discover","data":{"company":"Acme Robotics","source":"site_icon","sourceUrl":"https://www.acme.example/favicon.png","bytes":400,"contentType":"image/png"}}
{"t":"2026-10-01T15:45:36.016Z","level":"info","msg":"task done","taskId":"eb64f18f-e713-4f7d-bb61-40100cd1cf10","taskType":"discover","data":{"id":"eb64f18f-e713-4f7d-bb61-40100cd1cf10","type":"discover","ms":81,"heapUsedMb":151,"heapDeltaMb":1,"heapLimitMb":4144,"rssMb":141,"rssDeltaMb":1}}
{"t":"2026-10-01T15:45:36.022Z","level":"info","msg":"task start","taskId":"1f47af09-674f-4228-b80d-b3714bae3bcd","taskType":"scan_company","data":{"id":"1f47af09-674f-4228-b80d-b3714bae3bcd","type":"scan_company","attempt":1,"workerId":"test","commit":null,"readyWaitMs":3,"heapUsedMb":151,"heapLimitMb":4144,"rssMb":141}}
{"t":"2026-10-01T15:45:36.146Z","level":"info","msg":"source scanned","taskId":"1f47af09-674f-4228-b80d-b3714bae3bcd","taskType":"scan_company","data":{"company":"Acme Robotics","type":"greenhouse","status":"partial","postings":3,"new":0,"closed":0,"followers":1,"deferredDescriptions":0,"reusedListing":false,"claimFetchedBytes":920,"claimRequests":3,"claimRevalidated":0,"heapUsedMb":153,"ms":117}}
{"t":"2026-10-01T15:45:36.152Z","level":"info","msg":"task done","taskId":"1f47af09-674f-4228-b80d-b3714bae3bcd","taskType":"scan_company","data":{"id":"1f47af09-674f-4228-b80d-b3714bae3bcd","type":"scan_company","ms":130,"heapUsedMb":153,"heapDeltaMb":2,"heapLimitMb":4144,"rssMb":140,"rssDeltaMb":-1}}
{"t":"2026-10-01T15:45:36.156Z","level":"info","msg":"task start","taskId":"c0272091-3675-4299-bfd3-055663390c09","taskType":"scan_company","data":{"id":"c0272091-3675-4299-bfd3-055663390c09","type":"scan_company","attempt":1,"workerId":"test","commit":null,"readyWaitMs":3,"heapUsedMb":154,"heapLimitMb":4144,"rssMb":140}}
{"t":"2026-10-01T15:45:36.302Z","level":"info","msg":"source scanned","taskId":"c0272091-3675-4299-bfd3-055663390c09","taskType":"scan_company","data":{"company":"Acme Robotics","type":"greenhouse","status":"partial","postings":2,"new":0,"closed":0,"followers":1,"deferredDescriptions":0,"reusedListing":false,"claimFetchedBytes":667,"claimRequests":3,"claimRevalidated":0,"heapUsedMb":156,"ms":142}}
{"t":"2026-10-01T15:45:36.308Z","level":"info","msg":"task done","taskId":"c0272091-3675-4299-bfd3-055663390c09","taskType":"scan_company","data":{"id":"c0272091-3675-4299-bfd3-055663390c09","type":"scan_company","ms":152,"heapUsedMb":156,"heapDeltaMb":2,"heapLimitMb":4144,"rssMb":140,"rssDeltaMb":0}}
{"t":"2026-10-01T15:45:36.313Z","level":"info","msg":"task start","taskId":"0a7ba9bd-1e9e-4ece-abf9-b838f1529186","taskType":"scan_company","data":{"id":"0a7ba9bd-1e9e-4ece-abf9-b838f1529186","type":"scan_company","attempt":1,"workerId":"test","commit":null,"readyWaitMs":4,"heapUsedMb":156,"heapLimitMb":4144,"rssMb":140}}
{"t":"2026-10-01T15:45:36.440Z","level":"info","msg":"source scanned","taskId":"0a7ba9bd-1e9e-4ece-abf9-b838f1529186","taskType":"scan_company","data":{"company":"Acme Robotics","type":"greenhouse","status":"partial","postings":1,"new":0,"closed":0,"followers":1,"deferredDescriptions":0,"reusedListing":false,"claimFetchedBytes":414,"claimRequests":3,"claimRevalidated":0,"heapUsedMb":159,"ms":122}}
{"t":"2026-10-01T15:45:36.445Z","level":"info","msg":"task done","taskId":"0a7ba9bd-1e9e-4ece-abf9-b838f1529186","taskType":"scan_company","data":{"id":"0a7ba9bd-1e9e-4ece-abf9-b838f1529186","type":"scan_company","ms":132,"heapUsedMb":159,"heapDeltaMb":3,"heapLimitMb":4144,"rssMb":142,"rssDeltaMb":2}}
{"t":"2026-10-01T15:45:36.446Z","level":"info","msg":"task start","taskId":"e03202c4-b03c-4748-96c0-169088f5b5e8","taskType":"discover","data":{"id":"e03202c4-b03c-4748-96c0-169088f5b5e8","type":"discover","attempt":1,"workerId":"test","commit":null,"readyWaitMs":13,"heapUsedMb":159,"heapLimitMb":4144,"rssMb":142}}
{"t":"2026-10-01T15:45:36.618Z","level":"info","msg":"discovery finished","taskId":"e03202c4-b03c-4748-96c0-169088f5b5e8","taskType":"discover","data":{"company":"Acme Robotics","outcome":"resolved","fetches":3,"best":"ats_link"}}
{"t":"2026-10-01T15:45:36.621Z","level":"info","msg":"task done","taskId":"e03202c4-b03c-4748-96c0-169088f5b5e8","taskType":"discover","data":{"id":"e03202c4-b03c-4748-96c0-169088f5b5e8","type":"discover","ms":175,"heapUsedMb":151,"heapDeltaMb":-8,"heapLimitMb":4144,"rssMb":144,"rssDeltaMb":2}}
{"t":"2026-10-01T15:45:36.624Z","level":"info","msg":"task start","taskId":"564d116d-383f-47f5-9130-c776461569d5","taskType":"scan_company","data":{"id":"564d116d-383f-47f5-9130-c776461569d5","type":"scan_company","attempt":1,"workerId":"test","commit":null,"readyWaitMs":19,"heapUsedMb":152,"heapLimitMb":4144,"rssMb":144}}
{"t":"2026-10-01T15:45:36.632Z","level":"info","msg":"task done","taskId":"564d116d-383f-47f5-9130-c776461569d5","taskType":"scan_company","data":{"id":"564d116d-383f-47f5-9130-c776461569d5","type":"scan_company","ms":8,"heapUsedMb":152,"heapDeltaMb":0,"heapLimitMb":4144,"rssMb":144,"rssDeltaMb":0}}
{"t":"2026-10-01T15:45:36.633Z","level":"info","msg":"task start","taskId":"271d917a-0cb3-4d56-bf86-1fbef3a95190","taskType":"discover","data":{"id":"271d917a-0cb3-4d56-bf86-1fbef3a95190","type":"discover","attempt":1,"workerId":"test","commit":null,"readyWaitMs":187,"heapUsedMb":152,"heapLimitMb":4144,"rssMb":144}}
{"t":"2026-10-01T15:45:36.685Z","level":"warn","msg":"logo re-encode failed; the original is kept","taskId":"271d917a-0cb3-4d56-bf86-1fbef3a95190","taskType":"discover","data":{"error":"Input buffer has corrupt header:","bytes":400}}
{"t":"2026-10-01T15:45:36.694Z","level":"info","msg":"logo captured","taskId":"271d917a-0cb3-4d56-bf86-1fbef3a95190","taskType":"discover","data":{"company":"Acme Robotics","source":"site_icon","sourceUrl":"https://www.acme.example/favicon.png","bytes":400,"contentType":"image/png"}}
{"t":"2026-10-01T15:45:36.696Z","level":"info","msg":"task done","taskId":"271d917a-0cb3-4d56-bf86-1fbef3a95190","taskType":"discover","data":{"id":"271d917a-0cb3-4d56-bf86-1fbef3a95190","type":"discover","ms":63,"heapUsedMb":153,"heapDeltaMb":1,"heapLimitMb":4144,"rssMb":145,"rssDeltaMb":1}}
{"t":"2026-10-01T15:45:36.966Z","level":"info","msg":"slow database query","data":{"durationMs":266,"statement":"truncate users, companies, career_sources, discovery_runs, scan_runs, scans, jobs, job_events, decisions, tasks, setting"}}
{"t":"2026-10-01T15:45:36.979Z","level":"info","msg":"task start","taskId":"282697e4-57fc-4111-92e8-9005796ed248","taskType":"discover","data":{"id":"282697e4-57fc-4111-92e8-9005796ed248","type":"discover","attempt":1,"workerId":"test","commit":null,"readyWaitMs":5,"heapUsedMb":155,"heapLimitMb":4144,"rssMb":145}}
{"t":"2026-10-01T15:45:37.142Z","level":"info","msg":"discovery finished","taskId":"282697e4-57fc-4111-92e8-9005796ed248","taskType":"discover","data":{"company":"acme.example","outcome":"resolved","fetches":3,"best":"ats_link"}}
{"t":"2026-10-01T15:45:37.144Z","level":"info","msg":"task done","taskId":"282697e4-57fc-4111-92e8-9005796ed248","taskType":"discover","data":{"id":"282697e4-57fc-4111-92e8-9005796ed248","type":"discover","ms":165,"heapUsedMb":158,"heapDeltaMb":3,"heapLimitMb":4144,"rssMb":145,"rssDeltaMb":0}}
{"t":"2026-10-01T15:45:37.145Z","level":"info","msg":"task start","taskId":"8de01d26-f3c2-46bc-8ed2-ae99337e9a3a","taskType":"scan_company","data":{"id":"8de01d26-f3c2-46bc-8ed2-ae99337e9a3a","type":"scan_company","attempt":1,"workerId":"test","commit":null,"readyWaitMs":10,"heapUsedMb":158,"heapLimitMb":4144,"rssMb":145}}
{"t":"2026-10-01T15:45:37.308Z","level":"info","msg":"source scanned","taskId":"8de01d26-f3c2-46bc-8ed2-ae99337e9a3a","taskType":"scan_company","data":{"company":"Acme Robotics","type":"greenhouse","status":"ok","postings":13,"new":13,"closed":0,"followers":1,"deferredDescriptions":0,"reusedListing":false,"claimFetchedBytes":3490,"claimRequests":3,"claimRevalidated":0,"heapUsedMb":161,"ms":159}}
{"t":"2026-10-01T15:45:37.314Z","level":"info","msg":"task done","taskId":"8de01d26-f3c2-46bc-8ed2-ae99337e9a3a","taskType":"scan_company","data":{"id":"8de01d26-f3c2-46bc-8ed2-ae99337e9a3a","type":"scan_company","ms":169,"heapUsedMb":161,"heapDeltaMb":3,"heapLimitMb":4144,"rssMb":145,"rssDeltaMb":0}}
{"t":"2026-10-01T15:45:37.316Z","level":"info","msg":"task start","taskId":"f4f57de7-82d9-4462-8198-1af8d7426770","taskType":"fetch_description","data":{"id":"f4f57de7-82d9-4462-8198-1af8d7426770","type":"fetch_description","attempt":1,"workerId":"test","commit":null,"readyWaitMs":25,"heapUsedMb":161,"heapLimitMb":4144,"rssMb":145}}
{"t":"2026-10-01T15:45:37.344Z","level":"info","msg":"task done","taskId":"f4f57de7-82d9-4462-8198-1af8d7426770","taskType":"fetch_description","data":{"id":"f4f57de7-82d9-4462-8198-1af8d7426770","type":"fetch_description","ms":28,"heapUsedMb":152,"heapDeltaMb":-9,"heapLimitMb":4144,"rssMb":146,"rssDeltaMb":1}}
{"t":"2026-10-01T15:45:37.347Z","level":"info","msg":"task start","taskId":"f6df31aa-9e6a-4767-9601-23650109c73f","taskType":"discover","data":{"id":"f6df31aa-9e6a-4767-9601-23650109c73f","type":"discover","attempt":1,"workerId":"test","commit":null,"readyWaitMs":367,"heapUsedMb":152,"heapLimitMb":4144,"rssMb":146}}
{"t":"2026-10-01T15:45:37.399Z","level":"warn","msg":"logo re-encode failed; the original is kept","taskId":"f6df31aa-9e6a-4767-9601-23650109c73f","taskType":"discover","data":{"error":"Input buffer has corrupt header:","bytes":400}}
{"t":"2026-10-01T15:45:37.403Z","level":"info","msg":"logo captured","taskId":"f6df31aa-9e6a-4767-9601-23650109c73f","taskType":"discover","data":{"company":"Acme Robotics","source":"site_icon","sourceUrl":"https://www.acme.example/favicon.png","bytes":400,"contentType":"image/png"}}
{"t":"2026-10-01T15:45:37.404Z","level":"info","msg":"task done","taskId":"f6df31aa-9e6a-4767-9601-23650109c73f","taskType":"discover","data":{"id":"f6df31aa-9e6a-4767-9601-23650109c73f","type":"discover","ms":57,"heapUsedMb":153,"heapDeltaMb":1,"heapLimitMb":4144,"rssMb":146,"rssDeltaMb":0}}
{"t":"2026-10-01T15:45:37.528Z","level":"info","msg":"source scanned","data":{"company":"acme.example","type":"greenhouse","status":"partial","postings":3,"new":0,"closed":0,"followers":1,"deferredDescriptions":0,"reusedListing":false,"claimFetchedBytes":920,"claimRequests":3,"claimRevalidated":0,"heapUsedMb":155,"ms":121}}
{"t":"2026-10-01T15:45:37.682Z","level":"info","msg":"source scanned","data":{"company":"acme.example","type":"greenhouse","status":"partial","postings":3,"new":0,"closed":0,"followers":1,"deferredDescriptions":0,"reusedListing":false,"claimFetchedBytes":920,"claimRequests":3,"claimRevalidated":0,"heapUsedMb":157,"ms":150}}
{"t":"2026-10-01T15:45:37.828Z","level":"info","msg":"source scanned","data":{"company":"acme.example","type":"greenhouse","status":"ok","postings":3,"new":0,"closed":0,"followers":1,"deferredDescriptions":0,"reusedListing":false,"claimFetchedBytes":920,"claimRequests":3,"claimRevalidated":0,"heapUsedMb":158,"ms":142}}
{"t":"2026-10-01T15:45:37.979Z","level":"info","msg":"source scanned","data":{"company":"acme.example","type":"greenhouse","status":"ok","postings":3,"new":0,"closed":10,"followers":1,"deferredDescriptions":0,"reusedListing":false,"claimFetchedBytes":920,"claimRequests":3,"claimRevalidated":0,"heapUsedMb":160,"ms":145}}
{"t":"2026-10-01T15:45:38.293Z","level":"info","msg":"slow database query","data":{"durationMs":313,"statement":"truncate users, companies, career_sources, discovery_runs, scan_runs, scans, jobs, job_events, decisions, tasks, setting"}}
{"t":"2026-10-01T15:45:38.333Z","level":"info","msg":"task start","taskId":"e204fbc9-6bb7-4e2b-b75f-fb7b3640d229","taskType":"discover","data":{"id":"e204fbc9-6bb7-4e2b-b75f-fb7b3640d229","type":"discover","attempt":1,"workerId":"test","commit":null,"readyWaitMs":10,"heapUsedMb":162,"heapLimitMb":4144,"rssMb":146}}
{"t":"2026-10-01T15:45:38.520Z","level":"info","msg":"discovery finished","taskId":"e204fbc9-6bb7-4e2b-b75f-fb7b3640d229","taskType":"discover","data":{"company":"acme.example","outcome":"resolved","fetches":3,"best":"ats_link"}}
{"t":"2026-10-01T15:45:38.526Z","level":"info","msg":"task done","taskId":"e204fbc9-6bb7-4e2b-b75f-fb7b3640d229","taskType":"discover","data":{"id":"e204fbc9-6bb7-4e2b-b75f-fb7b3640d229","type":"discover","ms":194,"heapUsedMb":154,"heapDeltaMb":-8,"heapLimitMb":4144,"rssMb":147,"rssDeltaMb":1}}
{"t":"2026-10-01T15:45:38.528Z","level":"info","msg":"task start","taskId":"463449e9-36f5-4e23-97dc-05d22a8bb9df","taskType":"scan_company","data":{"id":"463449e9-36f5-4e23-97dc-05d22a8bb9df","type":"scan_company","attempt":1,"workerId":"test","commit":null,"readyWaitMs":22,"heapUsedMb":154,"heapLimitMb":4144,"rssMb":147}}
{"t":"2026-10-01T15:45:38.716Z","level":"info","msg":"source scanned","taskId":"463449e9-36f5-4e23-97dc-05d22a8bb9df","taskType":"scan_company","data":{"company":"Acme Robotics","type":"greenhouse","status":"ok","postings":5,"new":5,"closed":0,"followers":1,"deferredDescriptions":0,"reusedListing":false,"claimFetchedBytes":1452,"claimRequests":3,"claimRevalidated":0,"heapUsedMb":157,"ms":179}}
{"t":"2026-10-01T15:45:38.738Z","level":"info","msg":"task done","taskId":"463449e9-36f5-4e23-97dc-05d22a8bb9df","taskType":"scan_company","data":{"id":"463449e9-36f5-4e23-97dc-05d22a8bb9df","type":"scan_company","ms":209,"heapUsedMb":157,"heapDeltaMb":3,"heapLimitMb":4144,"rssMb":146,"rssDeltaMb":-1}}
{"t":"2026-10-01T15:45:38.740Z","level":"info","msg":"task start","taskId":"35693b2f-6779-4784-bb7d-5ba3c56d880e","taskType":"fetch_description","data":{"id":"35693b2f-6779-4784-bb7d-5ba3c56d880e","type":"fetch_description","attempt":1,"workerId":"test","commit":null,"readyWaitMs":67,"heapUsedMb":157,"heapLimitMb":4144,"rssMb":146}}
{"t":"2026-10-01T15:45:38.759Z","level":"info","msg":"task done","taskId":"35693b2f-6779-4784-bb7d-5ba3c56d880e","taskType":"fetch_description","data":{"id":"35693b2f-6779-4784-bb7d-5ba3c56d880e","type":"fetch_description","ms":19,"heapUsedMb":158,"heapDeltaMb":1,"heapLimitMb":4144,"rssMb":146,"rssDeltaMb":0}}
{"t":"2026-10-01T15:45:38.764Z","level":"info","msg":"task start","taskId":"0bbcd949-dbc6-4901-9f22-0a8737098357","taskType":"fetch_description","data":{"id":"0bbcd949-dbc6-4901-9f22-0a8737098357","type":"fetch_description","attempt":1,"workerId":"test","commit":null,"readyWaitMs":91,"heapUsedMb":158,"heapLimitMb":4144,"rssMb":146}}
{"t":"2026-10-01T15:45:38.811Z","level":"info","msg":"task done","taskId":"0bbcd949-dbc6-4901-9f22-0a8737098357","taskType":"fetch_description","data":{"id":"0bbcd949-dbc6-4901-9f22-0a8737098357","type":"fetch_description","ms":46,"heapUsedMb":159,"heapDeltaMb":1,"heapLimitMb":4144,"rssMb":146,"rssDeltaMb":0}}
{"t":"2026-10-01T15:45:38.812Z","level":"info","msg":"task start","taskId":"c2557bf7-7543-4b87-8ccb-8acd309c418a","taskType":"fetch_description","data":{"id":"c2557bf7-7543-4b87-8ccb-8acd309c418a","type":"fetch_description","attempt":1,"workerId":"test","commit":null,"readyWaitMs":139,"heapUsedMb":159,"heapLimitMb":4144,"rssMb":146}}
{"t":"2026-10-01T15:45:38.859Z","level":"info","msg":"task done","taskId":"c2557bf7-7543-4b87-8ccb-8acd309c418a","taskType":"fetch_description","data":{"id":"c2557bf7-7543-4b87-8ccb-8acd309c418a","type":"fetch_description","ms":47,"heapUsedMb":160,"heapDeltaMb":1,"heapLimitMb":4144,"rssMb":146,"rssDeltaMb":0}}
{"t":"2026-10-01T15:45:38.861Z","level":"info","msg":"task start","taskId":"9bbb2606-9820-4a6f-a88c-731cc3c4f99d","taskType":"fetch_description","data":{"id":"9bbb2606-9820-4a6f-a88c-731cc3c4f99d","type":"fetch_description","attempt":1,"workerId":"test","commit":null,"readyWaitMs":188,"heapUsedMb":161,"heapLimitMb":4144,"rssMb":146}}
{"t":"2026-10-01T15:45:38.921Z","level":"info","msg":"task done","taskId":"9bbb2606-9820-4a6f-a88c-731cc3c4f99d","taskType":"fetch_description","data":{"id":"9bbb2606-9820-4a6f-a88c-731cc3c4f99d","type":"fetch_description","ms":60,"heapUsedMb":162,"heapDeltaMb":1,"heapLimitMb":4144,"rssMb":146,"rssDeltaMb":0}}
{"t":"2026-10-01T15:45:38.925Z","level":"info","msg":"task start","taskId":"6346cab0-f3ec-4c26-9d8a-f335391f9b6f","taskType":"discover","data":{"id":"6346cab0-f3ec-4c26-9d8a-f335391f9b6f","type":"discover","attempt":1,"workerId":"test","commit":null,"readyWaitMs":592,"heapUsedMb":162,"heapLimitMb":4144,"rssMb":146}}
{"t":"2026-10-01T15:45:38.987Z","level":"warn","msg":"logo re-encode failed; the original is kept","taskId":"6346cab0-f3ec-4c26-9d8a-f335391f9b6f","taskType":"discover","data":{"error":"Input buffer has corrupt header:","bytes":400}}
{"t":"2026-10-01T15:45:39.013Z","level":"info","msg":"logo captured","taskId":"6346cab0-f3ec-4c26-9d8a-f335391f9b6f","taskType":"discover","data":{"company":"Acme Robotics","source":"site_icon","sourceUrl":"https://www.acme.example/favicon.png","bytes":400,"contentType":"image/png"}}
{"t":"2026-10-01T15:45:39.019Z","level":"info","msg":"task done","taskId":"6346cab0-f3ec-4c26-9d8a-f335391f9b6f","taskType":"discover","data":{"id":"6346cab0-f3ec-4c26-9d8a-f335391f9b6f","type":"discover","ms":94,"heapUsedMb":163,"heapDeltaMb":1,"heapLimitMb":4144,"rssMb":146,"rssDeltaMb":0}}
{"t":"2026-10-01T15:45:39.063Z","level":"info","msg":"source scanned","data":{"company":"acme.example","type":"greenhouse","status":"failed","postings":0,"new":0,"closed":0,"followers":1,"deferredDescriptions":0,"reusedListing":false,"claimFetchedBytes":16,"claimRequests":1,"claimRevalidated":0,"heapUsedMb":164,"ms":33}}
{"t":"2026-10-01T15:45:39.091Z","level":"info","msg":"daily run started","data":{"runId":"9a59b200-6776-4cab-9cc0-caed2921d508","runDate":"2026-09-07","companies":1,"logosQueued":0,"retired":0}}
{"t":"2026-10-01T15:45:39.447Z","level":"info","msg":"slow database query","data":{"durationMs":351,"statement":"truncate users, companies, career_sources, discovery_runs, scan_runs, scans, jobs, job_events, decisions, tasks, setting"}}
{"t":"2026-10-01T15:45:39.476Z","level":"info","msg":"task start","taskId":"a49a58fb-e807-4a61-b3e8-04182c33bb28","taskType":"discover","data":{"id":"a49a58fb-e807-4a61-b3e8-04182c33bb28","type":"discover","attempt":1,"workerId":"test","commit":null,"readyWaitMs":7,"heapUsedMb":155,"heapLimitMb":4144,"rssMb":148}}
{"t":"2026-10-01T15:45:39.658Z","level":"info","msg":"discovery finished","taskId":"a49a58fb-e807-4a61-b3e8-04182c33bb28","taskType":"discover","data":{"company":"acme.example","outcome":"resolved","fetches":3,"best":"ats_link"}}
{"t":"2026-10-01T15:45:39.662Z","level":"info","msg":"task done","taskId":"a49a58fb-e807-4a61-b3e8-04182c33bb28","taskType":"discover","data":{"id":"a49a58fb-e807-4a61-b3e8-04182c33bb28","type":"discover","ms":186,"heapUsedMb":158,"heapDeltaMb":3,"heapLimitMb":4144,"rssMb":147,"rssDeltaMb":-1}}
{"t":"2026-10-01T15:45:39.665Z","level":"info","msg":"task start","taskId":"ac62bc71-ba68-4c8b-bfbc-71a0a05c7c57","taskType":"scan_company","data":{"id":"ac62bc71-ba68-4c8b-bfbc-71a0a05c7c57","type":"scan_company","attempt":1,"workerId":"test","commit":null,"readyWaitMs":23,"heapUsedMb":158,"heapLimitMb":4144,"rssMb":147}}
{"t":"2026-10-01T15:45:39.831Z","level":"info","msg":"source scanned","taskId":"ac62bc71-ba68-4c8b-bfbc-71a0a05c7c57","taskType":"scan_company","data":{"company":"Acme Robotics","type":"greenhouse","status":"ok","postings":2,"new":2,"closed":0,"followers":1,"deferredDescriptions":0,"reusedListing":false,"claimFetchedBytes":721,"claimRequests":3,"claimRevalidated":0,"heapUsedMb":160,"ms":159}}
{"t":"2026-10-01T15:45:39.840Z","level":"info","msg":"task done","taskId":"ac62bc71-ba68-4c8b-bfbc-71a0a05c7c57","taskType":"scan_company","data":{"id":"ac62bc71-ba68-4c8b-bfbc-71a0a05c7c57","type":"scan_company","ms":175,"heapUsedMb":161,"heapDeltaMb":3,"heapLimitMb":4144,"rssMb":147,"rssDeltaMb":0}}
{"t":"2026-10-01T15:45:39.847Z","level":"info","msg":"task start","taskId":"c9fa778c-6634-4df4-ab98-671e10742be5","taskType":"fetch_description","data":{"id":"c9fa778c-6634-4df4-ab98-671e10742be5","type":"fetch_description","attempt":1,"workerId":"test","commit":null,"readyWaitMs":37,"heapUsedMb":161,"heapLimitMb":4144,"rssMb":146}}
{"t":"2026-10-01T15:45:39.877Z","level":"info","msg":"task done","taskId":"c9fa778c-6634-4df4-ab98-671e10742be5","taskType":"fetch_description","data":{"id":"c9fa778c-6634-4df4-ab98-671e10742be5","type":"fetch_description","ms":30,"heapUsedMb":162,"heapDeltaMb":1,"heapLimitMb":4144,"rssMb":147,"rssDeltaMb":1}}
{"t":"2026-10-01T15:45:39.880Z","level":"info","msg":"task start","taskId":"df20de90-d220-4cdb-b4bd-d8107352dd85","taskType":"discover","data":{"id":"df20de90-d220-4cdb-b4bd-d8107352dd85","type":"discover","attempt":1,"workerId":"test","commit":null,"readyWaitMs":402,"heapUsedMb":162,"heapLimitMb":4144,"rssMb":147}}
{"t":"2026-10-01T15:45:39.937Z","level":"warn","msg":"logo re-encode failed; the original is kept","taskId":"df20de90-d220-4cdb-b4bd-d8107352dd85","taskType":"discover","data":{"error":"Input buffer has corrupt header:","bytes":400}}
{"t":"2026-10-01T15:45:39.958Z","level":"info","msg":"logo captured","taskId":"df20de90-d220-4cdb-b4bd-d8107352dd85","taskType":"discover","data":{"company":"Acme Robotics","source":"site_icon","sourceUrl":"https://www.acme.example/favicon.png","bytes":400,"contentType":"image/png"}}
{"t":"2026-10-01T15:45:39.964Z","level":"info","msg":"task done","taskId":"df20de90-d220-4cdb-b4bd-d8107352dd85","taskType":"discover","data":{"id":"df20de90-d220-4cdb-b4bd-d8107352dd85","type":"discover","ms":84,"heapUsedMb":163,"heapDeltaMb":1,"heapLimitMb":4144,"rssMb":147,"rssDeltaMb":0}}
{"t":"2026-10-01T15:45:40.070Z","level":"info","msg":"task start","taskId":"00698ddc-11a0-44a4-9407-33beaabfdd15","taskType":"scan_company","data":{"id":"00698ddc-11a0-44a4-9407-33beaabfdd15","type":"scan_company","attempt":1,"workerId":"test","commit":null,"readyWaitMs":11,"heapUsedMb":163,"heapLimitMb":4144,"rssMb":151}}
{"t":"2026-10-01T15:45:42.734Z","level":"info","msg":"source scanned","taskId":"00698ddc-11a0-44a4-9407-33beaabfdd15","taskType":"scan_company","data":{"company":"Acme Robotics","type":"greenhouse","status":"partial","postings":10000,"new":10000,"closed":0,"followers":1,"deferredDescriptions":0,"reusedListing":false,"claimFetchedBytes":2559055,"claimRequests":3,"claimRevalidated":0,"heapUsedMb":288,"ms":2653}}
{"t":"2026-10-01T15:45:42.764Z","level":"info","msg":"task done","taskId":"00698ddc-11a0-44a4-9407-33beaabfdd15","taskType":"scan_company","data":{"id":"00698ddc-11a0-44a4-9407-33beaabfdd15","type":"scan_company","ms":2694,"heapUsedMb":288,"heapDeltaMb":125,"heapLimitMb":4144,"rssMb":270,"rssDeltaMb":119}}
{"t":"2026-10-01T15:45:42.769Z","level":"info","msg":"task start","taskId":"a909b855-37e1-4724-84fd-ae38788a9cb2","taskType":"scan_company","data":{"id":"a909b855-37e1-4724-84fd-ae38788a9cb2","type":"scan_company","attempt":1,"workerId":"test","commit":null,"readyWaitMs":3,"heapUsedMb":289,"heapLimitMb":4144,"rssMb":271}}
{"t":"2026-10-01T15:45:43.463Z","level":"info","msg":"slow database query","taskId":"a909b855-37e1-4724-84fd-ae38788a9cb2","taskType":"scan_company","data":{"durationMs":397,"statement":"select \"origin\", \"added_by\", \"description_source\", \"description_truncated\", \"description_fetched_at\", \"description_hash\""}}
{"t":"2026-10-01T15:45:43.925Z","level":"info","msg":"source scanned","taskId":"a909b855-37e1-4724-84fd-ae38788a9cb2","taskType":"scan_company","data":{"company":"Acme Robotics","type":"greenhouse","status":"partial","postings":10000,"new":0,"closed":0,"followers":1,"deferredDescriptions":0,"reusedListing":false,"claimFetchedBytes":2559055,"claimRequests":3,"claimRevalidated":0,"heapUsedMb":330,"ms":1151}}
{"t":"2026-10-01T15:45:43.960Z","level":"info","msg":"task done","taskId":"a909b855-37e1-4724-84fd-ae38788a9cb2","taskType":"scan_company","data":{"id":"a909b855-37e1-4724-84fd-ae38788a9cb2","type":"scan_company","ms":1191,"heapUsedMb":318,"heapDeltaMb":29,"heapLimitMb":4144,"rssMb":286,"rssDeltaMb":15}}
{"t":"2026-10-01T15:45:44.736Z","level":"info","msg":"slow database query","data":{"durationMs":748,"statement":"truncate users, companies, career_sources, discovery_runs, scan_runs, scans, jobs, job_events, decisions, tasks, setting"}}
{"t":"2026-10-01T15:45:44.761Z","level":"info","msg":"task start","taskId":"d1bfcc99-03ee-491a-99cc-93949c50c484","taskType":"discover","data":{"id":"d1bfcc99-03ee-491a-99cc-93949c50c484","type":"discover","attempt":1,"workerId":"test","commit":null,"readyWaitMs":12,"heapUsedMb":320,"heapLimitMb":4144,"rssMb":241}}
{"t":"2026-10-01T15:45:44.928Z","level":"info","msg":"discovery finished","taskId":"d1bfcc99-03ee-491a-99cc-93949c50c484","taskType":"discover","data":{"company":"acme.example","outcome":"resolved","fetches":3,"best":"ats_link"}}
{"t":"2026-10-01T15:45:44.930Z","level":"info","msg":"task done","taskId":"d1bfcc99-03ee-491a-99cc-93949c50c484","taskType":"discover","data":{"id":"d1bfcc99-03ee-491a-99cc-93949c50c484","type":"discover","ms":169,"heapUsedMb":323,"heapDeltaMb":3,"heapLimitMb":4144,"rssMb":238,"rssDeltaMb":-3}}
{"t":"2026-10-01T15:45:44.932Z","level":"info","msg":"task start","taskId":"de769e37-d233-4eb8-bf14-d380b62a55dc","taskType":"scan_company","data":{"id":"de769e37-d233-4eb8-bf14-d380b62a55dc","type":"scan_company","attempt":1,"workerId":"test","commit":null,"readyWaitMs":11,"heapUsedMb":323,"heapLimitMb":4144,"rssMb":238}}
{"t":"2026-10-01T15:45:45.098Z","level":"info","msg":"source scanned","taskId":"de769e37-d233-4eb8-bf14-d380b62a55dc","taskType":"scan_company","data":{"company":"Acme Robotics","type":"greenhouse","status":"ok","postings":7,"new":7,"closed":0,"followers":1,"deferredDescriptions":0,"reusedListing":false,"claimFetchedBytes":2047,"claimRequests":3,"claimRevalidated":0,"heapUsedMb":325,"ms":163}}
{"t":"2026-10-01T15:45:45.104Z","level":"info","msg":"task done","taskId":"de769e37-d233-4eb8-bf14-d380b62a55dc","taskType":"scan_company","data":{"id":"de769e37-d233-4eb8-bf14-d380b62a55dc","type":"scan_company","ms":173,"heapUsedMb":325,"heapDeltaMb":2,"heapLimitMb":4144,"rssMb":226,"rssDeltaMb":-12}}
{"t":"2026-10-01T15:45:45.106Z","level":"info","msg":"task start","taskId":"21a25843-dfe9-4fb0-aaeb-dabf72b917d5","taskType":"discover","data":{"id":"21a25843-dfe9-4fb0-aaeb-dabf72b917d5","type":"discover","attempt":1,"workerId":"test","commit":null,"readyWaitMs":344,"heapUsedMb":325,"heapLimitMb":4144,"rssMb":226}}
{"t":"2026-10-01T15:45:45.158Z","level":"warn","msg":"logo re-encode failed; the original is kept","taskId":"21a25843-dfe9-4fb0-aaeb-dabf72b917d5","taskType":"discover","data":{"error":"Input buffer has corrupt header:","bytes":400}}
{"t":"2026-10-01T15:45:45.162Z","level":"info","msg":"logo captured","taskId":"21a25843-dfe9-4fb0-aaeb-dabf72b917d5","taskType":"discover","data":{"company":"Acme Robotics","source":"site_icon","sourceUrl":"https://www.acme.example/favicon.png","bytes":400,"contentType":"image/png"}}
{"t":"2026-10-01T15:45:45.165Z","level":"info","msg":"task done","taskId":"21a25843-dfe9-4fb0-aaeb-dabf72b917d5","taskType":"discover","data":{"id":"21a25843-dfe9-4fb0-aaeb-dabf72b917d5","type":"discover","ms":59,"heapUsedMb":326,"heapDeltaMb":1,"heapLimitMb":4144,"rssMb":217,"rssDeltaMb":-9}}
{"t":"2026-10-01T15:45:45.172Z","level":"info","msg":"task start","taskId":"6a5faed8-9d9e-47b2-9b7d-d65c063ae028","taskType":"suggest_from_scans","data":{"id":"6a5faed8-9d9e-47b2-9b7d-d65c063ae028","type":"suggest_from_scans","attempt":1,"workerId":"test","commit":null,"readyWaitMs":5,"heapUsedMb":327,"heapLimitMb":4144,"rssMb":217}}
{"t":"2026-10-01T15:45:45.186Z","level":"info","msg":"scan suggestions filed","taskId":"6a5faed8-9d9e-47b2-9b7d-d65c063ae028","taskType":"suggest_from_scans","data":{"userId":"f3a2642c-0685-4a1a-988d-a5ef258b58c2","titles":7,"unmatched":7,"inserted":2}}
{"t":"2026-10-01T15:45:45.186Z","level":"info","msg":"task done","taskId":"6a5faed8-9d9e-47b2-9b7d-d65c063ae028","taskType":"suggest_from_scans","data":{"id":"6a5faed8-9d9e-47b2-9b7d-d65c063ae028","type":"suggest_from_scans","ms":14,"heapUsedMb":327,"heapDeltaMb":0,"heapLimitMb":4144,"rssMb":211,"rssDeltaMb":-6}}
{"t":"2026-10-01T15:45:45.192Z","level":"info","msg":"task start","taskId":"037570be-c47a-4354-b827-69c62d5eb13b","taskType":"suggest_from_scans","data":{"id":"037570be-c47a-4354-b827-69c62d5eb13b","type":"suggest_from_scans","attempt":1,"workerId":"test","commit":null,"readyWaitMs":3,"heapUsedMb":328,"heapLimitMb":4144,"rssMb":210}}
{"t":"2026-10-01T15:45:45.195Z","level":"info","msg":"scan suggestions filed","taskId":"037570be-c47a-4354-b827-69c62d5eb13b","taskType":"suggest_from_scans","data":{"userId":"f3a2642c-0685-4a1a-988d-a5ef258b58c2","titles":7,"unmatched":7,"inserted":0}}
{"t":"2026-10-01T15:45:45.196Z","level":"info","msg":"task done","taskId":"037570be-c47a-4354-b827-69c62d5eb13b","taskType":"suggest_from_scans","data":{"id":"037570be-c47a-4354-b827-69c62d5eb13b","type":"suggest_from_scans","ms":4,"heapUsedMb":328,"heapDeltaMb":0,"heapLimitMb":4144,"rssMb":210,"rssDeltaMb":0}}
{"t":"2026-10-01T15:45:45.660Z","level":"info","msg":"slow database query","data":{"durationMs":462,"statement":"truncate users, companies, career_sources, discovery_runs, scan_runs, scans, jobs, job_events, decisions, tasks, setting"}}
{"t":"2026-10-01T15:45:45.712Z","level":"info","msg":"source scanned","data":{"company":"Acme","type":"html","status":"ok","postings":2,"new":2,"closed":0,"followers":0,"deferredDescriptions":0,"reusedListing":false,"claimFetchedBytes":162,"claimRequests":2,"claimRevalidated":0,"heapUsedMb":321,"ms":34}}
{"t":"2026-10-01T15:45:45.756Z","level":"info","msg":"source scanned","data":{"company":"Acme","type":"html","status":"ok","postings":3,"new":1,"closed":0,"followers":0,"deferredDescriptions":0,"reusedListing":false,"claimFetchedBytes":206,"claimRequests":2,"claimRevalidated":0,"heapUsedMb":323,"ms":37}}
{"t":"2026-10-01T15:45:45.800Z","level":"info","msg":"source scanned","data":{"company":"Acme","type":"html","status":"partial","postings":2,"new":0,"closed":0,"followers":0,"deferredDescriptions":0,"reusedListing":false,"claimFetchedBytes":167,"claimRequests":2,"claimRevalidated":0,"heapUsedMb":325,"ms":41}}
{"t":"2026-10-01T15:45:45.858Z","level":"info","msg":"source scanned","data":{"company":"Acme","type":"html","status":"partial","postings":2,"new":0,"closed":0,"followers":0,"deferredDescriptions":0,"reusedListing":false,"claimFetchedBytes":167,"claimRequests":2,"claimRevalidated":0,"heapUsedMb":327,"ms":54}}
{"t":"2026-10-01T15:45:46.316Z","level":"info","msg":"slow database query","data":{"durationMs":450,"statement":"truncate users, companies, career_sources, discovery_runs, scan_runs, scans, jobs, job_events, decisions, tasks, setting"}}
{"t":"2026-10-01T15:45:46.407Z","level":"info","msg":"source scanned","data":{"company":"Acme","type":"html","status":"partial","postings":1,"new":1,"closed":0,"followers":0,"deferredDescriptions":0,"reusedListing":false,"claimFetchedBytes":149,"claimRequests":2,"claimRevalidated":0,"heapUsedMb":330,"ms":58}}
{"t":"2026-10-01T15:45:46.462Z","level":"info","msg":"source scanned","data":{"company":"Acme","type":"html","status":"partial","postings":1,"new":0,"closed":0,"followers":0,"deferredDescriptions":0,"reusedListing":false,"claimFetchedBytes":149,"claimRequests":2,"claimRevalidated":0,"heapUsedMb":322,"ms":41}}
{"t":"2026-10-01T15:45:46.507Z","level":"info","msg":"source scanned","data":{"company":"Acme","type":"html","status":"partial","postings":1,"new":0,"closed":0,"followers":0,"deferredDescriptions":0,"reusedListing":false,"claimFetchedBytes":94,"claimRequests":1,"claimRevalidated":0,"heapUsedMb":323,"ms":35}}
{"t":"2026-10-01T15:45:46.556Z","level":"info","msg":"source scanned","data":{"company":"Acme","type":"html","status":"partial","postings":1,"new":0,"closed":0,"followers":0,"deferredDescriptions":0,"reusedListing":false,"claimFetchedBytes":94,"claimRequests":1,"claimRevalidated":0,"heapUsedMb":325,"ms":42}}
{"t":"2026-10-01T15:45:47.278Z","level":"info","msg":"slow database query","data":{"durationMs":712,"statement":"truncate users, companies, career_sources, discovery_runs, scan_runs, scans, jobs, job_events, decisions, tasks, setting"}}
{"t":"2026-10-01T15:45:47.304Z","level":"info","msg":"task start","taskId":"e6d82591-815e-4192-8211-f1dd4067f20a","taskType":"discover","data":{"id":"e6d82591-815e-4192-8211-f1dd4067f20a","type":"discover","attempt":1,"workerId":"test","commit":null,"readyWaitMs":4,"heapUsedMb":326,"heapLimitMb":4144,"rssMb":181}}
{"t":"2026-10-01T15:45:47.468Z","level":"info","msg":"discovery finished","taskId":"e6d82591-815e-4192-8211-f1dd4067f20a","taskType":"discover","data":{"company":"acme.example","outcome":"resolved","fetches":3,"best":"ats_link"}}
{"t":"2026-10-01T15:45:47.470Z","level":"info","msg":"task done","taskId":"e6d82591-815e-4192-8211-f1dd4067f20a","taskType":"discover","data":{"id":"e6d82591-815e-4192-8211-f1dd4067f20a","type":"discover","ms":166,"heapUsedMb":329,"heapDeltaMb":3,"heapLimitMb":4144,"rssMb":181,"rssDeltaMb":0}}
{"t":"2026-10-01T15:45:47.471Z","level":"info","msg":"task start","taskId":"177d40b3-adec-4547-a45d-19ba760262ff","taskType":"scan_company","data":{"id":"177d40b3-adec-4547-a45d-19ba760262ff","type":"scan_company","attempt":1,"workerId":"test","commit":null,"readyWaitMs":9,"heapUsedMb":329,"heapLimitMb":4144,"rssMb":181}}
{"t":"2026-10-01T15:45:47.643Z","level":"info","msg":"source scanned","taskId":"177d40b3-adec-4547-a45d-19ba760262ff","taskType":"scan_company","data":{"company":"Acme Robotics","type":"greenhouse","status":"ok","postings":5,"new":5,"closed":0,"followers":1,"deferredDescriptions":0,"reusedListing":false,"claimFetchedBytes":1452,"claimRequests":3,"claimRevalidated":0,"heapUsedMb":332,"ms":168}}
{"t":"2026-10-01T15:45:47.649Z","level":"info","msg":"task done","taskId":"177d40b3-adec-4547-a45d-19ba760262ff","taskType":"scan_company","data":{"id":"177d40b3-adec-4547-a45d-19ba760262ff","type":"scan_company","ms":178,"heapUsedMb":332,"heapDeltaMb":3,"heapLimitMb":4144,"rssMb":181,"rssDeltaMb":0}}
{"t":"2026-10-01T15:45:47.651Z","level":"info","msg":"task start","taskId":"1666ced7-18fc-4959-b62c-be4a26cf5730","taskType":"fetch_description","data":{"id":"1666ced7-18fc-4959-b62c-be4a26cf5730","type":"fetch_description","attempt":1,"workerId":"test","commit":null,"readyWaitMs":27,"heapUsedMb":332,"heapLimitMb":4144,"rssMb":181}}
{"t":"2026-10-01T15:45:47.672Z","level":"info","msg":"task done","taskId":"1666ced7-18fc-4959-b62c-be4a26cf5730","taskType":"fetch_description","data":{"id":"1666ced7-18fc-4959-b62c-be4a26cf5730","type":"fetch_description","ms":21,"heapUsedMb":333,"heapDeltaMb":1,"heapLimitMb":4144,"rssMb":182,"rssDeltaMb":1}}
{"t":"2026-10-01T15:45:47.674Z","level":"info","msg":"task start","taskId":"a2181ada-7500-40b5-bfaa-69d6cd1dcad2","taskType":"fetch_description","data":{"id":"a2181ada-7500-40b5-bfaa-69d6cd1dcad2","type":"fetch_description","attempt":1,"workerId":"test","commit":null,"readyWaitMs":50,"heapUsedMb":333,"heapLimitMb":4144,"rssMb":182}}
{"t":"2026-10-01T15:45:47.722Z","level":"info","msg":"task done","taskId":"a2181ada-7500-40b5-bfaa-69d6cd1dcad2","taskType":"fetch_description","data":{"id":"a2181ada-7500-40b5-bfaa-69d6cd1dcad2","type":"fetch_description","ms":48,"heapUsedMb":323,"heapDeltaMb":-10,"heapLimitMb":4144,"rssMb":183,"rssDeltaMb":1}}
{"t":"2026-10-01T15:45:47.725Z","level":"info","msg":"task start","taskId":"792171fd-7126-4661-a7fe-6b525cfd2d7b","taskType":"fetch_description","data":{"id":"792171fd-7126-4661-a7fe-6b525cfd2d7b","type":"fetch_description","attempt":1,"workerId":"test","commit":null,"readyWaitMs":101,"heapUsedMb":324,"heapLimitMb":4144,"rssMb":183}}
{"t":"2026-10-01T15:45:47.770Z","level":"info","msg":"task done","taskId":"792171fd-7126-4661-a7fe-6b525cfd2d7b","taskType":"fetch_description","data":{"id":"792171fd-7126-4661-a7fe-6b525cfd2d7b","type":"fetch_description","ms":45,"heapUsedMb":325,"heapDeltaMb":1,"heapLimitMb":4144,"rssMb":183,"rssDeltaMb":0}}
{"t":"2026-10-01T15:45:47.772Z","level":"info","msg":"task start","taskId":"4e5b90b7-6086-42eb-bed6-e36e630df435","taskType":"fetch_description","data":{"id":"4e5b90b7-6086-42eb-bed6-e36e630df435","type":"fetch_description","attempt":1,"workerId":"test","commit":null,"readyWaitMs":148,"heapUsedMb":325,"heapLimitMb":4144,"rssMb":183}}
{"t":"2026-10-01T15:45:47.824Z","level":"info","msg":"task done","taskId":"4e5b90b7-6086-42eb-bed6-e36e630df435","taskType":"fetch_description","data":{"id":"4e5b90b7-6086-42eb-bed6-e36e630df435","type":"fetch_description","ms":52,"heapUsedMb":326,"heapDeltaMb":1,"heapLimitMb":4144,"rssMb":185,"rssDeltaMb":2}}
{"t":"2026-10-01T15:45:47.825Z","level":"info","msg":"task start","taskId":"1c1f9b47-d5f2-4e40-a1ce-d53bd351f12d","taskType":"discover","data":{"id":"1c1f9b47-d5f2-4e40-a1ce-d53bd351f12d","type":"discover","attempt":1,"workerId":"test","commit":null,"readyWaitMs":520,"heapUsedMb":326,"heapLimitMb":4144,"rssMb":185}}
{"t":"2026-10-01T15:45:47.879Z","level":"warn","msg":"logo re-encode failed; the original is kept","taskId":"1c1f9b47-d5f2-4e40-a1ce-d53bd351f12d","taskType":"discover","data":{"error":"Input buffer has corrupt header:","bytes":400}}
{"t":"2026-10-01T15:45:47.883Z","level":"info","msg":"logo captured","taskId":"1c1f9b47-d5f2-4e40-a1ce-d53bd351f12d","taskType":"discover","data":{"company":"Acme Robotics","source":"site_icon","sourceUrl":"https://www.acme.example/favicon.png","bytes":400,"contentType":"image/png"}}
{"t":"2026-10-01T15:45:47.885Z","level":"info","msg":"task done","taskId":"1c1f9b47-d5f2-4e40-a1ce-d53bd351f12d","taskType":"discover","data":{"id":"1c1f9b47-d5f2-4e40-a1ce-d53bd351f12d","type":"discover","ms":60,"heapUsedMb":327,"heapDeltaMb":1,"heapLimitMb":4144,"rssMb":185,"rssDeltaMb":0}}
{"t":"2026-10-01T15:45:48.333Z","level":"info","msg":"slow database query","data":{"durationMs":326,"statement":"truncate users, companies, career_sources, discovery_runs, scan_runs, scans, jobs, job_events, decisions, tasks, setting"}}
{"t":"2026-10-01T15:45:49.590Z","level":"info","msg":"slow database query","data":{"durationMs":877,"statement":"truncate users, companies, career_sources, discovery_runs, scan_runs, scans, jobs, job_events, decisions, tasks, setting"}}
{"t":"2026-10-01T15:45:49.649Z","level":"info","msg":"task start","taskId":"346cb6c3-3bf0-46d7-a882-a216f5f057b0","taskType":"discover","data":{"id":"346cb6c3-3bf0-46d7-a882-a216f5f057b0","type":"discover","attempt":1,"workerId":"test","commit":null,"readyWaitMs":14,"heapUsedMb":333,"heapLimitMb":4144,"rssMb":170}}
{"t":"2026-10-01T15:45:49.822Z","level":"info","msg":"discovery finished","taskId":"346cb6c3-3bf0-46d7-a882-a216f5f057b0","taskType":"discover","data":{"company":"acme.example","outcome":"resolved","fetches":3,"best":"ats_link"}}
{"t":"2026-10-01T15:45:49.828Z","level":"info","msg":"task done","taskId":"346cb6c3-3bf0-46d7-a882-a216f5f057b0","taskType":"discover","data":{"id":"346cb6c3-3bf0-46d7-a882-a216f5f057b0","type":"discover","ms":179,"heapUsedMb":325,"heapDeltaMb":-8,"heapLimitMb":4144,"rssMb":169,"rssDeltaMb":-1}}
{"t":"2026-10-01T15:45:49.830Z","level":"info","msg":"task start","taskId":"f0bafa5c-c95f-4656-aa3d-d9048322acc1","taskType":"scan_company","data":{"id":"f0bafa5c-c95f-4656-aa3d-d9048322acc1","type":"scan_company","attempt":1,"workerId":"test","commit":null,"readyWaitMs":16,"heapUsedMb":325,"heapLimitMb":4144,"rssMb":169}}
{"t":"2026-10-01T15:45:49.999Z","level":"info","msg":"source scanned","taskId":"f0bafa5c-c95f-4656-aa3d-d9048322acc1","taskType":"scan_company","data":{"company":"Acme Robotics","type":"greenhouse","status":"ok","postings":5,"new":5,"closed":0,"followers":2,"deferredDescriptions":0,"reusedListing":false,"claimFetchedBytes":1452,"claimRequests":3,"claimRevalidated":0,"heapUsedMb":328,"ms":158}}
{"t":"2026-10-01T15:45:50.006Z","level":"info","msg":"task done","taskId":"f0bafa5c-c95f-4656-aa3d-d9048322acc1","taskType":"scan_company","data":{"id":"f0bafa5c-c95f-4656-aa3d-d9048322acc1","type":"scan_company","ms":176,"heapUsedMb":328,"heapDeltaMb":3,"heapLimitMb":4144,"rssMb":165,"rssDeltaMb":-4}}
{"t":"2026-10-01T15:45:50.009Z","level":"info","msg":"task start","taskId":"b9a49bbd-fb1d-48fc-968f-3f704a668ae4","taskType":"fetch_description","data":{"id":"b9a49bbd-fb1d-48fc-968f-3f704a668ae4","type":"fetch_description","attempt":1,"workerId":"test","commit":null,"readyWaitMs":33,"heapUsedMb":328,"heapLimitMb":4144,"rssMb":165}}
{"t":"2026-10-01T15:45:50.026Z","level":"info","msg":"task done","taskId":"b9a49bbd-fb1d-48fc-968f-3f704a668ae4","taskType":"fetch_description","data":{"id":"b9a49bbd-fb1d-48fc-968f-3f704a668ae4","type":"fetch_description","ms":17,"heapUsedMb":329,"heapDeltaMb":1,"heapLimitMb":4144,"rssMb":165,"rssDeltaMb":0}}
{"t":"2026-10-01T15:45:50.027Z","level":"info","msg":"task start","taskId":"b9e04af0-616d-4ad2-b095-16a844853aa5","taskType":"fetch_description","data":{"id":"b9e04af0-616d-4ad2-b095-16a844853aa5","type":"fetch_description","attempt":1,"workerId":"test","commit":null,"readyWaitMs":51,"heapUsedMb":329,"heapLimitMb":4144,"rssMb":165}}
{"t":"2026-10-01T15:45:50.074Z","level":"info","msg":"task done","taskId":"b9e04af0-616d-4ad2-b095-16a844853aa5","taskType":"fetch_description","data":{"id":"b9e04af0-616d-4ad2-b095-16a844853aa5","type":"fetch_description","ms":47,"heapUsedMb":331,"heapDeltaMb":2,"heapLimitMb":4144,"rssMb":165,"rssDeltaMb":0}}
{"t":"2026-10-01T15:45:50.077Z","level":"info","msg":"task start","taskId":"de6058f4-49cf-4937-ba1e-280e06a81ee0","taskType":"fetch_description","data":{"id":"de6058f4-49cf-4937-ba1e-280e06a81ee0","type":"fetch_description","attempt":1,"workerId":"test","commit":null,"readyWaitMs":101,"heapUsedMb":331,"heapLimitMb":4144,"rssMb":165}}
{"t":"2026-10-01T15:45:50.124Z","level":"info","msg":"task done","taskId":"de6058f4-49cf-4937-ba1e-280e06a81ee0","taskType":"fetch_description","data":{"id":"de6058f4-49cf-4937-ba1e-280e06a81ee0","type":"fetch_description","ms":47,"heapUsedMb":332,"heapDeltaMb":1,"heapLimitMb":4144,"rssMb":165,"rssDeltaMb":0}}
{"t":"2026-10-01T15:45:50.127Z","level":"info","msg":"task start","taskId":"9a9641ab-50d0-4749-a473-e58bd95d86a6","taskType":"discover","data":{"id":"9a9641ab-50d0-4749-a473-e58bd95d86a6","type":"discover","attempt":1,"workerId":"test","commit":null,"readyWaitMs":476,"heapUsedMb":332,"heapLimitMb":4144,"rssMb":165}}
{"t":"2026-10-01T15:45:50.180Z","level":"warn","msg":"logo re-encode failed; the original is kept","taskId":"9a9641ab-50d0-4749-a473-e58bd95d86a6","taskType":"discover","data":{"error":"Input buffer has corrupt header:","bytes":400}}
{"t":"2026-10-01T15:45:50.184Z","level":"info","msg":"logo captured","taskId":"9a9641ab-50d0-4749-a473-e58bd95d86a6","taskType":"discover","data":{"company":"Acme Robotics","source":"site_icon","sourceUrl":"https://www.acme.example/favicon.png","bytes":400,"contentType":"image/png"}}
{"t":"2026-10-01T15:45:50.185Z","level":"info","msg":"task done","taskId":"9a9641ab-50d0-4749-a473-e58bd95d86a6","taskType":"discover","data":{"id":"9a9641ab-50d0-4749-a473-e58bd95d86a6","type":"discover","ms":58,"heapUsedMb":333,"heapDeltaMb":1,"heapLimitMb":4144,"rssMb":165,"rssDeltaMb":0}}
{"t":"2026-10-01T15:45:50.192Z","level":"info","msg":"task start","taskId":"57cb35df-a52e-4208-bdb0-e56877477194","taskType":"run_daily","data":{"id":"57cb35df-a52e-4208-bdb0-e56877477194","type":"run_daily","attempt":1,"workerId":"test","commit":null,"readyWaitMs":2,"heapUsedMb":334,"heapLimitMb":4144,"rssMb":165}}
{"t":"2026-10-01T15:45:50.198Z","level":"info","msg":"daily run started","taskId":"57cb35df-a52e-4208-bdb0-e56877477194","taskType":"run_daily","data":{"runId":"b09f83f7-3d74-47f2-af72-6ae428a58c94","runDate":"2026-09-05","companies":1,"logosQueued":0,"retired":0}}
{"t":"2026-10-01T15:45:50.200Z","level":"info","msg":"task done","taskId":"57cb35df-a52e-4208-bdb0-e56877477194","taskType":"run_daily","data":{"id":"57cb35df-a52e-4208-bdb0-e56877477194","type":"run_daily","ms":8,"heapUsedMb":334,"heapDeltaMb":0,"heapLimitMb":4144,"rssMb":166,"rssDeltaMb":1}}
{"t":"2026-10-01T15:45:50.201Z","level":"info","msg":"task start","taskId":"b19f82cd-16b0-4e0b-b47c-c9be903862b8","taskType":"scan_company","data":{"id":"b19f82cd-16b0-4e0b-b47c-c9be903862b8","type":"scan_company","attempt":1,"workerId":"test","commit":null,"readyWaitMs":9,"heapUsedMb":335,"heapLimitMb":4144,"rssMb":166}}
{"t":"2026-10-01T15:45:50.320Z","level":"info","msg":"source scanned","taskId":"b19f82cd-16b0-4e0b-b47c-c9be903862b8","taskType":"scan_company","data":{"company":"Acme Robotics","type":"greenhouse","status":"ok","postings":5,"new":0,"closed":0,"followers":2,"deferredDescriptions":0,"reusedListing":false,"claimFetchedBytes":1452,"claimRequests":3,"claimRevalidated":0,"heapUsedMb":326,"ms":117}}
{"t":"2026-10-01T15:45:50.327Z","level":"info","msg":"scan run finalised","taskId":"b19f82cd-16b0-4e0b-b47c-c9be903862b8","taskType":"scan_company","data":{"runId":"b09f83f7-3d74-47f2-af72-6ae428a58c94","ok":1,"failed":0,"newRoles":0}}
{"t":"2026-10-01T15:45:50.328Z","level":"info","msg":"task done","taskId":"b19f82cd-16b0-4e0b-b47c-c9be903862b8","taskType":"scan_company","data":{"id":"b19f82cd-16b0-4e0b-b47c-c9be903862b8","type":"scan_company","ms":127,"heapUsedMb":326,"heapDeltaMb":-9,"heapLimitMb":4144,"rssMb":163,"rssDeltaMb":-3}}
{"t":"2026-10-01T15:45:50.329Z","level":"info","msg":"task start","taskId":"05c39f11-6c5c-4f73-81d3-6a5cafd1a622","taskType":"suggest_from_scans","data":{"id":"05c39f11-6c5c-4f73-81d3-6a5cafd1a622","type":"suggest_from_scans","attempt":1,"workerId":"test","commit":null,"readyWaitMs":6,"heapUsedMb":327,"heapLimitMb":4144,"rssMb":163}}
{"t":"2026-10-01T15:45:50.334Z","level":"info","msg":"scan suggestions filed","taskId":"05c39f11-6c5c-4f73-81d3-6a5cafd1a622","taskType":"suggest_from_scans","data":{"userId":"4ccb1300-63ba-43f6-bb07-6e9feef37d00","titles":5,"unmatched":1,"inserted":0}}
{"t":"2026-10-01T15:45:50.334Z","level":"info","msg":"task done","taskId":"05c39f11-6c5c-4f73-81d3-6a5cafd1a622","taskType":"suggest_from_scans","data":{"id":"05c39f11-6c5c-4f73-81d3-6a5cafd1a622","type":"suggest_from_scans","ms":5,"heapUsedMb":327,"heapDeltaMb":0,"heapLimitMb":4144,"rssMb":163,"rssDeltaMb":0}}
{"t":"2026-10-01T15:45:50.335Z","level":"info","msg":"task start","taskId":"06dedc53-71ae-48fb-9222-54ec10600d84","taskType":"suggest_from_scans","data":{"id":"06dedc53-71ae-48fb-9222-54ec10600d84","type":"suggest_from_scans","attempt":1,"workerId":"test","commit":null,"readyWaitMs":12,"heapUsedMb":327,"heapLimitMb":4144,"rssMb":163}}
{"t":"2026-10-01T15:45:50.339Z","level":"info","msg":"scan suggestions filed","taskId":"06dedc53-71ae-48fb-9222-54ec10600d84","taskType":"suggest_from_scans","data":{"userId":"a58e8bff-8873-4c21-8809-cdcb8e997cd1","titles":5,"unmatched":4,"inserted":1}}
{"t":"2026-10-01T15:45:50.340Z","level":"info","msg":"task done","taskId":"06dedc53-71ae-48fb-9222-54ec10600d84","taskType":"suggest_from_scans","data":{"id":"06dedc53-71ae-48fb-9222-54ec10600d84","type":"suggest_from_scans","ms":5,"heapUsedMb":328,"heapDeltaMb":1,"heapLimitMb":4144,"rssMb":163,"rssDeltaMb":0}}
{"t":"2026-10-01T15:45:50.343Z","level":"info","msg":"task start","taskId":"95f1129a-afb6-4bcc-bc54-a984c3391c81","taskType":"scan_company","data":{"id":"95f1129a-afb6-4bcc-bc54-a984c3391c81","type":"scan_company","attempt":1,"workerId":"test","commit":null,"readyWaitMs":2,"heapUsedMb":328,"heapLimitMb":4144,"rssMb":163}}
{"t":"2026-10-01T15:45:50.348Z","level":"info","msg":"task done","taskId":"95f1129a-afb6-4bcc-bc54-a984c3391c81","taskType":"scan_company","data":{"id":"95f1129a-afb6-4bcc-bc54-a984c3391c81","type":"scan_company","ms":5,"heapUsedMb":329,"heapDeltaMb":1,"heapLimitMb":4144,"rssMb":163,"rssDeltaMb":0}}
{"t":"2026-10-01T15:45:50.904Z","level":"info","msg":"slow database query","data":{"durationMs":549,"statement":"truncate users, companies, career_sources, discovery_runs, scan_runs, scans, jobs, job_events, decisions, tasks, setting"}}
{"t":"2026-10-01T15:45:50.943Z","level":"info","msg":"task start","taskId":"f6f5ec4f-667a-440a-a0c3-3a37daecaa57","taskType":"discover","data":{"id":"f6f5ec4f-667a-440a-a0c3-3a37daecaa57","type":"discover","attempt":1,"workerId":"test","commit":null,"readyWaitMs":12,"heapUsedMb":331,"heapLimitMb":4144,"rssMb":159}}
{"t":"2026-10-01T15:45:51.141Z","level":"info","msg":"discovery finished","taskId":"f6f5ec4f-667a-440a-a0c3-3a37daecaa57","taskType":"discover","data":{"company":"acme.example","outcome":"resolved","fetches":3,"best":"ats_link"}}
{"t":"2026-10-01T15:45:51.143Z","level":"info","msg":"task done","taskId":"f6f5ec4f-667a-440a-a0c3-3a37daecaa57","taskType":"discover","data":{"id":"f6f5ec4f-667a-440a-a0c3-3a37daecaa57","type":"discover","ms":200,"heapUsedMb":334,"heapDeltaMb":3,"heapLimitMb":4144,"rssMb":156,"rssDeltaMb":-3}}
{"t":"2026-10-01T15:45:51.146Z","level":"info","msg":"task start","taskId":"2d5ddd54-3362-4676-af0a-74e83d7882f2","taskType":"scan_company","data":{"id":"2d5ddd54-3362-4676-af0a-74e83d7882f2","type":"scan_company","attempt":1,"workerId":"test","commit":null,"readyWaitMs":15,"heapUsedMb":334,"heapLimitMb":4144,"rssMb":156}}
{"t":"2026-10-01T15:45:51.312Z","level":"info","msg":"source scanned","taskId":"2d5ddd54-3362-4676-af0a-74e83d7882f2","taskType":"scan_company","data":{"company":"Acme Robotics","type":"greenhouse","status":"ok","postings":5,"new":5,"closed":0,"followers":1,"deferredDescriptions":0,"reusedListing":false,"claimFetchedBytes":1452,"claimRequests":3,"claimRevalidated":0,"heapUsedMb":337,"ms":157}}
{"t":"2026-10-01T15:45:51.322Z","level":"info","msg":"task done","taskId":"2d5ddd54-3362-4676-af0a-74e83d7882f2","taskType":"scan_company","data":{"id":"2d5ddd54-3362-4676-af0a-74e83d7882f2","type":"scan_company","ms":176,"heapUsedMb":337,"heapDeltaMb":3,"heapLimitMb":4144,"rssMb":155,"rssDeltaMb":-1}}
{"t":"2026-10-01T15:45:51.324Z","level":"info","msg":"task start","taskId":"25cd4a07-3d6c-45a1-9df9-2ce499fab43d","taskType":"fetch_description","data":{"id":"25cd4a07-3d6c-45a1-9df9-2ce499fab43d","type":"fetch_description","attempt":1,"workerId":"test","commit":null,"readyWaitMs":34,"heapUsedMb":337,"heapLimitMb":4144,"rssMb":155}}
{"t":"2026-10-01T15:45:51.348Z","level":"info","msg":"task done","taskId":"25cd4a07-3d6c-45a1-9df9-2ce499fab43d","taskType":"fetch_description","data":{"id":"25cd4a07-3d6c-45a1-9df9-2ce499fab43d","type":"fetch_description","ms":24,"heapUsedMb":327,"heapDeltaMb":-10,"heapLimitMb":4144,"rssMb":158,"rssDeltaMb":3}}
{"t":"2026-10-01T15:45:51.350Z","level":"info","msg":"task start","taskId":"9e5dd703-0db3-40e5-9ad4-9d3feafb086c","taskType":"fetch_description","data":{"id":"9e5dd703-0db3-40e5-9ad4-9d3feafb086c","type":"fetch_description","attempt":1,"workerId":"test","commit":null,"readyWaitMs":60,"heapUsedMb":328,"heapLimitMb":4144,"rssMb":158}}
{"t":"2026-10-01T15:45:51.391Z","level":"info","msg":"task done","taskId":"9e5dd703-0db3-40e5-9ad4-9d3feafb086c","taskType":"fetch_description","data":{"id":"9e5dd703-0db3-40e5-9ad4-9d3feafb086c","type":"fetch_description","ms":41,"heapUsedMb":329,"heapDeltaMb":1,"heapLimitMb":4144,"rssMb":158,"rssDeltaMb":0}}
{"t":"2026-10-01T15:45:51.393Z","level":"info","msg":"task start","taskId":"8a3b6f33-41de-4266-9be5-b54fbf90d1ef","taskType":"fetch_description","data":{"id":"8a3b6f33-41de-4266-9be5-b54fbf90d1ef","type":"fetch_description","attempt":1,"workerId":"test","commit":null,"readyWaitMs":103,"heapUsedMb":329,"heapLimitMb":4144,"rssMb":158}}
{"t":"2026-10-01T15:45:51.444Z","level":"info","msg":"task done","taskId":"8a3b6f33-41de-4266-9be5-b54fbf90d1ef","taskType":"fetch_description","data":{"id":"8a3b6f33-41de-4266-9be5-b54fbf90d1ef","type":"fetch_description","ms":51,"heapUsedMb":330,"heapDeltaMb":1,"heapLimitMb":4144,"rssMb":159,"rssDeltaMb":1}}
{"t":"2026-10-01T15:45:51.447Z","level":"info","msg":"task start","taskId":"4100d9d1-2915-4439-af30-b62ae53d924e","taskType":"fetch_description","data":{"id":"4100d9d1-2915-4439-af30-b62ae53d924e","type":"fetch_description","attempt":1,"workerId":"test","commit":null,"readyWaitMs":157,"heapUsedMb":330,"heapLimitMb":4144,"rssMb":159}}
{"t":"2026-10-01T15:45:51.502Z","level":"info","msg":"task done","taskId":"4100d9d1-2915-4439-af30-b62ae53d924e","taskType":"fetch_description","data":{"id":"4100d9d1-2915-4439-af30-b62ae53d924e","type":"fetch_description","ms":55,"heapUsedMb":331,"heapDeltaMb":1,"heapLimitMb":4144,"rssMb":159,"rssDeltaMb":0}}
{"t":"2026-10-01T15:45:51.506Z","level":"info","msg":"task start","taskId":"64b6abc1-a71e-4697-856b-6fbd8430c2cc","taskType":"discover","data":{"id":"64b6abc1-a71e-4697-856b-6fbd8430c2cc","type":"discover","attempt":1,"workerId":"test","commit":null,"readyWaitMs":555,"heapUsedMb":331,"heapLimitMb":4144,"rssMb":159}}
{"t":"2026-10-01T15:45:51.563Z","level":"warn","msg":"logo re-encode failed; the original is kept","taskId":"64b6abc1-a71e-4697-856b-6fbd8430c2cc","taskType":"discover","data":{"error":"Input buffer has corrupt header:","bytes":400}}
{"t":"2026-10-01T15:45:51.572Z","level":"info","msg":"logo captured","taskId":"64b6abc1-a71e-4697-856b-6fbd8430c2cc","taskType":"discover","data":{"company":"Acme Robotics","source":"site_icon","sourceUrl":"https://www.acme.example/favicon.png","bytes":400,"contentType":"image/png"}}
{"t":"2026-10-01T15:45:51.573Z","level":"info","msg":"task done","taskId":"64b6abc1-a71e-4697-856b-6fbd8430c2cc","taskType":"discover","data":{"id":"64b6abc1-a71e-4697-856b-6fbd8430c2cc","type":"discover","ms":67,"heapUsedMb":332,"heapDeltaMb":1,"heapLimitMb":4144,"rssMb":159,"rssDeltaMb":0}}
{"t":"2026-10-01T15:45:51.942Z","level":"info","msg":"slow database query","data":{"durationMs":341,"statement":"truncate users, companies, career_sources, discovery_runs, scan_runs, scans, jobs, job_events, decisions, tasks, setting"}}
{"t":"2026-10-01T15:45:52.059Z","level":"info","msg":"task start","taskId":"43a5f544-a307-4cae-b372-fcaa8ff68af2","taskType":"discover","data":{"id":"43a5f544-a307-4cae-b372-fcaa8ff68af2","type":"discover","attempt":1,"workerId":"test","commit":null,"readyWaitMs":98,"heapUsedMb":335,"heapLimitMb":4144,"rssMb":159}}
{"t":"2026-10-01T15:45:52.238Z","level":"info","msg":"discovery finished","taskId":"43a5f544-a307-4cae-b372-fcaa8ff68af2","taskType":"discover","data":{"company":"acme.example","outcome":"resolved","fetches":3,"best":"ats_link"}}
{"t":"2026-10-01T15:45:52.240Z","level":"info","msg":"task done","taskId":"43a5f544-a307-4cae-b372-fcaa8ff68af2","taskType":"discover","data":{"id":"43a5f544-a307-4cae-b372-fcaa8ff68af2","type":"discover","ms":181,"heapUsedMb":338,"heapDeltaMb":3,"heapLimitMb":4144,"rssMb":158,"rssDeltaMb":-1}}
{"t":"2026-10-01T15:45:52.242Z","level":"info","msg":"task start","taskId":"5c6758f2-76f6-44c2-96a6-f75b130783d6","taskType":"scan_company","data":{"id":"5c6758f2-76f6-44c2-96a6-f75b130783d6","type":"scan_company","attempt":1,"workerId":"test","commit":null,"readyWaitMs":23,"heapUsedMb":338,"heapLimitMb":4144,"rssMb":158}}
{"t":"2026-10-01T15:45:52.430Z","level":"info","msg":"source scanned","taskId":"5c6758f2-76f6-44c2-96a6-f75b130783d6","taskType":"scan_company","data":{"company":"Acme Robotics","type":"greenhouse","status":"ok","postings":5,"new":5,"closed":0,"followers":2,"deferredDescriptions":0,"reusedListing":false,"claimFetchedBytes":1452,"claimRequests":3,"claimRevalidated":0,"heapUsedMb":330,"ms":184}}
{"t":"2026-10-01T15:45:52.438Z","level":"info","msg":"task done","taskId":"5c6758f2-76f6-44c2-96a6-f75b130783d6","taskType":"scan_company","data":{"id":"5c6758f2-76f6-44c2-96a6-f75b130783d6","type":"scan_company","ms":196,"heapUsedMb":331,"heapDeltaMb":-7,"heapLimitMb":4144,"rssMb":160,"rssDeltaMb":2}}
{"t":"2026-10-01T15:45:52.440Z","level":"info","msg":"task start","taskId":"1c45f568-0973-4bb4-809f-985d3600a380","taskType":"fetch_description","data":{"id":"1c45f568-0973-4bb4-809f-985d3600a380","type":"fetch_description","attempt":1,"workerId":"test","commit":null,"readyWaitMs":41,"heapUsedMb":331,"heapLimitMb":4144,"rssMb":160}}
{"t":"2026-10-01T15:45:52.460Z","level":"info","msg":"task done","taskId":"1c45f568-0973-4bb4-809f-985d3600a380","taskType":"fetch_description","data":{"id":"1c45f568-0973-4bb4-809f-985d3600a380","type":"fetch_description","ms":20,"heapUsedMb":332,"heapDeltaMb":1,"heapLimitMb":4144,"rssMb":160,"rssDeltaMb":0}}
{"t":"2026-10-01T15:45:52.462Z","level":"info","msg":"task start","taskId":"cab95250-c776-4f56-ab0d-2da1e2c3e832","taskType":"fetch_description","data":{"id":"cab95250-c776-4f56-ab0d-2da1e2c3e832","type":"fetch_description","attempt":1,"workerId":"test","commit":null,"readyWaitMs":63,"heapUsedMb":332,"heapLimitMb":4144,"rssMb":160}}
{"t":"2026-10-01T15:45:52.521Z","level":"info","msg":"task done","taskId":"cab95250-c776-4f56-ab0d-2da1e2c3e832","taskType":"fetch_description","data":{"id":"cab95250-c776-4f56-ab0d-2da1e2c3e832","type":"fetch_description","ms":59,"heapUsedMb":333,"heapDeltaMb":1,"heapLimitMb":4144,"rssMb":160,"rssDeltaMb":0}}
{"t":"2026-10-01T15:45:52.525Z","level":"info","msg":"task start","taskId":"60fba65d-26f2-4ed1-9e42-ab1323551c90","taskType":"fetch_description","data":{"id":"60fba65d-26f2-4ed1-9e42-ab1323551c90","type":"fetch_description","attempt":1,"workerId":"test","commit":null,"readyWaitMs":126,"heapUsedMb":333,"heapLimitMb":4144,"rssMb":160}}
{"t":"2026-10-01T15:45:52.563Z","level":"info","msg":"task done","taskId":"60fba65d-26f2-4ed1-9e42-ab1323551c90","taskType":"fetch_description","data":{"id":"60fba65d-26f2-4ed1-9e42-ab1323551c90","type":"fetch_description","ms":38,"heapUsedMb":334,"heapDeltaMb":1,"heapLimitMb":4144,"rssMb":160,"rssDeltaMb":0}}
{"t":"2026-10-01T15:45:52.567Z","level":"info","msg":"task start","taskId":"9551e4cd-be9c-40dd-ae55-a6714007b1a0","taskType":"fetch_description","data":{"id":"9551e4cd-be9c-40dd-ae55-a6714007b1a0","type":"fetch_description","attempt":1,"workerId":"test","commit":null,"readyWaitMs":168,"heapUsedMb":334,"heapLimitMb":4144,"rssMb":160}}
{"t":"2026-10-01T15:45:52.612Z","level":"info","msg":"task done","taskId":"9551e4cd-be9c-40dd-ae55-a6714007b1a0","taskType":"fetch_description","data":{"id":"9551e4cd-be9c-40dd-ae55-a6714007b1a0","type":"fetch_description","ms":45,"heapUsedMb":336,"heapDeltaMb":2,"heapLimitMb":4144,"rssMb":160,"rssDeltaMb":0}}
{"t":"2026-10-01T15:45:52.621Z","level":"info","msg":"task start","taskId":"8ce85f01-0a48-4a72-9db9-54408a1c45e9","taskType":"fetch_description","data":{"id":"8ce85f01-0a48-4a72-9db9-54408a1c45e9","type":"fetch_description","attempt":1,"workerId":"test","commit":null,"readyWaitMs":222,"heapUsedMb":336,"heapLimitMb":4144,"rssMb":160}}
{"t":"2026-10-01T15:45:52.658Z","level":"info","msg":"task done","taskId":"8ce85f01-0a48-4a72-9db9-54408a1c45e9","taskType":"fetch_description","data":{"id":"8ce85f01-0a48-4a72-9db9-54408a1c45e9","type":"fetch_description","ms":37,"heapUsedMb":337,"heapDeltaMb":1,"heapLimitMb":4144,"rssMb":160,"rssDeltaMb":0}}
{"t":"2026-10-01T15:45:52.659Z","level":"info","msg":"task start","taskId":"adb26d3b-f776-473c-80d2-63da3d46c6ec","taskType":"discover","data":{"id":"adb26d3b-f776-473c-80d2-63da3d46c6ec","type":"discover","attempt":1,"workerId":"test","commit":null,"readyWaitMs":599,"heapUsedMb":337,"heapLimitMb":4144,"rssMb":160}}
{"t":"2026-10-01T15:45:52.714Z","level":"warn","msg":"logo re-encode failed; the original is kept","taskId":"adb26d3b-f776-473c-80d2-63da3d46c6ec","taskType":"discover","data":{"error":"Input buffer has corrupt header:","bytes":400}}
{"t":"2026-10-01T15:45:52.719Z","level":"info","msg":"logo captured","taskId":"adb26d3b-f776-473c-80d2-63da3d46c6ec","taskType":"discover","data":{"company":"Acme Robotics","source":"site_icon","sourceUrl":"https://www.acme.example/favicon.png","bytes":400,"contentType":"image/png"}}
{"t":"2026-10-01T15:45:52.720Z","level":"info","msg":"task done","taskId":"adb26d3b-f776-473c-80d2-63da3d46c6ec","taskType":"discover","data":{"id":"adb26d3b-f776-473c-80d2-63da3d46c6ec","type":"discover","ms":61,"heapUsedMb":338,"heapDeltaMb":1,"heapLimitMb":4144,"rssMb":160,"rssDeltaMb":0}}
{"t":"2026-10-01T15:45:53.180Z","level":"info","msg":"slow database query","data":{"durationMs":378,"statement":"truncate users, companies, career_sources, discovery_runs, scan_runs, scans, jobs, job_events, decisions, tasks, setting"}}
{"t":"2026-10-01T15:45:53.197Z","level":"info","msg":"task start","taskId":"08a92c5d-d419-427d-9aaf-32c2a9cddac4","taskType":"discover","data":{"id":"08a92c5d-d419-427d-9aaf-32c2a9cddac4","type":"discover","attempt":1,"workerId":"test","commit":null,"readyWaitMs":4,"heapUsedMb":332,"heapLimitMb":4144,"rssMb":157}}
{"t":"2026-10-01T15:45:53.361Z","level":"info","msg":"discovery finished","taskId":"08a92c5d-d419-427d-9aaf-32c2a9cddac4","taskType":"discover","data":{"company":"acme.example","outcome":"resolved","fetches":3,"best":"ats_link"}}
{"t":"2026-10-01T15:45:53.364Z","level":"info","msg":"task done","taskId":"08a92c5d-d419-427d-9aaf-32c2a9cddac4","taskType":"discover","data":{"id":"08a92c5d-d419-427d-9aaf-32c2a9cddac4","type":"discover","ms":167,"heapUsedMb":334,"heapDeltaMb":2,"heapLimitMb":4144,"rssMb":158,"rssDeltaMb":1}}
{"t":"2026-10-01T15:45:53.366Z","level":"info","msg":"task start","taskId":"323aa6e2-ba02-4c2d-8462-b4cc8e7d9361","taskType":"scan_company","data":{"id":"323aa6e2-ba02-4c2d-8462-b4cc8e7d9361","type":"scan_company","attempt":1,"workerId":"test","commit":null,"readyWaitMs":11,"heapUsedMb":335,"heapLimitMb":4144,"rssMb":158}}
{"t":"2026-10-01T15:45:53.534Z","level":"info","msg":"source scanned","taskId":"323aa6e2-ba02-4c2d-8462-b4cc8e7d9361","taskType":"scan_company","data":{"company":"Acme Robotics","type":"greenhouse","status":"ok","postings":5,"new":5,"closed":0,"followers":1,"deferredDescriptions":0,"reusedListing":false,"claimFetchedBytes":1452,"claimRequests":3,"claimRevalidated":0,"heapUsedMb":337,"ms":164}}
{"t":"2026-10-01T15:45:53.540Z","level":"info","msg":"task done","taskId":"323aa6e2-ba02-4c2d-8462-b4cc8e7d9361","taskType":"scan_company","data":{"id":"323aa6e2-ba02-4c2d-8462-b4cc8e7d9361","type":"scan_company","ms":174,"heapUsedMb":337,"heapDeltaMb":2,"heapLimitMb":4144,"rssMb":159,"rssDeltaMb":1}}
{"t":"2026-10-01T15:45:53.542Z","level":"info","msg":"task start","taskId":"5393dc2f-caed-4a2b-ab48-2e70eea31bb5","taskType":"fetch_description","data":{"id":"5393dc2f-caed-4a2b-ab48-2e70eea31bb5","type":"fetch_description","attempt":1,"workerId":"test","commit":null,"readyWaitMs":25,"heapUsedMb":337,"heapLimitMb":4144,"rssMb":159}}
{"t":"2026-10-01T15:45:53.563Z","level":"info","msg":"task done","taskId":"5393dc2f-caed-4a2b-ab48-2e70eea31bb5","taskType":"fetch_description","data":{"id":"5393dc2f-caed-4a2b-ab48-2e70eea31bb5","type":"fetch_description","ms":21,"heapUsedMb":338,"heapDeltaMb":1,"heapLimitMb":4144,"rssMb":159,"rssDeltaMb":0}}
{"t":"2026-10-01T15:45:53.565Z","level":"info","msg":"task start","taskId":"c457fded-8129-4af7-9780-61a48281a014","taskType":"discover","data":{"id":"c457fded-8129-4af7-9780-61a48281a014","type":"discover","attempt":1,"workerId":"test","commit":null,"readyWaitMs":368,"heapUsedMb":339,"heapLimitMb":4144,"rssMb":159}}
{"t":"2026-10-01T15:45:53.618Z","level":"warn","msg":"logo re-encode failed; the original is kept","taskId":"c457fded-8129-4af7-9780-61a48281a014","taskType":"discover","data":{"error":"Input buffer has corrupt header:","bytes":400}}
{"t":"2026-10-01T15:45:53.632Z","level":"info","msg":"logo captured","taskId":"c457fded-8129-4af7-9780-61a48281a014","taskType":"discover","data":{"company":"Acme Robotics","source":"site_icon","sourceUrl":"https://www.acme.example/favicon.png","bytes":400,"contentType":"image/png"}}
{"t":"2026-10-01T15:45:53.635Z","level":"info","msg":"task done","taskId":"c457fded-8129-4af7-9780-61a48281a014","taskType":"discover","data":{"id":"c457fded-8129-4af7-9780-61a48281a014","type":"discover","ms":70,"heapUsedMb":339,"heapDeltaMb":0,"heapLimitMb":4144,"rssMb":159,"rssDeltaMb":0}}
{"t":"2026-10-01T15:45:54.286Z","level":"info","msg":"source scanned","data":{"company":"acme.example","type":"greenhouse","status":"ok","postings":5,"new":0,"closed":0,"followers":1,"deferredDescriptions":0,"reusedListing":false,"claimFetchedBytes":1452,"claimRequests":3,"claimRevalidated":0,"heapUsedMb":342,"ms":645}}
{"t":"2026-10-01T15:45:54.807Z","level":"info","msg":"slow database query","data":{"durationMs":496,"statement":"truncate users, companies, career_sources, discovery_runs, scan_runs, scans, jobs, job_events, decisions, tasks, setting"}}
{"t":"2026-10-01T15:45:54.830Z","level":"info","msg":"task start","taskId":"450f803d-3ec8-464e-ae1b-0d0047648bfd","taskType":"discover","data":{"id":"450f803d-3ec8-464e-ae1b-0d0047648bfd","type":"discover","attempt":1,"workerId":"test","commit":null,"readyWaitMs":6,"heapUsedMb":333,"heapLimitMb":4144,"rssMb":146}}
{"t":"2026-10-01T15:45:55.012Z","level":"info","msg":"discovery finished","taskId":"450f803d-3ec8-464e-ae1b-0d0047648bfd","taskType":"discover","data":{"company":"acme.example","outcome":"resolved","fetches":3,"best":"ats_link"}}
{"t":"2026-10-01T15:45:55.016Z","level":"info","msg":"task done","taskId":"450f803d-3ec8-464e-ae1b-0d0047648bfd","taskType":"discover","data":{"id":"450f803d-3ec8-464e-ae1b-0d0047648bfd","type":"discover","ms":186,"heapUsedMb":336,"heapDeltaMb":3,"heapLimitMb":4144,"rssMb":151,"rssDeltaMb":5}}
{"t":"2026-10-01T15:45:55.019Z","level":"info","msg":"task start","taskId":"9a11c083-909a-440c-8c5a-51aa5b01b07f","taskType":"scan_company","data":{"id":"9a11c083-909a-440c-8c5a-51aa5b01b07f","type":"scan_company","attempt":1,"workerId":"test","commit":null,"readyWaitMs":20,"heapUsedMb":336,"heapLimitMb":4144,"rssMb":151}}
{"t":"2026-10-01T15:45:55.196Z","level":"info","msg":"source scanned","taskId":"9a11c083-909a-440c-8c5a-51aa5b01b07f","taskType":"scan_company","data":{"company":"Acme Robotics","type":"greenhouse","status":"ok","postings":5,"new":5,"closed":0,"followers":1,"deferredDescriptions":0,"reusedListing":false,"claimFetchedBytes":1452,"claimRequests":3,"claimRevalidated":0,"heapUsedMb":339,"ms":171}}
{"t":"2026-10-01T15:45:55.203Z","level":"info","msg":"task done","taskId":"9a11c083-909a-440c-8c5a-51aa5b01b07f","taskType":"scan_company","data":{"id":"9a11c083-909a-440c-8c5a-51aa5b01b07f","type":"scan_company","ms":184,"heapUsedMb":339,"heapDeltaMb":3,"heapLimitMb":4144,"rssMb":152,"rssDeltaMb":1}}
{"t":"2026-10-01T15:45:55.206Z","level":"info","msg":"task start","taskId":"8a05a37d-533e-4e60-89a1-e63cd68b3af9","taskType":"fetch_description","data":{"id":"8a05a37d-533e-4e60-89a1-e63cd68b3af9","type":"fetch_description","attempt":1,"workerId":"test","commit":null,"readyWaitMs":42,"heapUsedMb":339,"heapLimitMb":4144,"rssMb":152}}
{"t":"2026-10-01T15:45:55.221Z","level":"info","msg":"task done","taskId":"8a05a37d-533e-4e60-89a1-e63cd68b3af9","taskType":"fetch_description","data":{"id":"8a05a37d-533e-4e60-89a1-e63cd68b3af9","type":"fetch_description","ms":15,"heapUsedMb":340,"heapDeltaMb":1,"heapLimitMb":4144,"rssMb":153,"rssDeltaMb":1}}
{"t":"2026-10-01T15:45:55.223Z","level":"info","msg":"task start","taskId":"6b0b85e5-d2b7-4c18-a17f-66610f64dc19","taskType":"fetch_description","data":{"id":"6b0b85e5-d2b7-4c18-a17f-66610f64dc19","type":"fetch_description","attempt":1,"workerId":"test","commit":null,"readyWaitMs":59,"heapUsedMb":340,"heapLimitMb":4144,"rssMb":153}}
{"t":"2026-10-01T15:45:55.267Z","level":"info","msg":"task done","taskId":"6b0b85e5-d2b7-4c18-a17f-66610f64dc19","taskType":"fetch_description","data":{"id":"6b0b85e5-d2b7-4c18-a17f-66610f64dc19","type":"fetch_description","ms":44,"heapUsedMb":341,"heapDeltaMb":1,"heapLimitMb":4144,"rssMb":153,"rssDeltaMb":0}}
{"t":"2026-10-01T15:45:55.268Z","level":"info","msg":"task start","taskId":"3ad34e79-c820-434a-a527-ceeeca491a06","taskType":"fetch_description","data":{"id":"3ad34e79-c820-434a-a527-ceeeca491a06","type":"fetch_description","attempt":1,"workerId":"test","commit":null,"readyWaitMs":104,"heapUsedMb":342,"heapLimitMb":4144,"rssMb":153}}
{"t":"2026-10-01T15:45:55.319Z","level":"info","msg":"task done","taskId":"3ad34e79-c820-434a-a527-ceeeca491a06","taskType":"fetch_description","data":{"id":"3ad34e79-c820-434a-a527-ceeeca491a06","type":"fetch_description","ms":51,"heapUsedMb":343,"heapDeltaMb":1,"heapLimitMb":4144,"rssMb":153,"rssDeltaMb":0}}
{"t":"2026-10-01T15:45:55.321Z","level":"info","msg":"task start","taskId":"238687d0-b822-49c5-8e22-841133de8659","taskType":"fetch_description","data":{"id":"238687d0-b822-49c5-8e22-841133de8659","type":"fetch_description","attempt":1,"workerId":"test","commit":null,"readyWaitMs":157,"heapUsedMb":343,"heapLimitMb":4144,"rssMb":153}}
{"t":"2026-10-01T15:45:55.371Z","level":"info","msg":"task done","taskId":"238687d0-b822-49c5-8e22-841133de8659","taskType":"fetch_description","data":{"id":"238687d0-b822-49c5-8e22-841133de8659","type":"fetch_description","ms":50,"heapUsedMb":333,"heapDeltaMb":-10,"heapLimitMb":4144,"rssMb":155,"rssDeltaMb":2}}
{"t":"2026-10-01T15:45:55.375Z","level":"info","msg":"task start","taskId":"6ab0902b-9e0f-4d96-a019-e6f60c7e8897","taskType":"discover","data":{"id":"6ab0902b-9e0f-4d96-a019-e6f60c7e8897","type":"discover","attempt":1,"workerId":"test","commit":null,"readyWaitMs":542,"heapUsedMb":333,"heapLimitMb":4144,"rssMb":161}}
{"t":"2026-10-01T15:45:55.431Z","level":"warn","msg":"logo re-encode failed; the original is kept","taskId":"6ab0902b-9e0f-4d96-a019-e6f60c7e8897","taskType":"discover","data":{"error":"Input buffer has corrupt header:","bytes":400}}
{"t":"2026-10-01T15:45:55.435Z","level":"info","msg":"logo captured","taskId":"6ab0902b-9e0f-4d96-a019-e6f60c7e8897","taskType":"discover","data":{"company":"Acme Robotics","source":"site_icon","sourceUrl":"https://www.acme.example/favicon.png","bytes":400,"contentType":"image/png"}}
{"t":"2026-10-01T15:45:55.436Z","level":"info","msg":"task done","taskId":"6ab0902b-9e0f-4d96-a019-e6f60c7e8897","taskType":"discover","data":{"id":"6ab0902b-9e0f-4d96-a019-e6f60c7e8897","type":"discover","ms":61,"heapUsedMb":97,"heapDeltaMb":-236,"heapLimitMb":4144,"rssMb":205,"rssDeltaMb":44}}
{"t":"2026-10-01T15:45:55.574Z","level":"info","msg":"source scanned","data":{"company":"acme.example","type":"greenhouse","status":"ok","postings":5,"new":0,"closed":0,"followers":1,"deferredDescriptions":0,"reusedListing":false,"claimFetchedBytes":1452,"claimRequests":3,"claimRevalidated":0,"heapUsedMb":99,"ms":134}}
{"t":"2026-10-01T15:45:56.020Z","level":"info","msg":"slow database query","data":{"durationMs":438,"statement":"truncate users, companies, career_sources, discovery_runs, scan_runs, scans, jobs, job_events, decisions, tasks, setting"}}
{"t":"2026-10-01T15:45:56.157Z","level":"info","msg":"source scanned","data":{"company":"Acme Robotics","type":"greenhouse","status":"ok","postings":1,"new":1,"closed":0,"followers":1,"deferredDescriptions":0,"reusedListing":false,"claimFetchedBytes":351,"claimRequests":3,"claimRevalidated":0,"heapUsedMb":102,"ms":121}}
{"t":"2026-10-01T15:45:56.187Z","level":"info","msg":"http revalidated","data":{"host":"boards-api.greenhouse.io","durationMs":1,"bytes":0}}
{"t":"2026-10-01T15:45:56.237Z","level":"info","msg":"http revalidated","data":{"host":"boards-api.greenhouse.io","durationMs":1,"bytes":0}}
{"t":"2026-10-01T15:45:56.288Z","level":"info","msg":"http revalidated","data":{"host":"boards-api.greenhouse.io","durationMs":1,"bytes":0}}
{"t":"2026-10-01T15:45:56.300Z","level":"info","msg":"source scanned","data":{"company":"Acme Robotics","type":"greenhouse","status":"ok","postings":1,"new":0,"closed":0,"followers":1,"deferredDescriptions":0,"reusedListing":false,"claimFetchedBytes":0,"claimRequests":3,"claimRevalidated":3,"heapUsedMb":104,"ms":138}}
{"t":"2026-10-01T15:45:56.576Z","level":"info","msg":"slow database query","data":{"durationMs":273,"statement":"truncate users, companies, career_sources, discovery_runs, scan_runs, scans, jobs, job_events, decisions, tasks, setting"}}
{"t":"2026-10-01T15:45:56.590Z","level":"info","msg":"task start","taskId":"7de0f7ed-3b5d-4517-b5d7-7391fb25d60a","taskType":"discover","data":{"id":"7de0f7ed-3b5d-4517-b5d7-7391fb25d60a","type":"discover","attempt":1,"workerId":"test","commit":null,"readyWaitMs":4,"heapUsedMb":105,"heapLimitMb":4144,"rssMb":197}}
{"t":"2026-10-01T15:45:56.758Z","level":"info","msg":"discovery finished","taskId":"7de0f7ed-3b5d-4517-b5d7-7391fb25d60a","taskType":"discover","data":{"company":"acme.example","outcome":"resolved","fetches":3,"best":"ats_link"}}
{"t":"2026-10-01T15:45:56.760Z","level":"info","msg":"task done","taskId":"7de0f7ed-3b5d-4517-b5d7-7391fb25d60a","taskType":"discover","data":{"id":"7de0f7ed-3b5d-4517-b5d7-7391fb25d60a","type":"discover","ms":170,"heapUsedMb":108,"heapDeltaMb":3,"heapLimitMb":4144,"rssMb":194,"rssDeltaMb":-3}}
{"t":"2026-10-01T15:45:56.762Z","level":"info","msg":"task start","taskId":"a9c98d40-57de-4911-8f7b-b3212d923e5a","taskType":"scan_company","data":{"id":"a9c98d40-57de-4911-8f7b-b3212d923e5a","type":"scan_company","attempt":1,"workerId":"test","commit":null,"readyWaitMs":14,"heapUsedMb":108,"heapLimitMb":4144,"rssMb":194}}
{"t":"2026-10-01T15:45:56.922Z","level":"info","msg":"source scanned","taskId":"a9c98d40-57de-4911-8f7b-b3212d923e5a","taskType":"scan_company","data":{"company":"Acme Robotics","type":"greenhouse","status":"ok","postings":5,"new":5,"closed":0,"followers":1,"deferredDescriptions":0,"reusedListing":false,"claimFetchedBytes":1452,"claimRequests":3,"claimRevalidated":0,"heapUsedMb":99,"ms":155}}
{"t":"2026-10-01T15:45:56.926Z","level":"info","msg":"task done","taskId":"a9c98d40-57de-4911-8f7b-b3212d923e5a","taskType":"scan_company","data":{"id":"a9c98d40-57de-4911-8f7b-b3212d923e5a","type":"scan_company","ms":164,"heapUsedMb":100,"heapDeltaMb":-8,"heapLimitMb":4144,"rssMb":195,"rssDeltaMb":1}}
{"t":"2026-10-01T15:45:56.928Z","level":"info","msg":"task start","taskId":"9c88ba4c-8638-489e-bac0-89809f7ee660","taskType":"fetch_description","data":{"id":"9c88ba4c-8638-489e-bac0-89809f7ee660","type":"fetch_description","attempt":1,"workerId":"test","commit":null,"readyWaitMs":17,"heapUsedMb":100,"heapLimitMb":4144,"rssMb":195}}
{"t":"2026-10-01T15:45:56.962Z","level":"info","msg":"task done","taskId":"9c88ba4c-8638-489e-bac0-89809f7ee660","taskType":"fetch_description","data":{"id":"9c88ba4c-8638-489e-bac0-89809f7ee660","type":"fetch_description","ms":34,"heapUsedMb":101,"heapDeltaMb":1,"heapLimitMb":4144,"rssMb":196,"rssDeltaMb":1}}
{"t":"2026-10-01T15:45:56.964Z","level":"info","msg":"task start","taskId":"036ddc54-a8e0-42f9-812c-0f084c97e78b","taskType":"fetch_description","data":{"id":"036ddc54-a8e0-42f9-812c-0f084c97e78b","type":"fetch_description","attempt":1,"workerId":"test","commit":null,"readyWaitMs":53,"heapUsedMb":101,"heapLimitMb":4144,"rssMb":196}}
{"t":"2026-10-01T15:45:57.009Z","level":"info","msg":"task done","taskId":"036ddc54-a8e0-42f9-812c-0f084c97e78b","taskType":"fetch_description","data":{"id":"036ddc54-a8e0-42f9-812c-0f084c97e78b","type":"fetch_description","ms":44,"heapUsedMb":102,"heapDeltaMb":1,"heapLimitMb":4144,"rssMb":197,"rssDeltaMb":1}}
{"t":"2026-10-01T15:45:57.010Z","level":"info","msg":"task start","taskId":"ec0c8d75-fcd3-4013-868d-df482e28bf2e","taskType":"fetch_description","data":{"id":"ec0c8d75-fcd3-4013-868d-df482e28bf2e","type":"fetch_description","attempt":1,"workerId":"test","commit":null,"readyWaitMs":99,"heapUsedMb":102,"heapLimitMb":4144,"rssMb":197}}
{"t":"2026-10-01T15:45:57.060Z","level":"info","msg":"task done","taskId":"ec0c8d75-fcd3-4013-868d-df482e28bf2e","taskType":"fetch_description","data":{"id":"ec0c8d75-fcd3-4013-868d-df482e28bf2e","type":"fetch_description","ms":50,"heapUsedMb":103,"heapDeltaMb":1,"heapLimitMb":4144,"rssMb":198,"rssDeltaMb":1}}
{"t":"2026-10-01T15:45:57.062Z","level":"info","msg":"task start","taskId":"c9b65396-6fe4-4117-848e-032983a70ffc","taskType":"fetch_description","data":{"id":"c9b65396-6fe4-4117-848e-032983a70ffc","type":"fetch_description","attempt":1,"workerId":"test","commit":null,"readyWaitMs":151,"heapUsedMb":104,"heapLimitMb":4144,"rssMb":198}}
{"t":"2026-10-01T15:45:57.109Z","level":"info","msg":"task done","taskId":"c9b65396-6fe4-4117-848e-032983a70ffc","taskType":"fetch_description","data":{"id":"c9b65396-6fe4-4117-848e-032983a70ffc","type":"fetch_description","ms":47,"heapUsedMb":105,"heapDeltaMb":1,"heapLimitMb":4144,"rssMb":199,"rssDeltaMb":1}}
{"t":"2026-10-01T15:45:57.110Z","level":"info","msg":"task start","taskId":"c1044796-8cde-4af0-ab9f-3c1c415ac667","taskType":"discover","data":{"id":"c1044796-8cde-4af0-ab9f-3c1c415ac667","type":"discover","attempt":1,"workerId":"test","commit":null,"readyWaitMs":520,"heapUsedMb":105,"heapLimitMb":4144,"rssMb":199}}
{"t":"2026-10-01T15:45:57.165Z","level":"warn","msg":"logo re-encode failed; the original is kept","taskId":"c1044796-8cde-4af0-ab9f-3c1c415ac667","taskType":"discover","data":{"error":"Input buffer has corrupt header:","bytes":400}}
{"t":"2026-10-01T15:45:57.172Z","level":"info","msg":"logo captured","taskId":"c1044796-8cde-4af0-ab9f-3c1c415ac667","taskType":"discover","data":{"company":"Acme Robotics","source":"site_icon","sourceUrl":"https://www.acme.example/favicon.png","bytes":400,"contentType":"image/png"}}
{"t":"2026-10-01T15:45:57.173Z","level":"info","msg":"task done","taskId":"c1044796-8cde-4af0-ab9f-3c1c415ac667","taskType":"discover","data":{"id":"c1044796-8cde-4af0-ab9f-3c1c415ac667","type":"discover","ms":63,"heapUsedMb":106,"heapDeltaMb":1,"heapLimitMb":4144,"rssMb":200,"rssDeltaMb":1}}
{"t":"2026-10-01T15:45:57.184Z","level":"info","msg":"source scanned","data":{"company":"acme.example","type":"greenhouse","status":"failed","postings":0,"new":0,"closed":0,"followers":1,"deferredDescriptions":0,"reusedListing":false,"claimFetchedBytes":0,"claimRequests":1,"claimRevalidated":0,"heapUsedMb":107,"ms":7}}
{"t":"2026-10-01T15:45:57.316Z","level":"info","msg":"source scanned","data":{"company":"acme.example","type":"greenhouse","status":"ok","postings":5,"new":0,"closed":0,"followers":1,"deferredDescriptions":0,"reusedListing":false,"claimFetchedBytes":1452,"claimRequests":3,"claimRevalidated":0,"heapUsedMb":109,"ms":128}}
{"t":"2026-10-01T15:45:57.586Z","level":"info","msg":"task start","taskId":"26368632-0ec2-4870-9873-57882a65024e","taskType":"discover","data":{"id":"26368632-0ec2-4870-9873-57882a65024e","type":"discover","attempt":1,"workerId":"test","commit":null,"readyWaitMs":7,"heapUsedMb":100,"heapLimitMb":4144,"rssMb":201}}
{"t":"2026-10-01T15:45:57.754Z","level":"info","msg":"discovery finished","taskId":"26368632-0ec2-4870-9873-57882a65024e","taskType":"discover","data":{"company":"acme.example","outcome":"resolved","fetches":3,"best":"ats_link"}}
{"t":"2026-10-01T15:45:57.756Z","level":"info","msg":"task done","taskId":"26368632-0ec2-4870-9873-57882a65024e","taskType":"discover","data":{"id":"26368632-0ec2-4870-9873-57882a65024e","type":"discover","ms":170,"heapUsedMb":103,"heapDeltaMb":3,"heapLimitMb":4144,"rssMb":202,"rssDeltaMb":1}}
{"t":"2026-10-01T15:45:57.758Z","level":"info","msg":"task start","taskId":"a6f2eea4-1b15-4040-89e8-21388b5e357c","taskType":"scan_company","data":{"id":"a6f2eea4-1b15-4040-89e8-21388b5e357c","type":"scan_company","attempt":1,"workerId":"test","commit":null,"readyWaitMs":11,"heapUsedMb":103,"heapLimitMb":4144,"rssMb":202}}
{"t":"2026-10-01T15:45:57.917Z","level":"info","msg":"source scanned","taskId":"a6f2eea4-1b15-4040-89e8-21388b5e357c","taskType":"scan_company","data":{"company":"Acme Robotics","type":"greenhouse","status":"ok","postings":3,"new":3,"closed":0,"followers":1,"deferredDescriptions":0,"reusedListing":false,"claimFetchedBytes":992,"claimRequests":3,"claimRevalidated":0,"heapUsedMb":106,"ms":155}}
{"t":"2026-10-01T15:45:57.924Z","level":"info","msg":"task done","taskId":"a6f2eea4-1b15-4040-89e8-21388b5e357c","taskType":"scan_company","data":{"id":"a6f2eea4-1b15-4040-89e8-21388b5e357c","type":"scan_company","ms":166,"heapUsedMb":106,"heapDeltaMb":3,"heapLimitMb":4144,"rssMb":201,"rssDeltaMb":-1}}
{"t":"2026-10-01T15:45:57.926Z","level":"info","msg":"task start","taskId":"3888cac8-38e2-400b-81ff-e6c7a205bcdb","taskType":"fetch_description","data":{"id":"3888cac8-38e2-400b-81ff-e6c7a205bcdb","type":"fetch_description","attempt":1,"workerId":"test","commit":null,"readyWaitMs":20,"heapUsedMb":106,"heapLimitMb":4144,"rssMb":201}}
{"t":"2026-10-01T15:45:57.957Z","level":"info","msg":"task done","taskId":"3888cac8-38e2-400b-81ff-e6c7a205bcdb","taskType":"fetch_description","data":{"id":"3888cac8-38e2-400b-81ff-e6c7a205bcdb","type":"fetch_description","ms":31,"heapUsedMb":107,"heapDeltaMb":1,"heapLimitMb":4144,"rssMb":201,"rssDeltaMb":0}}
{"t":"2026-10-01T15:45:57.959Z","level":"info","msg":"task start","taskId":"c3a3df87-ecef-423b-a025-8cbd96afcca8","taskType":"fetch_description","data":{"id":"c3a3df87-ecef-423b-a025-8cbd96afcca8","type":"fetch_description","attempt":1,"workerId":"test","commit":null,"readyWaitMs":53,"heapUsedMb":107,"heapLimitMb":4144,"rssMb":201}}
{"t":"2026-10-01T15:45:58.008Z","level":"info","msg":"task done","taskId":"c3a3df87-ecef-423b-a025-8cbd96afcca8","taskType":"fetch_description","data":{"id":"c3a3df87-ecef-423b-a025-8cbd96afcca8","type":"fetch_description","ms":49,"heapUsedMb":108,"heapDeltaMb":1,"heapLimitMb":4144,"rssMb":201,"rssDeltaMb":0}}
{"t":"2026-10-01T15:45:58.010Z","level":"info","msg":"task start","taskId":"605b950c-b309-407e-8c5c-3c09cd669aab","taskType":"discover","data":{"id":"605b950c-b309-407e-8c5c-3c09cd669aab","type":"discover","attempt":1,"workerId":"test","commit":null,"readyWaitMs":423,"heapUsedMb":109,"heapLimitMb":4144,"rssMb":201}}
{"t":"2026-10-01T15:45:58.063Z","level":"warn","msg":"logo re-encode failed; the original is kept","taskId":"605b950c-b309-407e-8c5c-3c09cd669aab","taskType":"discover","data":{"error":"Input buffer has corrupt header:","bytes":400}}
{"t":"2026-10-01T15:45:58.068Z","level":"info","msg":"logo captured","taskId":"605b950c-b309-407e-8c5c-3c09cd669aab","taskType":"discover","data":{"company":"Acme Robotics","source":"site_icon","sourceUrl":"https://www.acme.example/favicon.png","bytes":400,"contentType":"image/png"}}
{"t":"2026-10-01T15:45:58.069Z","level":"info","msg":"task done","taskId":"605b950c-b309-407e-8c5c-3c09cd669aab","taskType":"discover","data":{"id":"605b950c-b309-407e-8c5c-3c09cd669aab","type":"discover","ms":59,"heapUsedMb":109,"heapDeltaMb":0,"heapLimitMb":4144,"rssMb":201,"rssDeltaMb":0}}
{"t":"2026-10-01T15:45:58.194Z","level":"info","msg":"source scanned","data":{"company":"acme.example","type":"greenhouse","status":"ok","postings":3,"new":0,"closed":0,"followers":1,"deferredDescriptions":0,"reusedListing":false,"claimFetchedBytes":992,"claimRequests":3,"claimRevalidated":0,"heapUsedMb":111,"ms":120}}
{"t":"2026-10-01T15:45:58.363Z","level":"info","msg":"source scanned","data":{"company":"acme.example","type":"greenhouse","status":"ok","postings":3,"new":0,"closed":0,"followers":1,"deferredDescriptions":0,"reusedListing":false,"claimFetchedBytes":992,"claimRequests":3,"claimRevalidated":0,"heapUsedMb":103,"ms":165}}
{"t":"2026-10-01T15:45:58.641Z","level":"info","msg":"slow database query","data":{"durationMs":275,"statement":"truncate users, companies, career_sources, discovery_runs, scan_runs, scans, jobs, job_events, decisions, tasks, setting"}}
{"t":"2026-10-01T15:45:58.663Z","level":"info","msg":"source scanned","data":{"company":"Orbital","type":"smartrecruiters","status":"ok","postings":3,"new":3,"closed":0,"followers":1,"deferredDescriptions":0,"reusedListing":false,"claimFetchedBytes":507,"claimRequests":1,"claimRevalidated":0,"heapUsedMb":106,"ms":14}}
{"t":"2026-10-01T15:45:58.668Z","level":"info","msg":"task start","taskId":"1bc8d187-7a5d-42e7-9902-0b0a201ada0c","taskType":"fetch_description","data":{"id":"1bc8d187-7a5d-42e7-9902-0b0a201ada0c","type":"fetch_description","attempt":1,"workerId":"test","commit":null,"readyWaitMs":15,"heapUsedMb":106,"heapLimitMb":4144,"rssMb":200}}
{"t":"2026-10-01T15:45:58.701Z","level":"warn","msg":"description fetch failed","taskId":"1bc8d187-7a5d-42e7-9902-0b0a201ada0c","taskType":"fetch_description","data":{"jobId":"04bad9c7-68f5-4225-bfa5-22a36d8a1a7b","url":"https://jobs.smartrecruiters.com/orbital/ops-1","error":"refusing to fetch jobs.smartrecruiters.com: not in the test host map"}}
{"t":"2026-10-01T15:45:58.710Z","level":"info","msg":"task done","taskId":"1bc8d187-7a5d-42e7-9902-0b0a201ada0c","taskType":"fetch_description","data":{"id":"1bc8d187-7a5d-42e7-9902-0b0a201ada0c","type":"fetch_description","ms":42,"heapUsedMb":107,"heapDeltaMb":1,"heapLimitMb":4144,"rssMb":200,"rssDeltaMb":0}}
{"t":"2026-10-01T15:45:58.712Z","level":"info","msg":"task start","taskId":"47577eb8-a959-4a81-a1aa-1e19a492ebd9","taskType":"fetch_description","data":{"id":"47577eb8-a959-4a81-a1aa-1e19a492ebd9","type":"fetch_description","attempt":1,"workerId":"test","commit":null,"readyWaitMs":59,"heapUsedMb":107,"heapLimitMb":4144,"rssMb":200}}
{"t":"2026-10-01T15:45:58.751Z","level":"warn","msg":"description fetch failed","taskId":"47577eb8-a959-4a81-a1aa-1e19a492ebd9","taskType":"fetch_description","data":{"jobId":"cbc06599-302f-4808-90e1-5e015366e435","url":"https://jobs.smartrecruiters.com/orbital/ops-2","error":"refusing to fetch jobs.smartrecruiters.com: not in the test host map"}}
{"t":"2026-10-01T15:45:58.759Z","level":"info","msg":"task done","taskId":"47577eb8-a959-4a81-a1aa-1e19a492ebd9","taskType":"fetch_description","data":{"id":"47577eb8-a959-4a81-a1aa-1e19a492ebd9","type":"fetch_description","ms":47,"heapUsedMb":108,"heapDeltaMb":1,"heapLimitMb":4144,"rssMb":201,"rssDeltaMb":1}}
{"t":"2026-10-01T15:45:58.761Z","level":"info","msg":"task start","taskId":"1c0e14d2-be4e-48ce-868f-2591dcdf374d","taskType":"fetch_description","data":{"id":"1c0e14d2-be4e-48ce-868f-2591dcdf374d","type":"fetch_description","attempt":1,"workerId":"test","commit":null,"readyWaitMs":108,"heapUsedMb":108,"heapLimitMb":4144,"rssMb":201}}
{"t":"2026-10-01T15:45:58.800Z","level":"warn","msg":"description fetch failed","taskId":"1c0e14d2-be4e-48ce-868f-2591dcdf374d","taskType":"fetch_description","data":{"jobId":"4a800d8b-eafb-46a6-b0c6-749386d0a803","url":"https://jobs.smartrecruiters.com/orbital/ops-3","error":"refusing to fetch jobs.smartrecruiters.com: not in the test host map"}}
{"t":"2026-10-01T15:45:58.808Z","level":"info","msg":"task done","taskId":"1c0e14d2-be4e-48ce-868f-2591dcdf374d","taskType":"fetch_description","data":{"id":"1c0e14d2-be4e-48ce-868f-2591dcdf374d","type":"fetch_description","ms":47,"heapUsedMb":109,"heapDeltaMb":1,"heapLimitMb":4144,"rssMb":201,"rssDeltaMb":0}}
{"t":"2026-10-01T15:45:58.861Z","level":"info","msg":"source scanned","data":{"company":"Orbital","type":"smartrecruiters","status":"ok","postings":3,"new":0,"closed":0,"followers":1,"deferredDescriptions":0,"reusedListing":false,"claimFetchedBytes":507,"claimRequests":1,"claimRevalidated":0,"heapUsedMb":111,"ms":50}}
{"t":"2026-10-01T15:45:58.922Z","level":"info","msg":"source scanned","data":{"company":"Orbital","type":"smartrecruiters","status":"ok","postings":3,"new":0,"closed":0,"followers":1,"deferredDescriptions":0,"reusedListing":false,"claimFetchedBytes":507,"claimRequests":1,"claimRevalidated":0,"heapUsedMb":112,"ms":59}}
{"t":"2026-10-01T15:45:59.527Z","level":"info","msg":"source scanned","data":{"company":"Acme Robotics","type":"greenhouse","status":"ok","postings":902,"new":902,"closed":0,"followers":1,"deferredDescriptions":0,"reusedListing":false,"claimFetchedBytes":735804,"claimRequests":3,"claimRevalidated":0,"heapUsedMb":107,"ms":336}}
{"t":"2026-10-01T15:45:59.538Z","level":"info","msg":"http revalidated","data":{"host":"boards-api.greenhouse.io","durationMs":0,"bytes":0,"validatorOnly":true}}
{"t":"2026-10-01T15:45:59.757Z","level":"info","msg":"source scanned","data":{"company":"Acme Robotics","type":"greenhouse","status":"ok","postings":902,"new":0,"closed":0,"followers":1,"deferredDescriptions":0,"reusedListing":false,"claimFetchedBytes":735804,"claimRequests":4,"claimRevalidated":1,"heapUsedMb":92,"ms":220}}
{"t":"2026-10-01T15:45:59.783Z","level":"info","msg":"http revalidated","data":{"host":"boards-api.greenhouse.io","durationMs":1,"bytes":0,"validatorOnly":true}}
{"t":"2026-10-01T15:45:59.989Z","level":"info","msg":"source scanned","data":{"company":"Acme Robotics","type":"greenhouse","status":"ok","postings":902,"new":0,"closed":0,"followers":1,"deferredDescriptions":0,"reusedListing":false,"claimFetchedBytes":735804,"claimRequests":4,"claimRevalidated":1,"heapUsedMb":91,"ms":207}}
{"t":"2026-10-01T15:46:00.176Z","level":"info","msg":"source scanned","data":{"company":"Acme Robotics","type":"greenhouse","status":"ok","postings":901,"new":0,"closed":0,"followers":1,"deferredDescriptions":0,"reusedListing":false,"claimFetchedBytes":735514,"claimRequests":3,"claimRevalidated":0,"heapUsedMb":97,"ms":176}}
{"t":"2026-10-01T15:46:00.185Z","level":"info","msg":"http revalidated","data":{"host":"boards-api.greenhouse.io","durationMs":1,"bytes":0,"validatorOnly":true}}
{"t":"2026-10-01T15:46:00.379Z","level":"info","msg":"source scanned","data":{"company":"Acme Robotics","type":"greenhouse","status":"ok","postings":901,"new":0,"closed":1,"followers":1,"deferredDescriptions":0,"reusedListing":false,"claimFetchedBytes":735514,"claimRequests":4,"claimRevalidated":1,"heapUsedMb":91,"ms":196}}
{"t":"2026-10-01T15:46:00.651Z","level":"info","msg":"slow database query","data":{"durationMs":267,"statement":"truncate users, companies, career_sources, discovery_runs, scan_runs, scans, jobs, job_events, decisions, tasks, setting"}}
{"t":"2026-10-01T15:46:00.677Z","level":"info","msg":"source scanned","data":{"company":"Acme","type":"ashby","status":"ok","postings":2,"new":2,"closed":0,"followers":0,"deferredDescriptions":0,"reusedListing":false,"claimFetchedBytes":225,"claimRequests":1,"claimRevalidated":0,"heapUsedMb":94,"ms":15}}
{"t":"2026-10-01T15:46:00.723Z","level":"info","msg":"source scanned","data":{"company":"Acme","type":"ashby","status":"ok","postings":2,"new":0,"closed":0,"followers":0,"deferredDescriptions":0,"reusedListing":true,"claimFetchedBytes":0,"claimRequests":1,"claimRevalidated":1,"heapUsedMb":95,"ms":42}}
{"t":"2026-10-01T15:46:00.956Z","level":"info","msg":"task start","taskId":"d193db2a-2423-4d97-b0ea-c1f4cb7c9776","taskType":"discover","data":{"id":"d193db2a-2423-4d97-b0ea-c1f4cb7c9776","type":"discover","attempt":1,"workerId":"test","commit":null,"readyWaitMs":4,"heapUsedMb":96,"heapLimitMb":4144,"rssMb":165}}
{"t":"2026-10-01T15:46:01.124Z","level":"info","msg":"discovery finished","taskId":"d193db2a-2423-4d97-b0ea-c1f4cb7c9776","taskType":"discover","data":{"company":"acme.example","outcome":"resolved","fetches":3,"best":"ats_link"}}
{"t":"2026-10-01T15:46:01.127Z","level":"info","msg":"task done","taskId":"d193db2a-2423-4d97-b0ea-c1f4cb7c9776","taskType":"discover","data":{"id":"d193db2a-2423-4d97-b0ea-c1f4cb7c9776","type":"discover","ms":171,"heapUsedMb":99,"heapDeltaMb":3,"heapLimitMb":4144,"rssMb":162,"rssDeltaMb":-3}}
{"t":"2026-10-01T15:46:01.129Z","level":"info","msg":"task start","taskId":"2b80ead6-c267-4d62-85cf-eed7a34d778a","taskType":"scan_company","data":{"id":"2b80ead6-c267-4d62-85cf-eed7a34d778a","type":"scan_company","attempt":1,"workerId":"test","commit":null,"readyWaitMs":11,"heapUsedMb":99,"heapLimitMb":4144,"rssMb":162}}
{"t":"2026-10-01T15:46:01.308Z","level":"info","msg":"source scanned","taskId":"2b80ead6-c267-4d62-85cf-eed7a34d778a","taskType":"scan_company","data":{"company":"Acme Robotics","type":"greenhouse","status":"ok","postings":5,"new":5,"closed":0,"followers":1,"deferredDescriptions":0,"reusedListing":false,"claimFetchedBytes":1452,"claimRequests":3,"claimRevalidated":0,"heapUsedMb":102,"ms":175}}
{"t":"2026-10-01T15:46:01.321Z","level":"info","msg":"task done","taskId":"2b80ead6-c267-4d62-85cf-eed7a34d778a","taskType":"scan_company","data":{"id":"2b80ead6-c267-4d62-85cf-eed7a34d778a","type":"scan_company","ms":192,"heapUsedMb":102,"heapDeltaMb":3,"heapLimitMb":4144,"rssMb":162,"rssDeltaMb":0}}
{"t":"2026-10-01T15:46:01.325Z","level":"info","msg":"task start","taskId":"5275e892-a927-4e49-94f9-159fbee1b840","taskType":"fetch_description","data":{"id":"5275e892-a927-4e49-94f9-159fbee1b840","type":"fetch_description","attempt":1,"workerId":"test","commit":null,"readyWaitMs":46,"heapUsedMb":92,"heapLimitMb":4144,"rssMb":162}}
{"t":"2026-10-01T15:46:01.354Z","level":"info","msg":"task done","taskId":"5275e892-a927-4e49-94f9-159fbee1b840","taskType":"fetch_description","data":{"id":"5275e892-a927-4e49-94f9-159fbee1b840","type":"fetch_description","ms":29,"heapUsedMb":93,"heapDeltaMb":1,"heapLimitMb":4144,"rssMb":161,"rssDeltaMb":-1}}
{"t":"2026-10-01T15:46:01.363Z","level":"info","msg":"task start","taskId":"6db41467-23e3-4e65-9e4b-5a9746640d7a","taskType":"fetch_description","data":{"id":"6db41467-23e3-4e65-9e4b-5a9746640d7a","type":"fetch_description","attempt":1,"workerId":"test","commit":null,"readyWaitMs":84,"heapUsedMb":93,"heapLimitMb":4144,"rssMb":160}}
{"t":"2026-10-01T15:46:01.401Z","level":"info","msg":"task done","taskId":"6db41467-23e3-4e65-9e4b-5a9746640d7a","taskType":"fetch_description","data":{"id":"6db41467-23e3-4e65-9e4b-5a9746640d7a","type":"fetch_description","ms":38,"heapUsedMb":94,"heapDeltaMb":1,"heapLimitMb":4144,"rssMb":160,"rssDeltaMb":0}}
{"t":"2026-10-01T15:46:01.403Z","level":"info","msg":"task start","taskId":"0d648044-30d9-440b-94a4-ded7e24fcaef","taskType":"fetch_description","data":{"id":"0d648044-30d9-440b-94a4-ded7e24fcaef","type":"fetch_description","attempt":1,"workerId":"test","commit":null,"readyWaitMs":124,"heapUsedMb":94,"heapLimitMb":4144,"rssMb":160}}
{"t":"2026-10-01T15:46:01.447Z","level":"info","msg":"task done","taskId":"0d648044-30d9-440b-94a4-ded7e24fcaef","taskType":"fetch_description","data":{"id":"0d648044-30d9-440b-94a4-ded7e24fcaef","type":"fetch_description","ms":44,"heapUsedMb":95,"heapDeltaMb":1,"heapLimitMb":4144,"rssMb":160,"rssDeltaMb":0}}
{"t":"2026-10-01T15:46:01.450Z","level":"info","msg":"task start","taskId":"ae175bd6-88c4-475a-8237-6e0a6b4e296a","taskType":"fetch_description","data":{"id":"ae175bd6-88c4-475a-8237-6e0a6b4e296a","type":"fetch_description","attempt":1,"workerId":"test","commit":null,"readyWaitMs":171,"heapUsedMb":96,"heapLimitMb":4144,"rssMb":160}}
{"t":"2026-10-01T15:46:01.517Z","level":"info","msg":"task done","taskId":"ae175bd6-88c4-475a-8237-6e0a6b4e296a","taskType":"fetch_description","data":{"id":"ae175bd6-88c4-475a-8237-6e0a6b4e296a","type":"fetch_description","ms":67,"heapUsedMb":97,"heapDeltaMb":1,"heapLimitMb":4144,"rssMb":159,"rssDeltaMb":-1}}
{"t":"2026-10-01T15:46:01.525Z","level":"info","msg":"task start","taskId":"d5f8ec57-cff7-437b-a37a-9538b2784bcf","taskType":"discover","data":{"id":"d5f8ec57-cff7-437b-a37a-9538b2784bcf","type":"discover","attempt":1,"workerId":"test","commit":null,"readyWaitMs":567,"heapUsedMb":97,"heapLimitMb":4144,"rssMb":158}}
{"t":"2026-10-01T15:46:01.585Z","level":"warn","msg":"logo re-encode failed; the original is kept","taskId":"d5f8ec57-cff7-437b-a37a-9538b2784bcf","taskType":"discover","data":{"error":"Input buffer has corrupt header:","bytes":400}}
{"t":"2026-10-01T15:46:01.600Z","level":"info","msg":"logo captured","taskId":"d5f8ec57-cff7-437b-a37a-9538b2784bcf","taskType":"discover","data":{"company":"Acme Robotics","source":"site_icon","sourceUrl":"https://www.acme.example/favicon.png","bytes":400,"contentType":"image/png"}}
{"t":"2026-10-01T15:46:01.605Z","level":"info","msg":"task done","taskId":"d5f8ec57-cff7-437b-a37a-9538b2784bcf","taskType":"discover","data":{"id":"d5f8ec57-cff7-437b-a37a-9538b2784bcf","type":"discover","ms":81,"heapUsedMb":98,"heapDeltaMb":1,"heapLimitMb":4144,"rssMb":158,"rssDeltaMb":0}}
{"t":"2026-10-01T15:46:01.769Z","level":"info","msg":"source scanned","data":{"company":"acme.example","type":"greenhouse","status":"ok","postings":5,"new":0,"closed":0,"followers":1,"deferredDescriptions":0,"reusedListing":false,"claimFetchedBytes":1452,"claimRequests":3,"claimRevalidated":0,"heapUsedMb":100,"ms":148}}
{"t":"2026-10-01T15:46:01.905Z","level":"info","msg":"source scanned","data":{"company":"acme.example","type":"greenhouse","status":"ok","postings":5,"new":0,"closed":0,"followers":1,"deferredDescriptions":0,"reusedListing":false,"claimFetchedBytes":1459,"claimRequests":3,"claimRevalidated":0,"heapUsedMb":101,"ms":126}}
{"t":"2026-10-01T15:46:02.129Z","level":"info","msg":"task start","taskId":"79e8ba00-329a-42c8-b0cb-ef9fd135a920","taskType":"discover","data":{"id":"79e8ba00-329a-42c8-b0cb-ef9fd135a920","type":"discover","attempt":1,"workerId":"test","commit":null,"readyWaitMs":5,"heapUsedMb":103,"heapLimitMb":4144,"rssMb":156}}
{"t":"2026-10-01T15:46:02.295Z","level":"info","msg":"discovery finished","taskId":"79e8ba00-329a-42c8-b0cb-ef9fd135a920","taskType":"discover","data":{"company":"acme.example","outcome":"resolved","fetches":3,"best":"ats_link"}}
{"t":"2026-10-01T15:46:02.296Z","level":"info","msg":"task done","taskId":"79e8ba00-329a-42c8-b0cb-ef9fd135a920","taskType":"discover","data":{"id":"79e8ba00-329a-42c8-b0cb-ef9fd135a920","type":"discover","ms":167,"heapUsedMb":80,"heapDeltaMb":-23,"heapLimitMb":4144,"rssMb":170,"rssDeltaMb":14}}
{"t":"2026-10-01T15:46:02.298Z","level":"info","msg":"task start","taskId":"6c9f534c-772a-4d42-96ba-30ecaf1965ea","taskType":"scan_company","data":{"id":"6c9f534c-772a-4d42-96ba-30ecaf1965ea","type":"scan_company","attempt":1,"workerId":"test","commit":null,"readyWaitMs":12,"heapUsedMb":80,"heapLimitMb":4144,"rssMb":170}}
{"t":"2026-10-01T15:46:02.457Z","level":"info","msg":"source scanned","taskId":"6c9f534c-772a-4d42-96ba-30ecaf1965ea","taskType":"scan_company","data":{"company":"Acme Robotics","type":"greenhouse","status":"ok","postings":5,"new":5,"closed":0,"followers":1,"deferredDescriptions":0,"reusedListing":false,"claimFetchedBytes":1452,"claimRequests":3,"claimRevalidated":0,"heapUsedMb":83,"ms":155}}
{"t":"2026-10-01T15:46:02.462Z","level":"info","msg":"task done","taskId":"6c9f534c-772a-4d42-96ba-30ecaf1965ea","taskType":"scan_company","data":{"id":"6c9f534c-772a-4d42-96ba-30ecaf1965ea","type":"scan_company","ms":164,"heapUsedMb":83,"heapDeltaMb":3,"heapLimitMb":4144,"rssMb":169,"rssDeltaMb":-1}}
{"t":"2026-10-01T15:46:02.464Z","level":"info","msg":"task start","taskId":"af289551-9e0b-45e0-a90e-64c6519f6917","taskType":"fetch_description","data":{"id":"af289551-9e0b-45e0-a90e-64c6519f6917","type":"fetch_description","attempt":1,"workerId":"test","commit":null,"readyWaitMs":21,"heapUsedMb":83,"heapLimitMb":4144,"rssMb":169}}
{"t":"2026-10-01T15:46:02.500Z","level":"info","msg":"task done","taskId":"af289551-9e0b-45e0-a90e-64c6519f6917","taskType":"fetch_description","data":{"id":"af289551-9e0b-45e0-a90e-64c6519f6917","type":"fetch_description","ms":36,"heapUsedMb":84,"heapDeltaMb":1,"heapLimitMb":4144,"rssMb":169,"rssDeltaMb":0}}
{"t":"2026-10-01T15:46:02.502Z","level":"info","msg":"task start","taskId":"a39d4dec-c934-4a9f-9e08-c8bbe08457b0","taskType":"fetch_description","data":{"id":"a39d4dec-c934-4a9f-9e08-c8bbe08457b0","type":"fetch_description","attempt":1,"workerId":"test","commit":null,"readyWaitMs":59,"heapUsedMb":84,"heapLimitMb":4144,"rssMb":169}}
{"t":"2026-10-01T15:46:02.558Z","level":"info","msg":"task done","taskId":"a39d4dec-c934-4a9f-9e08-c8bbe08457b0","taskType":"fetch_description","data":{"id":"a39d4dec-c934-4a9f-9e08-c8bbe08457b0","type":"fetch_description","ms":56,"heapUsedMb":85,"heapDeltaMb":1,"heapLimitMb":4144,"rssMb":169,"rssDeltaMb":0}}
{"t":"2026-10-01T15:46:02.561Z","level":"info","msg":"task start","taskId":"63efd10d-85e8-413b-b494-4186629549f8","taskType":"fetch_description","data":{"id":"63efd10d-85e8-413b-b494-4186629549f8","type":"fetch_description","attempt":1,"workerId":"test","commit":null,"readyWaitMs":118,"heapUsedMb":86,"heapLimitMb":4144,"rssMb":169}}
{"t":"2026-10-01T15:46:02.605Z","level":"info","msg":"task done","taskId":"63efd10d-85e8-413b-b494-4186629549f8","taskType":"fetch_description","data":{"id":"63efd10d-85e8-413b-b494-4186629549f8","type":"fetch_description","ms":44,"heapUsedMb":87,"heapDeltaMb":1,"heapLimitMb":4144,"rssMb":169,"rssDeltaMb":0}}
{"t":"2026-10-01T15:46:02.607Z","level":"info","msg":"task start","taskId":"c2e1c84b-176a-418d-9ff4-5e9d0ae56fee","taskType":"fetch_description","data":{"id":"c2e1c84b-176a-418d-9ff4-5e9d0ae56fee","type":"fetch_description","attempt":1,"workerId":"test","commit":null,"readyWaitMs":164,"heapUsedMb":87,"heapLimitMb":4144,"rssMb":169}}
{"t":"2026-10-01T15:46:02.648Z","level":"info","msg":"task done","taskId":"c2e1c84b-176a-418d-9ff4-5e9d0ae56fee","taskType":"fetch_description","data":{"id":"c2e1c84b-176a-418d-9ff4-5e9d0ae56fee","type":"fetch_description","ms":41,"heapUsedMb":88,"heapDeltaMb":1,"heapLimitMb":4144,"rssMb":170,"rssDeltaMb":1}}
{"t":"2026-10-01T15:46:02.654Z","level":"info","msg":"task start","taskId":"b52e3fd2-870d-4daf-ab77-e408924e4c1a","taskType":"discover","data":{"id":"b52e3fd2-870d-4daf-ab77-e408924e4c1a","type":"discover","attempt":1,"workerId":"test","commit":null,"readyWaitMs":525,"heapUsedMb":88,"heapLimitMb":4144,"rssMb":170}}
{"t":"2026-10-01T15:46:02.709Z","level":"warn","msg":"logo re-encode failed; the original is kept","taskId":"b52e3fd2-870d-4daf-ab77-e408924e4c1a","taskType":"discover","data":{"error":"Input buffer has corrupt header:","bytes":400}}
{"t":"2026-10-01T15:46:02.716Z","level":"info","msg":"logo captured","taskId":"b52e3fd2-870d-4daf-ab77-e408924e4c1a","taskType":"discover","data":{"company":"Acme Robotics","source":"site_icon","sourceUrl":"https://www.acme.example/favicon.png","bytes":400,"contentType":"image/png"}}
{"t":"2026-10-01T15:46:02.719Z","level":"info","msg":"task done","taskId":"b52e3fd2-870d-4daf-ab77-e408924e4c1a","taskType":"discover","data":{"id":"b52e3fd2-870d-4daf-ab77-e408924e4c1a","type":"discover","ms":65,"heapUsedMb":89,"heapDeltaMb":1,"heapLimitMb":4144,"rssMb":169,"rssDeltaMb":-1}}
{"t":"2026-10-01T15:46:02.871Z","level":"info","msg":"source scanned","data":{"company":"acme.example","type":"greenhouse","status":"ok","postings":5,"new":0,"closed":0,"followers":1,"deferredDescriptions":0,"reusedListing":false,"claimFetchedBytes":1452,"claimRequests":3,"claimRevalidated":0,"heapUsedMb":80,"ms":148}}
{"t":"2026-10-01T15:46:03.220Z","level":"info","msg":"slow database query","data":{"durationMs":338,"statement":"truncate users, companies, career_sources, discovery_runs, scan_runs, scans, jobs, job_events, decisions, tasks, setting"}}
{"t":"2026-10-01T15:46:03.241Z","level":"info","msg":"task start","taskId":"b5ade14f-18fa-415b-983c-81930cf0ae43","taskType":"discover","data":{"id":"b5ade14f-18fa-415b-983c-81930cf0ae43","type":"discover","attempt":1,"workerId":"test","commit":null,"readyWaitMs":4,"heapUsedMb":81,"heapLimitMb":4144,"rssMb":168}}
{"t":"2026-10-01T15:46:03.405Z","level":"info","msg":"discovery finished","taskId":"b5ade14f-18fa-415b-983c-81930cf0ae43","taskType":"discover","data":{"company":"acme.example","outcome":"resolved","fetches":3,"best":"ats_link"}}
{"t":"2026-10-01T15:46:03.407Z","level":"info","msg":"task done","taskId":"b5ade14f-18fa-415b-983c-81930cf0ae43","taskType":"discover","data":{"id":"b5ade14f-18fa-415b-983c-81930cf0ae43","type":"discover","ms":166,"heapUsedMb":84,"heapDeltaMb":3,"heapLimitMb":4144,"rssMb":160,"rssDeltaMb":-8}}
{"t":"2026-10-01T15:46:03.409Z","level":"info","msg":"task start","taskId":"5bf1bb0c-4c04-4836-a6cc-a240a000c148","taskType":"scan_company","data":{"id":"5bf1bb0c-4c04-4836-a6cc-a240a000c148","type":"scan_company","attempt":1,"workerId":"test","commit":null,"readyWaitMs":11,"heapUsedMb":85,"heapLimitMb":4144,"rssMb":160}}
{"t":"2026-10-01T15:46:03.583Z","level":"info","msg":"source scanned","taskId":"5bf1bb0c-4c04-4836-a6cc-a240a000c148","taskType":"scan_company","data":{"company":"Acme Robotics","type":"greenhouse","status":"ok","postings":2,"new":2,"closed":0,"followers":1,"deferredDescriptions":2,"reusedListing":false,"claimFetchedBytes":721,"claimRequests":3,"claimRevalidated":0,"heapUsedMb":87,"ms":170}}
{"t":"2026-10-01T15:46:03.592Z","level":"info","msg":"task done","taskId":"5bf1bb0c-4c04-4836-a6cc-a240a000c148","taskType":"scan_company","data":{"id":"5bf1bb0c-4c04-4836-a6cc-a240a000c148","type":"scan_company","ms":183,"heapUsedMb":87,"heapDeltaMb":2,"heapLimitMb":4144,"rssMb":160,"rssDeltaMb":0}}
{"t":"2026-10-01T15:46:03.594Z","level":"info","msg":"task start","taskId":"daf0ad9d-bccc-4797-85f0-0b50057aa7cc","taskType":"fetch_description","data":{"id":"daf0ad9d-bccc-4797-85f0-0b50057aa7cc","type":"fetch_description","attempt":1,"workerId":"test","commit":null,"readyWaitMs":30,"heapUsedMb":87,"heapLimitMb":4144,"rssMb":160}}
{"t":"2026-10-01T15:46:03.621Z","level":"info","msg":"task done","taskId":"daf0ad9d-bccc-4797-85f0-0b50057aa7cc","taskType":"fetch_description","data":{"id":"daf0ad9d-bccc-4797-85f0-0b50057aa7cc","type":"fetch_description","ms":26,"heapUsedMb":88,"heapDeltaMb":1,"heapLimitMb":4144,"rssMb":160,"rssDeltaMb":0}}
{"t":"2026-10-01T15:46:03.625Z","level":"info","msg":"task start","taskId":"ce640e7d-8e10-4388-a22e-842c697a9029","taskType":"fetch_description","data":{"id":"ce640e7d-8e10-4388-a22e-842c697a9029","type":"fetch_description","attempt":1,"workerId":"test","commit":null,"readyWaitMs":61,"heapUsedMb":88,"heapLimitMb":4144,"rssMb":159}}
{"t":"2026-10-01T15:46:03.670Z","level":"info","msg":"task done","taskId":"ce640e7d-8e10-4388-a22e-842c697a9029","taskType":"fetch_description","data":{"id":"ce640e7d-8e10-4388-a22e-842c697a9029","type":"fetch_description","ms":45,"heapUsedMb":89,"heapDeltaMb":1,"heapLimitMb":4144,"rssMb":159,"rssDeltaMb":0}}
{"t":"2026-10-01T15:46:03.672Z","level":"info","msg":"task start","taskId":"7f422c32-31ce-4021-8929-ec74e35248d6","taskType":"discover","data":{"id":"7f422c32-31ce-4021-8929-ec74e35248d6","type":"discover","attempt":1,"workerId":"test","commit":null,"readyWaitMs":431,"heapUsedMb":89,"heapLimitMb":4144,"rssMb":159}}
{"t":"2026-10-01T15:46:03.730Z","level":"warn","msg":"logo re-encode failed; the original is kept","taskId":"7f422c32-31ce-4021-8929-ec74e35248d6","taskType":"discover","data":{"error":"Input buffer has corrupt header:","bytes":400}}
{"t":"2026-10-01T15:46:03.750Z","level":"info","msg":"logo captured","taskId":"7f422c32-31ce-4021-8929-ec74e35248d6","taskType":"discover","data":{"company":"Acme Robotics","source":"site_icon","sourceUrl":"https://www.acme.example/favicon.png","bytes":400,"contentType":"image/png"}}
{"t":"2026-10-01T15:46:03.752Z","level":"info","msg":"task done","taskId":"7f422c32-31ce-4021-8929-ec74e35248d6","taskType":"discover","data":{"id":"7f422c32-31ce-4021-8929-ec74e35248d6","type":"discover","ms":80,"heapUsedMb":90,"heapDeltaMb":1,"heapLimitMb":4144,"rssMb":159,"rssDeltaMb":0}}
{"t":"2026-10-01T15:46:03.897Z","level":"info","msg":"source scanned","data":{"company":"acme.example","type":"greenhouse","status":"ok","postings":3,"new":0,"closed":0,"followers":1,"deferredDescriptions":0,"reusedListing":false,"claimFetchedBytes":977,"claimRequests":3,"claimRevalidated":0,"heapUsedMb":84,"ms":129}}
{"t":"2026-10-01T15:46:04.742Z","level":"info","msg":"slow database query","data":{"durationMs":837,"statement":"truncate users, companies, career_sources, discovery_runs, scan_runs, scans, jobs, job_events, decisions, tasks, setting"}}
{"t":"2026-10-01T15:46:04.966Z","level":"info","msg":"source scanned","data":{"company":"Pager","type":"jsonld","status":"ok","postings":300,"new":300,"closed":0,"followers":1,"deferredDescriptions":0,"reusedListing":false,"claimFetchedBytes":702010,"claimRequests":1,"claimRevalidated":0,"heapUsedMb":86,"ms":206}}
{"t":"2026-10-01T15:46:05.068Z","level":"info","msg":"http revalidated","data":{"host":"pager.example","durationMs":0,"bytes":0,"validatorOnly":true}}
{"t":"2026-10-01T15:46:05.191Z","level":"info","msg":"source scanned","data":{"company":"Pager","type":"jsonld","status":"ok","postings":300,"new":0,"closed":0,"followers":1,"deferredDescriptions":0,"reusedListing":true,"claimFetchedBytes":0,"claimRequests":1,"claimRevalidated":1,"heapUsedMb":87,"ms":125}}
{"t":"2026-10-01T15:46:06.209Z","level":"info","msg":"slow database query","data":{"durationMs":1008,"statement":"truncate users, companies, career_sources, discovery_runs, scan_runs, scans, jobs, job_events, decisions, tasks, setting"}}
{"t":"2026-10-01T15:46:06.349Z","level":"info","msg":"source scanned","data":{"company":"Acme Robotics","type":"greenhouse","status":"ok","postings":5,"new":5,"closed":0,"followers":1,"deferredDescriptions":0,"reusedListing":false,"claimFetchedBytes":1452,"claimRequests":3,"claimRevalidated":0,"heapUsedMb":92,"ms":121}}
{"t":"2026-10-01T15:46:09.947Z","level":"info","msg":"slow database query","data":{"durationMs":3405,"statement":"truncate users, companies, career_sources, discovery_runs, scan_runs, scans, jobs, job_events, decisions, tasks, setting"}}
{"t":"2026-10-01T15:46:10.483Z","level":"info","msg":"source scanned","data":{"company":"Pager","type":"html","status":"ok","postings":200,"new":200,"closed":0,"followers":1,"deferredDescriptions":0,"reusedListing":false,"claimFetchedBytes":14848,"claimRequests":1,"claimRevalidated":0,"heapUsedMb":84,"ms":357}}
{"t":"2026-10-01T15:46:12.002Z","level":"info","msg":"slow database query","data":{"durationMs":1519,"statement":"commit"}}
{"t":"2026-10-01T15:46:19.645Z","level":"info","msg":"source scanned","data":{"company":"Pager","type":"html","status":"partial","postings":199,"new":0,"closed":0,"followers":1,"deferredDescriptions":0,"reusedListing":false,"claimFetchedBytes":161281,"claimRequests":150,"claimRevalidated":0,"heapUsedMb":88,"ms":7584}}
{"t":"2026-10-01T15:46:19.934Z","level":"info","msg":"slow database query","data":{"durationMs":272,"statement":"truncate users, companies, career_sources, discovery_runs, scan_runs, scans, jobs, job_events, decisions, tasks, setting"}}
{"t":"2026-10-01T15:46:19.951Z","level":"info","msg":"task start","taskId":"425751ad-42f1-4294-9d45-7ba3a5f5d58c","taskType":"discover","data":{"id":"425751ad-42f1-4294-9d45-7ba3a5f5d58c","type":"discover","attempt":1,"workerId":"test","commit":null,"readyWaitMs":6,"heapUsedMb":90,"heapLimitMb":4144,"rssMb":137}}
{"t":"2026-10-01T15:46:20.123Z","level":"info","msg":"discovery finished","taskId":"425751ad-42f1-4294-9d45-7ba3a5f5d58c","taskType":"discover","data":{"company":"acme.example","outcome":"resolved","fetches":3,"best":"ats_link"}}
{"t":"2026-10-01T15:46:20.126Z","level":"info","msg":"task done","taskId":"425751ad-42f1-4294-9d45-7ba3a5f5d58c","taskType":"discover","data":{"id":"425751ad-42f1-4294-9d45-7ba3a5f5d58c","type":"discover","ms":176,"heapUsedMb":93,"heapDeltaMb":3,"heapLimitMb":4144,"rssMb":138,"rssDeltaMb":1}}
{"t":"2026-10-01T15:46:20.127Z","level":"info","msg":"task start","taskId":"19498016-26aa-4a64-b8e5-acda4c57ad15","taskType":"scan_company","data":{"id":"19498016-26aa-4a64-b8e5-acda4c57ad15","type":"scan_company","attempt":1,"workerId":"test","commit":null,"readyWaitMs":13,"heapUsedMb":94,"heapLimitMb":4144,"rssMb":138}}
{"t":"2026-10-01T15:46:20.313Z","level":"info","msg":"source scanned","taskId":"19498016-26aa-4a64-b8e5-acda4c57ad15","taskType":"scan_company","data":{"company":"Acme Robotics","type":"greenhouse","status":"ok","postings":5,"new":5,"closed":0,"followers":1,"deferredDescriptions":0,"reusedListing":false,"claimFetchedBytes":1452,"claimRequests":3,"claimRevalidated":0,"heapUsedMb":87,"ms":181}}
{"t":"2026-10-01T15:46:20.319Z","level":"info","msg":"task done","taskId":"19498016-26aa-4a64-b8e5-acda4c57ad15","taskType":"scan_company","data":{"id":"19498016-26aa-4a64-b8e5-acda4c57ad15","type":"scan_company","ms":192,"heapUsedMb":87,"heapDeltaMb":-7,"heapLimitMb":4144,"rssMb":140,"rssDeltaMb":2}}
{"t":"2026-10-01T15:46:20.321Z","level":"info","msg":"task start","taskId":"8e409dec-dd4f-4b78-8b62-48cbb472f44f","taskType":"fetch_description","data":{"id":"8e409dec-dd4f-4b78-8b62-48cbb472f44f","type":"fetch_description","attempt":1,"workerId":"test","commit":null,"readyWaitMs":36,"heapUsedMb":87,"heapLimitMb":4144,"rssMb":140}}
{"t":"2026-10-01T15:46:20.332Z","level":"info","msg":"task done","taskId":"8e409dec-dd4f-4b78-8b62-48cbb472f44f","taskType":"fetch_description","data":{"id":"8e409dec-dd4f-4b78-8b62-48cbb472f44f","type":"fetch_description","ms":11,"heapUsedMb":88,"heapDeltaMb":1,"heapLimitMb":4144,"rssMb":140,"rssDeltaMb":0}}
{"t":"2026-10-01T15:46:20.334Z","level":"info","msg":"task start","taskId":"63953395-2f86-4edf-9862-839017dcb769","taskType":"fetch_description","data":{"id":"63953395-2f86-4edf-9862-839017dcb769","type":"fetch_description","attempt":1,"workerId":"test","commit":null,"readyWaitMs":49,"heapUsedMb":88,"heapLimitMb":4144,"rssMb":140}}
{"t":"2026-10-01T15:46:20.387Z","level":"info","msg":"task done","taskId":"63953395-2f86-4edf-9862-839017dcb769","taskType":"fetch_description","data":{"id":"63953395-2f86-4edf-9862-839017dcb769","type":"fetch_description","ms":53,"heapUsedMb":89,"heapDeltaMb":1,"heapLimitMb":4144,"rssMb":140,"rssDeltaMb":0}}
{"t":"2026-10-01T15:46:20.390Z","level":"info","msg":"task start","taskId":"f02e50bf-3da3-46ef-82bb-22320ff95042","taskType":"fetch_description","data":{"id":"f02e50bf-3da3-46ef-82bb-22320ff95042","type":"fetch_description","attempt":1,"workerId":"test","commit":null,"readyWaitMs":105,"heapUsedMb":90,"heapLimitMb":4144,"rssMb":140}}
{"t":"2026-10-01T15:46:20.443Z","level":"info","msg":"task done","taskId":"f02e50bf-3da3-46ef-82bb-22320ff95042","taskType":"fetch_description","data":{"id":"f02e50bf-3da3-46ef-82bb-22320ff95042","type":"fetch_description","ms":53,"heapUsedMb":91,"heapDeltaMb":1,"heapLimitMb":4144,"rssMb":140,"rssDeltaMb":0}}
{"t":"2026-10-01T15:46:20.445Z","level":"info","msg":"task start","taskId":"25396c32-3b14-445a-b5a1-e0cbf1d82a2b","taskType":"fetch_description","data":{"id":"25396c32-3b14-445a-b5a1-e0cbf1d82a2b","type":"fetch_description","attempt":1,"workerId":"test","commit":null,"readyWaitMs":160,"heapUsedMb":91,"heapLimitMb":4144,"rssMb":140}}
{"t":"2026-10-01T15:46:20.484Z","level":"info","msg":"task done","taskId":"25396c32-3b14-445a-b5a1-e0cbf1d82a2b","taskType":"fetch_description","data":{"id":"25396c32-3b14-445a-b5a1-e0cbf1d82a2b","type":"fetch_description","ms":39,"heapUsedMb":92,"heapDeltaMb":1,"heapLimitMb":4144,"rssMb":140,"rssDeltaMb":0}}
{"t":"2026-10-01T15:46:20.487Z","level":"info","msg":"task start","taskId":"bbc8a2c5-563c-47cf-bf3f-690c14d91da9","taskType":"discover","data":{"id":"bbc8a2c5-563c-47cf-bf3f-690c14d91da9","type":"discover","attempt":1,"workerId":"test","commit":null,"readyWaitMs":535,"heapUsedMb":92,"heapLimitMb":4144,"rssMb":140}}
{"t":"2026-10-01T15:46:20.542Z","level":"warn","msg":"logo re-encode failed; the original is kept","taskId":"bbc8a2c5-563c-47cf-bf3f-690c14d91da9","taskType":"discover","data":{"error":"Input buffer has corrupt header:","bytes":400}}
{"t":"2026-10-01T15:46:20.547Z","level":"info","msg":"logo captured","taskId":"bbc8a2c5-563c-47cf-bf3f-690c14d91da9","taskType":"discover","data":{"company":"Acme Robotics","source":"site_icon","sourceUrl":"https://www.acme.example/favicon.png","bytes":400,"contentType":"image/png"}}
{"t":"2026-10-01T15:46:20.549Z","level":"info","msg":"task done","taskId":"bbc8a2c5-563c-47cf-bf3f-690c14d91da9","taskType":"discover","data":{"id":"bbc8a2c5-563c-47cf-bf3f-690c14d91da9","type":"discover","ms":62,"heapUsedMb":93,"heapDeltaMb":1,"heapLimitMb":4144,"rssMb":141,"rssDeltaMb":1}}
{"t":"2026-10-01T15:46:21.273Z","level":"info","msg":"slow database query","data":{"durationMs":382,"statement":"truncate users, companies, career_sources, discovery_runs, scan_runs, scans, jobs, job_events, decisions, tasks, setting"}}
{"t":"2026-10-01T15:46:21.288Z","level":"info","msg":"task start","taskId":"23c77133-835d-476f-be38-7a65c6343232","taskType":"discover","data":{"id":"23c77133-835d-476f-be38-7a65c6343232","type":"discover","attempt":1,"workerId":"test","commit":null,"readyWaitMs":5,"heapUsedMb":88,"heapLimitMb":4144,"rssMb":154}}
{"t":"2026-10-01T15:46:21.458Z","level":"info","msg":"discovery finished","taskId":"23c77133-835d-476f-be38-7a65c6343232","taskType":"discover","data":{"company":"acme.example","outcome":"resolved","fetches":3,"best":"ats_link"}}
{"t":"2026-10-01T15:46:21.460Z","level":"info","msg":"task done","taskId":"23c77133-835d-476f-be38-7a65c6343232","taskType":"discover","data":{"id":"23c77133-835d-476f-be38-7a65c6343232","type":"discover","ms":172,"heapUsedMb":91,"heapDeltaMb":3,"heapLimitMb":4144,"rssMb":153,"rssDeltaMb":-1}}
{"t":"2026-10-01T15:46:21.462Z","level":"info","msg":"task start","taskId":"5dbdf59d-a35a-444a-92c4-96143f465297","taskType":"scan_company","data":{"id":"5dbdf59d-a35a-444a-92c4-96143f465297","type":"scan_company","attempt":1,"workerId":"test","commit":null,"readyWaitMs":14,"heapUsedMb":91,"heapLimitMb":4144,"rssMb":153}}
{"t":"2026-10-01T15:46:21.632Z","level":"info","msg":"source scanned","taskId":"5dbdf59d-a35a-444a-92c4-96143f465297","taskType":"scan_company","data":{"company":"Acme Robotics","type":"greenhouse","status":"ok","postings":5,"new":5,"closed":0,"followers":1,"deferredDescriptions":0,"reusedListing":false,"claimFetchedBytes":1452,"claimRequests":3,"claimRevalidated":0,"heapUsedMb":82,"ms":167}}
{"t":"2026-10-01T15:46:21.637Z","level":"info","msg":"task done","taskId":"5dbdf59d-a35a-444a-92c4-96143f465297","taskType":"scan_company","data":{"id":"5dbdf59d-a35a-444a-92c4-96143f465297","type":"scan_company","ms":175,"heapUsedMb":82,"heapDeltaMb":-9,"heapLimitMb":4144,"rssMb":153,"rssDeltaMb":0}}
{"t":"2026-10-01T15:46:21.638Z","level":"info","msg":"task start","taskId":"aa9cc2cc-6128-4e94-9fc0-a04d57ed2ff9","taskType":"fetch_description","data":{"id":"aa9cc2cc-6128-4e94-9fc0-a04d57ed2ff9","type":"fetch_description","attempt":1,"workerId":"test","commit":null,"readyWaitMs":27,"heapUsedMb":82,"heapLimitMb":4144,"rssMb":153}}
{"t":"2026-10-01T15:46:21.656Z","level":"info","msg":"task done","taskId":"aa9cc2cc-6128-4e94-9fc0-a04d57ed2ff9","taskType":"fetch_description","data":{"id":"aa9cc2cc-6128-4e94-9fc0-a04d57ed2ff9","type":"fetch_description","ms":18,"heapUsedMb":83,"heapDeltaMb":1,"heapLimitMb":4144,"rssMb":153,"rssDeltaMb":0}}
{"t":"2026-10-01T15:46:21.657Z","level":"info","msg":"task start","taskId":"13d4c285-321c-4611-a8a9-3512fab533f9","taskType":"fetch_description","data":{"id":"13d4c285-321c-4611-a8a9-3512fab533f9","type":"fetch_description","attempt":1,"workerId":"test","commit":null,"readyWaitMs":46,"heapUsedMb":84,"heapLimitMb":4144,"rssMb":153}}
{"t":"2026-10-01T15:46:21.708Z","level":"info","msg":"task done","taskId":"13d4c285-321c-4611-a8a9-3512fab533f9","taskType":"fetch_description","data":{"id":"13d4c285-321c-4611-a8a9-3512fab533f9","type":"fetch_description","ms":51,"heapUsedMb":85,"heapDeltaMb":1,"heapLimitMb":4144,"rssMb":153,"rssDeltaMb":0}}
{"t":"2026-10-01T15:46:21.710Z","level":"info","msg":"task start","taskId":"4303aaaf-9541-4085-96aa-f6a93ea01513","taskType":"fetch_description","data":{"id":"4303aaaf-9541-4085-96aa-f6a93ea01513","type":"fetch_description","attempt":1,"workerId":"test","commit":null,"readyWaitMs":99,"heapUsedMb":85,"heapLimitMb":4144,"rssMb":153}}
{"t":"2026-10-01T15:46:21.759Z","level":"info","msg":"task done","taskId":"4303aaaf-9541-4085-96aa-f6a93ea01513","taskType":"fetch_description","data":{"id":"4303aaaf-9541-4085-96aa-f6a93ea01513","type":"fetch_description","ms":49,"heapUsedMb":86,"heapDeltaMb":1,"heapLimitMb":4144,"rssMb":153,"rssDeltaMb":0}}
{"t":"2026-10-01T15:46:21.761Z","level":"info","msg":"task start","taskId":"a929f593-fe5b-4d37-905d-5f5e38712550","taskType":"fetch_description","data":{"id":"a929f593-fe5b-4d37-905d-5f5e38712550","type":"fetch_description","attempt":1,"workerId":"test","commit":null,"readyWaitMs":150,"heapUsedMb":86,"heapLimitMb":4144,"rssMb":153}}
{"t":"2026-10-01T15:46:21.806Z","level":"info","msg":"task done","taskId":"a929f593-fe5b-4d37-905d-5f5e38712550","taskType":"fetch_description","data":{"id":"a929f593-fe5b-4d37-905d-5f5e38712550","type":"fetch_description","ms":45,"heapUsedMb":87,"heapDeltaMb":1,"heapLimitMb":4144,"rssMb":153,"rssDeltaMb":0}}
{"t":"2026-10-01T15:46:21.808Z","level":"info","msg":"task start","taskId":"945a9308-38be-4996-9496-47774f1917bb","taskType":"discover","data":{"id":"945a9308-38be-4996-9496-47774f1917bb","type":"discover","attempt":1,"workerId":"test","commit":null,"readyWaitMs":520,"heapUsedMb":87,"heapLimitMb":4144,"rssMb":153}}
{"t":"2026-10-01T15:46:21.860Z","level":"warn","msg":"logo re-encode failed; the original is kept","taskId":"945a9308-38be-4996-9496-47774f1917bb","taskType":"discover","data":{"error":"Input buffer has corrupt header:","bytes":400}}
{"t":"2026-10-01T15:46:21.867Z","level":"info","msg":"logo captured","taskId":"945a9308-38be-4996-9496-47774f1917bb","taskType":"discover","data":{"company":"Acme Robotics","source":"site_icon","sourceUrl":"https://www.acme.example/favicon.png","bytes":400,"contentType":"image/png"}}
{"t":"2026-10-01T15:46:21.869Z","level":"info","msg":"task done","taskId":"945a9308-38be-4996-9496-47774f1917bb","taskType":"discover","data":{"id":"945a9308-38be-4996-9496-47774f1917bb","type":"discover","ms":61,"heapUsedMb":88,"heapDeltaMb":1,"heapLimitMb":4144,"rssMb":153,"rssDeltaMb":0}}
{"t":"2026-10-01T15:46:22.196Z","level":"warn","msg":"model description anchors not found on the page; kept the page's own text","data":{"jobId":"36ba0830-caac-4d5b-9519-79f5c61b529f","url":"https://www.acme.example/jobs/other"}}
{"t":"2026-10-01T15:46:22.491Z","level":"info","msg":"slow database query","data":{"durationMs":287,"statement":"truncate users, companies, career_sources, discovery_runs, scan_runs, scans, jobs, job_events, decisions, tasks, setting"}}
{"t":"2026-10-01T15:46:22.811Z","level":"info","msg":"slow database query","data":{"durationMs":308,"statement":"truncate users, companies, career_sources, discovery_runs, scan_runs, scans, jobs, job_events, decisions, tasks, setting"}}
{"t":"2026-10-01T15:46:22.839Z","level":"info","msg":"task start","taskId":"96f6ff0b-2d03-4ff4-9b5d-6f3f9e9e4bc6","taskType":"discover","data":{"id":"96f6ff0b-2d03-4ff4-9b5d-6f3f9e9e4bc6","type":"discover","attempt":1,"workerId":"test","commit":null,"readyWaitMs":11,"heapUsedMb":84,"heapLimitMb":4144,"rssMb":150}}
{"t":"2026-10-01T15:46:23.034Z","level":"info","msg":"discovery finished","taskId":"96f6ff0b-2d03-4ff4-9b5d-6f3f9e9e4bc6","taskType":"discover","data":{"company":"acme.example","outcome":"resolved","fetches":3,"best":"ats_link"}}
{"t":"2026-10-01T15:46:23.046Z","level":"info","msg":"task done","taskId":"96f6ff0b-2d03-4ff4-9b5d-6f3f9e9e4bc6","taskType":"discover","data":{"id":"96f6ff0b-2d03-4ff4-9b5d-6f3f9e9e4bc6","type":"discover","ms":207,"heapUsedMb":87,"heapDeltaMb":3,"heapLimitMb":4144,"rssMb":140,"rssDeltaMb":-10}}
{"t":"2026-10-01T15:46:23.056Z","level":"info","msg":"task start","taskId":"48451ba2-107e-4947-82fa-4021c9283121","taskType":"scan_company","data":{"id":"48451ba2-107e-4947-82fa-4021c9283121","type":"scan_company","attempt":1,"workerId":"test","commit":null,"readyWaitMs":53,"heapUsedMb":87,"heapLimitMb":4144,"rssMb":140}}
{"t":"2026-10-01T15:46:23.216Z","level":"info","msg":"source scanned","taskId":"48451ba2-107e-4947-82fa-4021c9283121","taskType":"scan_company","data":{"company":"Acme Robotics","type":"greenhouse","status":"ok","postings":5,"new":5,"closed":0,"followers":1,"deferredDescriptions":0,"reusedListing":false,"claimFetchedBytes":1452,"claimRequests":3,"claimRevalidated":0,"heapUsedMb":90,"ms":145}}
{"t":"2026-10-01T15:46:23.232Z","level":"info","msg":"task done","taskId":"48451ba2-107e-4947-82fa-4021c9283121","taskType":"scan_company","data":{"id":"48451ba2-107e-4947-82fa-4021c9283121","type":"scan_company","ms":176,"heapUsedMb":90,"heapDeltaMb":3,"heapLimitMb":4144,"rssMb":141,"rssDeltaMb":1}}
{"t":"2026-10-01T15:46:23.235Z","level":"info","msg":"task start","taskId":"5f6008e6-96c0-4036-b443-1dd109dc6b65","taskType":"fetch_description","data":{"id":"5f6008e6-96c0-4036-b443-1dd109dc6b65","type":"fetch_description","attempt":1,"workerId":"test","commit":null,"readyWaitMs":54,"heapUsedMb":90,"heapLimitMb":4144,"rssMb":141}}
{"t":"2026-10-01T15:46:23.271Z","level":"info","msg":"task done","taskId":"5f6008e6-96c0-4036-b443-1dd109dc6b65","taskType":"fetch_description","data":{"id":"5f6008e6-96c0-4036-b443-1dd109dc6b65","type":"fetch_description","ms":36,"heapUsedMb":91,"heapDeltaMb":1,"heapLimitMb":4144,"rssMb":141,"rssDeltaMb":0}}
{"t":"2026-10-01T15:46:23.274Z","level":"info","msg":"task start","taskId":"8abc75f6-848d-494e-899d-299f79516bc1","taskType":"fetch_description","data":{"id":"8abc75f6-848d-494e-899d-299f79516bc1","type":"fetch_description","attempt":1,"workerId":"test","commit":null,"readyWaitMs":93,"heapUsedMb":92,"heapLimitMb":4144,"rssMb":141}}
{"t":"2026-10-01T15:46:23.313Z","level":"info","msg":"task done","taskId":"8abc75f6-848d-494e-899d-299f79516bc1","taskType":"fetch_description","data":{"id":"8abc75f6-848d-494e-899d-299f79516bc1","type":"fetch_description","ms":39,"heapUsedMb":93,"heapDeltaMb":1,"heapLimitMb":4144,"rssMb":141,"rssDeltaMb":0}}
{"t":"2026-10-01T15:46:23.317Z","level":"info","msg":"task start","taskId":"b99104ab-9af8-4c4e-b05e-566184475ec0","taskType":"fetch_description","data":{"id":"b99104ab-9af8-4c4e-b05e-566184475ec0","type":"fetch_description","attempt":1,"workerId":"test","commit":null,"readyWaitMs":136,"heapUsedMb":93,"heapLimitMb":4144,"rssMb":141}}
{"t":"2026-10-01T15:46:23.370Z","level":"info","msg":"task done","taskId":"b99104ab-9af8-4c4e-b05e-566184475ec0","taskType":"fetch_description","data":{"id":"b99104ab-9af8-4c4e-b05e-566184475ec0","type":"fetch_description","ms":53,"heapUsedMb":94,"heapDeltaMb":1,"heapLimitMb":4144,"rssMb":141,"rssDeltaMb":0}}
{"t":"2026-10-01T15:46:23.386Z","level":"info","msg":"task start","taskId":"d9737c3a-13b9-4bba-9c5a-76b2ea405c33","taskType":"fetch_description","data":{"id":"d9737c3a-13b9-4bba-9c5a-76b2ea405c33","type":"fetch_description","attempt":1,"workerId":"test","commit":null,"readyWaitMs":205,"heapUsedMb":94,"heapLimitMb":4144,"rssMb":141}}
{"t":"2026-10-01T15:46:23.446Z","level":"info","msg":"task done","taskId":"d9737c3a-13b9-4bba-9c5a-76b2ea405c33","taskType":"fetch_description","data":{"id":"d9737c3a-13b9-4bba-9c5a-76b2ea405c33","type":"fetch_description","ms":60,"heapUsedMb":84,"heapDeltaMb":-10,"heapLimitMb":4144,"rssMb":143,"rssDeltaMb":2}}
{"t":"2026-10-01T15:46:23.452Z","level":"info","msg":"task start","taskId":"acb12482-4964-4c66-8381-3625e27db8fe","taskType":"discover","data":{"id":"acb12482-4964-4c66-8381-3625e27db8fe","type":"discover","attempt":1,"workerId":"test","commit":null,"readyWaitMs":612,"heapUsedMb":84,"heapLimitMb":4144,"rssMb":142}}
{"t":"2026-10-01T15:46:23.514Z","level":"warn","msg":"logo re-encode failed; the original is kept","taskId":"acb12482-4964-4c66-8381-3625e27db8fe","taskType":"discover","data":{"error":"Input buffer has corrupt header:","bytes":400}}
{"t":"2026-10-01T15:46:23.537Z","level":"info","msg":"logo captured","taskId":"acb12482-4964-4c66-8381-3625e27db8fe","taskType":"discover","data":{"company":"Acme Robotics","source":"site_icon","sourceUrl":"https://www.acme.example/favicon.png","bytes":400,"contentType":"image/png"}}
{"t":"2026-10-01T15:46:23.542Z","level":"info","msg":"task done","taskId":"acb12482-4964-4c66-8381-3625e27db8fe","taskType":"discover","data":{"id":"acb12482-4964-4c66-8381-3625e27db8fe","type":"discover","ms":90,"heapUsedMb":85,"heapDeltaMb":1,"heapLimitMb":4144,"rssMb":142,"rssDeltaMb":0}}
{"t":"2026-10-01T15:46:23.569Z","level":"info","msg":"task start","taskId":"ac84df81-1b2c-4ada-9c8e-da3bd38f333c","taskType":"scan_company","data":{"id":"ac84df81-1b2c-4ada-9c8e-da3bd38f333c","type":"scan_company","attempt":1,"workerId":"test","commit":null,"readyWaitMs":11,"heapUsedMb":86,"heapLimitMb":4144,"rssMb":142}}
{"t":"2026-10-01T15:46:23.590Z","level":"info","msg":"host busy: source scan deferred","taskId":"ac84df81-1b2c-4ada-9c8e-da3bd38f333c","taskType":"scan_company","data":{"company":"Acme Robotics","url":"https://job-boards.greenhouse.io/acme","host":"boards-api.greenhouse.io","retryAt":"2026-10-01T16:46:23.558Z"}}
{"t":"2026-10-01T15:46:23.599Z","level":"info","msg":"host busy: sources put back","taskId":"ac84df81-1b2c-4ada-9c8e-da3bd38f333c","taskType":"scan_company","data":{"company":"Acme Robotics","sources":1,"retryAt":"2026-10-01T16:46:23.558Z"}}
{"t":"2026-10-01T15:46:23.617Z","level":"info","msg":"task done","taskId":"ac84df81-1b2c-4ada-9c8e-da3bd38f333c","taskType":"scan_company","data":{"id":"ac84df81-1b2c-4ada-9c8e-da3bd38f333c","type":"scan_company","ms":48,"heapUsedMb":87,"heapDeltaMb":1,"heapLimitMb":4144,"rssMb":142,"rssDeltaMb":0}}
{"t":"2026-10-01T15:46:23.646Z","level":"info","msg":"task start","taskId":"c8fd6eb4-ee38-483a-99a2-7548f60bab9e","taskType":"scan_company","data":{"id":"c8fd6eb4-ee38-483a-99a2-7548f60bab9e","type":"scan_company","attempt":1,"workerId":"test","commit":null,"readyWaitMs":8,"heapUsedMb":87,"heapLimitMb":4144,"rssMb":141}}
{"t":"2026-10-01T15:46:23.824Z","level":"info","msg":"source scanned","taskId":"c8fd6eb4-ee38-483a-99a2-7548f60bab9e","taskType":"scan_company","data":{"company":"Acme Robotics","type":"greenhouse","status":"ok","postings":5,"new":0,"closed":0,"followers":1,"deferredDescriptions":0,"reusedListing":false,"claimFetchedBytes":1452,"claimRequests":3,"claimRevalidated":0,"heapUsedMb":89,"ms":161}}
{"t":"2026-10-01T15:46:23.831Z","level":"info","msg":"task done","taskId":"c8fd6eb4-ee38-483a-99a2-7548f60bab9e","taskType":"scan_company","data":{"id":"c8fd6eb4-ee38-483a-99a2-7548f60bab9e","type":"scan_company","ms":185,"heapUsedMb":90,"heapDeltaMb":3,"heapLimitMb":4144,"rssMb":130,"rssDeltaMb":-11}}
{"t":"2026-10-01T15:46:24.165Z","level":"info","msg":"slow database query","data":{"durationMs":330,"statement":"truncate users, companies, career_sources, discovery_runs, scan_runs, scans, jobs, job_events, decisions, tasks, setting"}}
{"t":"2026-10-01T15:46:24.190Z","level":"info","msg":"task start","taskId":"c1f35b4a-e14c-4e6d-a05d-93a578700aaa","taskType":"discover","data":{"id":"c1f35b4a-e14c-4e6d-a05d-93a578700aaa","type":"discover","attempt":1,"workerId":"test","commit":null,"readyWaitMs":8,"heapUsedMb":91,"heapLimitMb":4144,"rssMb":129}}
{"t":"2026-10-01T15:46:24.359Z","level":"info","msg":"discovery finished","taskId":"c1f35b4a-e14c-4e6d-a05d-93a578700aaa","taskType":"discover","data":{"company":"acme.example","outcome":"resolved","fetches":3,"best":"ats_link"}}
{"t":"2026-10-01T15:46:24.361Z","level":"info","msg":"task done","taskId":"c1f35b4a-e14c-4e6d-a05d-93a578700aaa","taskType":"discover","data":{"id":"c1f35b4a-e14c-4e6d-a05d-93a578700aaa","type":"discover","ms":171,"heapUsedMb":94,"heapDeltaMb":3,"heapLimitMb":4144,"rssMb":131,"rssDeltaMb":2}}
{"t":"2026-10-01T15:46:24.364Z","level":"info","msg":"task start","taskId":"9082d428-9211-4692-967b-d44e137f5539","taskType":"scan_company","data":{"id":"9082d428-9211-4692-967b-d44e137f5539","type":"scan_company","attempt":1,"workerId":"test","commit":null,"readyWaitMs":16,"heapUsedMb":94,"heapLimitMb":4144,"rssMb":131}}
{"t":"2026-10-01T15:46:24.540Z","level":"info","msg":"source scanned","taskId":"9082d428-9211-4692-967b-d44e137f5539","taskType":"scan_company","data":{"company":"Acme Robotics","type":"greenhouse","status":"ok","postings":5,"new":5,"closed":0,"followers":1,"deferredDescriptions":0,"reusedListing":false,"claimFetchedBytes":1452,"claimRequests":3,"claimRevalidated":0,"heapUsedMb":86,"ms":169}}
{"t":"2026-10-01T15:46:24.556Z","level":"info","msg":"task done","taskId":"9082d428-9211-4692-967b-d44e137f5539","taskType":"scan_company","data":{"id":"9082d428-9211-4692-967b-d44e137f5539","type":"scan_company","ms":192,"heapUsedMb":86,"heapDeltaMb":-8,"heapLimitMb":4144,"rssMb":134,"rssDeltaMb":3}}
{"t":"2026-10-01T15:46:24.562Z","level":"info","msg":"task start","taskId":"1de60aa6-ffcd-4ed1-bfdc-de029dc083a0","taskType":"fetch_description","data":{"id":"1de60aa6-ffcd-4ed1-bfdc-de029dc083a0","type":"fetch_description","attempt":1,"workerId":"test","commit":null,"readyWaitMs":47,"heapUsedMb":86,"heapLimitMb":4144,"rssMb":134}}
{"t":"2026-10-01T15:46:24.607Z","level":"info","msg":"task done","taskId":"1de60aa6-ffcd-4ed1-bfdc-de029dc083a0","taskType":"fetch_description","data":{"id":"1de60aa6-ffcd-4ed1-bfdc-de029dc083a0","type":"fetch_description","ms":45,"heapUsedMb":87,"heapDeltaMb":1,"heapLimitMb":4144,"rssMb":134,"rssDeltaMb":0}}
{"t":"2026-10-01T15:46:24.614Z","level":"info","msg":"task start","taskId":"91146c6b-7c22-403f-b739-1017bcdf4a89","taskType":"fetch_description","data":{"id":"91146c6b-7c22-403f-b739-1017bcdf4a89","type":"fetch_description","attempt":1,"workerId":"test","commit":null,"readyWaitMs":99,"heapUsedMb":87,"heapLimitMb":4144,"rssMb":134}}
{"t":"2026-10-01T15:46:24.656Z","level":"info","msg":"task done","taskId":"91146c6b-7c22-403f-b739-1017bcdf4a89","taskType":"fetch_description","data":{"id":"91146c6b-7c22-403f-b739-1017bcdf4a89","type":"fetch_description","ms":42,"heapUsedMb":88,"heapDeltaMb":1,"heapLimitMb":4144,"rssMb":134,"rssDeltaMb":0}}
{"t":"2026-10-01T15:46:24.662Z","level":"info","msg":"task start","taskId":"fe3ea60b-d84f-43a7-8921-218aa574c702","taskType":"fetch_description","data":{"id":"fe3ea60b-d84f-43a7-8921-218aa574c702","type":"fetch_description","attempt":1,"workerId":"test","commit":null,"readyWaitMs":147,"heapUsedMb":89,"heapLimitMb":4144,"rssMb":134}}
{"t":"2026-10-01T15:46:24.702Z","level":"info","msg":"task done","taskId":"fe3ea60b-d84f-43a7-8921-218aa574c702","taskType":"fetch_description","data":{"id":"fe3ea60b-d84f-43a7-8921-218aa574c702","type":"fetch_description","ms":40,"heapUsedMb":90,"heapDeltaMb":1,"heapLimitMb":4144,"rssMb":134,"rssDeltaMb":0}}
{"t":"2026-10-01T15:46:24.707Z","level":"info","msg":"task start","taskId":"383ba739-c79b-4130-bd9e-84ae75b0e445","taskType":"fetch_description","data":{"id":"383ba739-c79b-4130-bd9e-84ae75b0e445","type":"fetch_description","attempt":1,"workerId":"test","commit":null,"readyWaitMs":192,"heapUsedMb":90,"heapLimitMb":4144,"rssMb":134}}
{"t":"2026-10-01T15:46:24.754Z","level":"info","msg":"task done","taskId":"383ba739-c79b-4130-bd9e-84ae75b0e445","taskType":"fetch_description","data":{"id":"383ba739-c79b-4130-bd9e-84ae75b0e445","type":"fetch_description","ms":47,"heapUsedMb":91,"heapDeltaMb":1,"heapLimitMb":4144,"rssMb":134,"rssDeltaMb":0}}
{"t":"2026-10-01T15:46:24.765Z","level":"info","msg":"task start","taskId":"02c14b48-9875-45aa-88ac-47225b2082dc","taskType":"discover","data":{"id":"02c14b48-9875-45aa-88ac-47225b2082dc","type":"discover","attempt":1,"workerId":"test","commit":null,"readyWaitMs":575,"heapUsedMb":91,"heapLimitMb":4144,"rssMb":134}}
{"t":"2026-10-01T15:46:24.826Z","level":"warn","msg":"logo re-encode failed; the original is kept","taskId":"02c14b48-9875-45aa-88ac-47225b2082dc","taskType":"discover","data":{"error":"Input buffer has corrupt header:","bytes":400}}
{"t":"2026-10-01T15:46:24.839Z","level":"info","msg":"logo captured","taskId":"02c14b48-9875-45aa-88ac-47225b2082dc","taskType":"discover","data":{"company":"Acme Robotics","source":"site_icon","sourceUrl":"https://www.acme.example/favicon.png","bytes":400,"contentType":"image/png"}}
{"t":"2026-10-01T15:46:24.843Z","level":"info","msg":"task done","taskId":"02c14b48-9875-45aa-88ac-47225b2082dc","taskType":"discover","data":{"id":"02c14b48-9875-45aa-88ac-47225b2082dc","type":"discover","ms":78,"heapUsedMb":92,"heapDeltaMb":1,"heapLimitMb":4144,"rssMb":134,"rssDeltaMb":0}}
{"t":"2026-10-01T15:46:24.868Z","level":"info","msg":"source scanned","data":{"company":"acme.example","type":"greenhouse","status":"failed","postings":0,"new":0,"closed":0,"followers":1,"deferredDescriptions":0,"reusedListing":false,"claimFetchedBytes":0,"claimRequests":1,"claimRevalidated":0,"heapUsedMb":93,"ms":18}}
{"t":"2026-10-01T15:46:25.277Z","level":"info","msg":"slow database query","data":{"durationMs":402,"statement":"truncate users, companies, career_sources, discovery_runs, scan_runs, scans, jobs, job_events, decisions, tasks, setting"}}
{"t":"2026-10-01T15:46:36.388Z","level":"info","msg":"source scanned","data":{"company":"Acme","type":"workday","status":"ok","postings":3500,"new":3500,"closed":0,"followers":1,"deferredDescriptions":0,"reusedListing":false,"claimFetchedBytes":582920,"claimRequests":175,"claimRevalidated":0,"heapUsedMb":143,"ms":11085}}
{"t":"2026-10-01T15:46:46.680Z","level":"info","msg":"source scanned","data":{"company":"Acme","type":"workday","status":"ok","postings":3499,"new":0,"closed":0,"followers":1,"deferredDescriptions":0,"reusedListing":false,"claimFetchedBytes":582754,"claimRequests":175,"claimRevalidated":0,"heapUsedMb":186,"ms":10247}}
{"t":"2026-10-01T15:46:56.468Z","level":"info","msg":"source scanned","data":{"company":"Acme","type":"workday","status":"ok","postings":3499,"new":0,"closed":1,"followers":1,"deferredDescriptions":0,"reusedListing":false,"claimFetchedBytes":582754,"claimRequests":175,"claimRevalidated":0,"heapUsedMb":98,"ms":9769}}
{"t":"2026-10-01T15:46:56.767Z","level":"info","msg":"slow database query","data":{"durationMs":285,"statement":"truncate users, companies, career_sources, discovery_runs, scan_runs, scans, jobs, job_events, decisions, tasks, setting"}}
{"t":"2026-10-01T15:46:56.784Z","level":"info","msg":"task start","taskId":"d55fd805-a81a-48bb-8157-b4efeb6f24bb","taskType":"discover","data":{"id":"d55fd805-a81a-48bb-8157-b4efeb6f24bb","type":"discover","attempt":1,"workerId":"test","commit":null,"readyWaitMs":6,"heapUsedMb":99,"heapLimitMb":4144,"rssMb":221}}
{"t":"2026-10-01T15:46:56.953Z","level":"info","msg":"discovery finished","taskId":"d55fd805-a81a-48bb-8157-b4efeb6f24bb","taskType":"discover","data":{"company":"acme.example","outcome":"resolved","fetches":3,"best":"ats_link"}}
{"t":"2026-10-01T15:46:56.956Z","level":"info","msg":"task done","taskId":"d55fd805-a81a-48bb-8157-b4efeb6f24bb","taskType":"discover","data":{"id":"d55fd805-a81a-48bb-8157-b4efeb6f24bb","type":"discover","ms":172,"heapUsedMb":93,"heapDeltaMb":-6,"heapLimitMb":4144,"rssMb":215,"rssDeltaMb":-6}}
{"t":"2026-10-01T15:46:56.958Z","level":"info","msg":"task start","taskId":"96aac40c-c283-4e8b-ade4-5bace45425b9","taskType":"scan_company","data":{"id":"96aac40c-c283-4e8b-ade4-5bace45425b9","type":"scan_company","attempt":1,"workerId":"test","commit":null,"readyWaitMs":14,"heapUsedMb":93,"heapLimitMb":4144,"rssMb":215}}
{"t":"2026-10-01T15:46:57.123Z","level":"info","msg":"source scanned","taskId":"96aac40c-c283-4e8b-ade4-5bace45425b9","taskType":"scan_company","data":{"company":"Acme Robotics","type":"greenhouse","status":"ok","postings":5,"new":5,"closed":0,"followers":1,"deferredDescriptions":0,"reusedListing":false,"claimFetchedBytes":1452,"claimRequests":3,"claimRevalidated":0,"heapUsedMb":96,"ms":160}}
{"t":"2026-10-01T15:46:57.132Z","level":"info","msg":"task done","taskId":"96aac40c-c283-4e8b-ade4-5bace45425b9","taskType":"scan_company","data":{"id":"96aac40c-c283-4e8b-ade4-5bace45425b9","type":"scan_company","ms":174,"heapUsedMb":96,"heapDeltaMb":3,"heapLimitMb":4144,"rssMb":202,"rssDeltaMb":-13}}
{"t":"2026-10-01T15:46:57.134Z","level":"info","msg":"task start","taskId":"bd09c1b0-93bb-4036-a5d5-c1c0e5251297","taskType":"fetch_description","data":{"id":"bd09c1b0-93bb-4036-a5d5-c1c0e5251297","type":"fetch_description","attempt":1,"workerId":"test","commit":null,"readyWaitMs":26,"heapUsedMb":96,"heapLimitMb":4144,"rssMb":202}}
{"t":"2026-10-01T15:46:57.155Z","level":"info","msg":"task done","taskId":"bd09c1b0-93bb-4036-a5d5-c1c0e5251297","taskType":"fetch_description","data":{"id":"bd09c1b0-93bb-4036-a5d5-c1c0e5251297","type":"fetch_description","ms":21,"heapUsedMb":98,"heapDeltaMb":2,"heapLimitMb":4144,"rssMb":202,"rssDeltaMb":0}}
{"t":"2026-10-01T15:46:57.157Z","level":"info","msg":"task start","taskId":"fef1a5dd-443b-4409-9c89-05f90f93e7e7","taskType":"fetch_description","data":{"id":"fef1a5dd-443b-4409-9c89-05f90f93e7e7","type":"fetch_description","attempt":1,"workerId":"test","commit":null,"readyWaitMs":49,"heapUsedMb":98,"heapLimitMb":4144,"rssMb":202}}
{"t":"2026-10-01T15:46:57.204Z","level":"info","msg":"task done","taskId":"fef1a5dd-443b-4409-9c89-05f90f93e7e7","taskType":"fetch_description","data":{"id":"fef1a5dd-443b-4409-9c89-05f90f93e7e7","type":"fetch_description","ms":47,"heapUsedMb":99,"heapDeltaMb":1,"heapLimitMb":4144,"rssMb":202,"rssDeltaMb":0}}
{"t":"2026-10-01T15:46:57.206Z","level":"info","msg":"task start","taskId":"3baf798a-51c6-417c-8f67-5c29eddbe930","taskType":"fetch_description","data":{"id":"3baf798a-51c6-417c-8f67-5c29eddbe930","type":"fetch_description","attempt":1,"workerId":"test","commit":null,"readyWaitMs":98,"heapUsedMb":99,"heapLimitMb":4144,"rssMb":202}}
{"t":"2026-10-01T15:46:57.255Z","level":"info","msg":"task done","taskId":"3baf798a-51c6-417c-8f67-5c29eddbe930","taskType":"fetch_description","data":{"id":"3baf798a-51c6-417c-8f67-5c29eddbe930","type":"fetch_description","ms":49,"heapUsedMb":100,"heapDeltaMb":1,"heapLimitMb":4144,"rssMb":202,"rssDeltaMb":0}}
{"t":"2026-10-01T15:46:57.256Z","level":"info","msg":"task start","taskId":"94343542-009d-41ee-9567-e38daaf1d7bf","taskType":"fetch_description","data":{"id":"94343542-009d-41ee-9567-e38daaf1d7bf","type":"fetch_description","attempt":1,"workerId":"test","commit":null,"readyWaitMs":148,"heapUsedMb":100,"heapLimitMb":4144,"rssMb":202}}
{"t":"2026-10-01T15:46:57.306Z","level":"info","msg":"task done","taskId":"94343542-009d-41ee-9567-e38daaf1d7bf","taskType":"fetch_description","data":{"id":"94343542-009d-41ee-9567-e38daaf1d7bf","type":"fetch_description","ms":50,"heapUsedMb":101,"heapDeltaMb":1,"heapLimitMb":4144,"rssMb":201,"rssDeltaMb":-1}}
{"t":"2026-10-01T15:46:57.309Z","level":"info","msg":"task start","taskId":"7a1a6b3f-6c78-456d-83ed-1464111ef37f","taskType":"discover","data":{"id":"7a1a6b3f-6c78-456d-83ed-1464111ef37f","type":"discover","attempt":1,"workerId":"test","commit":null,"readyWaitMs":525,"heapUsedMb":101,"heapLimitMb":4144,"rssMb":201}}
{"t":"2026-10-01T15:46:57.363Z","level":"warn","msg":"logo re-encode failed; the original is kept","taskId":"7a1a6b3f-6c78-456d-83ed-1464111ef37f","taskType":"discover","data":{"error":"Input buffer has corrupt header:","bytes":400}}
{"t":"2026-10-01T15:46:57.369Z","level":"info","msg":"logo captured","taskId":"7a1a6b3f-6c78-456d-83ed-1464111ef37f","taskType":"discover","data":{"company":"Acme Robotics","source":"site_icon","sourceUrl":"https://www.acme.example/favicon.png","bytes":400,"contentType":"image/png"}}
{"t":"2026-10-01T15:46:57.371Z","level":"info","msg":"task done","taskId":"7a1a6b3f-6c78-456d-83ed-1464111ef37f","taskType":"discover","data":{"id":"7a1a6b3f-6c78-456d-83ed-1464111ef37f","type":"discover","ms":62,"heapUsedMb":102,"heapDeltaMb":1,"heapLimitMb":4144,"rssMb":202,"rssDeltaMb":1}}
{"t":"2026-10-01T15:46:57.384Z","level":"info","msg":"daily run started","data":{"runId":"53245eba-0897-436f-a896-950c76679247","runDate":"2026-09-05","companies":1,"logosQueued":0,"retired":3}}
{"t":"2026-10-01T15:46:57.672Z","level":"info","msg":"slow database query","data":{"durationMs":281,"statement":"truncate users, companies, career_sources, discovery_runs, scan_runs, scans, jobs, job_events, decisions, tasks, setting"}}
{"t":"2026-10-01T15:46:57.702Z","level":"info","msg":"task start","taskId":"45449076-6c99-474f-9a4f-3dc8808db174","taskType":"discover","data":{"id":"45449076-6c99-474f-9a4f-3dc8808db174","type":"discover","attempt":1,"workerId":"test","commit":null,"readyWaitMs":7,"heapUsedMb":95,"heapLimitMb":4144,"rssMb":192}}
{"t":"2026-10-01T15:46:57.870Z","level":"info","msg":"discovery finished","taskId":"45449076-6c99-474f-9a4f-3dc8808db174","taskType":"discover","data":{"company":"acme.example","outcome":"resolved","fetches":3,"best":"ats_link"}}
{"t":"2026-10-01T15:46:57.873Z","level":"info","msg":"task done","taskId":"45449076-6c99-474f-9a4f-3dc8808db174","taskType":"discover","data":{"id":"45449076-6c99-474f-9a4f-3dc8808db174","type":"discover","ms":171,"heapUsedMb":98,"heapDeltaMb":3,"heapLimitMb":4144,"rssMb":192,"rssDeltaMb":0}}
{"t":"2026-10-01T15:46:57.875Z","level":"info","msg":"task start","taskId":"59998f3e-56f5-4c17-9b98-39f6e6963754","taskType":"scan_company","data":{"id":"59998f3e-56f5-4c17-9b98-39f6e6963754","type":"scan_company","attempt":1,"workerId":"test","commit":null,"readyWaitMs":12,"heapUsedMb":99,"heapLimitMb":4144,"rssMb":192}}
{"t":"2026-10-01T15:46:58.042Z","level":"info","msg":"source scanned","taskId":"59998f3e-56f5-4c17-9b98-39f6e6963754","taskType":"scan_company","data":{"company":"Acme Robotics","type":"greenhouse","status":"ok","postings":5,"new":5,"closed":0,"followers":1,"deferredDescriptions":0,"reusedListing":false,"claimFetchedBytes":1452,"claimRequests":3,"claimRevalidated":0,"heapUsedMb":101,"ms":162}}
{"t":"2026-10-01T15:46:58.048Z","level":"info","msg":"task done","taskId":"59998f3e-56f5-4c17-9b98-39f6e6963754","taskType":"scan_company","data":{"id":"59998f3e-56f5-4c17-9b98-39f6e6963754","type":"scan_company","ms":174,"heapUsedMb":102,"heapDeltaMb":3,"heapLimitMb":4144,"rssMb":192,"rssDeltaMb":0}}
{"t":"2026-10-01T15:46:58.050Z","level":"info","msg":"task start","taskId":"bf779c58-0db6-4f25-a96f-8ff317ed33a9","taskType":"fetch_description","data":{"id":"bf779c58-0db6-4f25-a96f-8ff317ed33a9","type":"fetch_description","attempt":1,"workerId":"test","commit":null,"readyWaitMs":23,"heapUsedMb":102,"heapLimitMb":4144,"rssMb":192}}
{"t":"2026-10-01T15:46:58.079Z","level":"info","msg":"task done","taskId":"bf779c58-0db6-4f25-a96f-8ff317ed33a9","taskType":"fetch_description","data":{"id":"bf779c58-0db6-4f25-a96f-8ff317ed33a9","type":"fetch_description","ms":29,"heapUsedMb":103,"heapDeltaMb":1,"heapLimitMb":4144,"rssMb":192,"rssDeltaMb":0}}
{"t":"2026-10-01T15:46:58.082Z","level":"info","msg":"task start","taskId":"2bd7504a-504d-44b3-9754-14494e7afaaf","taskType":"fetch_description","data":{"id":"2bd7504a-504d-44b3-9754-14494e7afaaf","type":"fetch_description","attempt":1,"workerId":"test","commit":null,"readyWaitMs":55,"heapUsedMb":103,"heapLimitMb":4144,"rssMb":192}}
{"t":"2026-10-01T15:46:58.123Z","level":"info","msg":"task done","taskId":"2bd7504a-504d-44b3-9754-14494e7afaaf","taskType":"fetch_description","data":{"id":"2bd7504a-504d-44b3-9754-14494e7afaaf","type":"fetch_description","ms":41,"heapUsedMb":104,"heapDeltaMb":1,"heapLimitMb":4144,"rssMb":192,"rssDeltaMb":0}}
{"t":"2026-10-01T15:46:58.125Z","level":"info","msg":"task start","taskId":"ec856716-1ff3-431b-9fc5-f119909d57a0","taskType":"fetch_description","data":{"id":"ec856716-1ff3-431b-9fc5-f119909d57a0","type":"fetch_description","attempt":1,"workerId":"test","commit":null,"readyWaitMs":98,"heapUsedMb":104,"heapLimitMb":4144,"rssMb":192}}
{"t":"2026-10-01T15:46:58.171Z","level":"info","msg":"task done","taskId":"ec856716-1ff3-431b-9fc5-f119909d57a0","taskType":"fetch_description","data":{"id":"ec856716-1ff3-431b-9fc5-f119909d57a0","type":"fetch_description","ms":46,"heapUsedMb":105,"heapDeltaMb":1,"heapLimitMb":4144,"rssMb":192,"rssDeltaMb":0}}
{"t":"2026-10-01T15:46:58.173Z","level":"info","msg":"task start","taskId":"f35d554c-6eaa-4c87-932b-767041fc67f1","taskType":"fetch_description","data":{"id":"f35d554c-6eaa-4c87-932b-767041fc67f1","type":"fetch_description","attempt":1,"workerId":"test","commit":null,"readyWaitMs":146,"heapUsedMb":105,"heapLimitMb":4144,"rssMb":192}}
{"t":"2026-10-01T15:46:58.226Z","level":"info","msg":"task done","taskId":"f35d554c-6eaa-4c87-932b-767041fc67f1","taskType":"fetch_description","data":{"id":"f35d554c-6eaa-4c87-932b-767041fc67f1","type":"fetch_description","ms":53,"heapUsedMb":106,"heapDeltaMb":1,"heapLimitMb":4144,"rssMb":192,"rssDeltaMb":0}}
{"t":"2026-10-01T15:46:58.228Z","level":"info","msg":"task start","taskId":"45555d2e-bc61-4094-8963-090849b17622","taskType":"discover","data":{"id":"45555d2e-bc61-4094-8963-090849b17622","type":"discover","attempt":1,"workerId":"test","commit":null,"readyWaitMs":525,"heapUsedMb":107,"heapLimitMb":4144,"rssMb":192}}
{"t":"2026-10-01T15:46:58.281Z","level":"warn","msg":"logo re-encode failed; the original is kept","taskId":"45555d2e-bc61-4094-8963-090849b17622","taskType":"discover","data":{"error":"Input buffer has corrupt header:","bytes":400}}
{"t":"2026-10-01T15:46:58.287Z","level":"info","msg":"logo captured","taskId":"45555d2e-bc61-4094-8963-090849b17622","taskType":"discover","data":{"company":"Acme Robotics","source":"site_icon","sourceUrl":"https://www.acme.example/favicon.png","bytes":400,"contentType":"image/png"}}
{"t":"2026-10-01T15:46:58.288Z","level":"info","msg":"task done","taskId":"45555d2e-bc61-4094-8963-090849b17622","taskType":"discover","data":{"id":"45555d2e-bc61-4094-8963-090849b17622","type":"discover","ms":60,"heapUsedMb":97,"heapDeltaMb":-10,"heapLimitMb":4144,"rssMb":193,"rssDeltaMb":1}}
{"t":"2026-10-01T15:46:58.297Z","level":"info","msg":"daily run started","data":{"runId":"19c6ba30-ec80-4ee1-b7c6-a434904ab297","runDate":"2026-09-05","companies":1,"logosQueued":0,"retired":0}}
{"t":"2026-10-01T15:46:58.432Z","level":"info","msg":"source scanned","data":{"company":"Acme Robotics","type":"greenhouse","status":"ok","postings":5,"new":0,"closed":0,"followers":1,"deferredDescriptions":0,"reusedListing":false,"claimFetchedBytes":1452,"claimRequests":3,"claimRevalidated":0,"heapUsedMb":100,"ms":132}}
{"t":"2026-10-01T15:46:58.445Z","level":"info","msg":"scan run finalised","data":{"runId":"19c6ba30-ec80-4ee1-b7c6-a434904ab297","ok":1,"failed":0,"newRoles":0}}
{"t":"2026-10-01T15:46:58.450Z","level":"info","msg":"scan suggestions filed","data":{"userId":"b7f411a2-1703-4bc5-87ef-72647a45380e","titles":5,"unmatched":1,"inserted":0}}
{"t":"2026-10-01T15:46:58.454Z","level":"info","msg":"scan suggestions filed","data":{"userId":"b7f411a2-1703-4bc5-87ef-72647a45380e","titles":5,"unmatched":1,"inserted":0}}
{"t":"2026-10-01T15:46:58.459Z","level":"info","msg":"daily run started","data":{"runId":"52d48826-5e2c-4d96-b328-02db0ffd7c23","runDate":"2026-09-06","companies":1,"logosQueued":0,"retired":0}}
{"t":"2026-10-01T15:46:58.590Z","level":"info","msg":"source scanned","data":{"company":"Acme Robotics","type":"greenhouse","status":"ok","postings":5,"new":0,"closed":0,"followers":1,"deferredDescriptions":0,"reusedListing":false,"claimFetchedBytes":1452,"claimRequests":3,"claimRevalidated":0,"heapUsedMb":104,"ms":126}}
{"t":"2026-10-01T15:46:58.597Z","level":"info","msg":"scan run finalised","data":{"runId":"52d48826-5e2c-4d96-b328-02db0ffd7c23","ok":1,"failed":0,"newRoles":0}}
{"t":"2026-10-01T15:46:58.849Z","level":"info","msg":"slow database query","data":{"durationMs":251,"statement":"truncate users, companies, career_sources, discovery_runs, scan_runs, scans, jobs, job_events, decisions, tasks, setting"}}
{"t":"2026-10-01T15:46:58.869Z","level":"info","msg":"task start","taskId":"0a80901e-2c18-45e8-8a57-bd3def67d0d4","taskType":"discover","data":{"id":"0a80901e-2c18-45e8-8a57-bd3def67d0d4","type":"discover","attempt":1,"workerId":"test","commit":null,"readyWaitMs":9,"heapUsedMb":106,"heapLimitMb":4144,"rssMb":193}}
{"t":"2026-10-01T15:46:59.037Z","level":"info","msg":"discovery finished","taskId":"0a80901e-2c18-45e8-8a57-bd3def67d0d4","taskType":"discover","data":{"company":"acme.example","outcome":"resolved","fetches":3,"best":"ats_link"}}
{"t":"2026-10-01T15:46:59.040Z","level":"info","msg":"task done","taskId":"0a80901e-2c18-45e8-8a57-bd3def67d0d4","taskType":"discover","data":{"id":"0a80901e-2c18-45e8-8a57-bd3def67d0d4","type":"discover","ms":171,"heapUsedMb":99,"heapDeltaMb":-7,"heapLimitMb":4144,"rssMb":193,"rssDeltaMb":0}}
{"t":"2026-10-01T15:46:59.042Z","level":"info","msg":"task start","taskId":"e1ed4665-b95e-4844-88ba-f1c41988284d","taskType":"scan_company","data":{"id":"e1ed4665-b95e-4844-88ba-f1c41988284d","type":"scan_company","attempt":1,"workerId":"test","commit":null,"readyWaitMs":15,"heapUsedMb":99,"heapLimitMb":4144,"rssMb":193}}
{"t":"2026-10-01T15:46:59.199Z","level":"info","msg":"source scanned","taskId":"e1ed4665-b95e-4844-88ba-f1c41988284d","taskType":"scan_company","data":{"company":"Acme Robotics","type":"greenhouse","status":"ok","postings":5,"new":5,"closed":0,"followers":2,"deferredDescriptions":0,"reusedListing":false,"claimFetchedBytes":1452,"claimRequests":3,"claimRevalidated":0,"heapUsedMb":102,"ms":153}}
{"t":"2026-10-01T15:46:59.206Z","level":"info","msg":"task done","taskId":"e1ed4665-b95e-4844-88ba-f1c41988284d","taskType":"scan_company","data":{"id":"e1ed4665-b95e-4844-88ba-f1c41988284d","type":"scan_company","ms":164,"heapUsedMb":102,"heapDeltaMb":3,"heapLimitMb":4144,"rssMb":193,"rssDeltaMb":0}}
{"t":"2026-10-01T15:46:59.209Z","level":"info","msg":"task start","taskId":"238f179c-791e-485d-aca0-6951544d9a2d","taskType":"fetch_description","data":{"id":"238f179c-791e-485d-aca0-6951544d9a2d","type":"fetch_description","attempt":1,"workerId":"test","commit":null,"readyWaitMs":25,"heapUsedMb":102,"heapLimitMb":4144,"rssMb":193}}
{"t":"2026-10-01T15:46:59.243Z","level":"info","msg":"task done","taskId":"238f179c-791e-485d-aca0-6951544d9a2d","taskType":"fetch_description","data":{"id":"238f179c-791e-485d-aca0-6951544d9a2d","type":"fetch_description","ms":34,"heapUsedMb":103,"heapDeltaMb":1,"heapLimitMb":4144,"rssMb":193,"rssDeltaMb":0}}
{"t":"2026-10-01T15:46:59.245Z","level":"info","msg":"task start","taskId":"da40b305-a57a-4eb8-8af0-fe8e60fd2d32","taskType":"fetch_description","data":{"id":"da40b305-a57a-4eb8-8af0-fe8e60fd2d32","type":"fetch_description","attempt":1,"workerId":"test","commit":null,"readyWaitMs":61,"heapUsedMb":103,"heapLimitMb":4144,"rssMb":193}}
{"t":"2026-10-01T15:46:59.293Z","level":"info","msg":"task done","taskId":"da40b305-a57a-4eb8-8af0-fe8e60fd2d32","taskType":"fetch_description","data":{"id":"da40b305-a57a-4eb8-8af0-fe8e60fd2d32","type":"fetch_description","ms":48,"heapUsedMb":104,"heapDeltaMb":1,"heapLimitMb":4144,"rssMb":193,"rssDeltaMb":0}}
{"t":"2026-10-01T15:46:59.295Z","level":"info","msg":"task start","taskId":"8b2ba605-47a2-4d3d-bf4b-b54e526605f4","taskType":"fetch_description","data":{"id":"8b2ba605-47a2-4d3d-bf4b-b54e526605f4","type":"fetch_description","attempt":1,"workerId":"test","commit":null,"readyWaitMs":111,"heapUsedMb":105,"heapLimitMb":4144,"rssMb":193}}
{"t":"2026-10-01T15:46:59.337Z","level":"info","msg":"task done","taskId":"8b2ba605-47a2-4d3d-bf4b-b54e526605f4","taskType":"fetch_description","data":{"id":"8b2ba605-47a2-4d3d-bf4b-b54e526605f4","type":"fetch_description","ms":42,"heapUsedMb":106,"heapDeltaMb":1,"heapLimitMb":4144,"rssMb":193,"rssDeltaMb":0}}
{"t":"2026-10-01T15:46:59.339Z","level":"info","msg":"task start","taskId":"3e480343-d13e-4524-b087-d61173ce9979","taskType":"fetch_description","data":{"id":"3e480343-d13e-4524-b087-d61173ce9979","type":"fetch_description","attempt":1,"workerId":"test","commit":null,"readyWaitMs":155,"heapUsedMb":106,"heapLimitMb":4144,"rssMb":193}}
{"t":"2026-10-01T15:46:59.394Z","level":"info","msg":"task done","taskId":"3e480343-d13e-4524-b087-d61173ce9979","taskType":"fetch_description","data":{"id":"3e480343-d13e-4524-b087-d61173ce9979","type":"fetch_description","ms":55,"heapUsedMb":107,"heapDeltaMb":1,"heapLimitMb":4144,"rssMb":193,"rssDeltaMb":0}}
{"t":"2026-10-01T15:46:59.396Z","level":"info","msg":"task start","taskId":"c3a95c65-e056-4667-9011-d15456ec7016","taskType":"fetch_description","data":{"id":"c3a95c65-e056-4667-9011-d15456ec7016","type":"fetch_description","attempt":1,"workerId":"test","commit":null,"readyWaitMs":212,"heapUsedMb":107,"heapLimitMb":4144,"rssMb":193}}
{"t":"2026-10-01T15:46:59.451Z","level":"info","msg":"task done","taskId":"c3a95c65-e056-4667-9011-d15456ec7016","taskType":"fetch_description","data":{"id":"c3a95c65-e056-4667-9011-d15456ec7016","type":"fetch_description","ms":55,"heapUsedMb":108,"heapDeltaMb":1,"heapLimitMb":4144,"rssMb":193,"rssDeltaMb":0}}
{"t":"2026-10-01T15:46:59.455Z","level":"info","msg":"task start","taskId":"e21bff9a-5caa-46e3-9e8e-fcbd0dfc30fe","taskType":"discover","data":{"id":"e21bff9a-5caa-46e3-9e8e-fcbd0dfc30fe","type":"discover","attempt":1,"workerId":"test","commit":null,"readyWaitMs":586,"heapUsedMb":108,"heapLimitMb":4144,"rssMb":193}}
{"t":"2026-10-01T15:46:59.550Z","level":"warn","msg":"logo re-encode failed; the original is kept","taskId":"e21bff9a-5caa-46e3-9e8e-fcbd0dfc30fe","taskType":"discover","data":{"error":"Input buffer has corrupt header:","bytes":400}}
{"t":"2026-10-01T15:46:59.572Z","level":"info","msg":"logo captured","taskId":"e21bff9a-5caa-46e3-9e8e-fcbd0dfc30fe","taskType":"discover","data":{"company":"Acme Robotics","source":"site_icon","sourceUrl":"https://www.acme.example/favicon.png","bytes":400,"contentType":"image/png"}}
{"t":"2026-10-01T15:46:59.586Z","level":"info","msg":"task done","taskId":"e21bff9a-5caa-46e3-9e8e-fcbd0dfc30fe","taskType":"discover","data":{"id":"e21bff9a-5caa-46e3-9e8e-fcbd0dfc30fe","type":"discover","ms":129,"heapUsedMb":109,"heapDeltaMb":1,"heapLimitMb":4144,"rssMb":192,"rssDeltaMb":-1}}
{"t":"2026-10-01T15:46:59.686Z","level":"info","msg":"scan suggestions filed","data":{"userId":"0e9e5d15-68b8-401c-aff6-6854b2b68851","titles":5,"unmatched":1,"inserted":0}}
{"t":"2026-10-01T15:46:59.703Z","level":"info","msg":"scan suggestions filed","data":{"userId":"98bf6162-652d-4ef2-a9ef-0618268ea8c8","titles":5,"unmatched":4,"inserted":1}}
{"t":"2026-10-01T15:47:00.251Z","level":"info","msg":"slow database query","data":{"durationMs":546,"statement":"truncate users, companies, career_sources, discovery_runs, scan_runs, scans, jobs, job_events, decisions, tasks, setting"}}
{"t":"2026-10-01T15:47:00.576Z","level":"info","msg":"source scanned","data":{"company":"Pager","type":"html","status":"ok","postings":25,"new":25,"closed":0,"followers":0,"deferredDescriptions":0,"reusedListing":false,"claimFetchedBytes":1309,"claimRequests":7,"claimRevalidated":0,"heapUsedMb":105,"ms":64}}
{"t":"2026-10-01T15:47:00.601Z","level":"info","msg":"scan run finalised","data":{"runId":"ce381423-ef55-4066-b4e9-41213d2fcba8","ok":1,"failed":0,"newRoles":25}}
{"t":"2026-10-01T15:47:00.946Z","level":"info","msg":"slow database query","data":{"durationMs":344,"statement":"truncate users, companies, career_sources, discovery_runs, scan_runs, scans, jobs, job_events, decisions, tasks, setting"}}
{"t":"2026-10-01T15:47:01.228Z","level":"info","msg":"source scanned","data":{"company":"Pager","type":"html","status":"ok","postings":25,"new":25,"closed":0,"followers":0,"deferredDescriptions":0,"reusedListing":false,"claimFetchedBytes":1309,"claimRequests":7,"claimRevalidated":0,"heapUsedMb":112,"ms":64}}
{"t":"2026-10-01T15:47:01.620Z","level":"info","msg":"slow database query","data":{"durationMs":380,"statement":"truncate users, companies, career_sources, discovery_runs, scan_runs, scans, jobs, job_events, decisions, tasks, setting"}}
{"t":"2026-10-01T15:47:01.910Z","level":"info","msg":"source scanned","data":{"company":"Pager","type":"html","status":"ok","postings":1,"new":1,"closed":0,"followers":0,"deferredDescriptions":0,"reusedListing":false,"claimFetchedBytes":86,"claimRequests":1,"claimRevalidated":0,"heapUsedMb":117,"ms":149}}
{"t":"2026-10-01T15:47:02.436Z","level":"info","msg":"source scanned","data":{"company":"Pager","type":"html","status":"ok","postings":25,"new":25,"closed":0,"followers":0,"deferredDescriptions":0,"reusedListing":false,"claimFetchedBytes":1309,"claimRequests":7,"claimRevalidated":0,"heapUsedMb":121,"ms":129}}
{"t":"2026-10-01T15:47:02.893Z","level":"info","msg":"slow database query","data":{"durationMs":450,"statement":"truncate users, companies, career_sources, discovery_runs, scan_runs, scans, jobs, job_events, decisions, tasks, setting"}}
{"t":"2026-10-01T15:47:03.187Z","level":"info","msg":"source scanned","data":{"company":"Pager","type":"html","status":"ok","postings":25,"new":25,"closed":0,"followers":0,"deferredDescriptions":0,"reusedListing":false,"claimFetchedBytes":1309,"claimRequests":7,"claimRevalidated":0,"heapUsedMb":116,"ms":75}}
{"t":"2026-10-01T15:47:03.603Z","level":"info","msg":"slow database query","data":{"durationMs":409,"statement":"truncate users, companies, career_sources, discovery_runs, scan_runs, scans, jobs, job_events, decisions, tasks, setting"}}
{"t":"2026-10-01T15:47:04.309Z","level":"info","msg":"source scanned","data":{"company":"Pager","type":"html","status":"ok","postings":1,"new":1,"closed":0,"followers":0,"deferredDescriptions":0,"reusedListing":false,"claimFetchedBytes":110,"claimRequests":1,"claimRevalidated":0,"heapUsedMb":126,"ms":59}}
{"t":"2026-10-01T15:47:04.960Z","level":"info","msg":"slow database query","data":{"durationMs":641,"statement":"truncate users, companies, career_sources, discovery_runs, scan_runs, scans, jobs, job_events, decisions, tasks, setting"}}
{"t":"2026-10-01T15:47:05.217Z","level":"info","msg":"source scanned","data":{"company":"Pager","type":"html","status":"ok","postings":25,"new":25,"closed":0,"followers":0,"deferredDescriptions":0,"reusedListing":false,"claimFetchedBytes":1428,"claimRequests":7,"claimRevalidated":0,"heapUsedMb":121,"ms":59}}
{"t":"2026-10-01T15:47:05.637Z","level":"info","msg":"source scanned","data":{"company":"Pager","type":"html","status":"ok","postings":25,"new":0,"closed":0,"followers":0,"deferredDescriptions":0,"reusedListing":false,"claimFetchedBytes":1316,"claimRequests":7,"claimRevalidated":0,"heapUsedMb":132,"ms":88}}
{"t":"2026-10-01T15:47:05.956Z","level":"info","msg":"slow database query","data":{"durationMs":309,"statement":"truncate users, companies, career_sources, discovery_runs, scan_runs, scans, jobs, job_events, decisions, tasks, setting"}}
{"t":"2026-10-01T15:47:06.093Z","level":"info","msg":"source scanned","data":{"company":"Pager","type":"html","status":"partial","postings":3,"new":3,"closed":0,"followers":0,"deferredDescriptions":0,"reusedListing":false,"claimFetchedBytes":520,"claimRequests":3,"claimRevalidated":0,"heapUsedMb":127,"ms":83}}
{"t":"2026-10-01T15:47:06.476Z","level":"info","msg":"slow database query","data":{"durationMs":371,"statement":"truncate users, companies, career_sources, discovery_runs, scan_runs, scans, jobs, job_events, decisions, tasks, setting"}}
{"t":"2026-10-01T15:47:06.797Z","level":"info","msg":"slow database query","data":{"durationMs":264,"statement":"truncate users, companies, career_sources, discovery_runs, scan_runs, scans, jobs, job_events, decisions, tasks, setting"}}
{"t":"2026-10-01T15:47:06.835Z","level":"info","msg":"source scanned","data":{"company":"Pager","type":"html","status":"ok","postings":1,"new":1,"closed":0,"followers":0,"deferredDescriptions":0,"reusedListing":false,"claimFetchedBytes":145,"claimRequests":2,"claimRevalidated":0,"heapUsedMb":134,"ms":19}}
{"t":"2026-10-01T15:47:07.116Z","level":"info","msg":"slow database query","data":{"durationMs":272,"statement":"truncate users, companies, career_sources, discovery_runs, scan_runs, scans, jobs, job_events, decisions, tasks, setting"}}
{"t":"2026-10-01T15:47:07.321Z","level":"info","msg":"source scanned","data":{"company":"Pager","type":"html","status":"partial","postings":20,"new":20,"closed":0,"followers":0,"deferredDescriptions":0,"reusedListing":false,"claimFetchedBytes":0,"claimRequests":0,"claimRevalidated":0,"heapUsedMb":134,"ms":30}}
{"t":"2026-10-01T15:47:07.634Z","level":"info","msg":"slow database query","data":{"durationMs":303,"statement":"truncate users, companies, career_sources, discovery_runs, scan_runs, scans, jobs, job_events, decisions, tasks, setting"}}
{"t":"2026-10-01T15:47:07.723Z","level":"info","msg":"source scanned","data":{"company":"Pager","type":"html","status":"partial","postings":2,"new":2,"closed":0,"followers":0,"deferredDescriptions":0,"reusedListing":false,"claimFetchedBytes":570,"claimRequests":3,"claimRevalidated":0,"heapUsedMb":139,"ms":51}}
{"t":"2026-10-01T15:47:08.033Z","level":"info","msg":"slow database query","data":{"durationMs":299,"statement":"truncate users, companies, career_sources, discovery_runs, scan_runs, scans, jobs, job_events, decisions, tasks, setting"}}
{"t":"2026-10-01T15:47:08.101Z","level":"info","msg":"source scanned","data":{"company":"Pager","type":"html","status":"partial","postings":3,"new":3,"closed":0,"followers":0,"deferredDescriptions":0,"reusedListing":false,"claimFetchedBytes":548,"claimRequests":3,"claimRevalidated":0,"heapUsedMb":133,"ms":32}}
{"t":"2026-10-01T15:47:10.419Z","level":"warn","msg":"task requeued on shutdown","data":{"id":"5169f6de-8414-4a5f-8fb9-2e6ba90cd8d1","type":"review_library"}}
{"t":"2026-10-01T15:47:11.268Z","level":"info","msg":"task start","taskId":"4c81c942-3887-423a-839e-8210bf94ad28","taskType":"discover","data":{"id":"4c81c942-3887-423a-839e-8210bf94ad28","type":"discover","attempt":1,"workerId":"test","commit":null,"readyWaitMs":7,"heapUsedMb":102,"heapLimitMb":4144,"rssMb":143}}
{"t":"2026-10-01T15:47:11.270Z","level":"warn","msg":"task failed","taskId":"4c81c942-3887-423a-839e-8210bf94ad28","taskType":"discover","data":{"id":"4c81c942-3887-423a-839e-8210bf94ad28","type":"discover","error":"handler exploded","ms":2,"heapUsedMb":102,"heapDeltaMb":0,"heapLimitMb":4144,"rssMb":143,"rssDeltaMb":0}}
{"t":"2026-10-01T15:47:11.275Z","level":"info","msg":"task start","taskId":"90f3a24b-1ee7-4be1-b188-b4b442f407ca","taskType":"reevaluate_gate","data":{"id":"90f3a24b-1ee7-4be1-b188-b4b442f407ca","type":"reevaluate_gate","attempt":1,"workerId":"test","commit":null,"readyWaitMs":12,"heapUsedMb":103,"heapLimitMb":4144,"rssMb":143}}
{"t":"2026-10-01T15:47:11.276Z","level":"info","msg":"task done","taskId":"90f3a24b-1ee7-4be1-b188-b4b442f407ca","taskType":"reevaluate_gate","data":{"id":"90f3a24b-1ee7-4be1-b188-b4b442f407ca","type":"reevaluate_gate","ms":1,"heapUsedMb":103,"heapDeltaMb":0,"heapLimitMb":4144,"rssMb":143,"rssDeltaMb":0}}
{"t":"2026-10-01T15:47:11.426Z","level":"warn","msg":"task failed","taskId":"e602d958-c044-4756-8171-294e7f749ccb","taskType":"discover","data":{"id":"e602d958-c044-4756-8171-294e7f749ccb","type":"discover","error":"no handler for task type discover","ms":1,"heapUsedMb":104,"heapDeltaMb":1,"heapLimitMb":4144,"rssMb":143,"rssDeltaMb":0}}
{"t":"2026-10-01T15:47:11.654Z","level":"info","msg":"pruned worker events","data":{"pruned":1}}
{"t":"2026-10-01T15:47:11.716Z","level":"info","msg":"scheduled daily run","data":{"ymd":"2026-09-05","scanTime":"06:00","tz":"UTC"}}
{"t":"2026-10-01T15:47:12.058Z","level":"info","msg":"slow database query","data":{"durationMs":326,"statement":"truncate tasks, scan_runs, scans, companies, career_sources, jobs, settings, user_settings, ai_reservations restart iden"}}
{"t":"2026-10-01T15:47:12.074Z","level":"info","msg":"scheduled daily run","data":{"ymd":"2026-09-05","scanTime":"06:00","tz":"UTC"}}
{"t":"2026-10-01T15:47:12.139Z","level":"info","msg":"scan run finalised","data":{"runId":"db76034e-65b6-4dbe-8de2-52955d91fb10","ok":0,"failed":0,"newRoles":0}}
{"t":"2026-10-01T15:47:12.375Z","level":"info","msg":"scheduled daily run","data":{"ymd":"2026-09-05","scanTime":"06:00","tz":"Europe/London"}}
{"t":"2026-10-01T15:47:12.585Z","level":"info","msg":"scheduled daily run","data":{"ymd":"2026-09-06","scanTime":"06:00","tz":"UTC"}}
{"t":"2026-10-01T15:47:12.591Z","level":"info","msg":"scheduled weekly jobs","data":{"ymd":"2026-09-06","accounts":2,"queued":6,"suggestionsSkipped":0}}
{"t":"2026-10-01T15:47:12.633Z","level":"info","msg":"scheduled daily run","data":{"ymd":"2026-09-06","scanTime":"06:00","tz":"UTC"}}
{"t":"2026-10-01T15:47:12.843Z","level":"info","msg":"scheduled daily run","data":{"ymd":"2026-09-05","scanTime":"06:00","tz":"Europe/London"}}
{"t":"2026-10-01T15:47:12.857Z","level":"warn","msg":"monitor sample needs attention","data":{"levels":{"oldestReady":"fail"}}}
{"t":"2026-10-01T15:47:13.066Z","level":"info","msg":"scheduled daily run","data":{"ymd":"2026-09-06","scanTime":"06:00","tz":"UTC"}}
{"t":"2026-10-01T15:47:13.070Z","level":"info","msg":"scheduled weekly jobs","data":{"ymd":"2026-09-06","accounts":2,"queued":4,"suggestionsSkipped":0}}
{"t":"2026-10-01T15:47:14.190Z","level":"info","msg":"slow database query","data":{"durationMs":356,"statement":"truncate tasks, scan_runs, scans, companies, career_sources, jobs, settings, user_settings, ai_reservations restart iden"}}
{"t":"2026-10-01T15:47:14.256Z","level":"info","msg":"daily run started","data":{"runId":"6706991d-a7c6-4ba0-84f4-33623ae249d9","runDate":"2026-09-05","companies":1,"logosQueued":2,"retired":0}}
{"t":"2026-10-01T15:47:14.613Z","level":"info","msg":"slow database query","data":{"durationMs":347,"statement":"truncate tasks, scan_runs, scans, companies, career_sources, jobs, settings, user_settings, ai_reservations restart iden"}}
{"t":"2026-10-01T15:47:14.646Z","level":"info","msg":"daily run started","data":{"runId":"a265d00f-2e6c-4d37-86c5-3ad1332a4880","runDate":"2026-09-05","companies":1,"logosQueued":1,"retired":0}}
{"t":"2026-10-01T15:47:15.192Z","level":"info","msg":"slow database query","data":{"durationMs":296,"statement":"truncate tasks, scan_runs, scans, companies, career_sources, jobs, settings, user_settings, ai_reservations restart iden"}}
{"t":"2026-10-01T15:47:15.224Z","level":"info","msg":"task start","taskId":"c28771ea-cf0d-444f-8bb5-06bc421de41a","taskType":"generate_cv","data":{"id":"c28771ea-cf0d-444f-8bb5-06bc421de41a","type":"generate_cv","attempt":1,"workerId":"fallthrough","commit":null,"readyWaitMs":31,"heapUsedMb":100,"heapLimitMb":4144,"rssMb":102}}
{"t":"2026-10-01T15:47:15.228Z","level":"info","msg":"task start","taskId":"5f60b91d-e20f-457c-b277-2042a0ca619b","taskType":"generate_cv","data":{"id":"5f60b91d-e20f-457c-b277-2042a0ca619b","type":"generate_cv","attempt":1,"workerId":"fallthrough","commit":null,"readyWaitMs":20,"heapUsedMb":100,"heapLimitMb":4144,"rssMb":102}}
{"t":"2026-10-01T15:47:15.234Z","level":"info","msg":"task start","taskId":"ff06b51b-565d-4087-9335-b226c45c9f93","taskType":"generate_cv","data":{"id":"ff06b51b-565d-4087-9335-b226c45c9f93","type":"generate_cv","attempt":1,"workerId":"fallthrough","commit":null,"readyWaitMs":22,"heapUsedMb":100,"heapLimitMb":4144,"rssMb":103}}
{"t":"2026-10-01T15:47:15.240Z","level":"warn","msg":"task requeued on shutdown","data":{"id":"c28771ea-cf0d-444f-8bb5-06bc421de41a","type":"generate_cv"}}
{"t":"2026-10-01T15:47:15.242Z","level":"warn","msg":"task requeued on shutdown","data":{"id":"5f60b91d-e20f-457c-b277-2042a0ca619b","type":"generate_cv"}}
{"t":"2026-10-01T15:47:15.245Z","level":"warn","msg":"task requeued on shutdown","data":{"id":"ff06b51b-565d-4087-9335-b226c45c9f93","type":"generate_cv"}}
{"t":"2026-10-01T15:47:15.629Z","level":"info","msg":"slow database query","taskId":"5f60b91d-e20f-457c-b277-2042a0ca619b","taskType":"generate_cv","data":{"durationMs":367,"statement":"truncate tasks, scan_runs, scans, companies, career_sources, jobs, settings, user_settings, ai_reservations restart iden"}}
{"t":"2026-10-01T15:47:15.646Z","level":"info","msg":"task start","taskId":"7085c2f2-af05-40f6-a57b-240698d76d10","taskType":"reevaluate_gate","data":{"id":"7085c2f2-af05-40f6-a57b-240698d76d10","type":"reevaluate_gate","attempt":1,"workerId":"bounded-verification","commit":null,"readyWaitMs":10,"heapUsedMb":102,"heapLimitMb":4144,"rssMb":105}}
{"t":"2026-10-01T15:47:15.651Z","level":"info","msg":"task done","taskId":"7085c2f2-af05-40f6-a57b-240698d76d10","taskType":"reevaluate_gate","data":{"id":"7085c2f2-af05-40f6-a57b-240698d76d10","type":"reevaluate_gate","ms":4,"heapUsedMb":102,"heapDeltaMb":0,"heapLimitMb":4144,"rssMb":105,"rssDeltaMb":0}}
{"t":"2026-10-01T15:47:15.655Z","level":"info","msg":"task start","taskId":"2e0f235c-d0f8-46e1-8831-98cdb2e28ae2","taskType":"verify_company","data":{"id":"2e0f235c-d0f8-46e1-8831-98cdb2e28ae2","type":"verify_company","attempt":1,"workerId":"bounded-verification","commit":null,"readyWaitMs":25,"heapUsedMb":102,"heapLimitMb":4144,"rssMb":105}}
{"t":"2026-10-01T15:47:15.659Z","level":"info","msg":"task done","taskId":"2e0f235c-d0f8-46e1-8831-98cdb2e28ae2","taskType":"verify_company","data":{"id":"2e0f235c-d0f8-46e1-8831-98cdb2e28ae2","type":"verify_company","ms":4,"heapUsedMb":103,"heapDeltaMb":1,"heapLimitMb":4144,"rssMb":106,"rssDeltaMb":1}}
{"t":"2026-10-01T15:47:15.666Z","level":"info","msg":"task start","taskId":"3c942d79-14e3-4b16-821b-7e30323dc3d4","taskType":"verify_company","data":{"id":"3c942d79-14e3-4b16-821b-7e30323dc3d4","type":"verify_company","attempt":1,"workerId":"bounded-verification","commit":null,"readyWaitMs":32,"heapUsedMb":103,"heapLimitMb":4144,"rssMb":106}}
{"t":"2026-10-01T15:47:15.668Z","level":"warn","msg":"task requeued on shutdown","data":{"id":"3c942d79-14e3-4b16-821b-7e30323dc3d4","type":"verify_company"}}
{"t":"2026-10-01T15:47:16.054Z","level":"info","msg":"slow database query","taskId":"5f60b91d-e20f-457c-b277-2042a0ca619b","taskType":"generate_cv","data":{"durationMs":380,"statement":"truncate tasks, scan_runs, scans, companies, career_sources, jobs, settings, user_settings, ai_reservations restart iden"}}
{"t":"2026-10-01T15:47:16.096Z","level":"info","msg":"task start","taskId":"80bd08fa-33e7-4099-8e9a-9b10a9f5ab45","taskType":"generate_cv","data":{"id":"80bd08fa-33e7-4099-8e9a-9b10a9f5ab45","type":"generate_cv","attempt":1,"workerId":"capped-builds","commit":null,"readyWaitMs":42,"heapUsedMb":104,"heapLimitMb":4144,"rssMb":107}}
{"t":"2026-10-01T15:47:16.104Z","level":"info","msg":"task start","taskId":"761d2543-2da6-48bc-8e32-76bba49b0027","taskType":"generate_cv","data":{"id":"761d2543-2da6-48bc-8e32-76bba49b0027","type":"generate_cv","attempt":1,"workerId":"capped-builds","commit":null,"readyWaitMs":34,"heapUsedMb":105,"heapLimitMb":4144,"rssMb":108}}
{"t":"2026-10-01T15:47:16.128Z","level":"info","msg":"task start","taskId":"8f8393d8-be89-49ba-9d9f-a51995ea0407","taskType":"discover","data":{"id":"8f8393d8-be89-49ba-9d9f-a51995ea0407","type":"discover","attempt":1,"workerId":"capped-builds","commit":null,"readyWaitMs":17,"heapUsedMb":105,"heapLimitMb":4144,"rssMb":108}}
{"t":"2026-10-01T15:47:16.130Z","level":"info","msg":"task done","taskId":"8f8393d8-be89-49ba-9d9f-a51995ea0407","taskType":"discover","data":{"id":"8f8393d8-be89-49ba-9d9f-a51995ea0407","type":"discover","ms":2,"heapUsedMb":105,"heapDeltaMb":0,"heapLimitMb":4144,"rssMb":108,"rssDeltaMb":0}}
{"t":"2026-10-01T15:47:16.248Z","level":"warn","msg":"task requeued on shutdown","data":{"id":"80bd08fa-33e7-4099-8e9a-9b10a9f5ab45","type":"generate_cv"}}
{"t":"2026-10-01T15:47:16.251Z","level":"warn","msg":"task requeued on shutdown","taskId":"761d2543-2da6-48bc-8e32-76bba49b0027","taskType":"generate_cv","data":{"id":"761d2543-2da6-48bc-8e32-76bba49b0027","type":"generate_cv"}}
{"t":"2026-10-01T15:47:16.617Z","level":"info","msg":"slow database query","data":{"durationMs":352,"statement":"truncate tasks, scan_runs, scans, companies, career_sources, jobs, settings, user_settings, ai_reservations restart iden"}}
{"t":"2026-10-01T15:47:16.635Z","level":"info","msg":"task start","taskId":"7987107e-5fb3-41d5-b574-1a4d7e201297","taskType":"verify_company","data":{"id":"7987107e-5fb3-41d5-b574-1a4d7e201297","type":"verify_company","attempt":1,"workerId":"failed-verification","commit":null,"readyWaitMs":16,"heapUsedMb":108,"heapLimitMb":4144,"rssMb":110}}
{"t":"2026-10-01T15:47:16.638Z","level":"warn","msg":"task failed","taskId":"7987107e-5fb3-41d5-b574-1a4d7e201297","taskType":"verify_company","data":{"id":"7987107e-5fb3-41d5-b574-1a4d7e201297","type":"verify_company","error":"first verification failed","ms":4,"heapUsedMb":108,"heapDeltaMb":0,"heapLimitMb":4144,"rssMb":110,"rssDeltaMb":0}}
{"t":"2026-10-01T15:47:16.642Z","level":"info","msg":"task start","taskId":"19e721c0-02b6-437e-83a8-7fa4b518e7d4","taskType":"verify_company","data":{"id":"19e721c0-02b6-437e-83a8-7fa4b518e7d4","type":"verify_company","attempt":1,"workerId":"failed-verification","commit":null,"readyWaitMs":19,"heapUsedMb":109,"heapLimitMb":4144,"rssMb":111}}
{"t":"2026-10-01T15:47:16.645Z","level":"warn","msg":"task requeued on shutdown","data":{"id":"19e721c0-02b6-437e-83a8-7fa4b518e7d4","type":"verify_company"}}
{"t":"2026-10-01T15:47:16.879Z","level":"info","msg":"task start","taskId":"ab2b427c-8586-4a2f-93e2-4312bb9995ca","taskType":"reevaluate_gate","data":{"id":"ab2b427c-8586-4a2f-93e2-4312bb9995ca","type":"reevaluate_gate","attempt":1,"workerId":"timed-out-verification","commit":null,"readyWaitMs":7,"heapUsedMb":110,"heapLimitMb":4144,"rssMb":112}}
{"t":"2026-10-01T15:47:16.882Z","level":"info","msg":"task done","taskId":"ab2b427c-8586-4a2f-93e2-4312bb9995ca","taskType":"reevaluate_gate","data":{"id":"ab2b427c-8586-4a2f-93e2-4312bb9995ca","type":"reevaluate_gate","ms":3,"heapUsedMb":110,"heapDeltaMb":0,"heapLimitMb":4144,"rssMb":112,"rssDeltaMb":0}}
{"t":"2026-10-01T15:47:16.886Z","level":"info","msg":"task start","taskId":"c56271b2-31c1-4183-aa4b-2d47fef060ed","taskType":"verify_company","data":{"id":"c56271b2-31c1-4183-aa4b-2d47fef060ed","type":"verify_company","attempt":1,"workerId":"timed-out-verification","commit":null,"readyWaitMs":17,"heapUsedMb":110,"heapLimitMb":4144,"rssMb":112}}
{"t":"2026-10-01T15:47:16.917Z","level":"warn","msg":"task failed","taskId":"c56271b2-31c1-4183-aa4b-2d47fef060ed","taskType":"verify_company","data":{"id":"c56271b2-31c1-4183-aa4b-2d47fef060ed","type":"verify_company","error":"verify_company exceeded its 0s deadline after 0s and was abandoned","ms":32,"heapUsedMb":111,"heapDeltaMb":1,"heapLimitMb":4144,"rssMb":113,"rssDeltaMb":1}}
{"t":"2026-10-01T15:47:16.979Z","level":"warn","msg":"abandoned task finished after its deadline","taskId":"c56271b2-31c1-4183-aa4b-2d47fef060ed","taskType":"verify_company","data":{"id":"c56271b2-31c1-4183-aa4b-2d47fef060ed","type":"verify_company"}}
{"t":"2026-10-01T15:47:16.987Z","level":"info","msg":"task start","taskId":"e564695f-349e-46cf-b310-991d1e397d54","taskType":"verify_company","data":{"id":"e564695f-349e-46cf-b310-991d1e397d54","type":"verify_company","attempt":1,"workerId":"timed-out-verification","commit":null,"readyWaitMs":116,"heapUsedMb":105,"heapLimitMb":4144,"rssMb":116}}
{"t":"2026-10-01T15:47:16.989Z","level":"warn","msg":"task requeued on shutdown","data":{"id":"e564695f-349e-46cf-b310-991d1e397d54","type":"verify_company"}}
{"t":"2026-10-01T15:47:17.237Z","level":"info","msg":"task start","taskId":"9a6a22c5-c79d-4ad0-a03a-2f230ee35475","taskType":"discover","data":{"id":"9a6a22c5-c79d-4ad0-a03a-2f230ee35475","type":"discover","attempt":1,"workerId":"deadline","commit":null,"readyWaitMs":7,"heapUsedMb":106,"heapLimitMb":4144,"rssMb":116}}
{"t":"2026-10-01T15:47:17.300Z","level":"warn","msg":"task failed","taskId":"9a6a22c5-c79d-4ad0-a03a-2f230ee35475","taskType":"discover","data":{"id":"9a6a22c5-c79d-4ad0-a03a-2f230ee35475","type":"discover","error":"discover exceeded its 0s deadline after 0s and was abandoned","ms":63,"heapUsedMb":106,"heapDeltaMb":0,"heapLimitMb":4144,"rssMb":116,"rssDeltaMb":0}}
{"t":"2026-10-01T15:47:17.304Z","level":"warn","msg":"abandoned task finished after its deadline","taskId":"9a6a22c5-c79d-4ad0-a03a-2f230ee35475","taskType":"discover","data":{"id":"9a6a22c5-c79d-4ad0-a03a-2f230ee35475","type":"discover"}}
{"t":"2026-10-01T15:47:17.869Z","level":"info","msg":"task start","taskId":"13f320d9-de8d-4366-832a-d050e42d4e81","taskType":"generate_cv","data":{"id":"13f320d9-de8d-4366-832a-d050e42d4e81","type":"generate_cv","attempt":1,"workerId":"retiring","commit":null,"readyWaitMs":49,"heapUsedMb":107,"heapLimitMb":4144,"rssMb":101}}
{"t":"2026-10-01T15:47:17.875Z","level":"warn","msg":"task requeued on shutdown","data":{"id":"13f320d9-de8d-4366-832a-d050e42d4e81","type":"generate_cv"}}
{"t":"2026-10-01T15:47:17.938Z","level":"warn","msg":"released ai reservations on shutdown","data":{"workerId":"retiring","count":1,"amountUsd":1}}
{"t":"2026-10-01T15:47:18.545Z","level":"info","msg":"slow database query","data":{"durationMs":581,"statement":"truncate tasks, scan_runs, scans, companies, career_sources, jobs, settings, user_settings, ai_reservations restart iden"}}
{"t":"2026-10-01T15:47:18.587Z","level":"info","msg":"task start","taskId":"7648c3c2-1bb5-4bea-9b5d-4dd363c1c9da","taskType":"generate_cv","data":{"id":"7648c3c2-1bb5-4bea-9b5d-4dd363c1c9da","type":"generate_cv","attempt":1,"workerId":"deploying","commit":null,"readyWaitMs":17,"heapUsedMb":108,"heapLimitMb":4144,"rssMb":87}}
{"t":"2026-10-01T15:47:18.592Z","level":"warn","msg":"task requeued on shutdown","data":{"id":"7648c3c2-1bb5-4bea-9b5d-4dd363c1c9da","type":"generate_cv"}}
{"t":"2026-10-01T15:47:18.864Z","level":"info","msg":"task start","taskId":"f89e814b-6545-4e78-bd1f-16713a01c311","taskType":"generate_cv","data":{"id":"f89e814b-6545-4e78-bd1f-16713a01c311","type":"generate_cv","attempt":1,"workerId":"settling","commit":null,"readyWaitMs":9,"heapUsedMb":109,"heapLimitMb":4144,"rssMb":87}}
{"t":"2026-10-01T15:47:18.866Z","level":"warn","msg":"task requeued on shutdown","data":{"id":"f89e814b-6545-4e78-bd1f-16713a01c311","type":"generate_cv"}}
{"t":"2026-10-01T15:47:19.073Z","level":"info","msg":"task handed back on shutdown","taskId":"f89e814b-6545-4e78-bd1f-16713a01c311","taskType":"generate_cv","data":{"id":"f89e814b-6545-4e78-bd1f-16713a01c311","type":"generate_cv","error":"worker shutting down"}}
{"t":"2026-10-01T15:47:19.079Z","level":"warn","msg":"released ai reservations on shutdown","data":{"workerId":"settling","count":1,"amountUsd":1}}
{"t":"2026-10-01T15:47:19.342Z","level":"info","msg":"slow database query","data":{"durationMs":255,"statement":"truncate tasks, scan_runs, scans, companies, career_sources, jobs, settings, user_settings, ai_reservations restart iden"}}
{"t":"2026-10-01T15:47:19.383Z","level":"info","msg":"task start","taskId":"ad142196-6edb-424c-94d8-4e703c0acf12","taskType":"scan_company","data":{"id":"ad142196-6edb-424c-94d8-4e703c0acf12","type":"scan_company","attempt":1,"workerId":"crashing","commit":null,"readyWaitMs":12,"heapUsedMb":111,"heapLimitMb":4144,"rssMb":88}}
{"t":"2026-10-01T15:47:19.388Z","level":"warn","msg":"released ai reservations on shutdown","data":{"workerId":"crashing","count":1,"amountUsd":1}}
{"t":"2026-10-01T15:47:19.395Z","level":"warn","msg":"task completion discarded: lease lost","taskId":"ad142196-6edb-424c-94d8-4e703c0acf12","taskType":"scan_company","data":{"id":"ad142196-6edb-424c-94d8-4e703c0acf12"}}
{"t":"2026-10-01T15:47:19.717Z","level":"info","msg":"slow database query","taskId":"5f60b91d-e20f-457c-b277-2042a0ca619b","taskType":"generate_cv","data":{"durationMs":320,"statement":"truncate tasks, scan_runs, scans, companies, career_sources, jobs, settings, user_settings, ai_reservations restart iden"}}
{"t":"2026-10-01T15:47:21.556Z","level":"info","msg":"slow database query","taskId":"5f60b91d-e20f-457c-b277-2042a0ca619b","taskType":"generate_cv","data":{"durationMs":1487,"statement":"truncate tasks, scan_runs, scans, companies, career_sources, jobs, settings, user_settings, ai_reservations restart iden"}}
{"t":"2026-10-01T15:47:21.624Z","level":"info","msg":"task start","taskId":"c92e60f1-b0a1-4561-98a0-531790896a48","taskType":"scan_company","data":{"id":"c92e60f1-b0a1-4561-98a0-531790896a48","type":"scan_company","attempt":1,"workerId":"slow","commit":null,"readyWaitMs":37,"heapUsedMb":113,"heapLimitMb":4144,"rssMb":73}}
{"t":"2026-10-01T15:47:21.647Z","level":"warn","msg":"task retry","taskId":"c92e60f1-b0a1-4561-98a0-531790896a48","taskType":"scan_company","data":{"id":"c92e60f1-b0a1-4561-98a0-531790896a48","type":"scan_company","error":"scan_company exceeded its 0s deadline after 0s and was abandoned","ms":23,"heapUsedMb":113,"heapDeltaMb":0,"heapLimitMb":4144,"rssMb":74,"rssDeltaMb":1}}
{"t":"2026-10-01T15:47:21.670Z","level":"info","msg":"task start","taskId":"c92e60f1-b0a1-4561-98a0-531790896a48","taskType":"scan_company","data":{"id":"c92e60f1-b0a1-4561-98a0-531790896a48","type":"scan_company","attempt":3,"workerId":"retiring","commit":null,"readyWaitMs":20,"heapUsedMb":114,"heapLimitMb":4144,"rssMb":76}}
{"t":"2026-10-01T15:47:21.672Z","level":"warn","msg":"task requeued on shutdown","data":{"id":"c92e60f1-b0a1-4561-98a0-531790896a48","type":"scan_company"}}
{"t":"2026-10-01T15:47:21.727Z","level":"warn","msg":"abandoned task finished after its deadline","taskId":"c92e60f1-b0a1-4561-98a0-531790896a48","taskType":"scan_company","data":{"id":"c92e60f1-b0a1-4561-98a0-531790896a48","type":"scan_company"}}
{"t":"2026-10-01T15:47:22.006Z","level":"info","msg":"slow database query","data":{"durationMs":272,"statement":"truncate tasks, scan_runs, scans, companies, career_sources, jobs, settings, user_settings, ai_reservations restart iden"}}
{"t":"2026-10-01T15:47:22.979Z","level":"warn","msg":"task abandoned","data":{"id":"4137e4d9-7ea3-4a2b-9f17-16b2d132baef","type":"scan_company","attempts":3,"lockedBy":"pod-3#0","error":"worker lost while running this task (attempt 3 of 3); not retried"}}
{"t":"2026-10-01T15:47:23.189Z","level":"warn","msg":"task abandoned","data":{"id":"58c60f9a-e7f5-4f10-9d35-02ca03a0f0a9","type":"discover","attempts":2,"lockedBy":null,"error":"out of attempts (2 of 2 spent); not retried"}}
{"t":"2026-10-01T15:47:23.416Z","level":"warn","msg":"task abandoned","data":{"id":"14e28f78-63e9-4f81-adcd-e18de4e8fd78","type":"discover","attempts":1,"lockedBy":null,"error":"out of attempts (1 of 1 spent); not retried"}}
{"t":"2026-10-01T15:47:23.417Z","level":"warn","msg":"failed queued tasks that had spent every attempt","data":{"spent":1,"workerId":"spent-pod"}}
{"t":"2026-10-01T15:47:23.436Z","level":"info","msg":"scheduled daily run","data":{"ymd":"2026-09-05","scanTime":"06:00","tz":"Europe/London"}}
{"t":"2026-10-01T15:47:23.455Z","level":"warn","msg":"task abandoned","data":{"id":"1e0c39e9-6f86-43ae-a1c1-fc1f223e0745","type":"discover","attempts":1,"lockedBy":null,"error":"out of attempts (1 of 1 spent); not retried"}}
{"t":"2026-10-01T15:47:23.457Z","level":"warn","msg":"failed queued tasks that had spent every attempt","data":{"spent":1}}
{"t":"2026-10-01T15:47:23.840Z","level":"info","msg":"slow database query","taskId":"5f60b91d-e20f-457c-b277-2042a0ca619b","taskType":"generate_cv","data":{"durationMs":283,"statement":"truncate tasks, scan_runs, scans, companies, career_sources, jobs, settings, user_settings, ai_reservations restart iden"}}
{"t":"2026-10-01T15:47:24.448Z","level":"info","msg":"task start","taskId":"c371ab1e-8131-4829-80bb-0eacc5bd42c9","taskType":"discover","data":{"id":"c371ab1e-8131-4829-80bb-0eacc5bd42c9","type":"discover","attempt":1,"workerId":"flaky","commit":null,"readyWaitMs":10,"heapUsedMb":69,"heapLimitMb":4144,"rssMb":104}}
{"t":"2026-10-01T15:47:24.448Z","level":"error","msg":"failTask failed; leaving the task for the stale sweep","taskId":"c371ab1e-8131-4829-80bb-0eacc5bd42c9","taskType":"discover","data":{"id":"c371ab1e-8131-4829-80bb-0eacc5bd42c9","type":"discover","attempt":1,"error":"handler failed","failure":"connection terminated unexpectedly"}}
{"t":"2026-10-01T15:47:24.450Z","level":"warn","msg":"task abandoned","data":{"id":"c371ab1e-8131-4829-80bb-0eacc5bd42c9","type":"discover","attempts":1,"lockedBy":"flaky","error":"worker lost while running this task (attempt 1 of 1); not retried"}}
{"t":"2026-10-01T15:47:24.643Z","level":"warn","msg":"task abandoned","data":{"id":"20cb4e08-2e7b-4c35-b914-58ba28672a4f","type":"generate_cv","attempts":3,"lockedBy":"pod-a#0","error":"worker lost while running this task (attempt 3 of 3); not retried"}}
{"t":"2026-10-01T15:47:24.655Z","level":"warn","msg":"cv draft failed by the worker that gave up on its task","data":{"draftId":"17869f4a-be43-453e-a189-110092413c1d","taskId":"20cb4e08-2e7b-4c35-b914-58ba28672a4f","userId":"e2c3adcd-899d-4937-94e5-0f0794a661b4"}}
{"t":"2026-10-01T15:47:24.656Z","level":"warn","msg":"released the abandoned build's AI holds","data":{"draftId":"17869f4a-be43-453e-a189-110092413c1d","userId":"e2c3adcd-899d-4937-94e5-0f0794a661b4","count":1,"amountUsd":3.06}}
{"t":"2026-10-01T15:47:24.968Z","level":"warn","msg":"task abandoned","data":{"id":"a50b0a1a-791a-49ac-865c-365ae8cbf587","type":"generate_cv","attempts":3,"lockedBy":"pod-a#0","error":"worker lost while running this task (attempt 3 of 3); not retried"}}
{"t":"2026-10-01T15:47:24.977Z","level":"warn","msg":"cv draft failed by the worker that gave up on its task","data":{"draftId":"ab60f5cb-3924-4734-8473-56e673bc9cc6","taskId":"a50b0a1a-791a-49ac-865c-365ae8cbf587","userId":"5f95c610-eb8a-438b-a255-4fe00a287873"}}
{"t":"2026-10-01T15:47:24.977Z","level":"warn","msg":"released the abandoned build's AI holds","data":{"draftId":"ab60f5cb-3924-4734-8473-56e673bc9cc6","userId":"5f95c610-eb8a-438b-a255-4fe00a287873","count":1,"amountUsd":3.06}}
{"t":"2026-10-01T15:47:25.467Z","level":"info","msg":"slow database query","taskId":"5f60b91d-e20f-457c-b277-2042a0ca619b","taskType":"generate_cv","data":{"durationMs":488,"statement":"truncate tasks, scan_runs, scans, companies, career_sources, jobs, settings, user_settings, ai_reservations restart iden"}}
{"t":"2026-10-01T15:47:25.996Z","level":"warn","msg":"worker recovered after an unclean exit","data":{"workerId":"pod-x","running":2,"likely":{"id":"84c83e15-fcf1-458b-aa63-f71ac6273fd6","type":"generate_cv","attempts":3,"lockedBy":"pod-x#0","lockedAt":"2026-10-01T14:47:25.967Z","subject":"generate_cv:328da902-881b-4874-a173-3b80b9c9e65e"},"vitals":{"heapUsedMb":70,"heapLimitMb":4144,"heapFraction":0.02,"rssMb":97,"externalMb":7,"uptimeSeconds":18,"eventLoopLagP99Ms":16,"slowQueries":14,"db":{"total":4,"idle":4,"waiting":0,"errors":0}}}}
{"t":"2026-10-01T15:47:26.007Z","level":"warn","msg":"released ai holds left behind by an unclean exit","data":{"workerId":"pod-x","count":1,"amountUsd":3.06}}
{"t":"2026-10-01T15:47:26.019Z","level":"warn","msg":"task abandoned","data":{"id":"84c83e15-fcf1-458b-aa63-f71ac6273fd6","type":"generate_cv","attempts":3,"lockedBy":"pod-x#0","error":"worker lost while running this task (attempt 3 of 3); not retried"}}
{"t":"2026-10-01T15:47:26.045Z","level":"warn","msg":"cv draft failed by the worker that gave up on its task","data":{"draftId":"328da902-881b-4874-a173-3b80b9c9e65e","taskId":"84c83e15-fcf1-458b-aa63-f71ac6273fd6","userId":"30aaea50-35df-4007-8e92-1dcb8098daee"}}
{"t":"2026-10-01T15:47:26.048Z","level":"warn","msg":"recovered tasks from a previous incarnation","data":{"requeued":1,"failed":1,"workerId":"pod-x"}}
{"t":"2026-10-01T15:47:26.358Z","level":"info","msg":"slow database query","taskId":"5f60b91d-e20f-457c-b277-2042a0ca619b","taskType":"generate_cv","data":{"durationMs":298,"statement":"truncate tasks, scan_runs, scans, companies, career_sources, jobs, settings, user_settings, ai_reservations restart iden"}}
{"t":"2026-10-01T15:47:26.866Z","level":"info","msg":"slow database query","taskId":"5f60b91d-e20f-457c-b277-2042a0ca619b","taskType":"generate_cv","data":{"durationMs":332,"statement":"truncate tasks, scan_runs, scans, companies, career_sources, jobs, settings, user_settings, ai_reservations restart iden"}}
{"t":"2026-10-01T15:47:27.222Z","level":"warn","msg":"failed a CV draft no task was building","data":{"draftId":"abfafaa9-0b8b-4010-89fa-66d50a10f9a4","userId":"ad9354b5-11a4-49a1-a294-d2dc99696af8","holdsReleased":1}}
{"t":"2026-10-01T15:47:27.234Z","level":"warn","msg":"failed a CV draft no task was building","data":{"draftId":"ffaeebe5-67fc-451c-96ab-35a22b06ac27","userId":"f372d596-a60f-4140-b636-c0b4887300ed","holdsReleased":1}}
{"t":"2026-10-01T15:47:27.616Z","level":"warn","msg":"released CV holds with no build behind them","data":{"count":1,"amountUsd":3.06}}
{"t":"2026-10-01T15:47:27.977Z","level":"info","msg":"slow database query","taskId":"5f60b91d-e20f-457c-b277-2042a0ca619b","taskType":"generate_cv","data":{"durationMs":355,"statement":"truncate tasks, scan_runs, scans, companies, career_sources, jobs, settings, user_settings, ai_reservations restart iden"}}
{"t":"2026-10-01T15:47:28.401Z","level":"info","msg":"slow database query","taskId":"5f60b91d-e20f-457c-b277-2042a0ca619b","taskType":"generate_cv","data":{"durationMs":289,"statement":"truncate tasks, scan_runs, scans, companies, career_sources, jobs, settings, user_settings, ai_reservations restart iden"}}
{"t":"2026-10-01T15:47:28.418Z","level":"info","msg":"task start","taskId":"6da12b58-0a57-40f5-8f9d-242343c89b1f","taskType":"generate_cv","data":{"id":"6da12b58-0a57-40f5-8f9d-242343c89b1f","type":"generate_cv","attempt":1,"workerId":"stolen","commit":null,"readyWaitMs":22,"heapUsedMb":72,"heapLimitMb":4144,"rssMb":88}}
{"t":"2026-10-01T15:47:28.447Z","level":"warn","msg":"task heartbeat lost the task","taskId":"6da12b58-0a57-40f5-8f9d-242343c89b1f","taskType":"generate_cv","data":{"id":"6da12b58-0a57-40f5-8f9d-242343c89b1f","type":"generate_cv"}}
{"t":"2026-10-01T15:47:28.450Z","level":"warn","msg":"task completion discarded: lease lost","taskId":"6da12b58-0a57-40f5-8f9d-242343c89b1f","taskType":"generate_cv","data":{"id":"6da12b58-0a57-40f5-8f9d-242343c89b1f"}}
{"t":"2026-10-01T15:47:28.902Z","level":"info","msg":"slow database query","taskId":"5f60b91d-e20f-457c-b277-2042a0ca619b","taskType":"generate_cv","data":{"durationMs":440,"statement":"truncate tasks, scan_runs, scans, companies, career_sources, jobs, settings, user_settings, ai_reservations restart iden"}}
{"t":"2026-10-01T15:47:29.549Z","level":"info","msg":"slow database query","taskId":"5f60b91d-e20f-457c-b277-2042a0ca619b","taskType":"generate_cv","data":{"durationMs":613,"statement":"truncate tasks, scan_runs, scans, companies, career_sources, jobs, settings, user_settings, ai_reservations restart iden"}}
{"t":"2026-10-01T15:47:29.571Z","level":"info","msg":"task start","taskId":"2c0e5d41-9c85-40d1-acfa-ef98f6b2a278","taskType":"discover","data":{"id":"2c0e5d41-9c85-40d1-acfa-ef98f6b2a278","type":"discover","attempt":1,"workerId":"zombie","commit":null,"readyWaitMs":23,"heapUsedMb":72,"heapLimitMb":4144,"rssMb":78}}
{"t":"2026-10-01T15:47:31.579Z","level":"warn","msg":"task retry","taskId":"2c0e5d41-9c85-40d1-acfa-ef98f6b2a278","taskType":"discover","data":{"id":"2c0e5d41-9c85-40d1-acfa-ef98f6b2a278","type":"discover","error":"discover exceeded its 2s deadline after 2s and was abandoned","ms":2009,"heapUsedMb":73,"heapDeltaMb":1,"heapLimitMb":4144,"rssMb":78,"rssDeltaMb":0}}
{"t":"2026-10-01T15:47:31.734Z","level":"warn","msg":"abandoned task finished after its deadline","taskId":"2c0e5d41-9c85-40d1-acfa-ef98f6b2a278","taskType":"discover","data":{"id":"2c0e5d41-9c85-40d1-acfa-ef98f6b2a278","type":"discover"}}
{"t":"2026-10-01T15:47:32.333Z","level":"info","msg":"slow database query","data":{"durationMs":600,"statement":"truncate tasks, scan_runs, scans, companies, career_sources, jobs, settings, user_settings, ai_reservations restart iden"}}
{"t":"2026-10-01T15:47:32.765Z","level":"info","msg":"slow database query","data":{"durationMs":387,"statement":"truncate tasks, scan_runs, scans, companies, career_sources, jobs, settings, user_settings, ai_reservations restart iden"}}
{"t":"2026-10-01T15:47:34.852Z","level":"info","msg":"slow database query","data":{"durationMs":2006,"statement":"update \"tasks\" set \"locked_at\" = $1 where (\"tasks\".\"id\" = $2 and \"tasks\".\"status\" = $3 and \"tasks\".\"attempts\" = $4 and \""}}
{"t":"2026-10-01T15:47:35.197Z","level":"info","msg":"slow database query","data":{"durationMs":330,"statement":"truncate tasks, scan_runs, scans, companies, career_sources, jobs, settings, user_settings, ai_reservations restart iden"}}
{"t":"2026-10-01T15:47:35.210Z","level":"info","msg":"task start","taskId":"35ac26fb-dc92-44d6-a813-a480f951e92d","taskType":"generate_cv","data":{"id":"35ac26fb-dc92-44d6-a813-a480f951e92d","type":"generate_cv","attempt":1,"workerId":"hung","commit":null,"readyWaitMs":18,"heapUsedMb":73,"heapLimitMb":4144,"rssMb":80}}
{"t":"2026-10-01T15:47:35.271Z","level":"warn","msg":"task heartbeat timed out","taskId":"35ac26fb-dc92-44d6-a813-a480f951e92d","taskType":"generate_cv","data":{"id":"35ac26fb-dc92-44d6-a813-a480f951e92d","type":"generate_cv"}}
{"t":"2026-10-01T15:47:35.301Z","level":"warn","msg":"task heartbeat timed out","taskId":"35ac26fb-dc92-44d6-a813-a480f951e92d","taskType":"generate_cv","data":{"id":"35ac26fb-dc92-44d6-a813-a480f951e92d","type":"generate_cv"}}
{"t":"2026-10-01T15:47:35.331Z","level":"warn","msg":"task heartbeat timed out","taskId":"35ac26fb-dc92-44d6-a813-a480f951e92d","taskType":"generate_cv","data":{"id":"35ac26fb-dc92-44d6-a813-a480f951e92d","type":"generate_cv"}}
{"t":"2026-10-01T15:47:35.362Z","level":"warn","msg":"task heartbeat timed out","taskId":"35ac26fb-dc92-44d6-a813-a480f951e92d","taskType":"generate_cv","data":{"id":"35ac26fb-dc92-44d6-a813-a480f951e92d","type":"generate_cv"}}
{"t":"2026-10-01T15:47:35.393Z","level":"warn","msg":"task heartbeat timed out","taskId":"35ac26fb-dc92-44d6-a813-a480f951e92d","taskType":"generate_cv","data":{"id":"35ac26fb-dc92-44d6-a813-a480f951e92d","type":"generate_cv"}}
{"t":"2026-10-01T15:47:35.424Z","level":"warn","msg":"task heartbeat timed out","taskId":"35ac26fb-dc92-44d6-a813-a480f951e92d","taskType":"generate_cv","data":{"id":"35ac26fb-dc92-44d6-a813-a480f951e92d","type":"generate_cv"}}
{"t":"2026-10-01T15:47:35.456Z","level":"warn","msg":"task heartbeat timed out","taskId":"35ac26fb-dc92-44d6-a813-a480f951e92d","taskType":"generate_cv","data":{"id":"35ac26fb-dc92-44d6-a813-a480f951e92d","type":"generate_cv"}}
{"t":"2026-10-01T15:47:35.460Z","level":"info","msg":"task done","taskId":"35ac26fb-dc92-44d6-a813-a480f951e92d","taskType":"generate_cv","data":{"id":"35ac26fb-dc92-44d6-a813-a480f951e92d","type":"generate_cv","ms":251,"heapUsedMb":73,"heapDeltaMb":0,"heapLimitMb":4144,"rssMb":79,"rssDeltaMb":-1}}
{"t":"2026-10-01T15:47:35.486Z","level":"warn","msg":"task heartbeat timed out","taskId":"35ac26fb-dc92-44d6-a813-a480f951e92d","taskType":"generate_cv","data":{"id":"35ac26fb-dc92-44d6-a813-a480f951e92d","type":"generate_cv"}}
{"t":"2026-10-01T15:47:37.049Z","level":"info","msg":"task start","taskId":"bb719cb1-2ad8-4cc1-bda2-9f2102913ba9","taskType":"generate_cv","data":{"id":"bb719cb1-2ad8-4cc1-bda2-9f2102913ba9","type":"generate_cv","attempt":1,"workerId":"cv-tailoring","commit":null,"readyWaitMs":26,"heapUsedMb":81,"heapLimitMb":4144,"rssMb":168}}
{"t":"2026-10-01T15:47:37.251Z","level":"info","msg":"task done","taskId":"bb719cb1-2ad8-4cc1-bda2-9f2102913ba9","taskType":"generate_cv","data":{"id":"bb719cb1-2ad8-4cc1-bda2-9f2102913ba9","type":"generate_cv","ms":203,"heapUsedMb":81,"heapDeltaMb":0,"heapLimitMb":4144,"rssMb":158,"rssDeltaMb":-10}}
{"t":"2026-10-01T15:47:37.335Z","level":"info","msg":"task start","taskId":"aeaff7f5-e1de-42c9-ac33-fad56dd62951","taskType":"generate_cv","data":{"id":"aeaff7f5-e1de-42c9-ac33-fad56dd62951","type":"generate_cv","attempt":1,"workerId":"cv-tailoring","commit":null,"readyWaitMs":11,"heapUsedMb":83,"heapLimitMb":4144,"rssMb":158}}
{"t":"2026-10-01T15:47:37.677Z","level":"info","msg":"task done","taskId":"aeaff7f5-e1de-42c9-ac33-fad56dd62951","taskType":"generate_cv","data":{"id":"aeaff7f5-e1de-42c9-ac33-fad56dd62951","type":"generate_cv","ms":342,"heapUsedMb":92,"heapDeltaMb":9,"heapLimitMb":4144,"rssMb":152,"rssDeltaMb":-6}}
{"t":"2026-10-01T15:47:37.754Z","level":"info","msg":"task start","taskId":"69e75aa3-173f-4a37-a464-185920ca60a2","taskType":"generate_cv","data":{"id":"69e75aa3-173f-4a37-a464-185920ca60a2","type":"generate_cv","attempt":1,"workerId":"cv-tailoring","commit":null,"readyWaitMs":10,"heapUsedMb":93,"heapLimitMb":4144,"rssMb":150}}
{"t":"2026-10-01T15:47:38.100Z","level":"info","msg":"task done","taskId":"69e75aa3-173f-4a37-a464-185920ca60a2","taskType":"generate_cv","data":{"id":"69e75aa3-173f-4a37-a464-185920ca60a2","type":"generate_cv","ms":347,"heapUsedMb":89,"heapDeltaMb":-4,"heapLimitMb":4144,"rssMb":146,"rssDeltaMb":-4}}
{"t":"2026-10-01T15:47:38.397Z","level":"info","msg":"slow database query","data":{"durationMs":267,"statement":"truncate applications, cv_build_steps, cv_share_comments, cv_shares, cv_drafts, ai_calls, ai_reservations, worker_events"}}
{"t":"2026-10-01T15:47:38.408Z","level":"info","msg":"task start","taskId":"46792a26-9c92-4ab7-acc9-dccd5ef4fa72","taskType":"generate_cv","data":{"id":"46792a26-9c92-4ab7-acc9-dccd5ef4fa72","type":"generate_cv","attempt":1,"workerId":"cv-tailoring","commit":null,"readyWaitMs":13,"heapUsedMb":91,"heapLimitMb":4144,"rssMb":146}}
{"t":"2026-10-01T15:47:38.691Z","level":"info","msg":"task done","taskId":"46792a26-9c92-4ab7-acc9-dccd5ef4fa72","taskType":"generate_cv","data":{"id":"46792a26-9c92-4ab7-acc9-dccd5ef4fa72","type":"generate_cv","ms":283,"heapUsedMb":93,"heapDeltaMb":2,"heapLimitMb":4144,"rssMb":147,"rssDeltaMb":1}}
{"t":"2026-10-01T15:47:38.891Z","level":"info","msg":"task start","taskId":"6ae2e540-013b-4d84-b14b-79f7c3bbe5a3","taskType":"generate_cv","data":{"id":"6ae2e540-013b-4d84-b14b-79f7c3bbe5a3","type":"generate_cv","attempt":1,"workerId":"cv-tailoring","commit":null,"readyWaitMs":12,"heapUsedMb":94,"heapLimitMb":4144,"rssMb":145}}
{"t":"2026-10-01T15:47:39.374Z","level":"info","msg":"task done","taskId":"6ae2e540-013b-4d84-b14b-79f7c3bbe5a3","taskType":"generate_cv","data":{"id":"6ae2e540-013b-4d84-b14b-79f7c3bbe5a3","type":"generate_cv","ms":483,"heapUsedMb":91,"heapDeltaMb":-3,"heapLimitMb":4144,"rssMb":147,"rssDeltaMb":2}}
{"t":"2026-10-01T15:47:39.633Z","level":"info","msg":"task start","taskId":"749e2c4e-228b-4c16-a505-0b7182069000","taskType":"generate_cv","data":{"id":"749e2c4e-228b-4c16-a505-0b7182069000","type":"generate_cv","attempt":1,"workerId":"cv-tailoring","commit":null,"readyWaitMs":16,"heapUsedMb":92,"heapLimitMb":4144,"rssMb":125}}
{"t":"2026-10-01T15:47:40.239Z","level":"info","msg":"task done","taskId":"749e2c4e-228b-4c16-a505-0b7182069000","taskType":"generate_cv","data":{"id":"749e2c4e-228b-4c16-a505-0b7182069000","type":"generate_cv","ms":606,"heapUsedMb":97,"heapDeltaMb":5,"heapLimitMb":4144,"rssMb":122,"rssDeltaMb":-3}}
{"t":"2026-10-01T15:47:40.471Z","level":"info","msg":"task start","taskId":"b8f7d78e-3844-41e1-8654-20ff91e79162","taskType":"generate_cv","data":{"id":"b8f7d78e-3844-41e1-8654-20ff91e79162","type":"generate_cv","attempt":1,"workerId":"cv-tailoring","commit":null,"readyWaitMs":10,"heapUsedMb":98,"heapLimitMb":4144,"rssMb":122}}
{"t":"2026-10-01T15:47:40.802Z","level":"info","msg":"task done","taskId":"b8f7d78e-3844-41e1-8654-20ff91e79162","taskType":"generate_cv","data":{"id":"b8f7d78e-3844-41e1-8654-20ff91e79162","type":"generate_cv","ms":332,"heapUsedMb":100,"heapDeltaMb":2,"heapLimitMb":4144,"rssMb":117,"rssDeltaMb":-5}}
{"t":"2026-10-01T15:47:41.033Z","level":"info","msg":"task start","taskId":"911b3c32-78ac-459c-8936-4f4cecd5cd9f","taskType":"generate_cv","data":{"id":"911b3c32-78ac-459c-8936-4f4cecd5cd9f","type":"generate_cv","attempt":1,"workerId":"cv-tailoring","commit":null,"readyWaitMs":10,"heapUsedMb":101,"heapLimitMb":4144,"rssMb":115}}
{"t":"2026-10-01T15:47:41.249Z","level":"info","msg":"task done","taskId":"911b3c32-78ac-459c-8936-4f4cecd5cd9f","taskType":"generate_cv","data":{"id":"911b3c32-78ac-459c-8936-4f4cecd5cd9f","type":"generate_cv","ms":215,"heapUsedMb":104,"heapDeltaMb":3,"heapLimitMb":4144,"rssMb":116,"rssDeltaMb":1}}
{"t":"2026-10-01T15:47:43.275Z","level":"info","msg":"slow database query","data":{"durationMs":2020,"statement":"truncate applications, cv_build_steps, cv_share_comments, cv_shares, cv_drafts, ai_calls, ai_reservations, worker_events"}}
{"t":"2026-10-01T15:47:43.329Z","level":"info","msg":"task start","taskId":"d37a7d43-d062-464a-8823-b4ff0331d10a","taskType":"generate_cv","data":{"id":"d37a7d43-d062-464a-8823-b4ff0331d10a","type":"generate_cv","attempt":1,"workerId":"cv-tailoring","commit":null,"readyWaitMs":36,"heapUsedMb":105,"heapLimitMb":4144,"rssMb":59}}
{"t":"2026-10-01T15:47:43.935Z","level":"info","msg":"task done","taskId":"d37a7d43-d062-464a-8823-b4ff0331d10a","taskType":"generate_cv","data":{"id":"d37a7d43-d062-464a-8823-b4ff0331d10a","type":"generate_cv","ms":607,"heapUsedMb":96,"heapDeltaMb":-9,"heapLimitMb":4144,"rssMb":108,"rssDeltaMb":49}}
{"t":"2026-10-01T15:47:44.326Z","level":"info","msg":"slow database query","data":{"durationMs":380,"statement":"truncate applications, cv_build_steps, cv_share_comments, cv_shares, cv_drafts, ai_calls, ai_reservations, worker_events"}}
{"t":"2026-10-01T15:47:44.342Z","level":"info","msg":"task start","taskId":"1a14d7ef-8d39-4965-b7de-37ba0dc8309d","taskType":"generate_cv","data":{"id":"1a14d7ef-8d39-4965-b7de-37ba0dc8309d","type":"generate_cv","attempt":1,"workerId":"cv-tailoring","commit":null,"readyWaitMs":16,"heapUsedMb":98,"heapLimitMb":4144,"rssMb":110}}
{"t":"2026-10-01T15:47:44.514Z","level":"info","msg":"task done","taskId":"1a14d7ef-8d39-4965-b7de-37ba0dc8309d","taskType":"generate_cv","data":{"id":"1a14d7ef-8d39-4965-b7de-37ba0dc8309d","type":"generate_cv","ms":172,"heapUsedMb":104,"heapDeltaMb":6,"heapLimitMb":4144,"rssMb":112,"rssDeltaMb":2}}
{"t":"2026-10-01T15:47:44.779Z","level":"info","msg":"task start","taskId":"1a160665-4dc5-496a-ae8f-0bb638a5a424","taskType":"generate_cv","data":{"id":"1a160665-4dc5-496a-ae8f-0bb638a5a424","type":"generate_cv","attempt":1,"workerId":"cv-tailoring","commit":null,"readyWaitMs":11,"heapUsedMb":105,"heapLimitMb":4144,"rssMb":112}}
{"t":"2026-10-01T15:47:45.122Z","level":"info","msg":"task done","taskId":"1a160665-4dc5-496a-ae8f-0bb638a5a424","taskType":"generate_cv","data":{"id":"1a160665-4dc5-496a-ae8f-0bb638a5a424","type":"generate_cv","ms":343,"heapUsedMb":107,"heapDeltaMb":2,"heapLimitMb":4144,"rssMb":115,"rssDeltaMb":3}}
{"t":"2026-10-01T15:47:48.020Z","level":"warn","msg":"CV build will be retried","data":{"draftId":"afc4d35e-4dc4-4687-a4c5-06c1d9469573","kind":"stalled","attempt":1,"maxAttempts":3}}
{"t":"2026-10-01T15:47:49.491Z","level":"info","msg":"task start","taskId":"9e9041eb-bc24-4541-9bbe-3d20349c3155","taskType":"generate_cv","data":{"id":"9e9041eb-bc24-4541-9bbe-3d20349c3155","type":"generate_cv","attempt":1,"workerId":"cv-tailoring","commit":null,"readyWaitMs":13,"heapUsedMb":105,"heapLimitMb":4144,"rssMb":111}}
{"t":"2026-10-01T15:47:49.710Z","level":"info","msg":"task done","taskId":"9e9041eb-bc24-4541-9bbe-3d20349c3155","taskType":"generate_cv","data":{"id":"9e9041eb-bc24-4541-9bbe-3d20349c3155","type":"generate_cv","ms":219,"heapUsedMb":109,"heapDeltaMb":4,"heapLimitMb":4144,"rssMb":116,"rssDeltaMb":5}}
{"t":"2026-10-01T15:47:49.879Z","level":"info","msg":"task start","taskId":"2607124d-f69f-4c82-843f-1e3234cbd83b","taskType":"generate_cv","data":{"id":"2607124d-f69f-4c82-843f-1e3234cbd83b","type":"generate_cv","attempt":1,"workerId":"cv-tailoring","commit":null,"readyWaitMs":10,"heapUsedMb":110,"heapLimitMb":4144,"rssMb":116}}
{"t":"2026-10-01T15:47:50.004Z","level":"warn","msg":"CV build will be retried","taskId":"2607124d-f69f-4c82-843f-1e3234cbd83b","taskType":"generate_cv","data":{"draftId":"622035a3-2ceb-4685-85a0-885aaaff976b","kind":"rate_limited","attempt":1,"maxAttempts":3}}
{"t":"2026-10-01T15:47:50.009Z","level":"warn","msg":"task retry","taskId":"2607124d-f69f-4c82-843f-1e3234cbd83b","taskType":"generate_cv","data":{"id":"2607124d-f69f-4c82-843f-1e3234cbd83b","type":"generate_cv","error":"The model provider asked us to slow down while writing the CV.","ms":130,"heapUsedMb":105,"heapDeltaMb":-5,"heapLimitMb":4144,"rssMb":117,"rssDeltaMb":1}}
{"t":"2026-10-01T15:47:50.016Z","level":"info","msg":"task start","taskId":"2607124d-f69f-4c82-843f-1e3234cbd83b","taskType":"generate_cv","data":{"id":"2607124d-f69f-4c82-843f-1e3234cbd83b","type":"generate_cv","attempt":2,"workerId":"cv-tailoring","commit":null,"readyWaitMs":10,"heapUsedMb":106,"heapLimitMb":4144,"rssMb":117}}
{"t":"2026-10-01T15:47:51.349Z","level":"info","msg":"task done","taskId":"2607124d-f69f-4c82-843f-1e3234cbd83b","taskType":"generate_cv","data":{"id":"2607124d-f69f-4c82-843f-1e3234cbd83b","type":"generate_cv","ms":1333,"heapUsedMb":111,"heapDeltaMb":5,"heapLimitMb":4144,"rssMb":118,"rssDeltaMb":1}}
{"t":"2026-10-01T15:47:51.809Z","level":"info","msg":"slow database query","taskId":"46792a26-9c92-4ab7-acc9-dccd5ef4fa72","taskType":"generate_cv","data":{"durationMs":456,"statement":"truncate applications, cv_build_steps, cv_share_comments, cv_shares, cv_drafts, ai_calls, ai_reservations, worker_events"}}
{"t":"2026-10-01T15:47:51.817Z","level":"info","msg":"task start","taskId":"5dde0e6d-815a-4966-b2b6-c4dc9cbe2caf","taskType":"generate_cv","data":{"id":"5dde0e6d-815a-4966-b2b6-c4dc9cbe2caf","type":"generate_cv","attempt":1,"workerId":"cv-tailoring","commit":null,"readyWaitMs":6,"heapUsedMb":111,"heapLimitMb":4144,"rssMb":118}}
{"t":"2026-10-01T15:47:51.939Z","level":"warn","msg":"CV build will be retried","taskId":"5dde0e6d-815a-4966-b2b6-c4dc9cbe2caf","taskType":"generate_cv","data":{"draftId":"bf1a0191-4e41-4727-89b1-de4f7dc57a61","kind":"rate_limited","attempt":1,"maxAttempts":3}}
{"t":"2026-10-01T15:47:51.943Z","level":"warn","msg":"task retry","taskId":"5dde0e6d-815a-4966-b2b6-c4dc9cbe2caf","taskType":"generate_cv","data":{"id":"5dde0e6d-815a-4966-b2b6-c4dc9cbe2caf","type":"generate_cv","error":"The model provider asked us to slow down while writing the CV.","ms":126,"heapUsedMb":107,"heapDeltaMb":-4,"heapLimitMb":4144,"rssMb":119,"rssDeltaMb":1}}
{"t":"2026-10-01T15:47:51.948Z","level":"info","msg":"task start","taskId":"5dde0e6d-815a-4966-b2b6-c4dc9cbe2caf","taskType":"generate_cv","data":{"id":"5dde0e6d-815a-4966-b2b6-c4dc9cbe2caf","type":"generate_cv","attempt":2,"workerId":"cv-tailoring","commit":null,"readyWaitMs":3,"heapUsedMb":107,"heapLimitMb":4144,"rssMb":119}}
{"t":"2026-10-01T15:47:53.190Z","level":"info","msg":"task done","taskId":"5dde0e6d-815a-4966-b2b6-c4dc9cbe2caf","taskType":"generate_cv","data":{"id":"5dde0e6d-815a-4966-b2b6-c4dc9cbe2caf","type":"generate_cv","ms":1242,"heapUsedMb":114,"heapDeltaMb":7,"heapLimitMb":4144,"rssMb":118,"rssDeltaMb":-1}}
{"t":"2026-10-01T15:47:53.295Z","level":"info","msg":"task start","taskId":"4604348e-2d21-460c-a130-0bbf16cf46f3","taskType":"generate_cv","data":{"id":"4604348e-2d21-460c-a130-0bbf16cf46f3","type":"generate_cv","attempt":1,"workerId":"cv-tailoring","commit":null,"readyWaitMs":4,"heapUsedMb":114,"heapLimitMb":4144,"rssMb":119}}
{"t":"2026-10-01T15:47:53.545Z","level":"info","msg":"task done","taskId":"4604348e-2d21-460c-a130-0bbf16cf46f3","taskType":"generate_cv","data":{"id":"4604348e-2d21-460c-a130-0bbf16cf46f3","type":"generate_cv","ms":250,"heapUsedMb":67,"heapDeltaMb":-47,"heapLimitMb":4144,"rssMb":138,"rssDeltaMb":19}}
{"t":"2026-10-01T15:47:53.613Z","level":"info","msg":"task start","taskId":"951f48ae-3710-47d5-af54-7bfbc49bc528","taskType":"generate_cv","data":{"id":"951f48ae-3710-47d5-af54-7bfbc49bc528","type":"generate_cv","attempt":1,"workerId":"cv-tailoring","commit":null,"readyWaitMs":4,"heapUsedMb":68,"heapLimitMb":4144,"rssMb":138}}
{"t":"2026-10-01T15:47:53.926Z","level":"info","msg":"task done","taskId":"951f48ae-3710-47d5-af54-7bfbc49bc528","taskType":"generate_cv","data":{"id":"951f48ae-3710-47d5-af54-7bfbc49bc528","type":"generate_cv","ms":313,"heapUsedMb":70,"heapDeltaMb":2,"heapLimitMb":4144,"rssMb":140,"rssDeltaMb":2}}
{"t":"2026-10-01T15:47:54.041Z","level":"info","msg":"task start","taskId":"d816bd16-1992-40d1-9ac9-ef719b71ca37","taskType":"generate_cv","data":{"id":"d816bd16-1992-40d1-9ac9-ef719b71ca37","type":"generate_cv","attempt":1,"workerId":"cv-tailoring","commit":null,"readyWaitMs":7,"heapUsedMb":71,"heapLimitMb":4144,"rssMb":140}}
{"t":"2026-10-01T15:47:54.244Z","level":"info","msg":"task done","taskId":"d816bd16-1992-40d1-9ac9-ef719b71ca37","taskType":"generate_cv","data":{"id":"d816bd16-1992-40d1-9ac9-ef719b71ca37","type":"generate_cv","ms":204,"heapUsedMb":73,"heapDeltaMb":2,"heapLimitMb":4144,"rssMb":140,"rssDeltaMb":0}}
{"t":"2026-10-01T15:47:54.249Z","level":"info","msg":"task start","taskId":"788ad35a-ff5b-4b6d-bda9-5fc45f7adb92","taskType":"generate_cv","data":{"id":"788ad35a-ff5b-4b6d-bda9-5fc45f7adb92","type":"generate_cv","attempt":1,"workerId":"cv-tailoring","commit":null,"readyWaitMs":3,"heapUsedMb":73,"heapLimitMb":4144,"rssMb":140}}
{"t":"2026-10-01T15:47:54.492Z","level":"info","msg":"task done","taskId":"788ad35a-ff5b-4b6d-bda9-5fc45f7adb92","taskType":"generate_cv","data":{"id":"788ad35a-ff5b-4b6d-bda9-5fc45f7adb92","type":"generate_cv","ms":243,"heapUsedMb":80,"heapDeltaMb":7,"heapLimitMb":4144,"rssMb":139,"rssDeltaMb":-1}}
{"t":"2026-10-01T15:47:54.512Z","level":"info","msg":"task start","taskId":"8082e8c0-c68c-4b08-bcb5-e9c844770b69","taskType":"generate_cv","data":{"id":"8082e8c0-c68c-4b08-bcb5-e9c844770b69","type":"generate_cv","attempt":1,"workerId":"cv-tailoring","commit":null,"readyWaitMs":6,"heapUsedMb":81,"heapLimitMb":4144,"rssMb":139}}
{"t":"2026-10-01T15:47:54.628Z","level":"info","msg":"task done","taskId":"8082e8c0-c68c-4b08-bcb5-e9c844770b69","taskType":"generate_cv","data":{"id":"8082e8c0-c68c-4b08-bcb5-e9c844770b69","type":"generate_cv","ms":117,"heapUsedMb":75,"heapDeltaMb":-6,"heapLimitMb":4144,"rssMb":140,"rssDeltaMb":1}}
{"t":"2026-10-01T15:47:54.749Z","level":"info","msg":"task start","taskId":"1b25b145-adf8-42d9-84ec-52a335aadc11","taskType":"generate_cv","data":{"id":"1b25b145-adf8-42d9-84ec-52a335aadc11","type":"generate_cv","attempt":1,"workerId":"cv-tailoring","commit":null,"readyWaitMs":3,"heapUsedMb":76,"heapLimitMb":4144,"rssMb":140}}
{"t":"2026-10-01T15:47:55.041Z","level":"info","msg":"task done","taskId":"1b25b145-adf8-42d9-84ec-52a335aadc11","taskType":"generate_cv","data":{"id":"1b25b145-adf8-42d9-84ec-52a335aadc11","type":"generate_cv","ms":292,"heapUsedMb":75,"heapDeltaMb":-1,"heapLimitMb":4144,"rssMb":137,"rssDeltaMb":-3}}
{"t":"2026-10-01T15:47:57.667Z","level":"info","event":"slow_database_query","durationMs":930,"statement":"truncate users restart identity cascade"}
{"t":"2026-10-01T15:47:58.216Z","level":"warn","msg":"operation lease lost","data":{"key":"lost-operation-1790869678192"}}
{"t":"2026-10-01T15:48:03.290Z","level":"info","event":"slow_database_query","durationMs":2007,"statement":"update resource_leases set expires_at = now() + interval '5 minutes' where key = $1 and owner = $2 returning key"}
{"t":"2026-10-01T15:48:03.292Z","level":"warn","msg":"operation lease renewal failed","data":{"key":"held-operation-1790869678278","error":"Failed query: update resource_leases set expires_at = now() + interval '5 minutes'\n      where key = $1 and owner = $2 returning key\nparams: held-operation-1790869678278,4e0a3d82-f06e-4136-b3be-6cc300766a4c"}}
{"t":"2026-10-01T15:48:05.433Z","level":"info","event":"slow_database_query","durationMs":1148,"statement":"update resource_leases set expires_at = now() + interval '5 minutes' where key = $1 and owner = $2 returning key"}
{"t":"2026-10-01T15:48:06.444Z","level":"info","msg":"task start","taskId":"daaed9a4-681c-41f5-9459-22ba01d6d1c1","taskType":"generate_cv","data":{"id":"daaed9a4-681c-41f5-9459-22ba01d6d1c1","type":"generate_cv","attempt":1,"workerId":"cv-pod","commit":null,"readyWaitMs":8,"heapUsedMb":87,"heapLimitMb":4144,"rssMb":198}}
{"t":"2026-10-01T15:48:06.648Z","level":"info","msg":"task done","taskId":"daaed9a4-681c-41f5-9459-22ba01d6d1c1","taskType":"generate_cv","data":{"id":"daaed9a4-681c-41f5-9459-22ba01d6d1c1","type":"generate_cv","ms":204,"heapUsedMb":94,"heapDeltaMb":7,"heapLimitMb":4144,"rssMb":203,"rssDeltaMb":5}}
{"t":"2026-10-01T15:48:06.739Z","level":"info","msg":"task start","taskId":"0d608453-1cc1-4b10-a3a0-0b9295cf69c2","taskType":"generate_cv","data":{"id":"0d608453-1cc1-4b10-a3a0-0b9295cf69c2","type":"generate_cv","attempt":1,"workerId":"cv-pod","commit":null,"readyWaitMs":4,"heapUsedMb":95,"heapLimitMb":4144,"rssMb":203}}
{"t":"2026-10-01T15:48:06.796Z","level":"warn","msg":"CV build will be retried","taskId":"0d608453-1cc1-4b10-a3a0-0b9295cf69c2","taskType":"generate_cv","data":{"draftId":"f32eb03c-1277-4704-baf6-d7834aeef766","kind":"rate_limited","attempt":1,"maxAttempts":3}}
{"t":"2026-10-01T15:48:06.799Z","level":"warn","msg":"task retry","taskId":"0d608453-1cc1-4b10-a3a0-0b9295cf69c2","taskType":"generate_cv","data":{"id":"0d608453-1cc1-4b10-a3a0-0b9295cf69c2","type":"generate_cv","error":"The model provider asked us to slow down while writing the CV.","ms":60,"heapUsedMb":101,"heapDeltaMb":6,"heapLimitMb":4144,"rssMb":203,"rssDeltaMb":0}}
{"t":"2026-10-01T15:48:06.806Z","level":"info","msg":"task start","taskId":"0d608453-1cc1-4b10-a3a0-0b9295cf69c2","taskType":"generate_cv","data":{"id":"0d608453-1cc1-4b10-a3a0-0b9295cf69c2","type":"generate_cv","attempt":2,"workerId":"cv-pod","commit":null,"readyWaitMs":3,"heapUsedMb":90,"heapLimitMb":4144,"rssMb":204}}
{"t":"2026-10-01T15:48:08.094Z","level":"info","msg":"task done","taskId":"0d608453-1cc1-4b10-a3a0-0b9295cf69c2","taskType":"generate_cv","data":{"id":"0d608453-1cc1-4b10-a3a0-0b9295cf69c2","type":"generate_cv","ms":1287,"heapUsedMb":101,"heapDeltaMb":11,"heapLimitMb":4144,"rssMb":150,"rssDeltaMb":-54}}
{"t":"2026-10-01T15:48:08.199Z","level":"info","msg":"task start","taskId":"b605cf39-cabc-4fb7-9cdc-9bd36338f7c6","taskType":"generate_cv","data":{"id":"b605cf39-cabc-4fb7-9cdc-9bd36338f7c6","type":"generate_cv","attempt":1,"workerId":"cv-pod","commit":null,"readyWaitMs":6,"heapUsedMb":102,"heapLimitMb":4144,"rssMb":146}}
{"t":"2026-10-01T15:48:08.284Z","level":"warn","msg":"CV build will be retried","taskId":"b605cf39-cabc-4fb7-9cdc-9bd36338f7c6","taskType":"generate_cv","data":{"draftId":"7fb59c35-358f-4aa5-bff3-ed837307b7ff","kind":"refused","attempt":1,"maxAttempts":3}}
{"t":"2026-10-01T15:48:08.287Z","level":"warn","msg":"task retry","taskId":"b605cf39-cabc-4fb7-9cdc-9bd36338f7c6","taskType":"generate_cv","data":{"id":"b605cf39-cabc-4fb7-9cdc-9bd36338f7c6","type":"generate_cv","error":"The model declined to answer while writing the CV (attempt 1 of 3).","ms":88,"heapUsedMb":96,"heapDeltaMb":-6,"heapLimitMb":4144,"rssMb":148,"rssDeltaMb":2}}
{"t":"2026-10-01T15:48:08.290Z","level":"info","msg":"task start","taskId":"b605cf39-cabc-4fb7-9cdc-9bd36338f7c6","taskType":"generate_cv","data":{"id":"b605cf39-cabc-4fb7-9cdc-9bd36338f7c6","type":"generate_cv","attempt":2,"workerId":"cv-pod","commit":null,"readyWaitMs":2,"heapUsedMb":96,"heapLimitMb":4144,"rssMb":148}}
{"t":"2026-10-01T15:48:08.363Z","level":"warn","msg":"CV generation failed","taskId":"b605cf39-cabc-4fb7-9cdc-9bd36338f7c6","taskType":"generate_cv","data":{"draftId":"7fb59c35-358f-4aa5-bff3-ed837307b7ff","kind":"refused","resolvedBy":"user","attempt":2}}
{"t":"2026-10-01T15:48:08.367Z","level":"info","msg":"task done","taskId":"b605cf39-cabc-4fb7-9cdc-9bd36338f7c6","taskType":"generate_cv","data":{"id":"b605cf39-cabc-4fb7-9cdc-9bd36338f7c6","type":"generate_cv","ms":77,"heapUsedMb":100,"heapDeltaMb":4,"heapLimitMb":4144,"rssMb":149,"rssDeltaMb":1}}
{"t":"2026-10-01T15:48:08.451Z","level":"info","msg":"task start","taskId":"9f2878c9-9577-41dc-8efd-34f8ec6ae40f","taskType":"generate_cv","data":{"id":"9f2878c9-9577-41dc-8efd-34f8ec6ae40f","type":"generate_cv","attempt":1,"workerId":"cv-pod","commit":null,"readyWaitMs":3,"heapUsedMb":101,"heapLimitMb":4144,"rssMb":149}}
{"t":"2026-10-01T15:48:08.543Z","level":"warn","msg":"CV build will be retried","taskId":"9f2878c9-9577-41dc-8efd-34f8ec6ae40f","taskType":"generate_cv","data":{"draftId":"04bdf527-e2ad-4a7c-ae84-3604ba5965d9","kind":"output_limit","attempt":1,"maxAttempts":3}}
{"t":"2026-10-01T15:48:08.548Z","level":"warn","msg":"task retry","taskId":"9f2878c9-9577-41dc-8efd-34f8ec6ae40f","taskType":"generate_cv","data":{"id":"9f2878c9-9577-41dc-8efd-34f8ec6ae40f","type":"generate_cv","error":"The model ran out of room for its answer while writing the CV (attempt 1 of 3).","ms":97,"heapUsedMb":95,"heapDeltaMb":-6,"heapLimitMb":4144,"rssMb":150,"rssDeltaMb":1}}
{"t":"2026-10-01T15:48:08.550Z","level":"info","msg":"task start","taskId":"9f2878c9-9577-41dc-8efd-34f8ec6ae40f","taskType":"generate_cv","data":{"id":"9f2878c9-9577-41dc-8efd-34f8ec6ae40f","type":"generate_cv","attempt":2,"workerId":"cv-pod","commit":null,"readyWaitMs":2,"heapUsedMb":96,"heapLimitMb":4144,"rssMb":150}}
{"t":"2026-10-01T15:48:08.597Z","level":"warn","msg":"CV generation failed","taskId":"9f2878c9-9577-41dc-8efd-34f8ec6ae40f","taskType":"generate_cv","data":{"draftId":"04bdf527-e2ad-4a7c-ae84-3604ba5965d9","kind":"output_limit","resolvedBy":"user","attempt":2}}
{"t":"2026-10-01T15:48:08.600Z","level":"info","msg":"task done","taskId":"9f2878c9-9577-41dc-8efd-34f8ec6ae40f","taskType":"generate_cv","data":{"id":"9f2878c9-9577-41dc-8efd-34f8ec6ae40f","type":"generate_cv","ms":50,"heapUsedMb":99,"heapDeltaMb":3,"heapLimitMb":4144,"rssMb":150,"rssDeltaMb":0}}
{"t":"2026-10-01T15:48:08.692Z","level":"info","msg":"task start","taskId":"26c5b21b-5e99-40ad-8864-fbe2d507b39a","taskType":"generate_cv","data":{"id":"26c5b21b-5e99-40ad-8864-fbe2d507b39a","type":"generate_cv","attempt":1,"workerId":"cv-pod","commit":null,"readyWaitMs":3,"heapUsedMb":100,"heapLimitMb":4144,"rssMb":148}}
{"t":"2026-10-01T15:48:08.813Z","level":"info","msg":"task done","taskId":"26c5b21b-5e99-40ad-8864-fbe2d507b39a","taskType":"generate_cv","data":{"id":"26c5b21b-5e99-40ad-8864-fbe2d507b39a","type":"generate_cv","ms":121,"heapUsedMb":102,"heapDeltaMb":2,"heapLimitMb":4144,"rssMb":150,"rssDeltaMb":2}}
{"t":"2026-10-01T15:48:08.884Z","level":"info","msg":"task start","taskId":"9b209c0d-e4f6-4569-b5d6-f19edb556c42","taskType":"generate_cv","data":{"id":"9b209c0d-e4f6-4569-b5d6-f19edb556c42","type":"generate_cv","attempt":1,"workerId":"cv-pod","commit":null,"readyWaitMs":3,"heapUsedMb":103,"heapLimitMb":4144,"rssMb":148}}
{"t":"2026-10-01T15:48:08.907Z","level":"warn","msg":"CV generation failed","taskId":"9b209c0d-e4f6-4569-b5d6-f19edb556c42","taskType":"generate_cv","data":{"draftId":"d746a2c7-5082-4906-a22c-e98e81290867","kind":"budget_exhausted","resolvedBy":"user","attempt":1}}
{"t":"2026-10-01T15:48:08.911Z","level":"info","msg":"task done","taskId":"9b209c0d-e4f6-4569-b5d6-f19edb556c42","taskType":"generate_cv","data":{"id":"9b209c0d-e4f6-4569-b5d6-f19edb556c42","type":"generate_cv","ms":27,"heapUsedMb":105,"heapDeltaMb":2,"heapLimitMb":4144,"rssMb":148,"rssDeltaMb":0}}
{"t":"2026-10-01T15:48:08.988Z","level":"info","msg":"task start","taskId":"363ea1f0-bcae-45f2-9b3e-6e7887d53f2d","taskType":"generate_cv","data":{"id":"363ea1f0-bcae-45f2-9b3e-6e7887d53f2d","type":"generate_cv","attempt":1,"workerId":"cv-pod","commit":null,"readyWaitMs":5,"heapUsedMb":106,"heapLimitMb":4144,"rssMb":148}}
{"t":"2026-10-01T15:48:09.209Z","level":"warn","msg":"CV generation failed","taskId":"363ea1f0-bcae-45f2-9b3e-6e7887d53f2d","taskType":"generate_cv","data":{"draftId":"2b860231-d4dd-4248-8967-85221637a10a","kind":"page_limit_unfittable","resolvedBy":"user","attempt":1}}
{"t":"2026-10-01T15:48:09.213Z","level":"info","msg":"task done","taskId":"363ea1f0-bcae-45f2-9b3e-6e7887d53f2d","taskType":"generate_cv","data":{"id":"363ea1f0-bcae-45f2-9b3e-6e7887d53f2d","type":"generate_cv","ms":225,"heapUsedMb":108,"heapDeltaMb":2,"heapLimitMb":4144,"rssMb":154,"rssDeltaMb":6}}
{"t":"2026-10-01T15:48:09.304Z","level":"info","msg":"task start","taskId":"a1cebc7b-c89f-4127-9e73-f0d2ac44dacf","taskType":"generate_cv","data":{"id":"a1cebc7b-c89f-4127-9e73-f0d2ac44dacf","type":"generate_cv","attempt":1,"workerId":"cv-pod","commit":null,"readyWaitMs":3,"heapUsedMb":109,"heapLimitMb":4144,"rssMb":154}}
{"t":"2026-10-01T15:48:09.431Z","level":"warn","msg":"CV build will be retried","taskId":"a1cebc7b-c89f-4127-9e73-f0d2ac44dacf","taskType":"generate_cv","data":{"draftId":"14404c47-8a2b-45c1-a9b1-94e446ab3d06","kind":"overloaded","attempt":1,"maxAttempts":3}}
{"t":"2026-10-01T15:48:09.436Z","level":"warn","msg":"task retry","taskId":"a1cebc7b-c89f-4127-9e73-f0d2ac44dacf","taskType":"generate_cv","data":{"id":"a1cebc7b-c89f-4127-9e73-f0d2ac44dacf","type":"generate_cv","error":"The model provider was overloaded while checking the CV against your evidence (HTTP 529).","ms":132,"heapUsedMb":106,"heapDeltaMb":-3,"heapLimitMb":4144,"rssMb":154,"rssDeltaMb":0}}
{"t":"2026-10-01T15:48:09.441Z","level":"info","msg":"task start","taskId":"a1cebc7b-c89f-4127-9e73-f0d2ac44dacf","taskType":"generate_cv","data":{"id":"a1cebc7b-c89f-4127-9e73-f0d2ac44dacf","type":"generate_cv","attempt":2,"workerId":"cv-pod","commit":null,"readyWaitMs":3,"heapUsedMb":107,"heapLimitMb":4144,"rssMb":154}}
{"t":"2026-10-01T15:48:10.698Z","level":"info","msg":"task done","taskId":"a1cebc7b-c89f-4127-9e73-f0d2ac44dacf","taskType":"generate_cv","data":{"id":"a1cebc7b-c89f-4127-9e73-f0d2ac44dacf","type":"generate_cv","ms":1256,"heapUsedMb":102,"heapDeltaMb":-5,"heapLimitMb":4144,"rssMb":153,"rssDeltaMb":-1}}
{"t":"2026-10-01T15:48:10.795Z","level":"info","msg":"task start","taskId":"28ec43c6-560a-4075-bf26-1747f02096e3","taskType":"generate_cv","data":{"id":"28ec43c6-560a-4075-bf26-1747f02096e3","type":"generate_cv","attempt":2,"workerId":"cv-pod","commit":null,"readyWaitMs":8,"heapUsedMb":103,"heapLimitMb":4144,"rssMb":154}}
{"t":"2026-10-01T15:48:10.872Z","level":"info","msg":"task done","taskId":"28ec43c6-560a-4075-bf26-1747f02096e3","taskType":"generate_cv","data":{"id":"28ec43c6-560a-4075-bf26-1747f02096e3","type":"generate_cv","ms":77,"heapUsedMb":108,"heapDeltaMb":5,"heapLimitMb":4144,"rssMb":154,"rssDeltaMb":0}}
{"t":"2026-10-01T15:48:11.077Z","level":"warn","msg":"task abandoned","data":{"id":"0a7394e8-6ab1-42e9-a4ae-9e72d12ea31e","type":"generate_cv","attempts":3,"lockedBy":"dead-pod#0","error":"worker lost while running this task (attempt 3 of 3); not retried"}}
{"t":"2026-10-01T15:48:11.083Z","level":"warn","msg":"cv draft failed by the worker that gave up on its task","data":{"draftId":"ce69783d-b6d2-4d5b-b8e3-f879baaea87d","taskId":"0a7394e8-6ab1-42e9-a4ae-9e72d12ea31e","userId":"6951de0e-69c4-4838-8dd3-94d0f7483f26"}}
{"t":"2026-10-01T15:48:11.083Z","level":"warn","msg":"released the abandoned build's AI holds","data":{"draftId":"ce69783d-b6d2-4d5b-b8e3-f879baaea87d","userId":"6951de0e-69c4-4838-8dd3-94d0f7483f26","count":1,"amountUsd":3.06}}
{"t":"2026-10-01T15:48:11.295Z","level":"warn","msg":"task abandoned","data":{"id":"72df52d5-bdd7-4572-8dd6-06536d0d27d0","type":"generate_cv","attempts":3,"lockedBy":"dead-pod#0","error":"worker lost while running this task (attempt 3 of 3); not retried"}}
{"t":"2026-10-01T15:48:11.303Z","level":"warn","msg":"cv draft failed by the worker that gave up on its task","data":{"draftId":"3f50dc81-8b74-492f-99bd-c684b87cda40","taskId":"72df52d5-bdd7-4572-8dd6-06536d0d27d0","userId":"6951de0e-69c4-4838-8dd3-94d0f7483f26"}}
{"t":"2026-10-01T15:48:11.303Z","level":"warn","msg":"released the abandoned build's AI holds","data":{"draftId":"3f50dc81-8b74-492f-99bd-c684b87cda40","userId":"6951de0e-69c4-4838-8dd3-94d0f7483f26","count":1,"amountUsd":3}}
{"t":"2026-10-01T15:48:11.503Z","level":"info","msg":"task start","taskId":"0bd4287e-6caf-4b72-9d73-d00b797de313","taskType":"generate_cv","data":{"id":"0bd4287e-6caf-4b72-9d73-d00b797de313","type":"generate_cv","attempt":1,"workerId":"cv-pod","commit":null,"readyWaitMs":5,"heapUsedMb":102,"heapLimitMb":4144,"rssMb":155}}
{"t":"2026-10-01T15:48:11.727Z","level":"info","msg":"task done","taskId":"0bd4287e-6caf-4b72-9d73-d00b797de313","taskType":"generate_cv","data":{"id":"0bd4287e-6caf-4b72-9d73-d00b797de313","type":"generate_cv","ms":224,"heapUsedMb":112,"heapDeltaMb":10,"heapLimitMb":4144,"rssMb":155,"rssDeltaMb":0}}
{"t":"2026-10-01T15:48:12.220Z","level":"warn","msg":"CV build journal stopped","data":{"draftId":"676fd6e8-559c-4cb8-bfd5-afd7e12fb14f","attempt":1,"loss":"hold"}}
{"t":"2026-10-01T15:48:12.222Z","level":"warn","msg":"CV build journal stopped","data":{"draftId":"676fd6e8-559c-4cb8-bfd5-afd7e12fb14f","attempt":1,"loss":"fenced"}}
{"t":"2026-10-01T15:48:12.232Z","level":"warn","msg":"CV build step could not be opened","data":{"draftId":"676fd6e8-559c-4cb8-bfd5-afd7e12fb14f","motion":"measure","error":"Failed query: insert into \"cv_build_steps\" (\"id\", \"draft_id\", \"user_id\", \"task_id\", \"attempt\", \"seq\", \"stage\", \"motion\", \"title\", \"status\", \"started_at\", \"finished_at\", \"ms\", \"detail\", \"error\", \"failure\") values (default, $1, $2, $3, $4, coalesce((select max(seq) from cv_build_steps where draft_id = $5), 0) + 1, $6, $7, $8, $9, default, default, default, $10, default, default) returning \"id\"\nparams: 676fd6e8-559c-4cb8-bfd5-afd7e12fb14f,6951de0e-69c4-4838-8dd3-94d0f7483f26,,1,676fd6e8-559c-4cb8-bfd5-afd7e12fb14f,fitting,measure,Measuring the PDF against your page limit,running,{\"pages\":3,\"maxPages\":3}"}}
{"t":"2026-10-01T15:48:12.236Z","level":"warn","msg":"CV build journal stopped","data":{"draftId":"676fd6e8-559c-4cb8-bfd5-afd7e12fb14f","attempt":1,"loss":"deleted"}}
{"t":"2026-10-01T15:48:12.442Z","level":"info","msg":"task start","taskId":"907ffc99-7312-4dcc-aeac-8cc8e65c451e","taskType":"generate_cv","data":{"id":"907ffc99-7312-4dcc-aeac-8cc8e65c451e","type":"generate_cv","attempt":1,"workerId":"cv-pod","commit":null,"readyWaitMs":7,"heapUsedMb":109,"heapLimitMb":4144,"rssMb":154}}
{"t":"2026-10-01T15:48:12.983Z","level":"warn","msg":"task retry","taskId":"907ffc99-7312-4dcc-aeac-8cc8e65c451e","taskType":"generate_cv","data":{"id":"907ffc99-7312-4dcc-aeac-8cc8e65c451e","type":"generate_cv","error":"generate_cv exceeded its 1s deadline after 1s and was abandoned","ms":540,"heapUsedMb":113,"heapDeltaMb":4,"heapLimitMb":4144,"rssMb":153,"rssDeltaMb":-1}}
{"t":"2026-10-01T15:48:12.999Z","level":"warn","msg":"CV build journal stopped","taskId":"907ffc99-7312-4dcc-aeac-8cc8e65c451e","taskType":"generate_cv","data":{"draftId":"f2850356-90b1-49b3-bab6-c1ae2af6d015","attempt":1,"loss":"fenced"}}
{"t":"2026-10-01T15:48:12.999Z","level":"warn","msg":"CV build will be retried","taskId":"907ffc99-7312-4dcc-aeac-8cc8e65c451e","taskType":"generate_cv","data":{"draftId":"f2850356-90b1-49b3-bab6-c1ae2af6d015","kind":"worker_interrupted","attempt":1,"maxAttempts":3}}
{"t":"2026-10-01T15:48:13.006Z","level":"warn","msg":"abandoned task failed after its deadline","taskId":"907ffc99-7312-4dcc-aeac-8cc8e65c451e","taskType":"generate_cv","data":{"id":"907ffc99-7312-4dcc-aeac-8cc8e65c451e","type":"generate_cv","error":"Run was stopped; refusing its writes"}}
{"t":"2026-10-01T15:48:13.007Z","level":"warn","msg":"cv build interrupted; the queue will run it again","taskId":"907ffc99-7312-4dcc-aeac-8cc8e65c451e","taskType":"generate_cv","data":{"draftId":"f2850356-90b1-49b3-bab6-c1ae2af6d015","taskId":"907ffc99-7312-4dcc-aeac-8cc8e65c451e","attempt":1,"maxAttempts":3,"retryAt":"2026-10-01T15:49:12.995Z"}}
{"t":"2026-10-01T15:48:13.206Z","level":"info","msg":"task start","taskId":"c018b59b-75eb-4b83-8724-374fb6188851","taskType":"generate_cv","data":{"id":"c018b59b-75eb-4b83-8724-374fb6188851","type":"generate_cv","attempt":1,"workerId":"cv-pod","commit":null,"readyWaitMs":6,"heapUsedMb":114,"heapLimitMb":4144,"rssMb":153}}
{"t":"2026-10-01T15:48:13.437Z","level":"info","msg":"task done","taskId":"c018b59b-75eb-4b83-8724-374fb6188851","taskType":"generate_cv","data":{"id":"c018b59b-75eb-4b83-8724-374fb6188851","type":"generate_cv","ms":231,"heapUsedMb":116,"heapDeltaMb":2,"heapLimitMb":4144,"rssMb":140,"rssDeltaMb":-13}}
{"t":"2026-10-01T15:48:13.538Z","level":"info","msg":"task start","taskId":"226eac9c-d02a-4024-b1fc-a3e67082cc6f","taskType":"generate_cv","data":{"id":"226eac9c-d02a-4024-b1fc-a3e67082cc6f","type":"generate_cv","attempt":1,"workerId":"cv-pod","commit":null,"readyWaitMs":7,"heapUsedMb":116,"heapLimitMb":4144,"rssMb":140}}
{"t":"2026-10-01T15:48:14.179Z","level":"info","msg":"task done","taskId":"226eac9c-d02a-4024-b1fc-a3e67082cc6f","taskType":"generate_cv","data":{"id":"226eac9c-d02a-4024-b1fc-a3e67082cc6f","type":"generate_cv","ms":641,"heapUsedMb":116,"heapDeltaMb":0,"heapLimitMb":4144,"rssMb":119,"rssDeltaMb":-21}}
{"t":"2026-10-01T15:48:14.298Z","level":"info","msg":"task start","taskId":"16a13137-e27e-4573-a98f-2149aed4f9f5","taskType":"generate_cv","data":{"id":"16a13137-e27e-4573-a98f-2149aed4f9f5","type":"generate_cv","attempt":1,"workerId":"cv-pod","commit":null,"readyWaitMs":7,"heapUsedMb":117,"heapLimitMb":4144,"rssMb":119}}
{"t":"2026-10-01T15:48:14.440Z","level":"warn","msg":"CV build will be retried","taskId":"16a13137-e27e-4573-a98f-2149aed4f9f5","taskType":"generate_cv","data":{"draftId":"d951b001-0016-4730-926c-a3f2f5ae55fc","kind":"overloaded","attempt":1,"maxAttempts":3}}
{"t":"2026-10-01T15:48:14.443Z","level":"warn","msg":"task retry","taskId":"16a13137-e27e-4573-a98f-2149aed4f9f5","taskType":"generate_cv","data":{"id":"16a13137-e27e-4573-a98f-2149aed4f9f5","type":"generate_cv","error":"The model provider was overloaded while checking the CV against your evidence (HTTP 529).","ms":145,"heapUsedMb":116,"heapDeltaMb":-1,"heapLimitMb":4144,"rssMb":121,"rssDeltaMb":2}}
{"t":"2026-10-01T15:48:14.449Z","level":"info","msg":"task start","taskId":"16a13137-e27e-4573-a98f-2149aed4f9f5","taskType":"generate_cv","data":{"id":"16a13137-e27e-4573-a98f-2149aed4f9f5","type":"generate_cv","attempt":2,"workerId":"cv-pod","commit":null,"readyWaitMs":4,"heapUsedMb":117,"heapLimitMb":4144,"rssMb":122}}
{"t":"2026-10-01T15:48:15.695Z","level":"info","msg":"task done","taskId":"16a13137-e27e-4573-a98f-2149aed4f9f5","taskType":"generate_cv","data":{"id":"16a13137-e27e-4573-a98f-2149aed4f9f5","type":"generate_cv","ms":1246,"heapUsedMb":112,"heapDeltaMb":-5,"heapLimitMb":4144,"rssMb":121,"rssDeltaMb":-1}}
{"t":"2026-10-01T15:48:15.943Z","level":"info","msg":"task start","taskId":"7840c6f2-889a-48b9-af8e-5a163aff2457","taskType":"score_job","data":{"id":"7840c6f2-889a-48b9-af8e-5a163aff2457","type":"score_job","attempt":1,"workerId":"lanes-pod","commit":null,"readyWaitMs":7,"heapUsedMb":115,"heapLimitMb":4144,"rssMb":121}}
{"t":"2026-10-01T15:48:15.945Z","level":"info","msg":"task done","taskId":"7840c6f2-889a-48b9-af8e-5a163aff2457","taskType":"score_job","data":{"id":"7840c6f2-889a-48b9-af8e-5a163aff2457","type":"score_job","ms":2,"heapUsedMb":115,"heapDeltaMb":0,"heapLimitMb":4144,"rssMb":121,"rssDeltaMb":0}}
{"t":"2026-10-01T15:48:15.945Z","level":"info","msg":"task start","taskId":"d9a59360-9bd5-47c0-a003-b57464488c10","taskType":"generate_cv","data":{"id":"d9a59360-9bd5-47c0-a003-b57464488c10","type":"generate_cv","attempt":1,"workerId":"lanes-pod","commit":null,"readyWaitMs":11,"heapUsedMb":115,"heapLimitMb":4144,"rssMb":121}}
{"t":"2026-10-01T15:48:15.947Z","level":"info","msg":"task done","taskId":"d9a59360-9bd5-47c0-a003-b57464488c10","taskType":"generate_cv","data":{"id":"d9a59360-9bd5-47c0-a003-b57464488c10","type":"generate_cv","ms":2,"heapUsedMb":116,"heapDeltaMb":1,"heapLimitMb":4144,"rssMb":121,"rssDeltaMb":0}}
{"t":"2026-10-01T15:48:16.067Z","level":"warn","msg":"CV build journal stopped","data":{"draftId":"6b119e4a-17b9-4f36-b73e-ae2d051f40ea","attempt":1,"loss":"fenced"}}
{"t":"2026-10-01T15:48:16.234Z","level":"info","msg":"task start","taskId":"0ea9553a-3702-48ad-a967-6d53b5f517cf","taskType":"generate_cv","data":{"id":"0ea9553a-3702-48ad-a967-6d53b5f517cf","type":"generate_cv","attempt":1,"workerId":"cv-pod","commit":null,"readyWaitMs":11,"heapUsedMb":117,"heapLimitMb":4144,"rssMb":121}}
{"t":"2026-10-01T15:48:16.238Z","level":"info","msg":"closed the steps an interrupted improvement left open","taskId":"0ea9553a-3702-48ad-a967-6d53b5f517cf","taskType":"generate_cv","data":{"draftId":"5f823f22-d608-4331-a1b3-2163cf9c5f89","closed":1}}
{"t":"2026-10-01T15:48:16.240Z","level":"info","msg":"task done","taskId":"0ea9553a-3702-48ad-a967-6d53b5f517cf","taskType":"generate_cv","data":{"id":"0ea9553a-3702-48ad-a967-6d53b5f517cf","type":"generate_cv","ms":7,"heapUsedMb":117,"heapDeltaMb":0,"heapLimitMb":4144,"rssMb":121,"rssDeltaMb":0}}
{"t":"2026-10-01T15:48:17.478Z","level":"info","msg":"slow database query","data":{"durationMs":317,"statement":"truncate tasks, ai_calls, ai_reservations, worker_events, companies, discovery_sources, users restart identity cascade"}}
{"t":"2026-10-01T15:48:17.485Z","level":"info","msg":"health server listening","data":{"port":0}}
{"t":"2026-10-01T15:48:17.872Z","level":"info","msg":"slow database query","data":{"durationMs":372,"statement":"truncate tasks, ai_calls, ai_reservations, worker_events, companies, discovery_sources, users restart identity cascade"}}
{"t":"2026-10-01T15:48:17.874Z","level":"info","msg":"health server listening","data":{"port":0}}
{"t":"2026-10-01T15:48:18.420Z","level":"info","msg":"slow database query","data":{"durationMs":537,"statement":"truncate tasks, ai_calls, ai_reservations, worker_events, companies, discovery_sources, users restart identity cascade"}}
{"t":"2026-10-01T15:48:18.421Z","level":"info","msg":"health server listening","data":{"port":0}}
{"t":"2026-10-01T15:48:22.774Z","level":"info","msg":"slow database query","data":{"durationMs":343,"statement":"truncate tasks, ai_calls, ai_reservations, worker_events, companies, discovery_sources, users restart identity cascade"}}
{"t":"2026-10-01T15:48:22.785Z","level":"info","msg":"health server listening","data":{"port":0}}
{"t":"2026-10-01T15:48:23.165Z","level":"info","msg":"slow database query","data":{"durationMs":339,"statement":"truncate tasks, ai_calls, ai_reservations, worker_events, companies, discovery_sources, users restart identity cascade"}}
{"t":"2026-10-01T15:48:23.171Z","level":"info","msg":"health server listening","data":{"port":0}}
{"t":"2026-10-01T15:48:23.457Z","level":"info","msg":"slow database query","data":{"durationMs":253,"statement":"truncate tasks, ai_calls, ai_reservations, worker_events, companies, discovery_sources, users restart identity cascade"}}
{"t":"2026-10-01T15:48:23.721Z","level":"info","msg":"health server listening","data":{"port":0}}
{"t":"2026-10-01T15:48:23.735Z","level":"info","msg":"health server listening","data":{"port":0}}
{"t":"2026-10-01T15:48:23.958Z","level":"info","msg":"health server listening","data":{"port":0}}
{"t":"2026-10-01T15:48:24.220Z","level":"info","msg":"health server listening","data":{"port":0}}
{"t":"2026-10-01T15:48:25.302Z","level":"info","msg":"slow database query","data":{"durationMs":288,"statement":"truncate tasks, companies, career_sources, jobs, settings, user_settings, company_subscriptions, user_jobs, job_events, "}}
{"t":"2026-10-01T15:48:25.665Z","level":"info","msg":"score batch sent","data":{"batchId":"msgbatch_0001","requests":3,"accounts":2}}
{"t":"2026-10-01T15:48:25.936Z","level":"info","msg":"score batch sent","data":{"batchId":"msgbatch_0001","requests":1,"accounts":1}}
{"t":"2026-10-01T15:48:26.393Z","level":"warn","msg":"score batch not sent; roles handed back to live scoring","data":{"roles":1,"error":"batch endpoint unavailable"}}
{"t":"2026-10-01T15:48:26.597Z","level":"info","msg":"task start","taskId":"f8fe52a1-f6ce-4654-a740-6ded533a5206","taskType":"score_job","data":{"id":"f8fe52a1-f6ce-4654-a740-6ded533a5206","type":"score_job","attempt":1,"workerId":"live-test","commit":null,"readyWaitMs":49,"heapUsedMb":93,"heapLimitMb":4144,"rssMb":158}}
{"t":"2026-10-01T15:48:26.630Z","level":"info","msg":"task done","taskId":"f8fe52a1-f6ce-4654-a740-6ded533a5206","taskType":"score_job","data":{"id":"f8fe52a1-f6ce-4654-a740-6ded533a5206","type":"score_job","ms":33,"heapUsedMb":95,"heapDeltaMb":2,"heapLimitMb":4144,"rssMb":158,"rssDeltaMb":0}}
{"t":"2026-10-01T15:48:26.814Z","level":"info","msg":"task start","taskId":"cefa5380-9f9d-4153-855d-f7fc244e5dea","taskType":"score_job","data":{"id":"cefa5380-9f9d-4153-855d-f7fc244e5dea","type":"score_job","attempt":1,"workerId":"batch-test","commit":null,"readyWaitMs":6,"heapUsedMb":97,"heapLimitMb":4144,"rssMb":159}}
{"t":"2026-10-01T15:48:26.842Z","level":"info","msg":"task done","taskId":"cefa5380-9f9d-4153-855d-f7fc244e5dea","taskType":"score_job","data":{"id":"cefa5380-9f9d-4153-855d-f7fc244e5dea","type":"score_job","ms":28,"heapUsedMb":99,"heapDeltaMb":2,"heapLimitMb":4144,"rssMb":159,"rssDeltaMb":0}}
{"t":"2026-10-01T15:48:27.075Z","level":"info","msg":"score batch sent","data":{"batchId":"msgbatch_0001","requests":1,"accounts":1}}
{"t":"2026-10-01T15:48:27.078Z","level":"info","msg":"task start","taskId":"d0b0a5db-fd47-4198-8d87-99ec42843dc1","taskType":"score_job","data":{"id":"d0b0a5db-fd47-4198-8d87-99ec42843dc1","type":"score_job","attempt":1,"workerId":"live-mixed","commit":null,"readyWaitMs":62,"heapUsedMb":95,"heapLimitMb":4144,"rssMb":161}}
{"t":"2026-10-01T15:48:27.097Z","level":"info","msg":"task done","taskId":"d0b0a5db-fd47-4198-8d87-99ec42843dc1","taskType":"score_job","data":{"id":"d0b0a5db-fd47-4198-8d87-99ec42843dc1","type":"score_job","ms":19,"heapUsedMb":97,"heapDeltaMb":2,"heapLimitMb":4144,"rssMb":161,"rssDeltaMb":0}}
{"t":"2026-10-01T15:48:27.100Z","level":"info","msg":"task start","taskId":"078f8926-c760-4a6f-ab09-c1851e932fda","taskType":"score_job","data":{"id":"078f8926-c760-4a6f-ab09-c1851e932fda","type":"score_job","attempt":1,"workerId":"live-mixed","commit":null,"readyWaitMs":77,"heapUsedMb":97,"heapLimitMb":4144,"rssMb":161}}
{"t":"2026-10-01T15:48:27.115Z","level":"info","msg":"task done","taskId":"078f8926-c760-4a6f-ab09-c1851e932fda","taskType":"score_job","data":{"id":"078f8926-c760-4a6f-ab09-c1851e932fda","type":"score_job","ms":15,"heapUsedMb":98,"heapDeltaMb":1,"heapLimitMb":4144,"rssMb":161,"rssDeltaMb":0}}
{"t":"2026-10-01T15:48:28.050Z","level":"warn","msg":"score batch not sent; roles handed back to live scoring","data":{"roles":1,"error":"batch endpoint unavailable"}}
{"t":"2026-10-01T15:48:28.663Z","level":"info","msg":"score batch sent","data":{"batchId":"msgbatch_0001","requests":1,"accounts":1}}
{"t":"2026-10-01T15:48:28.668Z","level":"info","msg":"task start","taskId":"ce269ccc-5d87-4f45-82a0-02fbe4d5e2df","taskType":"poll_score_batch","data":{"id":"ce269ccc-5d87-4f45-82a0-02fbe4d5e2df","type":"poll_score_batch","attempt":1,"workerId":"poll-q","commit":null,"readyWaitMs":5,"heapUsedMb":96,"heapLimitMb":4144,"rssMb":155}}
{"t":"2026-10-01T15:48:28.669Z","level":"info","msg":"task deferred","taskId":"ce269ccc-5d87-4f45-82a0-02fbe4d5e2df","taskType":"poll_score_batch","data":{"id":"ce269ccc-5d87-4f45-82a0-02fbe4d5e2df","type":"poll_score_batch","until":"2026-10-01T15:49:28.668Z","ms":1}}
{"t":"2026-10-01T15:48:28.836Z","level":"info","msg":"score batch sent","data":{"batchId":"msgbatch_0001","requests":1,"accounts":1}}
{"t":"2026-10-01T15:48:28.846Z","level":"info","msg":"score batch applied","data":{"batchId":"msgbatch_0001","scored":1,"unscored":0,"stale":0,"failed":0,"expired":0,"canceled":0,"applied":0,"requeued":0}}
{"t":"2026-10-01T15:48:29.036Z","level":"info","msg":"score batch sent","data":{"batchId":"msgbatch_0001","requests":1,"accounts":1}}
{"t":"2026-10-01T15:48:29.044Z","level":"info","msg":"score batch applied","data":{"batchId":"msgbatch_0001","scored":0,"unscored":0,"stale":0,"failed":0,"expired":1,"canceled":0,"applied":0,"requeued":1}}
{"t":"2026-10-01T15:48:29.240Z","level":"info","msg":"score batch sent","data":{"batchId":"msgbatch_0001","requests":1,"accounts":1}}
{"t":"2026-10-01T15:48:29.253Z","level":"info","msg":"score batch applied","data":{"batchId":"msgbatch_0001","scored":0,"unscored":0,"stale":0,"failed":1,"expired":0,"canceled":0,"applied":0,"requeued":1}}
{"t":"2026-10-01T15:48:29.492Z","level":"info","msg":"score batch sent","data":{"batchId":"msgbatch_0001","requests":4,"accounts":2}}
{"t":"2026-10-01T15:48:29.516Z","level":"info","msg":"score batch applied","data":{"batchId":"msgbatch_0001","scored":2,"unscored":0,"stale":0,"failed":0,"expired":1,"canceled":0,"applied":0,"requeued":2}}
{"t":"2026-10-01T15:48:29.531Z","level":"info","msg":"score batch applied","data":{"batchId":"msgbatch_0001","scored":0,"unscored":0,"stale":0,"failed":0,"expired":1,"canceled":0,"applied":2,"requeued":2}}
{"t":"2026-10-01T15:48:29.774Z","level":"info","msg":"score batch sent","data":{"batchId":"msgbatch_0001","requests":2,"accounts":1}}
{"t":"2026-10-01T15:48:29.791Z","level":"info","msg":"score batch applied","data":{"batchId":"msgbatch_0001","scored":1,"unscored":0,"stale":0,"failed":0,"expired":0,"canceled":0,"applied":0,"requeued":1}}
{"t":"2026-10-01T15:48:30.078Z","level":"info","msg":"score batch sent","data":{"batchId":"msgbatch_0001","requests":3,"accounts":2}}
{"t":"2026-10-01T15:48:30.098Z","level":"info","msg":"score batch applied","data":{"batchId":"msgbatch_0001","scored":3,"unscored":0,"stale":0,"failed":0,"expired":0,"canceled":0,"applied":0,"requeued":0}}
{"t":"2026-10-01T15:48:30.333Z","level":"info","msg":"score batch sent","data":{"batchId":"msgbatch_0001","requests":1,"accounts":1}}
{"t":"2026-10-01T15:48:30.339Z","level":"info","msg":"score batch applied","data":{"batchId":"msgbatch_0001","scored":0,"unscored":0,"stale":1,"failed":0,"expired":0,"canceled":0,"applied":0,"requeued":0}}
{"t":"2026-10-01T15:48:30.610Z","level":"info","msg":"score batch sent","data":{"batchId":"msgbatch_0001","requests":2,"accounts":2}}
{"t":"2026-10-01T15:48:30.621Z","level":"info","msg":"score batch applied","data":{"batchId":"msgbatch_0001","scored":2,"unscored":0,"stale":0,"failed":0,"expired":0,"canceled":0,"applied":0,"requeued":0}}
{"t":"2026-10-01T15:48:30.846Z","level":"info","msg":"score batch sent","data":{"batchId":"msgbatch_0001","requests":1,"accounts":1}}
{"t":"2026-10-01T15:48:30.853Z","level":"error","msg":"gave up on a scoring batch; its roles are scored live and any cost it ran up is not in the ledger","data":{"batchId":"msgbatch_0001","taskId":"a41a72fd-594e-47b8-b0d9-76903dc9cdf0","roles":1,"requeued":1,"reason":"provider unreachable"}}
{"t":"2026-10-01T15:48:31.207Z","level":"info","msg":"slow database query","data":{"durationMs":352,"statement":"truncate tasks, companies, career_sources, jobs, settings, user_settings, company_subscriptions, user_jobs, job_events, "}}
{"t":"2026-10-01T15:48:31.254Z","level":"info","msg":"score batch sent","data":{"batchId":"msgbatch_0001","requests":1,"accounts":1}}
{"t":"2026-10-01T15:48:31.274Z","level":"error","msg":"gave up on a scoring batch; its roles are scored live and any cost it ran up is not in the ledger","data":{"batchId":"msgbatch_0001","taskId":"a585f87d-c439-48fa-882e-ddb15235de22","roles":1,"requeued":1,"reason":"provider unreachable"}}
{"t":"2026-10-01T15:48:31.731Z","level":"info","msg":"slow database query","data":{"durationMs":453,"statement":"truncate tasks, companies, career_sources, jobs, settings, user_settings, company_subscriptions, user_jobs, job_events, "}}
{"t":"2026-10-01T15:48:31.792Z","level":"info","msg":"score batch sent","data":{"batchId":"msgbatch_0001","requests":2,"accounts":2}}
{"t":"2026-10-01T15:48:31.808Z","level":"error","msg":"gave up on a scoring batch; its roles are scored live and any cost it ran up is not in the ledger","data":{"batchId":"msgbatch_0001","taskId":"a6e3f49e-0fc9-43a0-b355-594033b4a32d","roles":2,"requeued":2,"reason":"provider unreachable"}}
{"t":"2026-10-01T15:48:32.272Z","level":"info","msg":"slow database query","data":{"durationMs":444,"statement":"truncate tasks, companies, career_sources, jobs, settings, user_settings, company_subscriptions, user_jobs, job_events, "}}
{"t":"2026-10-01T15:48:32.336Z","level":"info","msg":"task start","taskId":"2faf7e18-dfc8-4983-97c9-dd128090abe1","taskType":"collect_score_batch","data":{"id":"2faf7e18-dfc8-4983-97c9-dd128090abe1","type":"collect_score_batch","attempt":1,"workerId":"batch-queue","commit":null,"readyWaitMs":39,"heapUsedMb":113,"heapLimitMb":4144,"rssMb":158}}
{"t":"2026-10-01T15:48:32.386Z","level":"info","msg":"score batch sent","taskId":"2faf7e18-dfc8-4983-97c9-dd128090abe1","taskType":"collect_score_batch","data":{"batchId":"msgbatch_0001","requests":3,"accounts":2}}
{"t":"2026-10-01T15:48:32.389Z","level":"info","msg":"task done","taskId":"2faf7e18-dfc8-4983-97c9-dd128090abe1","taskType":"collect_score_batch","data":{"id":"2faf7e18-dfc8-4983-97c9-dd128090abe1","type":"collect_score_batch","ms":53,"heapUsedMb":107,"heapDeltaMb":-6,"heapLimitMb":4144,"rssMb":160,"rssDeltaMb":2}}
{"t":"2026-10-01T15:48:32.396Z","level":"info","msg":"task start","taskId":"881ae226-b674-40d4-81a6-d92c939af90d","taskType":"poll_score_batch","data":{"id":"881ae226-b674-40d4-81a6-d92c939af90d","type":"poll_score_batch","attempt":1,"workerId":"batch-queue","commit":null,"readyWaitMs":5,"heapUsedMb":107,"heapLimitMb":4144,"rssMb":160}}
{"t":"2026-10-01T15:48:32.398Z","level":"info","msg":"task deferred","taskId":"881ae226-b674-40d4-81a6-d92c939af90d","taskType":"poll_score_batch","data":{"id":"881ae226-b674-40d4-81a6-d92c939af90d","type":"poll_score_batch","until":"2026-10-01T15:49:32.396Z","ms":2}}
{"t":"2026-10-01T15:48:32.404Z","level":"info","msg":"task start","taskId":"881ae226-b674-40d4-81a6-d92c939af90d","taskType":"poll_score_batch","data":{"id":"881ae226-b674-40d4-81a6-d92c939af90d","type":"poll_score_batch","attempt":1,"workerId":"batch-queue","commit":null,"readyWaitMs":2,"heapUsedMb":108,"heapLimitMb":4144,"rssMb":160}}
{"t":"2026-10-01T15:48:32.422Z","level":"info","msg":"score batch applied","taskId":"881ae226-b674-40d4-81a6-d92c939af90d","taskType":"poll_score_batch","data":{"batchId":"msgbatch_0001","scored":2,"unscored":0,"stale":0,"failed":0,"expired":1,"canceled":0,"applied":0,"requeued":1}}
{"t":"2026-10-01T15:48:32.424Z","level":"info","msg":"task done","taskId":"881ae226-b674-40d4-81a6-d92c939af90d","taskType":"poll_score_batch","data":{"id":"881ae226-b674-40d4-81a6-d92c939af90d","type":"poll_score_batch","ms":20,"heapUsedMb":109,"heapDeltaMb":1,"heapLimitMb":4144,"rssMb":160,"rssDeltaMb":0}}
{"t":"2026-10-01T15:48:32.426Z","level":"info","msg":"task start","taskId":"e8618ca1-05ea-46e6-a655-bcd80a6b53d4","taskType":"score_job","data":{"id":"e8618ca1-05ea-46e6-a655-bcd80a6b53d4","type":"score_job","attempt":1,"workerId":"batch-queue","commit":null,"readyWaitMs":13,"heapUsedMb":109,"heapLimitMb":4144,"rssMb":160}}
{"t":"2026-10-01T15:48:32.451Z","level":"info","msg":"task done","taskId":"e8618ca1-05ea-46e6-a655-bcd80a6b53d4","taskType":"score_job","data":{"id":"e8618ca1-05ea-46e6-a655-bcd80a6b53d4","type":"score_job","ms":25,"heapUsedMb":111,"heapDeltaMb":2,"heapLimitMb":4144,"rssMb":160,"rssDeltaMb":0}}
{"t":"2026-10-01T15:48:34.057Z","level":"info","event":"slow_database_query","durationMs":321,"statement":"truncate companies, tasks restart identity cascade"}
{"t":"2026-10-01T15:48:34.426Z","level":"info","event":"slow_database_query","durationMs":367,"statement":"truncate companies, tasks restart identity cascade"}
{"t":"2026-10-01T15:48:35.008Z","level":"info","event":"slow_database_query","durationMs":327,"statement":"truncate companies, tasks restart identity cascade"}
{"t":"2026-10-01T15:48:35.378Z","level":"info","event":"slow_database_query","durationMs":366,"statement":"truncate companies, tasks restart identity cascade"}
{"t":"2026-10-01T15:48:35.744Z","level":"info","event":"slow_database_query","durationMs":356,"statement":"truncate companies, tasks restart identity cascade"}
{"t":"2026-10-01T15:48:36.213Z","level":"info","event":"slow_database_query","durationMs":463,"statement":"truncate companies, tasks restart identity cascade"}
{"t":"2026-10-01T15:48:42.158Z","level":"info","msg":"task start","taskId":"a635af59-78a4-4793-87da-e223db2c4431","taskType":"discover","data":{"id":"a635af59-78a4-4793-87da-e223db2c4431","type":"discover","attempt":1,"workerId":"backoff","commit":null,"readyWaitMs":164,"heapUsedMb":82,"heapLimitMb":4144,"rssMb":187}}
{"t":"2026-10-01T15:48:42.161Z","level":"info","msg":"task done","taskId":"a635af59-78a4-4793-87da-e223db2c4431","taskType":"discover","data":{"id":"a635af59-78a4-4793-87da-e223db2c4431","type":"discover","ms":3,"heapUsedMb":82,"heapDeltaMb":0,"heapLimitMb":4144,"rssMb":188,"rssDeltaMb":1}}
{"t":"2026-10-01T15:48:42.991Z","level":"info","msg":"task start","taskId":"f3b4834a-5e10-417b-aab9-2fe4d910d92f","taskType":"discover","data":{"id":"f3b4834a-5e10-417b-aab9-2fe4d910d92f","type":"discover","attempt":1,"workerId":"notified","commit":null,"readyWaitMs":7,"heapUsedMb":85,"heapLimitMb":4144,"rssMb":188}}
{"t":"2026-10-01T15:48:42.994Z","level":"info","msg":"task done","taskId":"f3b4834a-5e10-417b-aab9-2fe4d910d92f","taskType":"discover","data":{"id":"f3b4834a-5e10-417b-aab9-2fe4d910d92f","type":"discover","ms":3,"heapUsedMb":85,"heapDeltaMb":0,"heapLimitMb":4144,"rssMb":188,"rssDeltaMb":0}}
{"t":"2026-10-01T15:48:43.376Z","level":"info","msg":"task start","taskId":"4e540c2f-b72a-476c-9fcf-b67a69506e19","taskType":"poll_score_batch","data":{"id":"4e540c2f-b72a-476c-9fcf-b67a69506e19","type":"poll_score_batch","attempt":1,"workerId":"deferring","commit":null,"readyWaitMs":11,"heapUsedMb":86,"heapLimitMb":4144,"rssMb":188}}
{"t":"2026-10-01T15:48:43.378Z","level":"info","msg":"task deferred","taskId":"4e540c2f-b72a-476c-9fcf-b67a69506e19","taskType":"poll_score_batch","data":{"id":"4e540c2f-b72a-476c-9fcf-b67a69506e19","type":"poll_score_batch","until":"2026-10-01T15:48:43.776Z","ms":2}}
{"t":"2026-10-01T15:48:43.802Z","level":"info","msg":"task start","taskId":"4e540c2f-b72a-476c-9fcf-b67a69506e19","taskType":"poll_score_batch","data":{"id":"4e540c2f-b72a-476c-9fcf-b67a69506e19","type":"poll_score_batch","attempt":1,"workerId":"deferring","commit":null,"readyWaitMs":26,"heapUsedMb":87,"heapLimitMb":4144,"rssMb":184}}
{"t":"2026-10-01T15:48:43.807Z","level":"info","msg":"task done","taskId":"4e540c2f-b72a-476c-9fcf-b67a69506e19","taskType":"poll_score_batch","data":{"id":"4e540c2f-b72a-476c-9fcf-b67a69506e19","type":"poll_score_batch","ms":5,"heapUsedMb":79,"heapDeltaMb":-8,"heapLimitMb":4144,"rssMb":188,"rssDeltaMb":4}}
{"t":"2026-10-01T15:48:44.868Z","level":"warn","msg":"task listener lost; reconnecting","data":{"reason":"terminating connection due to administrator command","inMs":1000}}
{"t":"2026-10-01T15:48:45.898Z","level":"info","msg":"task start","taskId":"b12d0699-ab29-466c-beaa-a38c0ed1eaa3","taskType":"discover","data":{"id":"b12d0699-ab29-466c-beaa-a38c0ed1eaa3","type":"discover","attempt":1,"workerId":"reconnecting","commit":null,"readyWaitMs":1029,"heapUsedMb":80,"heapLimitMb":4144,"rssMb":123}}
{"t":"2026-10-01T15:48:45.901Z","level":"info","msg":"task done","taskId":"b12d0699-ab29-466c-beaa-a38c0ed1eaa3","taskType":"discover","data":{"id":"b12d0699-ab29-466c-beaa-a38c0ed1eaa3","type":"discover","ms":3,"heapUsedMb":81,"heapDeltaMb":1,"heapLimitMb":4144,"rssMb":123,"rssDeltaMb":0}}
{"t":"2026-10-01T15:48:47.223Z","level":"info","msg":"posting imported","data":{"company":"Pasted Ltd","userId":"4a066c80-ac69-44b6-b819-8a0ec04e4abb","jobId":"b6e80093-d3d2-4ee8-bc5f-5a9ada39d837","title":"Staff Engineer, Platform","url":"https://www.pasted.test/jobs/staff-engineer","inTable":false,"shared":true,"followers":2}}
{"t":"2026-10-01T15:48:47.780Z","level":"info","msg":"slow database query","data":{"durationMs":517,"statement":"truncate users, companies, company_subscriptions, career_sources, jobs, job_events, user_jobs, tasks, settings, user_set"}}
{"t":"2026-10-01T15:48:47.964Z","level":"info","msg":"posting imported","data":{"company":"Pasted Ltd","userId":"97808914-b761-47f3-8583-6413c3833b68","jobId":"cfc91e2e-5e9b-43af-806b-f5de58dc1ded","title":"Staff Engineer, Platform","url":"https://www.pasted.test/jobs/staff-engineer","inTable":false,"shared":true,"followers":2}}
{"t":"2026-10-01T15:48:48.358Z","level":"info","msg":"posting imported","data":{"company":"Pasted Ltd","userId":"eb1a2e05-16d9-445e-9ab0-556edde7eb32","jobId":"c3630927-0319-4497-a81f-4e0248b83b15","title":"Engineer, Data","url":"https://www.pasted.test/jobs/thin","inTable":false,"shared":true,"followers":2}}
{"t":"2026-10-01T15:48:48.623Z","level":"info","msg":"task start","taskId":"dab35654-23c2-4034-b354-dee5486c7678","taskType":"import_posting","data":{"id":"dab35654-23c2-4034-b354-dee5486c7678","type":"import_posting","attempt":1,"workerId":"test","commit":null,"readyWaitMs":6,"heapUsedMb":90,"heapLimitMb":4144,"rssMb":154}}
{"t":"2026-10-01T15:48:48.632Z","level":"info","msg":"task done","taskId":"dab35654-23c2-4034-b354-dee5486c7678","taskType":"import_posting","data":{"id":"dab35654-23c2-4034-b354-dee5486c7678","type":"import_posting","ms":9,"heapUsedMb":91,"heapDeltaMb":1,"heapLimitMb":4144,"rssMb":155,"rssDeltaMb":1}}
{"t":"2026-10-01T15:48:49.410Z","level":"info","msg":"slow database query","data":{"durationMs":459,"statement":"truncate users, companies, company_subscriptions, career_sources, jobs, job_events, user_jobs, tasks, settings, user_set"}}
{"t":"2026-10-01T15:48:49.746Z","level":"info","msg":"slow database query","data":{"durationMs":256,"statement":"truncate users, companies, company_subscriptions, career_sources, jobs, job_events, user_jobs, tasks, settings, user_set"}}
{"t":"2026-10-01T15:48:50.181Z","level":"info","msg":"slow database query","data":{"durationMs":377,"statement":"truncate users, companies, company_subscriptions, career_sources, jobs, job_events, user_jobs, tasks, settings, user_set"}}
{"t":"2026-10-01T15:48:50.504Z","level":"info","msg":"slow database query","data":{"durationMs":252,"statement":"truncate users, companies, company_subscriptions, career_sources, jobs, job_events, user_jobs, tasks, settings, user_set"}}
{"t":"2026-10-01T15:48:50.560Z","level":"info","msg":"import put back: host busy","data":{"url":"https://www.pasted.test/jobs/staff-engineer","host":"www.pasted.test","retryAt":"2026-10-01T16:48:50.549Z"}}
{"t":"2026-10-01T15:48:50.567Z","level":"info","msg":"task start","taskId":"fc6a2f43-72e6-4aa8-9def-17c555060627","taskType":"import_posting","data":{"id":"fc6a2f43-72e6-4aa8-9def-17c555060627","type":"import_posting","attempt":1,"workerId":"test","commit":null,"readyWaitMs":4,"heapUsedMb":97,"heapLimitMb":4144,"rssMb":149}}
{"t":"2026-10-01T15:48:50.603Z","level":"info","msg":"posting imported","taskId":"fc6a2f43-72e6-4aa8-9def-17c555060627","taskType":"import_posting","data":{"company":"Pasted Ltd","userId":"be1088c4-4ca3-4e78-bfce-0c0f883e500a","jobId":"ec901f16-6ec5-460b-873f-e27e4001abb8","title":"Staff Engineer, Platform","url":"https://www.pasted.test/jobs/staff-engineer","inTable":false,"shared":true,"followers":2}}
{"t":"2026-10-01T15:48:50.606Z","level":"info","msg":"task done","taskId":"fc6a2f43-72e6-4aa8-9def-17c555060627","taskType":"import_posting","data":{"id":"fc6a2f43-72e6-4aa8-9def-17c555060627","type":"import_posting","ms":39,"heapUsedMb":99,"heapDeltaMb":2,"heapLimitMb":4144,"rssMb":149,"rssDeltaMb":0}}
{"t":"2026-10-01T15:48:50.918Z","level":"info","msg":"posting imported","data":{"company":"Pasted Ltd","userId":"01312992-fb81-4da3-9fa6-e78f6b93bf36","jobId":"431c100a-69f1-4650-8f21-196f77b1765b","title":"Staff Engineer, Platform","url":"https://www.elsewhere.test/jobs/staff-engineer","inTable":false,"shared":false,"followers":0}}
{"t":"2026-10-01T15:48:51.264Z","level":"info","msg":"posting imported","data":{"company":"Pasted Ltd","userId":"13d5a642-25d8-4ecf-9946-ea2f8637f350","jobId":"0af9a0fd-42e6-4149-b7de-0e9d4b34e1e6","title":"Staff Engineer, Platform","url":"https://www.pasted.test/jobs/staff-engineer","inTable":false,"shared":true,"followers":2}}
{"t":"2026-10-01T15:48:51.523Z","level":"info","msg":"slow database query","data":{"durationMs":257,"statement":"truncate users, companies, company_subscriptions, career_sources, jobs, job_events, user_jobs, tasks, settings, user_set"}}
{"t":"2026-10-01T15:48:51.598Z","level":"info","msg":"posting imported","data":{"company":"Pasted Ltd","userId":"786e6524-4e38-48fa-aa05-be4c2d9c3017","jobId":"0b7811a0-d4ce-4399-a6ba-87e72658bed6","title":"Staff Engineer, Platform","url":"https://www.pasted.test/jobs/staff-engineer","inTable":false,"shared":true,"followers":2}}
{"t":"2026-10-01T15:48:51.967Z","level":"info","msg":"posting imported","data":{"company":"Pasted Ltd","userId":"a33127ce-3772-49e3-b088-7ef9f15463ca","jobId":"e1f6a329-9a05-426d-8c05-916b78db6d8a","title":"Staff Engineer, Platform","url":"https://evil.github.io/jobs/staff-engineer","inTable":false,"shared":false,"followers":0}}
{"t":"2026-10-01T15:48:52.253Z","level":"info","msg":"posting imported","data":{"company":"Pasted Ltd","userId":"866872f8-960a-4e24-bb77-e0f9d280b130","jobId":"2a986e31-40f4-4911-baf5-dfd6f2516c4d","title":"Staff Engineer, Platform","url":"https://www.pasted.test/jobs/staff-engineer","inTable":false,"shared":false,"followers":0}}
{"t":"2026-10-01T15:48:53.493Z","level":"info","msg":"slow database query","data":{"durationMs":483,"statement":"truncate tasks, companies, career_sources, jobs, scans, resource_leases, settings, user_settings, company_subscriptions,"}}
{"t":"2026-10-01T15:48:54.137Z","level":"info","msg":"slow database query","data":{"durationMs":368,"statement":"truncate tasks, companies, career_sources, jobs, scans, resource_leases, settings, user_settings, company_subscriptions,"}}
{"t":"2026-10-01T15:48:55.776Z","level":"info","msg":"profile synthesised","data":{"userId":"8197a5e6-811d-402e-b088-36bfbba5889f","version":1,"decisions":1,"questions":0,"changed":true}}
{"t":"2026-10-01T15:48:56.369Z","level":"info","msg":"scan suggestions filed","data":{"userId":"8197a5e6-811d-402e-b088-36bfbba5889f","titles":4,"unmatched":4,"inserted":1}}
{"t":"2026-10-01T15:48:56.380Z","level":"info","msg":"scan suggestions filed","data":{"userId":"8197a5e6-811d-402e-b088-36bfbba5889f","titles":4,"unmatched":4,"inserted":0}}
{"t":"2026-10-01T15:48:56.394Z","level":"info","msg":"scan suggestions filed","data":{"userId":"8197a5e6-811d-402e-b088-36bfbba5889f","titles":4,"unmatched":4,"inserted":1}}
{"t":"2026-10-01T15:48:56.833Z","level":"info","msg":"profile synthesised","data":{"userId":"8197a5e6-811d-402e-b088-36bfbba5889f","version":2,"decisions":525,"questions":0,"changed":true}}
{"t":"2026-10-01T15:48:57.034Z","level":"info","msg":"profile synthesised","data":{"userId":"8197a5e6-811d-402e-b088-36bfbba5889f","version":2,"decisions":0,"questions":0,"changed":false}}
{"t":"2026-10-01T15:48:57.838Z","level":"info","msg":"slow database query","data":{"durationMs":281,"statement":"truncate tasks, companies, career_sources, jobs, scans, resource_leases, settings, user_settings, company_subscriptions,"}}
{"t":"2026-10-01T15:48:58.474Z","level":"info","msg":"slow database query","data":{"durationMs":336,"statement":"truncate tasks, companies, career_sources, jobs, scans, resource_leases, settings, user_settings, company_subscriptions,"}}
{"t":"2026-10-01T15:48:59.024Z","level":"info","msg":"slow database query","data":{"durationMs":274,"statement":"truncate tasks, companies, career_sources, jobs, scans, resource_leases, settings, user_settings, company_subscriptions,"}}
{"t":"2026-10-01T15:49:00.370Z","level":"warn","msg":"CV generation failed","data":{"draftId":"1e281cb7-c162-4f5f-9baf-8592275a32b5","kind":"model_access","resolvedBy":"user","attempt":1}}
{"t":"2026-10-01T15:49:00.812Z","level":"warn","msg":"CV generation failed","data":{"draftId":"6eda8001-c7a7-460a-94fc-442212c6cc62","kind":"library_invalid","resolvedBy":"user","attempt":1}}
{"t":"2026-10-01T15:49:00.998Z","level":"warn","msg":"CV generation failed","data":{"draftId":"3817e522-e32f-48b0-a814-7da3b697a192","kind":"output_invalid","resolvedBy":"system","attempt":1}}
{"t":"2026-10-01T15:49:01.709Z","level":"warn","msg":"CV generation failed","data":{"draftId":"7818b64a-4840-40cd-ba79-6d590983b180","kind":"page_limit_unfittable","resolvedBy":"user","attempt":1}}
{"t":"2026-10-01T15:49:02.369Z","level":"warn","msg":"CV generation failed","data":{"draftId":"4a43f228-c0c7-415c-91d2-40e73bec0dc5","kind":"output_invalid","resolvedBy":"system","attempt":1}}
{"t":"2026-10-01T15:49:02.506Z","level":"warn","msg":"CV generation failed","data":{"draftId":"b266118f-f561-49e3-8fee-bc2186cabe71","kind":"output_invalid","resolvedBy":"system","attempt":1}}
{"t":"2026-10-01T15:49:03.283Z","level":"warn","msg":"CV build journal stopped","data":{"draftId":"7f8e8953-7c4f-426e-88a3-b7e78a57fbc9","attempt":1,"loss":"deleted"}}
{"t":"2026-10-01T15:49:03.523Z","level":"warn","msg":"CV generation failed","data":{"draftId":"8b15bd4a-fac4-4edc-ab3a-5aff17fbe47c","kind":"budget_exhausted","resolvedBy":"user","attempt":1}}
{"t":"2026-10-01T15:49:03.962Z","level":"warn","msg":"CV generation failed","data":{"draftId":"f5e5766e-0a7c-4978-95b5-d4dde0f629b0","kind":"budget_exhausted","resolvedBy":"user","attempt":1}}
{"t":"2026-10-01T15:49:04.109Z","level":"warn","msg":"CV generation failed","data":{"draftId":"0acc8fd2-ab15-4ec0-a54b-793738af7626","kind":"budget_exhausted","resolvedBy":"user","attempt":1}}
{"t":"2026-10-01T15:49:04.191Z","level":"warn","msg":"CV generation failed","data":{"draftId":"0f40fbf6-e6c6-4302-b277-3fecf7712271","kind":"budget_exhausted","resolvedBy":"user","attempt":1}}
{"t":"2026-10-01T15:49:05.661Z","level":"info","event":"slow_database_query","durationMs":292,"statement":"truncate discovery_sources, company_suggestions, companies, tasks, settings, scan_runs, ai_calls restart identity cascad"}
{"t":"2026-10-01T15:49:09.267Z","level":"info","event":"slow_database_query","durationMs":288,"statement":"truncate users, companies, career_sources, jobs, user_jobs, settings, source_admission_rejections restart identity casca"}
{"t":"2026-10-01T15:49:09.881Z","level":"info","event":"slow_database_query","durationMs":252,"statement":"truncate users, companies, career_sources, jobs, user_jobs, settings, source_admission_rejections restart identity casca"}
{"t":"2026-10-01T15:49:10.734Z","level":"info","event":"slow_database_query","durationMs":377,"statement":"truncate users, companies, career_sources, jobs, user_jobs, settings, source_admission_rejections restart identity casca"}
{"t":"2026-10-01T15:49:13.916Z","level":"info","msg":"slow database query","data":{"durationMs":317,"statement":"truncate tasks, companies, career_sources, jobs, user_jobs, decisions, settings, user_settings, ai_calls, ai_reservation"}}
{"t":"2026-10-01T15:49:15.246Z","level":"info","msg":"source scanned","data":{"company":"Pasted Ltd","type":"greenhouse","status":"ok","postings":1,"new":1,"closed":0,"followers":1,"deferredDescriptions":0,"reusedListing":false,"claimFetchedBytes":349,"claimRequests":3,"claimRevalidated":0,"heapUsedMb":89,"ms":129}}
{"t":"2026-10-01T15:49:15.403Z","level":"info","msg":"source scanned","data":{"company":"Pasted Ltd","type":"greenhouse","status":"ok","postings":1,"new":0,"closed":0,"followers":1,"deferredDescriptions":0,"reusedListing":false,"claimFetchedBytes":349,"claimRequests":3,"claimRevalidated":0,"heapUsedMb":91,"ms":148}}
{"t":"2026-10-01T15:49:15.779Z","level":"info","msg":"source scanned","data":{"company":"Pasted Ltd","type":"greenhouse","status":"ok","postings":1,"new":1,"closed":0,"followers":1,"deferredDescriptions":0,"reusedListing":false,"claimFetchedBytes":349,"claimRequests":3,"claimRevalidated":0,"heapUsedMb":96,"ms":141}}
{"t":"2026-10-01T15:49:15.919Z","level":"info","msg":"source scanned","data":{"company":"Pasted Ltd","type":"greenhouse","status":"ok","postings":2,"new":0,"closed":0,"followers":1,"deferredDescriptions":0,"reusedListing":false,"claimFetchedBytes":561,"claimRequests":3,"claimRevalidated":0,"heapUsedMb":89,"ms":133}}
{"t":"2026-10-01T15:49:16.315Z","level":"info","msg":"source scanned","data":{"company":"Pasted Ltd","type":"greenhouse","status":"ok","postings":2,"new":1,"closed":0,"followers":1,"deferredDescriptions":0,"reusedListing":false,"claimFetchedBytes":561,"claimRequests":3,"claimRevalidated":0,"heapUsedMb":93,"ms":136}}
{"t":"2026-10-01T15:49:16.447Z","level":"info","msg":"source scanned","data":{"company":"Pasted Ltd","type":"greenhouse","status":"ok","postings":1,"new":0,"closed":0,"followers":1,"deferredDescriptions":0,"reusedListing":false,"claimFetchedBytes":349,"claimRequests":3,"claimRevalidated":0,"heapUsedMb":95,"ms":120}}
{"t":"2026-10-01T15:49:16.607Z","level":"info","msg":"source scanned","data":{"company":"Pasted Ltd","type":"greenhouse","status":"ok","postings":1,"new":0,"closed":1,"followers":1,"deferredDescriptions":0,"reusedListing":false,"claimFetchedBytes":349,"claimRequests":3,"claimRevalidated":0,"heapUsedMb":98,"ms":153}}
{"t":"2026-10-01T15:49:16.934Z","level":"info","msg":"source scanned","data":{"company":"Pasted Ltd","type":"greenhouse","status":"ok","postings":2,"new":1,"closed":0,"followers":2,"deferredDescriptions":0,"reusedListing":false,"claimFetchedBytes":561,"claimRequests":3,"claimRevalidated":0,"heapUsedMb":91,"ms":136}}
{"t":"2026-10-01T15:49:18.135Z","level":"info","msg":"maintenance changed rows","data":{"tasks":12000}}
{"t":"2026-10-01T15:49:18.409Z","level":"info","event":"slow_database_query","durationMs":267,"statement":"truncate tasks, companies, career_sources, jobs, job_events, scans, discovery_runs, sessions, login_attempts, auth_token"}
{"t":"2026-10-01T15:49:18.522Z","level":"info","msg":"maintenance changed rows","data":{"tasks":500}}
{"t":"2026-10-01T15:49:18.583Z","level":"info","msg":"maintenance changed rows","data":{"tasks":1500}}
{"t":"2026-10-01T15:49:18.890Z","level":"info","event":"slow_database_query","durationMs":307,"statement":"truncate tasks, companies, career_sources, jobs, job_events, scans, discovery_runs, sessions, login_attempts, auth_token"}
{"t":"2026-10-01T15:49:18.949Z","level":"info","msg":"maintenance changed rows","data":{"tasks":500}}
{"t":"2026-10-01T15:49:18.949Z","level":"warn","msg":"maintenance backlog; continuing next hour","data":{"tables":["tasks"],"batch":500,"budgetMs":20000}}
{"t":"2026-10-01T15:49:19.226Z","level":"info","event":"slow_database_query","durationMs":275,"statement":"truncate tasks, companies, career_sources, jobs, job_events, scans, discovery_runs, sessions, login_attempts, auth_token"}
{"t":"2026-10-01T15:49:19.253Z","level":"info","msg":"maintenance changed rows","data":{"tasks":10}}
{"t":"2026-10-01T15:49:19.765Z","level":"info","event":"slow_database_query","durationMs":489,"statement":"truncate tasks, companies, career_sources, jobs, job_events, scans, discovery_runs, sessions, login_attempts, auth_token"}
{"t":"2026-10-01T15:49:19.843Z","level":"info","msg":"reconciled historical score waiting states","data":{"rows":1,"examined":1}}
{"t":"2026-10-01T15:49:19.844Z","level":"info","msg":"maintenance changed rows","data":{"score_orphans":1}}
{"t":"2026-10-01T15:49:20.353Z","level":"info","event":"slow_database_query","durationMs":503,"statement":"truncate tasks, companies, career_sources, jobs, job_events, scans, discovery_runs, sessions, login_attempts, auth_token"}
{"t":"2026-10-01T15:49:20.456Z","level":"info","msg":"maintenance changed rows","data":{"job_events":9}}
{"t":"2026-10-01T15:49:20.968Z","level":"info","event":"slow_database_query","durationMs":510,"statement":"truncate tasks, companies, career_sources, jobs, job_events, scans, discovery_runs, sessions, login_attempts, auth_token"}
{"t":"2026-10-01T15:49:21.021Z","level":"info","msg":"maintenance changed rows","data":{"scans":2}}
{"t":"2026-10-01T15:49:21.555Z","level":"info","event":"slow_database_query","durationMs":531,"statement":"truncate tasks, companies, career_sources, jobs, job_events, scans, discovery_runs, sessions, login_attempts, auth_token"}
{"t":"2026-10-01T15:49:21.589Z","level":"info","msg":"maintenance changed rows","data":{"scans.raw_snapshot":4}}
{"t":"2026-10-01T15:49:22.053Z","level":"info","event":"slow_database_query","durationMs":461,"statement":"truncate tasks, companies, career_sources, jobs, job_events, scans, discovery_runs, sessions, login_attempts, auth_token"}
{"t":"2026-10-01T15:49:22.095Z","level":"info","msg":"maintenance changed rows","data":{"discovery_runs":3}}
{"t":"2026-10-01T15:49:22.593Z","level":"info","event":"slow_database_query","durationMs":496,"statement":"truncate tasks, companies, career_sources, jobs, job_events, scans, discovery_runs, sessions, login_attempts, auth_token"}
{"t":"2026-10-01T15:49:22.614Z","level":"info","msg":"maintenance changed rows","data":{"verification_cache":1,"ai_reservations":1,"login_attempts":1,"sessions":1,"auth_tokens":2}}
{"t":"2026-10-01T15:49:23.071Z","level":"info","event":"slow_database_query","durationMs":452,"statement":"truncate tasks, companies, career_sources, jobs, job_events, scans, discovery_runs, sessions, login_attempts, auth_token"}
{"t":"2026-10-01T15:49:23.126Z","level":"info","msg":"maintenance changed rows","data":{"tasks":1,"login_attempts":1}}
{"t":"2026-10-01T15:49:23.583Z","level":"info","event":"slow_database_query","durationMs":456,"statement":"truncate tasks, companies, career_sources, jobs, job_events, scans, discovery_runs, sessions, login_attempts, auth_token"}
{"t":"2026-10-01T15:49:26.293Z","level":"info","msg":"slow database query","data":{"durationMs":1378,"statement":"truncate users, companies, career_sources, discovery_runs, verification_cache, tasks, resource_leases, settings, user_se"}}
{"t":"2026-10-01T15:49:26.360Z","level":"info","msg":"discovery finished","data":{"company":"Acme","outcome":"not_found","fetches":15}}
{"t":"2026-10-01T15:49:27.080Z","level":"info","msg":"slow database query","data":{"durationMs":716,"statement":"truncate users, companies, career_sources, discovery_runs, verification_cache, tasks, resource_leases, settings, user_se"}}
{"t":"2026-10-01T15:49:27.107Z","level":"info","msg":"discovery finished","data":{"company":"Acme","outcome":"not_found","fetches":15}}
{"t":"2026-10-01T15:49:28.675Z","level":"info","msg":"slow database query","data":{"durationMs":1565,"statement":"truncate users, companies, career_sources, discovery_runs, verification_cache, tasks, resource_leases, settings, user_se"}}
{"t":"2026-10-01T15:49:29.519Z","level":"info","msg":"slow database query","data":{"durationMs":783,"statement":"insert into \"discovery_runs\" (\"id\", \"company_id\", \"started_at\", \"finished_at\", \"status\", \"candidates\", \"chosen_source_id"}}
{"t":"2026-10-01T15:49:29.578Z","level":"info","msg":"discovery finished","data":{"company":"Acme","outcome":"needs_confirmation","fetches":1,"best":"ats_link"}}
{"t":"2026-10-01T15:49:34.304Z","level":"info","msg":"slow database query","data":{"durationMs":4683,"statement":"truncate users, companies, career_sources, discovery_runs, verification_cache, tasks, resource_leases, settings, user_se"}}
{"t":"2026-10-01T15:49:35.196Z","level":"info","msg":"slow database query","data":{"durationMs":823,"statement":"truncate users, companies, career_sources, discovery_runs, verification_cache, tasks, resource_leases, settings, user_se"}}
{"t":"2026-10-01T15:49:35.949Z","level":"info","msg":"slow database query","data":{"durationMs":725,"statement":"truncate users, companies, career_sources, discovery_runs, verification_cache, tasks, resource_leases, settings, user_se"}}
{"t":"2026-10-01T15:49:35.982Z","level":"info","msg":"discovery finished","data":{"company":"Acme","outcome":"not_found","fetches":0}}
{"t":"2026-10-01T15:49:38.225Z","level":"info","msg":"slow database query","data":{"durationMs":2239,"statement":"truncate users, companies, career_sources, discovery_runs, verification_cache, tasks, resource_leases, settings, user_se"}}
{"t":"2026-10-01T15:49:38.244Z","level":"info","msg":"discovery finished","data":{"company":"Acme","outcome":"not_found","fetches":15}}
{"t":"2026-10-01T15:49:38.247Z","level":"warn","msg":"discovery runs failed by an abandoned task","data":{"taskId":"00000000-0000-4000-8000-000000000001","companyId":"91e89c2d-b256-4c8f-ae41-342f1f8b43b4","failed":1}}
{"t":"2026-10-01T15:49:38.741Z","level":"info","msg":"slow database query","data":{"durationMs":493,"statement":"truncate users, companies, career_sources, discovery_runs, verification_cache, tasks, resource_leases, settings, user_se"}}
{"t":"2026-10-01T15:49:39.365Z","level":"info","msg":"slow database query","data":{"durationMs":570,"statement":"truncate users, companies, career_sources, discovery_runs, verification_cache, tasks, resource_leases, settings, user_se"}}
{"t":"2026-10-01T15:49:40.074Z","level":"info","msg":"slow database query","data":{"durationMs":686,"statement":"truncate users, companies, career_sources, discovery_runs, verification_cache, tasks, resource_leases, settings, user_se"}}
{"t":"2026-10-01T15:49:41.157Z","level":"info","msg":"task start","taskId":"37593454-029c-44d2-aa50-17f03dbc09e7","taskType":"generate_cv","data":{"id":"37593454-029c-44d2-aa50-17f03dbc09e7","type":"generate_cv","attempt":1,"workerId":"replay-test","commit":null,"readyWaitMs":11,"heapUsedMb":82,"heapLimitMb":4144,"rssMb":190}}
{"t":"2026-10-01T15:49:41.633Z","level":"info","msg":"task done","taskId":"37593454-029c-44d2-aa50-17f03dbc09e7","taskType":"generate_cv","data":{"id":"37593454-029c-44d2-aa50-17f03dbc09e7","type":"generate_cv","ms":476,"heapUsedMb":85,"heapDeltaMb":3,"heapLimitMb":4144,"rssMb":200,"rssDeltaMb":10}}
{"t":"2026-10-01T15:49:42.339Z","level":"info","msg":"task start","taskId":"bee6c8a9-6f76-4170-aa5f-e22df1dff8d0","taskType":"generate_cv","data":{"id":"bee6c8a9-6f76-4170-aa5f-e22df1dff8d0","type":"generate_cv","attempt":1,"workerId":"replay-test","commit":null,"readyWaitMs":6,"heapUsedMb":96,"heapLimitMb":4144,"rssMb":204}}
{"t":"2026-10-01T15:49:42.831Z","level":"info","msg":"task done","taskId":"bee6c8a9-6f76-4170-aa5f-e22df1dff8d0","taskType":"generate_cv","data":{"id":"bee6c8a9-6f76-4170-aa5f-e22df1dff8d0","type":"generate_cv","ms":492,"heapUsedMb":97,"heapDeltaMb":1,"heapLimitMb":4144,"rssMb":204,"rssDeltaMb":0}}
{"t":"2026-10-01T15:49:43.238Z","level":"warn","msg":"CV generation failed","data":{"draftId":"6cef7828-5d31-42ff-ba96-1511aa63415a","kind":"unknown","resolvedBy":"user","attempt":1}}
{"t":"2026-10-01T15:49:43.314Z","level":"info","msg":"task start","taskId":"c152568a-802c-4d0d-b7b3-f969544df022","taskType":"generate_cv","data":{"id":"c152568a-802c-4d0d-b7b3-f969544df022","type":"generate_cv","attempt":1,"workerId":"replay-test","commit":null,"readyWaitMs":6,"heapUsedMb":103,"heapLimitMb":4144,"rssMb":208}}
{"t":"2026-10-01T15:49:43.932Z","level":"info","msg":"task done","taskId":"c152568a-802c-4d0d-b7b3-f969544df022","taskType":"generate_cv","data":{"id":"c152568a-802c-4d0d-b7b3-f969544df022","type":"generate_cv","ms":618,"heapUsedMb":95,"heapDeltaMb":-8,"heapLimitMb":4144,"rssMb":208,"rssDeltaMb":0}}
{"t":"2026-10-01T15:49:44.608Z","level":"info","msg":"task start","taskId":"0f189013-3372-4bf9-96fb-78e376aebe1b","taskType":"generate_cv","data":{"id":"0f189013-3372-4bf9-96fb-78e376aebe1b","type":"generate_cv","attempt":1,"workerId":"replay-test","commit":null,"readyWaitMs":4,"heapUsedMb":104,"heapLimitMb":4144,"rssMb":211}}
{"t":"2026-10-01T15:49:44.908Z","level":"info","msg":"task done","taskId":"0f189013-3372-4bf9-96fb-78e376aebe1b","taskType":"generate_cv","data":{"id":"0f189013-3372-4bf9-96fb-78e376aebe1b","type":"generate_cv","ms":300,"heapUsedMb":107,"heapDeltaMb":3,"heapLimitMb":4144,"rssMb":213,"rssDeltaMb":2}}
{"t":"2026-10-01T15:49:46.569Z","level":"info","msg":"library import read","data":{"userId":"fd9e8a47-e7b9-4c54-8337-22c2119cb930","importId":"c819666f-9538-44c6-ad55-ac6269bb0866","kind":"paste","jobs":2,"rows":3,"education":1,"skills":0,"dropped":1,"truncated":false,"usd":0.087}}
{"t":"2026-10-01T15:49:47.484Z","level":"info","msg":"library import read","data":{"userId":"fd9e8a47-e7b9-4c54-8337-22c2119cb930","importId":"d73e9757-1c67-4cee-9319-b89bfc755a58","kind":"cv","jobs":1,"rows":2,"education":0,"skills":0,"dropped":0,"truncated":false,"usd":0.087}}
{"t":"2026-10-01T15:49:47.673Z","level":"info","msg":"library import read","data":{"userId":"fd9e8a47-e7b9-4c54-8337-22c2119cb930","importId":"889558e9-d682-447d-beaf-b6206a5b8d67","kind":"website","jobs":2,"rows":3,"education":1,"skills":0,"dropped":1,"truncated":false,"usd":0.087}}
{"t":"2026-10-01T15:49:47.774Z","level":"info","msg":"http robots denied","data":{"host":"closed.example.test","url":"https://closed.example.test/cv"}}
{"t":"2026-10-01T15:49:47.778Z","level":"info","msg":"library import refused","data":{"userId":"fd9e8a47-e7b9-4c54-8337-22c2119cb930","importId":"490cfbc9-ca32-4977-851c-e61abc544c99","kind":"website","message":"closed.example.test asks not to be fetched automatically. Paste the text of the page instead."}}
{"t":"2026-10-01T15:49:47.860Z","level":"info","msg":"library import refused","data":{"userId":"fd9e8a47-e7b9-4c54-8337-22c2119cb930","importId":"dc8c9702-da08-4871-9d92-499f8c177b7b","kind":"website","message":"AVA does not read LinkedIn. Open your profile, choose More → Save to PDF, and upload that file here."}}
{"t":"2026-10-01T15:49:47.960Z","level":"info","msg":"library import refused","data":{"userId":"fd9e8a47-e7b9-4c54-8337-22c2119cb930","importId":"3b817314-a2e3-42e0-b4d3-cee0423d3cc6","kind":"website","message":"The page at jane.example.test answered HTTP 404. Check that the link opens without signing in."}}
{"t":"2026-10-01T15:49:48.080Z","level":"info","msg":"library import refused by budget","data":{"userId":"fd9e8a47-e7b9-4c54-8337-22c2119cb930","importId":"1042ff4c-0d46-4cfe-ac06-71a39e87c704","expected":0.088177}}
{"t":"2026-10-01T15:49:48.193Z","level":"info","msg":"library import refused","data":{"userId":"fd9e8a47-e7b9-4c54-8337-22c2119cb930","importId":"44e35e74-0230-4c0f-952e-acc7a0181522","kind":"cv","message":"AVA reads PDF and Word (.docx) documents. Export this one as a PDF, or paste its text instead."}}
{"t":"2026-10-01T15:49:48.303Z","level":"info","msg":"library import refused","data":{"userId":"fd9e8a47-e7b9-4c54-8337-22c2119cb930","importId":"373232ac-7e1d-40ac-937b-156ac6fc44d7","kind":"paste","message":"Nothing in that document could be matched to what it says. Check that it is the right file, or paste the text instead."}}
{"t":"2026-10-01T15:49:48.401Z","level":"info","msg":"library import refused","data":{"userId":"fd9e8a47-e7b9-4c54-8337-22c2119cb930","importId":"975c1f22-b911-4bd6-ad66-1799bab6c404","kind":"paste","message":"AVA cannot read documents at the moment: no model is configured. Your document is kept — try this import again once one is."}}
{"t":"2026-10-01T15:49:48.707Z","level":"info","msg":"library import refused","data":{"userId":"fd9e8a47-e7b9-4c54-8337-22c2119cb930","importId":"bc9b6060-080b-416e-9c6f-56080979ad9e","kind":"paste","message":"AVA's model provider was too busy to read that document just now. Your document is kept: try this import again in a few minutes."}}
{"t":"2026-10-01T15:49:48.732Z","level":"info","msg":"library import refused","data":{"userId":"fd9e8a47-e7b9-4c54-8337-22c2119cb930","importId":"a9e2c678-adee-47a5-a8de-29c80837e0bb","kind":"paste","message":"Reading that document ran past the longest answer the model may give, so nothing was proposed. Your document is kept: try this import again, or paste the part of it that covers your career."}}
{"t":"2026-10-01T15:49:48.850Z","level":"info","msg":"library import read","data":{"userId":"fd9e8a47-e7b9-4c54-8337-22c2119cb930","importId":"f435d4d9-6292-463f-b91f-f20969ba1b92","kind":"paste","jobs":2,"rows":3,"education":1,"skills":0,"dropped":1,"truncated":false,"usd":0.087}}
{"t":"2026-10-01T15:49:48.952Z","level":"info","msg":"library import read","data":{"userId":"fd9e8a47-e7b9-4c54-8337-22c2119cb930","importId":"f3bfd433-f080-4b48-b276-1e5c0c153591","kind":"cv","jobs":2,"rows":3,"education":1,"skills":0,"dropped":1,"truncated":false,"usd":0.087}}
{"t":"2026-10-01T15:49:49.033Z","level":"info","msg":"library import waits for its host","data":{"userId":"fd9e8a47-e7b9-4c54-8337-22c2119cb930","importId":"2aa8920c-4b3c-439e-ba82-b1900497d27d","host":"jane.example.test","retryAt":"2026-10-01T15:51:19.026Z"}}
{"t":"2026-10-01T15:49:49.058Z","level":"info","msg":"library import read","data":{"userId":"fd9e8a47-e7b9-4c54-8337-22c2119cb930","importId":"2aa8920c-4b3c-439e-ba82-b1900497d27d","kind":"website","jobs":2,"rows":3,"education":1,"skills":0,"dropped":1,"truncated":false,"usd":0.087}}
{"t":"2026-10-01T15:49:49.141Z","level":"info","msg":"library import refused","data":{"userId":"fd9e8a47-e7b9-4c54-8337-22c2119cb930","importId":"4eee1aee-fc05-46a8-bfa7-79eef46ec8b7","kind":"website","message":"jane.example.test points into a private network, so AVA will not fetch it. Use the address of your own public page, or paste its text instead."}}
{"t":"2026-10-01T15:49:50.122Z","level":"info","msg":"library reviewed","data":{"userId":"a4589924-ad9b-4af4-a824-53b2758b93d1","version":1,"reviewed":2,"unread":0,"reused":0,"reusedRows":0,"askedRows":3,"pruned":0,"usd":0.0295}}
{"t":"2026-10-01T15:49:50.244Z","level":"info","msg":"library reviewed","data":{"userId":"a4589924-ad9b-4af4-a824-53b2758b93d1","version":1,"reviewed":2,"unread":0,"reused":0,"reusedRows":0,"askedRows":3,"pruned":0,"usd":0.0295}}
{"t":"2026-10-01T15:49:50.269Z","level":"info","msg":"library reviewed","data":{"userId":"a4589924-ad9b-4af4-a824-53b2758b93d1","version":2,"reviewed":1,"unread":0,"reused":1,"reusedRows":1,"askedRows":1,"pruned":0,"usd":0.0295}}
{"t":"2026-10-01T15:49:50.401Z","level":"info","msg":"library reviewed","data":{"userId":"a4589924-ad9b-4af4-a824-53b2758b93d1","version":1,"reviewed":2,"unread":0,"reused":0,"reusedRows":0,"askedRows":3,"pruned":0,"usd":0.0295}}
{"t":"2026-10-01T15:49:50.424Z","level":"info","msg":"library reviewed","data":{"userId":"a4589924-ad9b-4af4-a824-53b2758b93d1","version":2,"reviewed":1,"unread":0,"reused":1,"reusedRows":1,"askedRows":1,"pruned":0,"usd":0.0295}}
{"t":"2026-10-01T15:49:50.507Z","level":"info","msg":"library reviewed","data":{"userId":"a4589924-ad9b-4af4-a824-53b2758b93d1","version":1,"reviewed":2,"unread":0,"reused":0,"reusedRows":0,"askedRows":3,"pruned":0,"usd":0.0295}}
{"t":"2026-10-01T15:49:50.646Z","level":"info","msg":"library reviewed","data":{"userId":"a4589924-ad9b-4af4-a824-53b2758b93d1","version":1,"reviewed":2,"unread":0,"reused":0,"reusedRows":0,"askedRows":3,"pruned":0,"usd":0.0295}}
{"t":"2026-10-01T15:49:50.673Z","level":"info","msg":"library reviewed","data":{"userId":"a4589924-ad9b-4af4-a824-53b2758b93d1","version":2,"reviewed":1,"unread":0,"reused":1,"reusedRows":1,"askedRows":1,"pruned":0,"usd":0.0295}}
{"t":"2026-10-01T15:49:50.710Z","level":"info","msg":"library reviewed","data":{"userId":"a4589924-ad9b-4af4-a824-53b2758b93d1","version":3,"reviewed":1,"unread":0,"reused":1,"reusedRows":1,"askedRows":1,"pruned":0,"usd":0.0295}}
{"t":"2026-10-01T15:49:50.744Z","level":"info","msg":"library reviewed","data":{"userId":"a4589924-ad9b-4af4-a824-53b2758b93d1","version":4,"reviewed":1,"unread":0,"reused":1,"reusedRows":1,"askedRows":1,"pruned":0,"usd":0.0295}}
{"t":"2026-10-01T15:49:50.764Z","level":"info","msg":"library reviewed","data":{"userId":"a4589924-ad9b-4af4-a824-53b2758b93d1","version":5,"reviewed":1,"unread":0,"reused":1,"reusedRows":1,"askedRows":1,"pruned":0,"usd":0.0295}}
{"t":"2026-10-01T15:49:50.805Z","level":"info","msg":"library reviewed","data":{"userId":"a4589924-ad9b-4af4-a824-53b2758b93d1","version":6,"reviewed":1,"unread":0,"reused":1,"reusedRows":1,"askedRows":1,"pruned":0,"usd":0.0295}}
{"t":"2026-10-01T15:49:50.834Z","level":"info","msg":"library reviewed","data":{"userId":"a4589924-ad9b-4af4-a824-53b2758b93d1","version":7,"reviewed":1,"unread":0,"reused":1,"reusedRows":1,"askedRows":1,"pruned":0,"usd":0.0295}}
{"t":"2026-10-01T15:49:50.856Z","level":"info","msg":"library reviewed","data":{"userId":"a4589924-ad9b-4af4-a824-53b2758b93d1","version":8,"reviewed":1,"unread":0,"reused":1,"reusedRows":1,"askedRows":1,"pruned":0,"usd":0.0295}}
{"t":"2026-10-01T15:49:50.878Z","level":"info","msg":"library reviewed","data":{"userId":"a4589924-ad9b-4af4-a824-53b2758b93d1","version":9,"reviewed":1,"unread":0,"reused":1,"reusedRows":1,"askedRows":1,"pruned":0,"usd":0.0295}}
{"t":"2026-10-01T15:49:50.906Z","level":"info","msg":"library reviewed","data":{"userId":"a4589924-ad9b-4af4-a824-53b2758b93d1","version":10,"reviewed":1,"unread":0,"reused":1,"reusedRows":1,"askedRows":1,"pruned":0,"usd":0.0295}}
{"t":"2026-10-01T15:49:50.934Z","level":"info","msg":"library reviewed","data":{"userId":"a4589924-ad9b-4af4-a824-53b2758b93d1","version":11,"reviewed":1,"unread":0,"reused":1,"reusedRows":1,"askedRows":1,"pruned":0,"usd":0.0295}}
{"t":"2026-10-01T15:49:50.968Z","level":"info","msg":"library reviewed","data":{"userId":"a4589924-ad9b-4af4-a824-53b2758b93d1","version":12,"reviewed":1,"unread":0,"reused":1,"reusedRows":1,"askedRows":1,"pruned":0,"usd":0.0295}}
{"t":"2026-10-01T15:49:50.996Z","level":"info","msg":"library reviewed","data":{"userId":"a4589924-ad9b-4af4-a824-53b2758b93d1","version":13,"reviewed":1,"unread":0,"reused":1,"reusedRows":1,"askedRows":1,"pruned":0,"usd":0.0295}}
{"t":"2026-10-01T15:49:51.025Z","level":"info","msg":"library reviewed","data":{"userId":"a4589924-ad9b-4af4-a824-53b2758b93d1","version":14,"reviewed":1,"unread":0,"reused":1,"reusedRows":1,"askedRows":1,"pruned":0,"usd":0.0295}}
{"t":"2026-10-01T15:49:51.048Z","level":"info","msg":"library reviewed","data":{"userId":"a4589924-ad9b-4af4-a824-53b2758b93d1","version":15,"reviewed":1,"unread":0,"reused":1,"reusedRows":1,"askedRows":1,"pruned":0,"usd":0.0295}}
{"t":"2026-10-01T15:49:51.068Z","level":"info","msg":"library reviewed","data":{"userId":"a4589924-ad9b-4af4-a824-53b2758b93d1","version":16,"reviewed":1,"unread":0,"reused":1,"reusedRows":1,"askedRows":1,"pruned":0,"usd":0.0295}}
{"t":"2026-10-01T15:49:51.093Z","level":"info","msg":"library reviewed","data":{"userId":"a4589924-ad9b-4af4-a824-53b2758b93d1","version":17,"reviewed":1,"unread":0,"reused":1,"reusedRows":1,"askedRows":1,"pruned":0,"usd":0.0295}}
{"t":"2026-10-01T15:49:51.120Z","level":"info","msg":"library reviewed","data":{"userId":"a4589924-ad9b-4af4-a824-53b2758b93d1","version":18,"reviewed":1,"unread":0,"reused":1,"reusedRows":1,"askedRows":1,"pruned":0,"usd":0.0295}}
{"t":"2026-10-01T15:49:51.144Z","level":"info","msg":"library reviewed","data":{"userId":"a4589924-ad9b-4af4-a824-53b2758b93d1","version":19,"reviewed":1,"unread":0,"reused":1,"reusedRows":1,"askedRows":1,"pruned":0,"usd":0.0295}}
{"t":"2026-10-01T15:49:51.172Z","level":"info","msg":"library reviewed","data":{"userId":"a4589924-ad9b-4af4-a824-53b2758b93d1","version":20,"reviewed":1,"unread":0,"reused":1,"reusedRows":1,"askedRows":1,"pruned":0,"usd":0.0295}}
{"t":"2026-10-01T15:49:51.206Z","level":"info","msg":"library reviewed","data":{"userId":"a4589924-ad9b-4af4-a824-53b2758b93d1","version":21,"reviewed":1,"unread":0,"reused":1,"reusedRows":1,"askedRows":1,"pruned":2,"usd":0.0295}}
{"t":"2026-10-01T15:49:51.235Z","level":"info","msg":"library reviewed","data":{"userId":"a4589924-ad9b-4af4-a824-53b2758b93d1","version":22,"reviewed":1,"unread":0,"reused":1,"reusedRows":1,"askedRows":1,"pruned":2,"usd":0.0295}}
{"t":"2026-10-01T15:49:51.266Z","level":"info","msg":"library reviewed","data":{"userId":"a4589924-ad9b-4af4-a824-53b2758b93d1","version":23,"reviewed":1,"unread":0,"reused":1,"reusedRows":1,"askedRows":1,"pruned":2,"usd":0.0295}}
{"t":"2026-10-01T15:49:51.295Z","level":"info","msg":"library reviewed","data":{"userId":"a4589924-ad9b-4af4-a824-53b2758b93d1","version":24,"reviewed":1,"unread":0,"reused":1,"reusedRows":1,"askedRows":1,"pruned":2,"usd":0.0295}}
{"t":"2026-10-01T15:49:51.319Z","level":"info","msg":"library reviewed","data":{"userId":"a4589924-ad9b-4af4-a824-53b2758b93d1","version":25,"reviewed":1,"unread":0,"reused":1,"reusedRows":1,"askedRows":1,"pruned":2,"usd":0.0295}}
{"t":"2026-10-01T15:49:51.354Z","level":"info","msg":"library reviewed","data":{"userId":"a4589924-ad9b-4af4-a824-53b2758b93d1","version":26,"reviewed":1,"unread":0,"reused":1,"reusedRows":1,"askedRows":1,"pruned":2,"usd":0.0295}}
{"t":"2026-10-01T15:49:51.591Z","level":"info","msg":"library reviewed","data":{"userId":"a4589924-ad9b-4af4-a824-53b2758b93d1","version":2,"reviewed":2,"unread":0,"reused":0,"reusedRows":0,"askedRows":3,"pruned":0,"usd":0.0295}}
{"t":"2026-10-01T15:49:51.732Z","level":"info","msg":"library review refused by budget","data":{"userId":"a4589924-ad9b-4af4-a824-53b2758b93d1","version":1,"entries":2,"reusedRows":0,"askedRows":3,"expected":0.075142}}
{"t":"2026-10-01T15:49:52.008Z","level":"info","msg":"library reviewed","data":{"userId":"a4589924-ad9b-4af4-a824-53b2758b93d1","version":1,"reviewed":1,"unread":0,"reused":0,"reusedRows":0,"askedRows":1,"pruned":0,"usd":0.0295}}
{"t":"2026-10-01T15:49:52.200Z","level":"info","msg":"library reviewed","data":{"userId":"a4589924-ad9b-4af4-a824-53b2758b93d1","version":1,"reviewed":1,"unread":1,"reused":0,"reusedRows":0,"askedRows":3,"pruned":0,"usd":0.059}}
{"t":"2026-10-01T15:49:52.221Z","level":"info","msg":"library reviewed","data":{"userId":"a4589924-ad9b-4af4-a824-53b2758b93d1","version":1,"reviewed":1,"unread":0,"reused":1,"reusedRows":0,"askedRows":1,"pruned":0,"usd":0.0295}}
{"t":"2026-10-01T15:49:52.323Z","level":"info","msg":"library reviewed","data":{"userId":"a4589924-ad9b-4af4-a824-53b2758b93d1","version":1,"reviewed":1,"unread":0,"reused":0,"reusedRows":0,"askedRows":2,"pruned":0,"usd":0.0295}}
{"t":"2026-10-01T15:49:52.874Z","level":"info","msg":"http revalidated","data":{"host":"cache.test","durationMs":1,"bytes":0}}
{"t":"2026-10-01T15:49:52.885Z","level":"info","msg":"http robots denied","data":{"host":"www.example.test","url":"https://www.example.test/private/secret"}}
{"t":"2026-10-01T15:49:52.893Z","level":"info","msg":"browser robots denied","data":{"host":"www.example.test","url":"https://www.example.test/private/secret"}}
{"t":"2026-10-01T15:49:53.490Z","level":"info","msg":"http robots denied","data":{"host":"www.example.test","url":"https://www.example.test/private/secret"}}
{"t":"2026-10-01T15:49:53.583Z","level":"info","msg":"http robots denied","data":{"host":"changing.test","url":"https://changing.test/jobs"}}
{"t":"2026-10-01T15:49:53.587Z","level":"info","msg":"http robots denied","data":{"host":"flaky.test","url":"https://flaky.test/jobs"}}
{"t":"2026-10-01T15:49:53.994Z","level":"info","msg":"http revalidated","data":{"host":"large.test","durationMs":1,"bytes":0,"validatorOnly":true}}
{"t":"2026-10-01T15:49:54.043Z","level":"info","msg":"http revalidated","data":{"host":"traffic.test","durationMs":1,"bytes":0}}
{"t":"2026-10-01T15:49:54.156Z","level":"info","msg":"http robots denied","data":{"host":"www.example.test","url":"https://www.example.test/private/secret"}}
{"t":"2026-10-01T15:49:54.201Z","level":"warn","msg":"http refused a private address","data":{"host":"10.9.8.7","url":"http://10.9.8.7/admin"}}
{"t":"2026-10-01T15:49:54.211Z","level":"info","msg":"http revalidated","data":{"host":"traffic.test","durationMs":0,"bytes":0}}
{"t":"2026-10-01T15:49:54.322Z","level":"info","msg":"http revalidated","data":{"host":"traffic.test","durationMs":0,"bytes":0}}
{"t":"2026-10-01T15:49:54.436Z","level":"warn","msg":"http refused a private address","data":{"host":"127.0.0.1","url":"http://127.0.0.1:62357/secret"}}
{"t":"2026-10-01T15:49:54.436Z","level":"warn","msg":"http refused a private address","data":{"host":"127.0.0.1","url":"http://2130706433:62357/secret"}}
{"t":"2026-10-01T15:49:54.436Z","level":"warn","msg":"http refused a private address","data":{"host":"[::ffff:7f00:1]","url":"http://[::ffff:127.0.0.1]:62357/"}}
{"t":"2026-10-01T15:49:54.437Z","level":"warn","msg":"http refused a private address","data":{"host":"169.254.169.254","url":"http://169.254.169.254/latest/meta-data/"}}
{"t":"2026-10-01T15:49:54.437Z","level":"warn","msg":"http refused a private address","data":{"host":"[::1]","url":"http://[::1]/"}}
{"t":"2026-10-01T15:49:54.437Z","level":"warn","msg":"http refused a private address","data":{"host":"10.0.0.5","url":"http://10.0.0.5:8080/"}}
{"t":"2026-10-01T15:49:54.437Z","level":"warn","msg":"http refused a private address","data":{"host":"127.0.0.1","url":"http://127.0.0.1:62357/favicon.ico"}}
{"t":"2026-10-01T15:49:54.438Z","level":"warn","msg":"http refused a private address","data":{"host":"","url":"file:///etc/passwd"}}
{"t":"2026-10-01T15:49:54.438Z","level":"warn","msg":"http refused a private address","data":{"host":"","url":"data:text/html,<title>x</title>"}}
{"t":"2026-10-01T15:49:54.439Z","level":"warn","msg":"http refused a private address","data":{"host":"localhost","url":"http://localhost:8080/"}}
{"t":"2026-10-01T15:49:54.439Z","level":"warn","msg":"http refused a private address","data":{"host":"metadata.google.internal","url":"http://metadata.google.internal/computeMetadata/v1/"}}
{"t":"2026-10-01T15:49:54.439Z","level":"warn","msg":"http refused a private address","data":{"host":"ava-worker","url":"http://ava-worker:8080/healthz"}}
{"t":"2026-10-01T15:49:54.439Z","level":"warn","msg":"http refused a private address","data":{"host":"intranet.example.com","url":"https://intranet.example.com/careers"}}
{"t":"2026-10-01T15:49:54.439Z","level":"warn","msg":"http refused a private address","data":{"host":"split.example.com","url":"https://split.example.com/careers"}}
{"t":"2026-10-01T15:49:54.439Z","level":"warn","msg":"http refused a private address","data":{"host":"rebound.example.com","url":"https://rebound.example.com/careers"}}
{"t":"2026-10-01T15:49:54.441Z","level":"warn","msg":"http refused a private address","data":{"host":"127.0.0.1","url":"http://127.0.0.1:62358/secret"}}
{"t":"2026-10-01T15:49:54.442Z","level":"warn","msg":"http refused a private address","data":{"host":"169.254.169.254","url":"http://169.254.169.254/latest/meta-data/"}}
{"t":"2026-10-01T15:49:54.443Z","level":"warn","msg":"http refused a private address","data":{"host":"localhost","url":"http://localhost/admin"}}
{"t":"2026-10-01T15:49:54.444Z","level":"warn","msg":"http refused a private address","data":{"host":"127.0.0.1","url":"http://127.0.0.1:62358/secret"}}
{"t":"2026-10-01T15:49:54.446Z","level":"warn","msg":"http refused a private address","data":{"host":"127.0.0.2","url":"http://127.0.0.2:9/secret"}}
{"t":"2026-10-01T15:49:54.453Z","level":"info","msg":"http robots denied","data":{"host":"www.careers.test","url":"https://www.careers.test/private/list"}}
{"t":"2026-10-01T15:49:55.303Z","level":"info","msg":"scheduled daily run","data":{"ymd":"2026-09-06","scanTime":"06:00","tz":"UTC"}}
{"t":"2026-10-01T15:49:55.316Z","level":"info","msg":"scheduled weekly jobs","data":{"ymd":"2026-09-06","accounts":8,"queued":23,"suggestionsSkipped":0}}
{"t":"2026-10-01T15:49:55.541Z","level":"info","msg":"scheduled daily run","data":{"ymd":"2026-09-06","scanTime":"06:00","tz":"UTC"}}
{"t":"2026-10-01T15:49:55.549Z","level":"info","msg":"scheduled weekly jobs","data":{"ymd":"2026-09-06","accounts":8,"queued":23,"suggestionsSkipped":0}}
{"t":"2026-10-01T15:49:55.734Z","level":"info","msg":"scheduled daily run","data":{"ymd":"2026-09-06","scanTime":"06:00","tz":"UTC"}}
{"t":"2026-10-01T15:49:55.745Z","level":"info","msg":"scheduled weekly jobs","data":{"ymd":"2026-09-06","accounts":9,"queued":25,"suggestionsSkipped":2}}
{"t":"2026-10-01T15:49:55.790Z","level":"info","msg":"maintenance changed rows","data":{"sessions":1}}
{"t":"2026-10-01T15:49:55.878Z","level":"info","msg":"scheduled daily run","data":{"ymd":"2026-09-06","scanTime":"06:00","tz":"UTC"}}
{"t":"2026-10-01T15:49:55.896Z","level":"info","msg":"scheduled weekly jobs","data":{"ymd":"2026-09-06","accounts":9,"queued":25,"suggestionsSkipped":1}}
{"t":"2026-10-01T15:49:56.601Z","level":"info","msg":"scheduled daily run","data":{"ymd":"2026-09-05","scanTime":"06:00","tz":"Europe/London"}}
{"t":"2026-10-01T15:49:56.995Z","level":"info","msg":"scheduled daily run","data":{"ymd":"2026-09-05","scanTime":"06:00","tz":"Europe/London"}}
{"t":"2026-10-01T15:49:57.409Z","level":"info","msg":"scheduled daily run","data":{"ymd":"2026-09-05","scanTime":"06:00","tz":"Europe/London"}}
{"t":"2026-10-01T15:49:57.799Z","level":"info","msg":"scheduled daily run","data":{"ymd":"2026-09-05","scanTime":"06:00","tz":"Europe/London"}}
{"t":"2026-10-01T15:50:01.694Z","level":"info","msg":"slow database query","data":{"durationMs":255,"statement":"truncate users, companies, company_logos, career_sources, scan_runs, tasks, resource_leases, settings restart identity c"}}
{"t":"2026-10-01T15:50:01.891Z","level":"warn","msg":"logo re-encode failed; the original is kept","data":{"error":"Input buffer has corrupt header:","bytes":400}}
{"t":"2026-10-01T15:50:01.906Z","level":"info","msg":"logo captured","data":{"company":"Logo Ltd","source":"site_icon","sourceUrl":"https://www.logo.test/touch.png","bytes":400,"contentType":"image/png"}}
{"t":"2026-10-01T15:50:02.379Z","level":"info","msg":"logo capture failed","data":{"company":"Logo Ltd","error":"No usable icon found for blank.test","tried":4,"attempts":1,"nextAttemptAt":"2026-09-19T10:00:00.000Z"}}
{"t":"2026-10-01T15:50:02.843Z","level":"info","msg":"daily run started","data":{"runId":"b65d4ca8-9b71-4cef-9f0f-a58f073f368c","runDate":"2026-09-19","companies":4,"logosQueued":2,"retired":0}}
{"t":"2026-10-01T15:50:02.853Z","level":"info","msg":"daily run started","data":{"runId":"113e5299-1fa1-4a57-8508-33a26746679b","runDate":"2026-09-19","companies":4,"logosQueued":0,"retired":0}}
{"t":"2026-10-01T15:50:02.865Z","level":"info","msg":"daily run started","data":{"runId":"527da5f9-77d3-4e83-b547-ac48417ad22d","runDate":"2026-09-19","companies":4,"logosQueued":1,"retired":0}}
{"t":"2026-10-01T15:50:04.107Z","level":"info","msg":"slow database query","data":{"durationMs":496,"statement":"truncate users, companies, company_logos, career_sources, scan_runs, tasks, resource_leases, settings restart identity c"}}
{"t":"2026-10-01T15:50:04.395Z","level":"info","msg":"slow database query","data":{"durationMs":266,"statement":"truncate users, companies, company_logos, career_sources, scan_runs, tasks, resource_leases, settings restart identity c"}}
{"t":"2026-10-01T15:50:04.397Z","level":"warn","msg":"logo re-encode failed; the original is kept","data":{"error":"Input buffer has corrupt header:","bytes":400}}
{"t":"2026-10-01T15:50:04.398Z","level":"warn","msg":"logo re-encode failed; the original is kept","data":{"error":"Input buffer has corrupt header:","bytes":400}}
{"t":"2026-10-01T15:50:04.772Z","level":"info","msg":"logo captured","data":{"company":"Touch Ltd","source":"site_icon","sourceUrl":"https://www.touch.test/touch.png","bytes":82,"contentType":"image/webp"}}
{"t":"2026-10-01T15:50:05.040Z","level":"warn","msg":"logo re-encode failed; the original is kept","data":{"error":"Input buffer has corrupt header:","bytes":400}}
{"t":"2026-10-01T15:50:05.045Z","level":"info","msg":"logos re-encoded","data":{"examined":2,"reencoded":1,"kept":1,"replaced":0,"bytesBefore":1040,"bytesAfter":82,"next":"466c3e6b-2f9e-4fa3-adfe-952610458010"}}
{"t":"2026-10-01T15:50:05.051Z","level":"info","msg":"logos re-encoded","data":{"examined":1,"reencoded":1,"kept":0,"replaced":0,"bytesBefore":356,"bytesAfter":82,"next":null}}
{"t":"2026-10-01T15:50:05.297Z","level":"info","msg":"logos re-encoded","data":{"examined":1,"reencoded":0,"kept":0,"replaced":1,"bytesBefore":0,"bytesAfter":0,"next":null}}
{"t":"2026-10-01T15:50:06.042Z","level":"warn","msg":"monitor sample needs attention","data":{"levels":{"oldestReady":"warn"}}}
{"t":"2026-10-01T15:50:06.263Z","level":"warn","msg":"monitor sample needs attention","data":{"levels":{"oldestReady":"fail"}}}
{"t":"2026-10-01T15:50:06.304Z","level":"warn","msg":"monitor sample needs attention","data":{"levels":{"oldestReady":"fail"}}}
{"t":"2026-10-01T15:50:06.724Z","level":"info","event":"slow_database_query","durationMs":253,"statement":"truncate tasks, settings, ai_calls, scan_runs, scans, web_vitals, companies restart identity cascade"}
{"t":"2026-10-01T15:50:06.752Z","level":"warn","msg":"monitor sample needs attention","data":{"levels":{"scanFailures":"warn","modelRateLimited":"warn"}}}
{"t":"2026-10-01T15:50:06.920Z","level":"warn","msg":"monitor sample needs attention","data":{"levels":{"slowQueries":"fail"}}}
{"t":"2026-10-01T15:50:07.051Z","level":"error","msg":"monitor sample failed","data":{"error":"gone"}}
{"t":"2026-10-01T15:50:08.933Z","level":"info","msg":"analysed tables after a bulk write","data":{"tables":["user_jobs"],"reason":"reevaluate_gate","ms":2}}
{"t":"2026-10-01T15:50:15.041Z","level":"info","msg":"gate semantics changed; re-evaluating every account","data":{"version":1,"accounts":3}}
{"t":"2026-10-01T15:50:15.050Z","level":"info","msg":"gate semantics changed; re-evaluating every account","data":{"version":2,"accounts":3}}
{"t":"2026-10-01T15:50:15.092Z","level":"info","msg":"gate semantics changed; re-evaluating every account","data":{"version":1,"accounts":3}}
{"t":"2026-10-01T15:50:15.145Z","level":"info","msg":"gate semantics changed; re-evaluating every account","data":{"version":1,"accounts":3}}
{"t":"2026-10-01T15:50:15.185Z","level":"info","msg":"gate semantics changed; re-evaluating every account","data":{"version":1,"accounts":3}}
{"t":"2026-10-01T15:50:15.284Z","level":"warn","msg":"model unreachable with this key","data":{"model":"claude-opus-5","status":404,"message":"404 model: claude-opus-5"}}
{"t":"2026-10-01T15:50:15.287Z","level":"warn","msg":"model probe failed","data":{"name":"Error","message":"offline","stack":"Error: offline\n    at Object.probeModel (/Users/h_dryden/Documents/New project/christopher-jtbd-review/apps/worker/src/boot.test.ts:123:54)\n    at probeConfiguredModels (/Users/h_dryden/Documents/New project/christopher-jtbd-review/apps/worker/src/boot.ts:45:35)\n    at processTicksAndRejections (node:internal/process/task_queues:105:5)\n    at /Users/h_dryden/Documents/New project/christopher-jtbd-review/apps/worker/src/boot.test.ts:124:12\n    at file:///Users/h_dryden/Documents/New%20project/christopher-jtbd-review/node_modules/.pnpm/vitest@5.0.0_@opentelemetry+api@1.9.1_@types+node@26.4.1_jsdom@26.1.0_vite@8.2.2_@types_c344cf73f7ea71631ab4cfb754e2c176/node_modules/vitest/dist/chunks/run.CQOUYP-x.js:2783:20"}}
{"t":"2026-10-01T15:50:18.975Z","level":"error","msg":"ai usage unrecorded","data":{"userId":"1a15645b-691d-4c9d-88ca-6e4c0ea7c0af","callSite":"CV","model":"claude-sonnet-5","inputTokens":100,"outputTokens":50,"cacheReadTokens":0,"cacheWriteTokens":0,"costUsd":0.5,"durationMs":10,"ok":true,"refType":"cv","refId":"draft-1","stage":"author","id":"2081ae04-a65b-45da-bb27-63854e8ffbe5","error":"timeout exceeded when trying to connect"}}
{"t":"2026-10-01T15:50:19.029Z","level":"error","msg":"ai usage unrecorded","data":{"userId":"99d292e0-7bed-4263-a02d-4081cfb41ebb","callSite":"CV","model":"claude-sonnet-5","inputTokens":100,"outputTokens":50,"cacheReadTokens":0,"cacheWriteTokens":0,"costUsd":2,"durationMs":10,"ok":true,"refType":"cv","refId":"draft-1","stage":"author","id":"dc49f09e-18c1-4612-8978-22593d676133","error":"lock timeout"}}
{"t":"2026-10-01T15:50:23.679Z","level":"warn","msg":"CV stage hold could not be released","data":{"stage":"rubric","error":"release failed"}}
{"t":"2026-10-01T15:51:14.077Z","level":"warn","msg":"render failed","data":{"url":"https://www.acmeind.example/big","error":"Rendered page exceeds 5000 bytes; refusing truncated content"}}
{"t":"2026-10-01T15:51:18.829Z","level":"info","msg":"closing the idle browser","data":{"idleMs":500}}
{"t":"2026-10-01T15:51:26.041Z","level":"warn","msg":"render abandoned","data":{"url":"https://www.acmeind.example/hang","error":"render of https://www.acmeind.example/hang passed its 5 s deadline"}}
{"t":"2026-10-01T15:51:27.335Z","level":"warn","msg":"render failed","data":{"url":"http://127.0.0.1:62467/start","error":"robots.txt disallows http://127.0.0.1:62467/private"}}
{"t":"2026-10-01T15:51:28.472Z","level":"warn","msg":"render failed","data":{"url":"http://127.0.0.1:62467/client","error":"robots.txt disallows http://127.0.0.1:62467/private"}}
{"t":"2026-10-01T15:51:37.218Z","level":"info","msg":"render continuation blocked after a listing capture","data":{"url":"http://127.0.0.1:62467/client-pagination","error":"robots.txt disallows http://127.0.0.1:62467/private"}}
{"t":"2026-10-01T15:51:37.588Z","level":"info","msg":"render refused a request","data":{"url":"http://[::1]:62481/frame","error":"refusing to fetch http://[::1]:62481/frame: ::1 is a private or local network address"}}
{"t":"2026-10-01T15:51:37.594Z","level":"info","msg":"render refused a websocket","data":{"url":"ws://[::1]:62481/socket","error":"refusing to fetch http://[::1]:62481/socket: ::1 is a private or local network address"}}
{"t":"2026-10-01T15:51:37.595Z","level":"info","msg":"render refused a request","data":{"url":"http://[::1]:62481/fetched","error":"refusing to fetch http://[::1]:62481/fetched: ::1 is a private or local network address"}}
{"t":"2026-10-01T15:51:38.738Z","level":"warn","msg":"render failed","data":{"url":"http://127.0.0.1:62482/redirect","error":"refusing to fetch http://[::1]:62481/redirected: ::1 is a private or local network address"}}

 Test Files  57 passed (57)
      Tests  740 passed (740)
   Start at  16:44:00
   Duration  458.91s (tests 93%, import 7%)

