
> @ava/worker@0.1.0 test /Users/h_dryden/Documents/New project/christopher-jtbd-review/apps/worker
> vitest run


 RUN  v5.0.0 /Users/h_dryden/Documents/New project/christopher-jtbd-review/apps/worker

{"t":"2026-09-29T17:04:52.520Z","level":"warn","msg":"render failed","data":{"url":"https://www.acmeind.example/big","error":"Rendered page exceeds 5000 bytes; refusing truncated content"}}
{"t":"2026-09-29T17:04:56.689Z","level":"info","msg":"closing the idle browser","data":{"idleMs":500}}
{"t":"2026-09-29T17:05:03.878Z","level":"warn","msg":"render abandoned","data":{"url":"https://www.acmeind.example/hang","error":"render of https://www.acmeind.example/hang passed its 5 s deadline"}}
{"t":"2026-09-29T17:05:05.122Z","level":"warn","msg":"render failed","data":{"url":"http://127.0.0.1:57072/start","error":"robots.txt disallows http://127.0.0.1:57072/private"}}
{"t":"2026-09-29T17:05:06.219Z","level":"warn","msg":"render failed","data":{"url":"http://127.0.0.1:57072/client","error":"robots.txt disallows http://127.0.0.1:57072/private"}}
{"t":"2026-09-29T17:05:14.936Z","level":"info","msg":"render continuation blocked after a listing capture","data":{"url":"http://127.0.0.1:57072/client-pagination","error":"robots.txt disallows http://127.0.0.1:57072/private"}}
{"t":"2026-09-29T17:05:15.222Z","level":"info","msg":"render refused a request","data":{"url":"http://[::1]:57094/frame","error":"refusing to fetch http://[::1]:57094/frame: ::1 is a private or local network address"}}
{"t":"2026-09-29T17:05:15.227Z","level":"info","msg":"render refused a websocket","data":{"url":"ws://[::1]:57094/socket","error":"refusing to fetch http://[::1]:57094/socket: ::1 is a private or local network address"}}
{"t":"2026-09-29T17:05:15.229Z","level":"info","msg":"render refused a request","data":{"url":"http://[::1]:57094/fetched","error":"refusing to fetch http://[::1]:57094/fetched: ::1 is a private or local network address"}}
{"t":"2026-09-29T17:05:16.488Z","level":"warn","msg":"render failed","data":{"url":"http://127.0.0.1:57095/redirect","error":"refusing to fetch http://[::1]:57094/redirected: ::1 is a private or local network address"}}
{"t":"2026-09-29T17:05:19.481Z","level":"info","msg":"slow database query","data":{"durationMs":255,"statement":"truncate tasks, scan_runs, scans, companies, career_sources, jobs, settings, user_settings, ai_reservations restart iden"}}
{"t":"2026-09-29T17:05:19.598Z","level":"warn","msg":"task requeued on shutdown","data":{"id":"f274b2bc-038c-4de1-a9a7-683f3e4cceba","type":"review_library"}}
{"t":"2026-09-29T17:05:20.438Z","level":"info","msg":"task start","taskId":"fb4b0b58-aacd-45f1-9e02-4c23e5fcc5bb","taskType":"discover","data":{"id":"fb4b0b58-aacd-45f1-9e02-4c23e5fcc5bb","type":"discover","attempt":1,"workerId":"test","commit":null,"readyWaitMs":13,"heapUsedMb":97,"heapLimitMb":4144,"rssMb":136}}
{"t":"2026-09-29T17:05:20.441Z","level":"warn","msg":"task failed","taskId":"fb4b0b58-aacd-45f1-9e02-4c23e5fcc5bb","taskType":"discover","data":{"id":"fb4b0b58-aacd-45f1-9e02-4c23e5fcc5bb","type":"discover","error":"handler exploded","ms":3,"heapUsedMb":97,"heapDeltaMb":0,"heapLimitMb":4144,"rssMb":136,"rssDeltaMb":0}}
{"t":"2026-09-29T17:05:20.447Z","level":"info","msg":"task start","taskId":"8deb2721-6f7b-4f41-82b4-469507e6e9d0","taskType":"reevaluate_gate","data":{"id":"8deb2721-6f7b-4f41-82b4-469507e6e9d0","type":"reevaluate_gate","attempt":1,"workerId":"test","commit":null,"readyWaitMs":17,"heapUsedMb":97,"heapLimitMb":4144,"rssMb":136}}
{"t":"2026-09-29T17:05:20.450Z","level":"info","msg":"task done","taskId":"8deb2721-6f7b-4f41-82b4-469507e6e9d0","taskType":"reevaluate_gate","data":{"id":"8deb2721-6f7b-4f41-82b4-469507e6e9d0","type":"reevaluate_gate","ms":3,"heapUsedMb":97,"heapDeltaMb":0,"heapLimitMb":4144,"rssMb":136,"rssDeltaMb":0}}
{"t":"2026-09-29T17:05:20.601Z","level":"warn","msg":"task failed","taskId":"fb59f86e-5345-453e-b218-f957da61ca66","taskType":"discover","data":{"id":"fb59f86e-5345-453e-b218-f957da61ca66","type":"discover","error":"no handler for task type discover","ms":2,"heapUsedMb":98,"heapDeltaMb":0,"heapLimitMb":4144,"rssMb":131,"rssDeltaMb":0}}
{"t":"2026-09-29T17:05:20.834Z","level":"info","msg":"scheduled daily run","data":{"ymd":"2026-09-05","scanTime":"06:00","tz":"UTC"}}
{"t":"2026-09-29T17:05:21.046Z","level":"info","msg":"scheduled daily run","data":{"ymd":"2026-09-05","scanTime":"06:00","tz":"UTC"}}
{"t":"2026-09-29T17:05:21.101Z","level":"info","msg":"scan run finalised","data":{"runId":"659094a0-03fc-4740-91d7-69163ac9145a","ok":0,"failed":0,"newRoles":0}}
{"t":"2026-09-29T17:05:21.345Z","level":"info","msg":"scheduled daily run","data":{"ymd":"2026-09-05","scanTime":"06:00","tz":"Europe/London"}}
{"t":"2026-09-29T17:05:21.546Z","level":"info","msg":"scheduled daily run","data":{"ymd":"2026-09-06","scanTime":"06:00","tz":"UTC"}}
{"t":"2026-09-29T17:05:21.560Z","level":"info","msg":"scheduled weekly jobs","data":{"ymd":"2026-09-06","accounts":23,"queued":69,"suggestionsSkipped":0}}
{"t":"2026-09-29T17:05:21.595Z","level":"info","msg":"scheduled daily run","data":{"ymd":"2026-09-06","scanTime":"06:00","tz":"UTC"}}
{"t":"2026-09-29T17:05:21.760Z","level":"info","msg":"scheduled daily run","data":{"ymd":"2026-09-05","scanTime":"06:00","tz":"Europe/London"}}
{"t":"2026-09-29T17:05:21.778Z","level":"warn","msg":"monitor sample needs attention","data":{"levels":{"oldestReady":"fail"}}}
{"t":"2026-09-29T17:05:21.967Z","level":"info","msg":"scheduled daily run","data":{"ymd":"2026-09-06","scanTime":"06:00","tz":"UTC"}}
{"t":"2026-09-29T17:05:21.978Z","level":"info","msg":"scheduled weekly jobs","data":{"ymd":"2026-09-06","accounts":23,"queued":46,"suggestionsSkipped":0}}
{"t":"2026-09-29T17:05:22.478Z","level":"info","msg":"slow database query","data":{"durationMs":302,"statement":"truncate tasks, scan_runs, scans, companies, career_sources, jobs, settings, user_settings, ai_reservations restart iden"}}
{"t":"2026-09-29T17:05:22.776Z","level":"info","msg":"slow database query","data":{"durationMs":252,"statement":"truncate tasks, scan_runs, scans, companies, career_sources, jobs, settings, user_settings, ai_reservations restart iden"}}
{"t":"2026-09-29T17:05:23.226Z","level":"info","msg":"daily run started","data":{"runId":"d2964caf-468f-4ceb-801e-ef3b7c1d2b37","runDate":"2026-09-05","companies":1,"logosQueued":2,"retired":0}}
{"t":"2026-09-29T17:05:23.483Z","level":"info","msg":"daily run started","data":{"runId":"93044f7b-c6a5-4d70-85ee-2266b10ae6ad","runDate":"2026-09-05","companies":1,"logosQueued":1,"retired":0}}
{"t":"2026-09-29T17:05:23.802Z","level":"info","msg":"slow database query","data":{"durationMs":294,"statement":"truncate tasks, scan_runs, scans, companies, career_sources, jobs, settings, user_settings, ai_reservations restart iden"}}
{"t":"2026-09-29T17:05:24.158Z","level":"info","msg":"slow database query","data":{"durationMs":355,"statement":"truncate tasks, scan_runs, scans, companies, career_sources, jobs, settings, user_settings, ai_reservations restart iden"}}
{"t":"2026-09-29T17:05:24.190Z","level":"info","msg":"task start","taskId":"ed01bf4d-0bf9-457d-bd26-fd940909d831","taskType":"generate_cv","data":{"id":"ed01bf4d-0bf9-457d-bd26-fd940909d831","type":"generate_cv","attempt":1,"workerId":"fallthrough","commit":null,"readyWaitMs":32,"heapUsedMb":109,"heapLimitMb":4144,"rssMb":98}}
{"t":"2026-09-29T17:05:24.199Z","level":"info","msg":"task start","taskId":"24542a2e-286f-417e-894b-469b7d2f3e96","taskType":"generate_cv","data":{"id":"24542a2e-286f-417e-894b-469b7d2f3e96","type":"generate_cv","attempt":1,"workerId":"fallthrough","commit":null,"readyWaitMs":31,"heapUsedMb":110,"heapLimitMb":4144,"rssMb":98}}
{"t":"2026-09-29T17:05:24.208Z","level":"info","msg":"task start","taskId":"9a75fba3-a19e-490c-8b37-5c3b28364e3c","taskType":"generate_cv","data":{"id":"9a75fba3-a19e-490c-8b37-5c3b28364e3c","type":"generate_cv","attempt":1,"workerId":"fallthrough","commit":null,"readyWaitMs":31,"heapUsedMb":110,"heapLimitMb":4144,"rssMb":96}}
{"t":"2026-09-29T17:05:24.212Z","level":"warn","msg":"task requeued on shutdown","data":{"id":"ed01bf4d-0bf9-457d-bd26-fd940909d831","type":"generate_cv"}}
{"t":"2026-09-29T17:05:24.217Z","level":"warn","msg":"task requeued on shutdown","data":{"id":"24542a2e-286f-417e-894b-469b7d2f3e96","type":"generate_cv"}}
{"t":"2026-09-29T17:05:24.220Z","level":"warn","msg":"task requeued on shutdown","data":{"id":"9a75fba3-a19e-490c-8b37-5c3b28364e3c","type":"generate_cv"}}
{"t":"2026-09-29T17:05:24.506Z","level":"info","msg":"task start","taskId":"58941ad0-6fed-4bc2-a2d6-a60524799147","taskType":"reevaluate_gate","data":{"id":"58941ad0-6fed-4bc2-a2d6-a60524799147","type":"reevaluate_gate","attempt":1,"workerId":"bounded-verification","commit":null,"readyWaitMs":22,"heapUsedMb":111,"heapLimitMb":4144,"rssMb":96}}
{"t":"2026-09-29T17:05:24.510Z","level":"info","msg":"task done","taskId":"58941ad0-6fed-4bc2-a2d6-a60524799147","taskType":"reevaluate_gate","data":{"id":"58941ad0-6fed-4bc2-a2d6-a60524799147","type":"reevaluate_gate","ms":4,"heapUsedMb":111,"heapDeltaMb":0,"heapLimitMb":4144,"rssMb":97,"rssDeltaMb":1}}
{"t":"2026-09-29T17:05:24.518Z","level":"info","msg":"task start","taskId":"1a5ef47f-2239-45ca-bbca-7d13a3fa0b58","taskType":"verify_company","data":{"id":"1a5ef47f-2239-45ca-bbca-7d13a3fa0b58","type":"verify_company","attempt":1,"workerId":"bounded-verification","commit":null,"readyWaitMs":50,"heapUsedMb":101,"heapLimitMb":4144,"rssMb":110}}
{"t":"2026-09-29T17:05:24.526Z","level":"info","msg":"task done","taskId":"1a5ef47f-2239-45ca-bbca-7d13a3fa0b58","taskType":"verify_company","data":{"id":"1a5ef47f-2239-45ca-bbca-7d13a3fa0b58","type":"verify_company","ms":8,"heapUsedMb":102,"heapDeltaMb":1,"heapLimitMb":4144,"rssMb":110,"rssDeltaMb":0}}
{"t":"2026-09-29T17:05:24.545Z","level":"info","msg":"task start","taskId":"aeab4a91-6bce-47dc-8376-7b4d76fd035d","taskType":"verify_company","data":{"id":"aeab4a91-6bce-47dc-8376-7b4d76fd035d","type":"verify_company","attempt":1,"workerId":"bounded-verification","commit":null,"readyWaitMs":67,"heapUsedMb":102,"heapLimitMb":4144,"rssMb":106}}
{"t":"2026-09-29T17:05:24.554Z","level":"warn","msg":"task requeued on shutdown","data":{"id":"aeab4a91-6bce-47dc-8376-7b4d76fd035d","type":"verify_company"}}
{"t":"2026-09-29T17:05:24.870Z","level":"info","msg":"task start","taskId":"1ef1af19-2aa1-4a6f-b2d8-09adc071bf95","taskType":"generate_cv","data":{"id":"1ef1af19-2aa1-4a6f-b2d8-09adc071bf95","type":"generate_cv","attempt":1,"workerId":"capped-builds","commit":null,"readyWaitMs":68,"heapUsedMb":103,"heapLimitMb":4144,"rssMb":98}}
{"t":"2026-09-29T17:05:24.878Z","level":"info","msg":"task start","taskId":"6a1ee232-0215-40d6-9bcc-5a78977f739b","taskType":"generate_cv","data":{"id":"6a1ee232-0215-40d6-9bcc-5a78977f739b","type":"generate_cv","attempt":1,"workerId":"capped-builds","commit":null,"readyWaitMs":43,"heapUsedMb":104,"heapLimitMb":4144,"rssMb":98}}
{"t":"2026-09-29T17:05:24.901Z","level":"info","msg":"task start","taskId":"3fff1266-c29b-4b7a-891a-b85efd214f21","taskType":"discover","data":{"id":"3fff1266-c29b-4b7a-891a-b85efd214f21","type":"discover","attempt":1,"workerId":"capped-builds","commit":null,"readyWaitMs":22,"heapUsedMb":104,"heapLimitMb":4144,"rssMb":98}}
{"t":"2026-09-29T17:05:24.908Z","level":"info","msg":"task done","taskId":"3fff1266-c29b-4b7a-891a-b85efd214f21","taskType":"discover","data":{"id":"3fff1266-c29b-4b7a-891a-b85efd214f21","type":"discover","ms":7,"heapUsedMb":104,"heapDeltaMb":0,"heapLimitMb":4144,"rssMb":98,"rssDeltaMb":0}}
{"t":"2026-09-29T17:05:25.009Z","level":"warn","msg":"task requeued on shutdown","taskId":"1ef1af19-2aa1-4a6f-b2d8-09adc071bf95","taskType":"generate_cv","data":{"id":"1ef1af19-2aa1-4a6f-b2d8-09adc071bf95","type":"generate_cv"}}
{"t":"2026-09-29T17:05:25.011Z","level":"warn","msg":"task requeued on shutdown","taskId":"6a1ee232-0215-40d6-9bcc-5a78977f739b","taskType":"generate_cv","data":{"id":"6a1ee232-0215-40d6-9bcc-5a78977f739b","type":"generate_cv"}}
{"t":"2026-09-29T17:05:25.428Z","level":"info","msg":"slow database query","taskId":"24542a2e-286f-417e-894b-469b7d2f3e96","taskType":"generate_cv","data":{"durationMs":408,"statement":"truncate tasks, scan_runs, scans, companies, career_sources, jobs, settings, user_settings, ai_reservations restart iden"}}
{"t":"2026-09-29T17:05:25.447Z","level":"info","msg":"task start","taskId":"55032185-37bc-42cd-8591-88ae84c9203c","taskType":"verify_company","data":{"id":"55032185-37bc-42cd-8591-88ae84c9203c","type":"verify_company","attempt":1,"workerId":"failed-verification","commit":null,"readyWaitMs":20,"heapUsedMb":107,"heapLimitMb":4144,"rssMb":98}}
{"t":"2026-09-29T17:05:25.450Z","level":"warn","msg":"task failed","taskId":"55032185-37bc-42cd-8591-88ae84c9203c","taskType":"verify_company","data":{"id":"55032185-37bc-42cd-8591-88ae84c9203c","type":"verify_company","error":"first verification failed","ms":3,"heapUsedMb":107,"heapDeltaMb":0,"heapLimitMb":4144,"rssMb":98,"rssDeltaMb":0}}
{"t":"2026-09-29T17:05:25.458Z","level":"info","msg":"task start","taskId":"5dc77c1c-9b4f-4925-a4d0-a49fe0b68043","taskType":"verify_company","data":{"id":"5dc77c1c-9b4f-4925-a4d0-a49fe0b68043","type":"verify_company","attempt":1,"workerId":"failed-verification","commit":null,"readyWaitMs":25,"heapUsedMb":108,"heapLimitMb":4144,"rssMb":99}}
{"t":"2026-09-29T17:05:25.465Z","level":"warn","msg":"task requeued on shutdown","data":{"id":"5dc77c1c-9b4f-4925-a4d0-a49fe0b68043","type":"verify_company"}}
{"t":"2026-09-29T17:05:25.865Z","level":"info","msg":"slow database query","taskId":"24542a2e-286f-417e-894b-469b7d2f3e96","taskType":"generate_cv","data":{"durationMs":394,"statement":"truncate tasks, scan_runs, scans, companies, career_sources, jobs, settings, user_settings, ai_reservations restart iden"}}
{"t":"2026-09-29T17:05:25.907Z","level":"info","msg":"task start","taskId":"f8bc4aaa-00ba-4594-9075-a6d3faa80e6e","taskType":"reevaluate_gate","data":{"id":"f8bc4aaa-00ba-4594-9075-a6d3faa80e6e","type":"reevaluate_gate","attempt":1,"workerId":"timed-out-verification","commit":null,"readyWaitMs":23,"heapUsedMb":69,"heapLimitMb":4144,"rssMb":98}}
{"t":"2026-09-29T17:05:25.913Z","level":"info","msg":"task done","taskId":"f8bc4aaa-00ba-4594-9075-a6d3faa80e6e","taskType":"reevaluate_gate","data":{"id":"f8bc4aaa-00ba-4594-9075-a6d3faa80e6e","type":"reevaluate_gate","ms":5,"heapUsedMb":69,"heapDeltaMb":0,"heapLimitMb":4144,"rssMb":98,"rssDeltaMb":0}}
{"t":"2026-09-29T17:05:25.921Z","level":"info","msg":"task start","taskId":"ae929486-dc35-4571-8d6d-d7e98db35141","taskType":"verify_company","data":{"id":"ae929486-dc35-4571-8d6d-d7e98db35141","type":"verify_company","attempt":1,"workerId":"timed-out-verification","commit":null,"readyWaitMs":56,"heapUsedMb":69,"heapLimitMb":4144,"rssMb":98}}
{"t":"2026-09-29T17:05:25.958Z","level":"warn","msg":"task failed","taskId":"ae929486-dc35-4571-8d6d-d7e98db35141","taskType":"verify_company","data":{"id":"ae929486-dc35-4571-8d6d-d7e98db35141","type":"verify_company","error":"verify_company exceeded its 0s deadline after 0s and was abandoned","ms":37,"heapUsedMb":69,"heapDeltaMb":0,"heapLimitMb":4144,"rssMb":99,"rssDeltaMb":1}}
{"t":"2026-09-29T17:05:26.011Z","level":"warn","msg":"abandoned task finished after its deadline","taskId":"ae929486-dc35-4571-8d6d-d7e98db35141","taskType":"verify_company","data":{"id":"ae929486-dc35-4571-8d6d-d7e98db35141","type":"verify_company"}}
{"t":"2026-09-29T17:05:26.062Z","level":"info","msg":"task start","taskId":"87ac1904-b36b-42b7-b16f-80c13a76500f","taskType":"verify_company","data":{"id":"87ac1904-b36b-42b7-b16f-80c13a76500f","type":"verify_company","attempt":1,"workerId":"timed-out-verification","commit":null,"readyWaitMs":187,"heapUsedMb":69,"heapLimitMb":4144,"rssMb":100}}
{"t":"2026-09-29T17:05:26.098Z","level":"warn","msg":"task requeued on shutdown","data":{"id":"87ac1904-b36b-42b7-b16f-80c13a76500f","type":"verify_company"}}
{"t":"2026-09-29T17:05:26.863Z","level":"info","msg":"slow database query","taskId":"24542a2e-286f-417e-894b-469b7d2f3e96","taskType":"generate_cv","data":{"durationMs":745,"statement":"truncate tasks, scan_runs, scans, companies, career_sources, jobs, settings, user_settings, ai_reservations restart iden"}}
{"t":"2026-09-29T17:05:26.871Z","level":"info","msg":"task start","taskId":"bde0580b-9d35-44bd-bb97-ebe6607a47c7","taskType":"discover","data":{"id":"bde0580b-9d35-44bd-bb97-ebe6607a47c7","type":"discover","attempt":1,"workerId":"deadline","commit":null,"readyWaitMs":10,"heapUsedMb":69,"heapLimitMb":4144,"rssMb":94}}
{"t":"2026-09-29T17:05:26.935Z","level":"warn","msg":"task failed","taskId":"bde0580b-9d35-44bd-bb97-ebe6607a47c7","taskType":"discover","data":{"id":"bde0580b-9d35-44bd-bb97-ebe6607a47c7","type":"discover","error":"discover exceeded its 0s deadline after 0s and was abandoned","ms":64,"heapUsedMb":69,"heapDeltaMb":0,"heapLimitMb":4144,"rssMb":94,"rssDeltaMb":0}}
{"t":"2026-09-29T17:05:26.943Z","level":"warn","msg":"abandoned task finished after its deadline","taskId":"bde0580b-9d35-44bd-bb97-ebe6607a47c7","taskType":"discover","data":{"id":"bde0580b-9d35-44bd-bb97-ebe6607a47c7","type":"discover"}}
{"t":"2026-09-29T17:05:27.363Z","level":"info","msg":"task start","taskId":"ad3a7886-7db7-434c-b39d-296f742e7e9d","taskType":"generate_cv","data":{"id":"ad3a7886-7db7-434c-b39d-296f742e7e9d","type":"generate_cv","attempt":1,"workerId":"retiring","commit":null,"readyWaitMs":10,"heapUsedMb":69,"heapLimitMb":4144,"rssMb":94}}
{"t":"2026-09-29T17:05:27.367Z","level":"warn","msg":"task requeued on shutdown","data":{"id":"ad3a7886-7db7-434c-b39d-296f742e7e9d","type":"generate_cv"}}
{"t":"2026-09-29T17:05:27.420Z","level":"warn","msg":"released ai reservations on shutdown","data":{"workerId":"retiring","count":1,"amountUsd":1}}
{"t":"2026-09-29T17:05:27.620Z","level":"info","msg":"task start","taskId":"1dc4b4ba-62cd-472d-92a0-2a1e9beea2ea","taskType":"generate_cv","data":{"id":"1dc4b4ba-62cd-472d-92a0-2a1e9beea2ea","type":"generate_cv","attempt":1,"workerId":"deploying","commit":null,"readyWaitMs":11,"heapUsedMb":69,"heapLimitMb":4144,"rssMb":95}}
{"t":"2026-09-29T17:05:27.623Z","level":"warn","msg":"task requeued on shutdown","data":{"id":"1dc4b4ba-62cd-472d-92a0-2a1e9beea2ea","type":"generate_cv"}}
{"t":"2026-09-29T17:05:27.844Z","level":"info","msg":"task start","taskId":"1b5882b1-1af6-48d7-a2c5-5bf09cecfa0a","taskType":"generate_cv","data":{"id":"1b5882b1-1af6-48d7-a2c5-5bf09cecfa0a","type":"generate_cv","attempt":1,"workerId":"settling","commit":null,"readyWaitMs":10,"heapUsedMb":70,"heapLimitMb":4144,"rssMb":95}}
{"t":"2026-09-29T17:05:27.847Z","level":"warn","msg":"task requeued on shutdown","data":{"id":"1b5882b1-1af6-48d7-a2c5-5bf09cecfa0a","type":"generate_cv"}}
{"t":"2026-09-29T17:05:28.050Z","level":"info","msg":"task handed back on shutdown","taskId":"1b5882b1-1af6-48d7-a2c5-5bf09cecfa0a","taskType":"generate_cv","data":{"id":"1b5882b1-1af6-48d7-a2c5-5bf09cecfa0a","type":"generate_cv","error":"worker shutting down"}}
{"t":"2026-09-29T17:05:28.054Z","level":"warn","msg":"released ai reservations on shutdown","data":{"workerId":"settling","count":1,"amountUsd":1}}
{"t":"2026-09-29T17:05:28.383Z","level":"info","msg":"slow database query","taskId":"24542a2e-286f-417e-894b-469b7d2f3e96","taskType":"generate_cv","data":{"durationMs":321,"statement":"truncate tasks, scan_runs, scans, companies, career_sources, jobs, settings, user_settings, ai_reservations restart iden"}}
{"t":"2026-09-29T17:05:28.421Z","level":"info","msg":"task start","taskId":"ff3324f4-a3a6-4ea7-9d30-1686ddb0c830","taskType":"scan_company","data":{"id":"ff3324f4-a3a6-4ea7-9d30-1686ddb0c830","type":"scan_company","attempt":1,"workerId":"crashing","commit":null,"readyWaitMs":12,"heapUsedMb":70,"heapLimitMb":4144,"rssMb":85}}
{"t":"2026-09-29T17:05:28.426Z","level":"warn","msg":"released ai reservations on shutdown","data":{"workerId":"crashing","count":1,"amountUsd":1}}
{"t":"2026-09-29T17:05:28.435Z","level":"warn","msg":"task completion discarded: lease lost","taskId":"ff3324f4-a3a6-4ea7-9d30-1686ddb0c830","taskType":"scan_company","data":{"id":"ff3324f4-a3a6-4ea7-9d30-1686ddb0c830"}}
{"t":"2026-09-29T17:05:29.117Z","level":"info","msg":"task start","taskId":"a4fe4b0a-752d-4457-82ea-3d7c22d966d6","taskType":"scan_company","data":{"id":"a4fe4b0a-752d-4457-82ea-3d7c22d966d6","type":"scan_company","attempt":1,"workerId":"slow","commit":null,"readyWaitMs":16,"heapUsedMb":70,"heapLimitMb":4144,"rssMb":85}}
{"t":"2026-09-29T17:05:29.141Z","level":"warn","msg":"task retry","taskId":"a4fe4b0a-752d-4457-82ea-3d7c22d966d6","taskType":"scan_company","data":{"id":"a4fe4b0a-752d-4457-82ea-3d7c22d966d6","type":"scan_company","error":"scan_company exceeded its 0s deadline after 0s and was abandoned","ms":24,"heapUsedMb":70,"heapDeltaMb":0,"heapLimitMb":4144,"rssMb":85,"rssDeltaMb":0}}
{"t":"2026-09-29T17:05:29.157Z","level":"info","msg":"task start","taskId":"a4fe4b0a-752d-4457-82ea-3d7c22d966d6","taskType":"scan_company","data":{"id":"a4fe4b0a-752d-4457-82ea-3d7c22d966d6","type":"scan_company","attempt":3,"workerId":"retiring","commit":null,"readyWaitMs":9,"heapUsedMb":71,"heapLimitMb":4144,"rssMb":85}}
{"t":"2026-09-29T17:05:29.158Z","level":"warn","msg":"task requeued on shutdown","data":{"id":"a4fe4b0a-752d-4457-82ea-3d7c22d966d6","type":"scan_company"}}
{"t":"2026-09-29T17:05:29.214Z","level":"warn","msg":"abandoned task finished after its deadline","taskId":"a4fe4b0a-752d-4457-82ea-3d7c22d966d6","taskType":"scan_company","data":{"id":"a4fe4b0a-752d-4457-82ea-3d7c22d966d6","type":"scan_company"}}
{"t":"2026-09-29T17:05:30.250Z","level":"info","msg":"slow database query","taskId":"24542a2e-286f-417e-894b-469b7d2f3e96","taskType":"generate_cv","data":{"durationMs":347,"statement":"truncate tasks, scan_runs, scans, companies, career_sources, jobs, settings, user_settings, ai_reservations restart iden"}}
{"t":"2026-09-29T17:05:30.791Z","level":"warn","msg":"task abandoned","data":{"id":"c9d6b81e-a410-466a-bc7f-0433cdd72ef9","type":"scan_company","attempts":3,"lockedBy":"pod-3#0","error":"worker lost while running this task (attempt 3 of 3); not retried"}}
{"t":"2026-09-29T17:05:30.942Z","level":"warn","msg":"task abandoned","data":{"id":"a222a1b7-e9cd-448d-8f67-2d663a1746a7","type":"discover","attempts":2,"lockedBy":null,"error":"out of attempts (2 of 2 spent); not retried"}}
{"t":"2026-09-29T17:05:31.130Z","level":"warn","msg":"task abandoned","data":{"id":"7ccd34b7-9817-4d0a-9459-0ed396feace7","type":"discover","attempts":1,"lockedBy":null,"error":"out of attempts (1 of 1 spent); not retried"}}
{"t":"2026-09-29T17:05:31.133Z","level":"warn","msg":"failed queued tasks that had spent every attempt","data":{"spent":1,"workerId":"spent-pod"}}
{"t":"2026-09-29T17:05:31.144Z","level":"info","msg":"scheduled daily run","data":{"ymd":"2026-09-05","scanTime":"06:00","tz":"Europe/London"}}
{"t":"2026-09-29T17:05:31.157Z","level":"warn","msg":"task abandoned","data":{"id":"aec5dd99-94cf-4a86-b5cc-9786d8ae7882","type":"discover","attempts":1,"lockedBy":null,"error":"out of attempts (1 of 1 spent); not retried"}}
{"t":"2026-09-29T17:05:31.159Z","level":"warn","msg":"failed queued tasks that had spent every attempt","data":{"spent":1}}
{"t":"2026-09-29T17:05:31.836Z","level":"info","msg":"task start","taskId":"ef8261dd-c329-4bce-acc5-b924309fa28f","taskType":"discover","data":{"id":"ef8261dd-c329-4bce-acc5-b924309fa28f","type":"discover","attempt":1,"workerId":"flaky","commit":null,"readyWaitMs":9,"heapUsedMb":75,"heapLimitMb":4144,"rssMb":88}}
{"t":"2026-09-29T17:05:31.837Z","level":"error","msg":"failTask failed; leaving the task for the stale sweep","taskId":"ef8261dd-c329-4bce-acc5-b924309fa28f","taskType":"discover","data":{"id":"ef8261dd-c329-4bce-acc5-b924309fa28f","type":"discover","attempt":1,"error":"handler failed","failure":"connection terminated unexpectedly"}}
{"t":"2026-09-29T17:05:31.843Z","level":"warn","msg":"task abandoned","data":{"id":"ef8261dd-c329-4bce-acc5-b924309fa28f","type":"discover","attempts":1,"lockedBy":"flaky","error":"worker lost while running this task (attempt 1 of 1); not retried"}}
{"t":"2026-09-29T17:05:32.052Z","level":"warn","msg":"task abandoned","data":{"id":"8f39dc29-8df0-4cf4-b6dc-ec79b47b129a","type":"generate_cv","attempts":3,"lockedBy":"pod-a#0","error":"worker lost while running this task (attempt 3 of 3); not retried"}}
{"t":"2026-09-29T17:05:32.060Z","level":"warn","msg":"cv draft failed by the worker that gave up on its task","data":{"draftId":"4ae5d173-0a61-4a24-a0fc-2397556c2565","taskId":"8f39dc29-8df0-4cf4-b6dc-ec79b47b129a","userId":"0b575354-e07d-4d08-951a-8bf5a7c415ba"}}
{"t":"2026-09-29T17:05:32.060Z","level":"warn","msg":"released the abandoned build's AI holds","data":{"draftId":"4ae5d173-0a61-4a24-a0fc-2397556c2565","userId":"0b575354-e07d-4d08-951a-8bf5a7c415ba","count":1,"amountUsd":3.06}}
{"t":"2026-09-29T17:05:32.267Z","level":"warn","msg":"task abandoned","data":{"id":"a2e37e92-99a3-4185-8951-704f801ac4b2","type":"generate_cv","attempts":3,"lockedBy":"pod-a#0","error":"worker lost while running this task (attempt 3 of 3); not retried"}}
{"t":"2026-09-29T17:05:32.290Z","level":"warn","msg":"cv draft failed by the worker that gave up on its task","data":{"draftId":"b9ef1719-6d6f-4e7a-917d-a198542403c0","taskId":"a2e37e92-99a3-4185-8951-704f801ac4b2","userId":"65d9f808-d219-4dea-8092-7a0147b78bf0"}}
{"t":"2026-09-29T17:05:32.290Z","level":"warn","msg":"released the abandoned build's AI holds","data":{"draftId":"b9ef1719-6d6f-4e7a-917d-a198542403c0","userId":"65d9f808-d219-4dea-8092-7a0147b78bf0","count":1,"amountUsd":3.06}}
{"t":"2026-09-29T17:05:32.754Z","level":"warn","msg":"worker recovered after an unclean exit","data":{"workerId":"pod-x","running":2,"likely":{"id":"f9ebd32e-ff6d-406f-8cf9-6bfbd3f7bcd0","type":"generate_cv","attempts":3,"lockedBy":"pod-x#0","lockedAt":"2026-09-29T16:05:32.745Z","subject":"generate_cv:9b0fb6d0-ba66-4f57-a683-121f0e4e8515"},"vitals":{"heapUsedMb":75,"heapLimitMb":4144,"heapFraction":0.02,"rssMb":89,"externalMb":7,"uptimeSeconds":16,"eventLoopLagP99Ms":18,"slowQueries":10,"db":{"total":4,"idle":4,"waiting":0,"errors":0}}}}
{"t":"2026-09-29T17:05:32.757Z","level":"warn","msg":"released ai holds left behind by an unclean exit","data":{"workerId":"pod-x","count":1,"amountUsd":3.06}}
{"t":"2026-09-29T17:05:32.760Z","level":"warn","msg":"task abandoned","data":{"id":"f9ebd32e-ff6d-406f-8cf9-6bfbd3f7bcd0","type":"generate_cv","attempts":3,"lockedBy":"pod-x#0","error":"worker lost while running this task (attempt 3 of 3); not retried"}}
{"t":"2026-09-29T17:05:32.768Z","level":"warn","msg":"cv draft failed by the worker that gave up on its task","data":{"draftId":"9b0fb6d0-ba66-4f57-a683-121f0e4e8515","taskId":"f9ebd32e-ff6d-406f-8cf9-6bfbd3f7bcd0","userId":"8a0b7d21-2f5b-4862-b495-93e508280fe6"}}
{"t":"2026-09-29T17:05:32.769Z","level":"warn","msg":"recovered tasks from a previous incarnation","data":{"requeued":1,"failed":1,"workerId":"pod-x"}}
{"t":"2026-09-29T17:05:33.338Z","level":"warn","msg":"failed a CV draft no task was building","data":{"draftId":"1df36a58-0925-48ff-880e-f23ced3f5fb4","userId":"e382d446-5285-4541-82ef-fc7976843726","holdsReleased":1}}
{"t":"2026-09-29T17:05:33.345Z","level":"warn","msg":"failed a CV draft no task was building","data":{"draftId":"e898024a-ffc9-453f-bed1-f41e9fe3c4e6","userId":"ec1d10e6-31a7-458f-a54e-cf205dbd3394","holdsReleased":1}}
{"t":"2026-09-29T17:05:33.511Z","level":"warn","msg":"released CV holds with no build behind them","data":{"count":1,"amountUsd":3.06}}
{"t":"2026-09-29T17:05:33.806Z","level":"info","msg":"task start","taskId":"0f8d724c-0c75-4ddd-8a76-2f70ef16a80e","taskType":"generate_cv","data":{"id":"0f8d724c-0c75-4ddd-8a76-2f70ef16a80e","type":"generate_cv","attempt":1,"workerId":"stolen","commit":null,"readyWaitMs":10,"heapUsedMb":71,"heapLimitMb":4144,"rssMb":109}}
{"t":"2026-09-29T17:05:33.830Z","level":"warn","msg":"task heartbeat lost the task","taskId":"0f8d724c-0c75-4ddd-8a76-2f70ef16a80e","taskType":"generate_cv","data":{"id":"0f8d724c-0c75-4ddd-8a76-2f70ef16a80e","type":"generate_cv"}}
{"t":"2026-09-29T17:05:33.832Z","level":"warn","msg":"task completion discarded: lease lost","taskId":"0f8d724c-0c75-4ddd-8a76-2f70ef16a80e","taskType":"generate_cv","data":{"id":"0f8d724c-0c75-4ddd-8a76-2f70ef16a80e"}}
{"t":"2026-09-29T17:05:34.145Z","level":"info","msg":"slow database query","data":{"durationMs":309,"statement":"truncate tasks, scan_runs, scans, companies, career_sources, jobs, settings, user_settings, ai_reservations restart iden"}}
{"t":"2026-09-29T17:05:34.257Z","level":"info","msg":"task start","taskId":"6662da15-1e2b-468b-a76c-4340de29267a","taskType":"discover","data":{"id":"6662da15-1e2b-468b-a76c-4340de29267a","type":"discover","attempt":1,"workerId":"zombie","commit":null,"readyWaitMs":7,"heapUsedMb":72,"heapLimitMb":4144,"rssMb":109}}
{"t":"2026-09-29T17:05:36.295Z","level":"warn","msg":"task retry","taskId":"6662da15-1e2b-468b-a76c-4340de29267a","taskType":"discover","data":{"id":"6662da15-1e2b-468b-a76c-4340de29267a","type":"discover","error":"discover exceeded its 2s deadline after 2s and was abandoned","ms":2038,"heapUsedMb":76,"heapDeltaMb":4,"heapLimitMb":4144,"rssMb":103,"rssDeltaMb":-6}}
{"t":"2026-09-29T17:05:36.453Z","level":"warn","msg":"abandoned task finished after its deadline","taskId":"6662da15-1e2b-468b-a76c-4340de29267a","taskType":"discover","data":{"id":"6662da15-1e2b-468b-a76c-4340de29267a","type":"discover"}}
{"t":"2026-09-29T17:05:36.990Z","level":"info","msg":"slow database query","taskId":"9a75fba3-a19e-490c-8b37-5c3b28364e3c","taskType":"generate_cv","data":{"durationMs":355,"statement":"truncate tasks, scan_runs, scans, companies, career_sources, jobs, settings, user_settings, ai_reservations restart iden"}}
{"t":"2026-09-29T17:05:39.017Z","level":"info","msg":"slow database query","data":{"durationMs":2007,"statement":"update \"tasks\" set \"locked_at\" = $1 where (\"tasks\".\"id\" = $2 and \"tasks\".\"status\" = $3 and \"tasks\".\"attempts\" = $4 and \""}}
{"t":"2026-09-29T17:05:39.311Z","level":"info","msg":"slow database query","taskId":"9a75fba3-a19e-490c-8b37-5c3b28364e3c","taskType":"generate_cv","data":{"durationMs":278,"statement":"truncate tasks, scan_runs, scans, companies, career_sources, jobs, settings, user_settings, ai_reservations restart iden"}}
{"t":"2026-09-29T17:05:39.327Z","level":"info","msg":"task start","taskId":"35157939-89d9-464b-978e-25c3ab9de31e","taskType":"generate_cv","data":{"id":"35157939-89d9-464b-978e-25c3ab9de31e","type":"generate_cv","attempt":1,"workerId":"hung","commit":null,"readyWaitMs":17,"heapUsedMb":73,"heapLimitMb":4144,"rssMb":82}}
{"t":"2026-09-29T17:05:39.390Z","level":"warn","msg":"task heartbeat timed out","taskId":"35157939-89d9-464b-978e-25c3ab9de31e","taskType":"generate_cv","data":{"id":"35157939-89d9-464b-978e-25c3ab9de31e","type":"generate_cv"}}
{"t":"2026-09-29T17:05:39.421Z","level":"warn","msg":"task heartbeat timed out","taskId":"35157939-89d9-464b-978e-25c3ab9de31e","taskType":"generate_cv","data":{"id":"35157939-89d9-464b-978e-25c3ab9de31e","type":"generate_cv"}}
{"t":"2026-09-29T17:05:39.452Z","level":"warn","msg":"task heartbeat timed out","taskId":"35157939-89d9-464b-978e-25c3ab9de31e","taskType":"generate_cv","data":{"id":"35157939-89d9-464b-978e-25c3ab9de31e","type":"generate_cv"}}
{"t":"2026-09-29T17:05:39.483Z","level":"warn","msg":"task heartbeat timed out","taskId":"35157939-89d9-464b-978e-25c3ab9de31e","taskType":"generate_cv","data":{"id":"35157939-89d9-464b-978e-25c3ab9de31e","type":"generate_cv"}}
{"t":"2026-09-29T17:05:39.514Z","level":"warn","msg":"task heartbeat timed out","taskId":"35157939-89d9-464b-978e-25c3ab9de31e","taskType":"generate_cv","data":{"id":"35157939-89d9-464b-978e-25c3ab9de31e","type":"generate_cv"}}
{"t":"2026-09-29T17:05:39.544Z","level":"warn","msg":"task heartbeat timed out","taskId":"35157939-89d9-464b-978e-25c3ab9de31e","taskType":"generate_cv","data":{"id":"35157939-89d9-464b-978e-25c3ab9de31e","type":"generate_cv"}}
{"t":"2026-09-29T17:05:39.574Z","level":"warn","msg":"task heartbeat timed out","taskId":"35157939-89d9-464b-978e-25c3ab9de31e","taskType":"generate_cv","data":{"id":"35157939-89d9-464b-978e-25c3ab9de31e","type":"generate_cv"}}
{"t":"2026-09-29T17:05:39.577Z","level":"info","msg":"task done","taskId":"35157939-89d9-464b-978e-25c3ab9de31e","taskType":"generate_cv","data":{"id":"35157939-89d9-464b-978e-25c3ab9de31e","type":"generate_cv","ms":251,"heapUsedMb":73,"heapDeltaMb":0,"heapLimitMb":4144,"rssMb":82,"rssDeltaMb":0}}
{"t":"2026-09-29T17:05:40.518Z","level":"info","msg":"task start","taskId":"0199c558-3d3a-40a1-8fe1-13f61c184698","taskType":"generate_cv","data":{"id":"0199c558-3d3a-40a1-8fe1-13f61c184698","type":"generate_cv","attempt":1,"workerId":"cv-tailoring","commit":null,"readyWaitMs":10,"heapUsedMb":91,"heapLimitMb":4144,"rssMb":195}}
{"t":"2026-09-29T17:05:40.654Z","level":"info","msg":"task done","taskId":"0199c558-3d3a-40a1-8fe1-13f61c184698","taskType":"generate_cv","data":{"id":"0199c558-3d3a-40a1-8fe1-13f61c184698","type":"generate_cv","ms":136,"heapUsedMb":92,"heapDeltaMb":1,"heapLimitMb":4144,"rssMb":199,"rssDeltaMb":4}}
{"t":"2026-09-29T17:05:40.720Z","level":"info","msg":"task start","taskId":"fc80b150-2635-4016-8f5f-4d7b6783e1fc","taskType":"generate_cv","data":{"id":"fc80b150-2635-4016-8f5f-4d7b6783e1fc","type":"generate_cv","attempt":1,"workerId":"cv-tailoring","commit":null,"readyWaitMs":8,"heapUsedMb":94,"heapLimitMb":4144,"rssMb":199}}
{"t":"2026-09-29T17:05:41.103Z","level":"info","msg":"task done","taskId":"fc80b150-2635-4016-8f5f-4d7b6783e1fc","taskType":"generate_cv","data":{"id":"fc80b150-2635-4016-8f5f-4d7b6783e1fc","type":"generate_cv","ms":383,"heapUsedMb":94,"heapDeltaMb":0,"heapLimitMb":4144,"rssMb":199,"rssDeltaMb":0}}
{"t":"2026-09-29T17:05:41.162Z","level":"info","msg":"task start","taskId":"894133b8-9827-4d5e-baf3-c15c29f52396","taskType":"generate_cv","data":{"id":"894133b8-9827-4d5e-baf3-c15c29f52396","type":"generate_cv","attempt":1,"workerId":"cv-tailoring","commit":null,"readyWaitMs":7,"heapUsedMb":95,"heapLimitMb":4144,"rssMb":199}}
{"t":"2026-09-29T17:05:41.455Z","level":"info","msg":"task done","taskId":"894133b8-9827-4d5e-baf3-c15c29f52396","taskType":"generate_cv","data":{"id":"894133b8-9827-4d5e-baf3-c15c29f52396","type":"generate_cv","ms":293,"heapUsedMb":102,"heapDeltaMb":7,"heapLimitMb":4144,"rssMb":200,"rssDeltaMb":1}}
{"t":"2026-09-29T17:05:41.519Z","level":"info","msg":"task start","taskId":"245c1c44-1a68-4be2-b773-52bddff05e57","taskType":"generate_cv","data":{"id":"245c1c44-1a68-4be2-b773-52bddff05e57","type":"generate_cv","attempt":1,"workerId":"cv-tailoring","commit":null,"readyWaitMs":7,"heapUsedMb":94,"heapLimitMb":4144,"rssMb":182}}
{"t":"2026-09-29T17:05:41.670Z","level":"info","msg":"task done","taskId":"245c1c44-1a68-4be2-b773-52bddff05e57","taskType":"generate_cv","data":{"id":"245c1c44-1a68-4be2-b773-52bddff05e57","type":"generate_cv","ms":152,"heapUsedMb":97,"heapDeltaMb":3,"heapLimitMb":4144,"rssMb":171,"rssDeltaMb":-11}}
{"t":"2026-09-29T17:05:41.728Z","level":"info","msg":"task start","taskId":"0785bb4f-c364-4ba2-80ac-40588296621c","taskType":"generate_cv","data":{"id":"0785bb4f-c364-4ba2-80ac-40588296621c","type":"generate_cv","attempt":1,"workerId":"cv-tailoring","commit":null,"readyWaitMs":7,"heapUsedMb":98,"heapLimitMb":4144,"rssMb":159}}
{"t":"2026-09-29T17:05:41.944Z","level":"info","msg":"task done","taskId":"0785bb4f-c364-4ba2-80ac-40588296621c","taskType":"generate_cv","data":{"id":"0785bb4f-c364-4ba2-80ac-40588296621c","type":"generate_cv","ms":215,"heapUsedMb":105,"heapDeltaMb":7,"heapLimitMb":4144,"rssMb":159,"rssDeltaMb":0}}
{"t":"2026-09-29T17:05:41.986Z","level":"info","msg":"task start","taskId":"d3b29af9-570d-48d7-b848-c9374d648fc9","taskType":"generate_cv","data":{"id":"d3b29af9-570d-48d7-b848-c9374d648fc9","type":"generate_cv","attempt":1,"workerId":"cv-tailoring","commit":null,"readyWaitMs":6,"heapUsedMb":106,"heapLimitMb":4144,"rssMb":159}}
{"t":"2026-09-29T17:05:42.135Z","level":"info","msg":"task done","taskId":"d3b29af9-570d-48d7-b848-c9374d648fc9","taskType":"generate_cv","data":{"id":"d3b29af9-570d-48d7-b848-c9374d648fc9","type":"generate_cv","ms":149,"heapUsedMb":101,"heapDeltaMb":-5,"heapLimitMb":4144,"rssMb":161,"rssDeltaMb":2}}
{"t":"2026-09-29T17:05:42.175Z","level":"info","msg":"task start","taskId":"b3442027-89d2-4b19-aaf4-eab738cef1b3","taskType":"generate_cv","data":{"id":"b3442027-89d2-4b19-aaf4-eab738cef1b3","type":"generate_cv","attempt":1,"workerId":"cv-tailoring","commit":null,"readyWaitMs":6,"heapUsedMb":102,"heapLimitMb":4144,"rssMb":161}}
{"t":"2026-09-29T17:05:42.290Z","level":"info","msg":"task done","taskId":"b3442027-89d2-4b19-aaf4-eab738cef1b3","taskType":"generate_cv","data":{"id":"b3442027-89d2-4b19-aaf4-eab738cef1b3","type":"generate_cv","ms":115,"heapUsedMb":104,"heapDeltaMb":2,"heapLimitMb":4144,"rssMb":163,"rssDeltaMb":2}}
{"t":"2026-09-29T17:05:42.334Z","level":"info","msg":"task start","taskId":"e4ecdf85-a2c0-44b7-abdc-9e86e5d7f578","taskType":"generate_cv","data":{"id":"e4ecdf85-a2c0-44b7-abdc-9e86e5d7f578","type":"generate_cv","attempt":1,"workerId":"cv-tailoring","commit":null,"readyWaitMs":6,"heapUsedMb":105,"heapLimitMb":4144,"rssMb":163}}
{"t":"2026-09-29T17:05:42.445Z","level":"info","msg":"task done","taskId":"e4ecdf85-a2c0-44b7-abdc-9e86e5d7f578","taskType":"generate_cv","data":{"id":"e4ecdf85-a2c0-44b7-abdc-9e86e5d7f578","type":"generate_cv","ms":111,"heapUsedMb":106,"heapDeltaMb":1,"heapLimitMb":4144,"rssMb":164,"rssDeltaMb":1}}
{"t":"2026-09-29T17:05:42.488Z","level":"info","msg":"task start","taskId":"9ae427aa-1a99-43da-b265-59e30f4839e5","taskType":"generate_cv","data":{"id":"9ae427aa-1a99-43da-b265-59e30f4839e5","type":"generate_cv","attempt":1,"workerId":"cv-tailoring","commit":null,"readyWaitMs":7,"heapUsedMb":107,"heapLimitMb":4144,"rssMb":160}}
{"t":"2026-09-29T17:05:42.651Z","level":"info","msg":"task done","taskId":"9ae427aa-1a99-43da-b265-59e30f4839e5","taskType":"generate_cv","data":{"id":"9ae427aa-1a99-43da-b265-59e30f4839e5","type":"generate_cv","ms":163,"heapUsedMb":110,"heapDeltaMb":3,"heapLimitMb":4144,"rssMb":161,"rssDeltaMb":1}}
{"t":"2026-09-29T17:05:42.787Z","level":"info","msg":"task start","taskId":"7354fd37-c614-40b7-b863-5d89c16ef5d0","taskType":"generate_cv","data":{"id":"7354fd37-c614-40b7-b863-5d89c16ef5d0","type":"generate_cv","attempt":1,"workerId":"cv-tailoring","commit":null,"readyWaitMs":23,"heapUsedMb":111,"heapLimitMb":4144,"rssMb":161}}
{"t":"2026-09-29T17:05:42.926Z","level":"info","msg":"task done","taskId":"7354fd37-c614-40b7-b863-5d89c16ef5d0","taskType":"generate_cv","data":{"id":"7354fd37-c614-40b7-b863-5d89c16ef5d0","type":"generate_cv","ms":139,"heapUsedMb":107,"heapDeltaMb":-4,"heapLimitMb":4144,"rssMb":161,"rssDeltaMb":0}}
{"t":"2026-09-29T17:05:42.982Z","level":"info","msg":"task start","taskId":"35281c79-cc5b-4fa6-abad-2223d7b9044a","taskType":"generate_cv","data":{"id":"35281c79-cc5b-4fa6-abad-2223d7b9044a","type":"generate_cv","attempt":1,"workerId":"cv-tailoring","commit":null,"readyWaitMs":6,"heapUsedMb":108,"heapLimitMb":4144,"rssMb":161}}
{"t":"2026-09-29T17:05:43.193Z","level":"info","msg":"task done","taskId":"35281c79-cc5b-4fa6-abad-2223d7b9044a","taskType":"generate_cv","data":{"id":"35281c79-cc5b-4fa6-abad-2223d7b9044a","type":"generate_cv","ms":211,"heapUsedMb":109,"heapDeltaMb":1,"heapLimitMb":4144,"rssMb":162,"rssDeltaMb":1}}
{"t":"2026-09-29T17:05:45.328Z","level":"warn","msg":"CV build will be retried","data":{"draftId":"9f0ea1b9-fabc-489b-9dd8-137f22ac0886","kind":"stalled","attempt":1,"maxAttempts":3}}
{"t":"2026-09-29T17:05:46.920Z","level":"info","msg":"task start","taskId":"b478ef63-d6f7-4f94-8f7a-8799faccb116","taskType":"generate_cv","data":{"id":"b478ef63-d6f7-4f94-8f7a-8799faccb116","type":"generate_cv","attempt":1,"workerId":"cv-tailoring","commit":null,"readyWaitMs":9,"heapUsedMb":119,"heapLimitMb":4144,"rssMb":126}}
{"t":"2026-09-29T17:05:47.162Z","level":"info","msg":"task done","taskId":"b478ef63-d6f7-4f94-8f7a-8799faccb116","taskType":"generate_cv","data":{"id":"b478ef63-d6f7-4f94-8f7a-8799faccb116","type":"generate_cv","ms":242,"heapUsedMb":110,"heapDeltaMb":-9,"heapLimitMb":4144,"rssMb":129,"rssDeltaMb":3}}
{"t":"2026-09-29T17:05:47.410Z","level":"info","msg":"task start","taskId":"c5de7444-b708-4ee9-bd41-5ac02f27eab0","taskType":"generate_cv","data":{"id":"c5de7444-b708-4ee9-bd41-5ac02f27eab0","type":"generate_cv","attempt":1,"workerId":"cv-tailoring","commit":null,"readyWaitMs":6,"heapUsedMb":111,"heapLimitMb":4144,"rssMb":117}}
{"t":"2026-09-29T17:05:47.727Z","level":"warn","msg":"CV build will be retried","taskId":"c5de7444-b708-4ee9-bd41-5ac02f27eab0","taskType":"generate_cv","data":{"draftId":"9433cebe-6f51-43a0-aad3-828b9edacf10","kind":"rate_limited","attempt":1,"maxAttempts":3}}
{"t":"2026-09-29T17:05:47.729Z","level":"warn","msg":"task retry","taskId":"c5de7444-b708-4ee9-bd41-5ac02f27eab0","taskType":"generate_cv","data":{"id":"c5de7444-b708-4ee9-bd41-5ac02f27eab0","type":"generate_cv","error":"The model provider asked us to slow down while writing the CV.","ms":319,"heapUsedMb":118,"heapDeltaMb":7,"heapLimitMb":4144,"rssMb":120,"rssDeltaMb":3}}
{"t":"2026-09-29T17:05:47.734Z","level":"info","msg":"task start","taskId":"c5de7444-b708-4ee9-bd41-5ac02f27eab0","taskType":"generate_cv","data":{"id":"c5de7444-b708-4ee9-bd41-5ac02f27eab0","type":"generate_cv","attempt":2,"workerId":"cv-tailoring","commit":null,"readyWaitMs":2,"heapUsedMb":118,"heapLimitMb":4144,"rssMb":120}}
{"t":"2026-09-29T17:05:48.981Z","level":"info","msg":"task done","taskId":"c5de7444-b708-4ee9-bd41-5ac02f27eab0","taskType":"generate_cv","data":{"id":"c5de7444-b708-4ee9-bd41-5ac02f27eab0","type":"generate_cv","ms":1247,"heapUsedMb":80,"heapDeltaMb":-38,"heapLimitMb":4144,"rssMb":136,"rssDeltaMb":16}}
{"t":"2026-09-29T17:05:49.067Z","level":"info","msg":"task start","taskId":"db99e6cc-ee7f-4dd6-8376-9c9cdaee5db6","taskType":"generate_cv","data":{"id":"db99e6cc-ee7f-4dd6-8376-9c9cdaee5db6","type":"generate_cv","attempt":1,"workerId":"cv-tailoring","commit":null,"readyWaitMs":6,"heapUsedMb":69,"heapLimitMb":4144,"rssMb":136}}
{"t":"2026-09-29T17:05:49.311Z","level":"warn","msg":"CV build will be retried","taskId":"db99e6cc-ee7f-4dd6-8376-9c9cdaee5db6","taskType":"generate_cv","data":{"draftId":"93037c3b-bdff-4ba6-89cf-821a5658b173","kind":"rate_limited","attempt":1,"maxAttempts":3}}
{"t":"2026-09-29T17:05:49.317Z","level":"warn","msg":"task retry","taskId":"db99e6cc-ee7f-4dd6-8376-9c9cdaee5db6","taskType":"generate_cv","data":{"id":"db99e6cc-ee7f-4dd6-8376-9c9cdaee5db6","type":"generate_cv","error":"The model provider asked us to slow down while writing the CV.","ms":250,"heapUsedMb":75,"heapDeltaMb":6,"heapLimitMb":4144,"rssMb":135,"rssDeltaMb":-1}}
{"t":"2026-09-29T17:05:49.324Z","level":"info","msg":"task start","taskId":"db99e6cc-ee7f-4dd6-8376-9c9cdaee5db6","taskType":"generate_cv","data":{"id":"db99e6cc-ee7f-4dd6-8376-9c9cdaee5db6","type":"generate_cv","attempt":2,"workerId":"cv-tailoring","commit":null,"readyWaitMs":4,"heapUsedMb":76,"heapLimitMb":4144,"rssMb":135}}
{"t":"2026-09-29T17:05:50.699Z","level":"info","msg":"task done","taskId":"db99e6cc-ee7f-4dd6-8376-9c9cdaee5db6","taskType":"generate_cv","data":{"id":"db99e6cc-ee7f-4dd6-8376-9c9cdaee5db6","type":"generate_cv","ms":1375,"heapUsedMb":71,"heapDeltaMb":-5,"heapLimitMb":4144,"rssMb":134,"rssDeltaMb":-1}}
{"t":"2026-09-29T17:05:50.746Z","level":"info","msg":"task start","taskId":"21f6375b-ba89-45bf-8e76-6191b82ae9b5","taskType":"generate_cv","data":{"id":"21f6375b-ba89-45bf-8e76-6191b82ae9b5","type":"generate_cv","attempt":1,"workerId":"cv-tailoring","commit":null,"readyWaitMs":4,"heapUsedMb":72,"heapLimitMb":4144,"rssMb":134}}
{"t":"2026-09-29T17:05:50.920Z","level":"info","msg":"task done","taskId":"21f6375b-ba89-45bf-8e76-6191b82ae9b5","taskType":"generate_cv","data":{"id":"21f6375b-ba89-45bf-8e76-6191b82ae9b5","type":"generate_cv","ms":174,"heapUsedMb":77,"heapDeltaMb":5,"heapLimitMb":4144,"rssMb":134,"rssDeltaMb":0}}
{"t":"2026-09-29T17:05:50.996Z","level":"info","msg":"task start","taskId":"a200e59e-6f1b-41ee-b402-01e501629968","taskType":"generate_cv","data":{"id":"a200e59e-6f1b-41ee-b402-01e501629968","type":"generate_cv","attempt":1,"workerId":"cv-tailoring","commit":null,"readyWaitMs":3,"heapUsedMb":78,"heapLimitMb":4144,"rssMb":134}}
{"t":"2026-09-29T17:05:51.159Z","level":"info","msg":"task done","taskId":"a200e59e-6f1b-41ee-b402-01e501629968","taskType":"generate_cv","data":{"id":"a200e59e-6f1b-41ee-b402-01e501629968","type":"generate_cv","ms":163,"heapUsedMb":80,"heapDeltaMb":2,"heapLimitMb":4144,"rssMb":135,"rssDeltaMb":1}}
{"t":"2026-09-29T17:05:51.207Z","level":"info","msg":"task start","taskId":"768eb6fb-5a19-45c2-89c8-a3f38d72121a","taskType":"generate_cv","data":{"id":"768eb6fb-5a19-45c2-89c8-a3f38d72121a","type":"generate_cv","attempt":1,"workerId":"cv-tailoring","commit":null,"readyWaitMs":4,"heapUsedMb":80,"heapLimitMb":4144,"rssMb":135}}
{"t":"2026-09-29T17:05:51.445Z","level":"info","msg":"task done","taskId":"768eb6fb-5a19-45c2-89c8-a3f38d72121a","taskType":"generate_cv","data":{"id":"768eb6fb-5a19-45c2-89c8-a3f38d72121a","type":"generate_cv","ms":238,"heapUsedMb":82,"heapDeltaMb":2,"heapLimitMb":4144,"rssMb":135,"rssDeltaMb":0}}
{"t":"2026-09-29T17:05:51.460Z","level":"info","msg":"task start","taskId":"5458048f-b919-4817-915a-030ec79bb864","taskType":"generate_cv","data":{"id":"5458048f-b919-4817-915a-030ec79bb864","type":"generate_cv","attempt":1,"workerId":"cv-tailoring","commit":null,"readyWaitMs":7,"heapUsedMb":83,"heapLimitMb":4144,"rssMb":135}}
{"t":"2026-09-29T17:05:51.650Z","level":"info","msg":"task done","taskId":"5458048f-b919-4817-915a-030ec79bb864","taskType":"generate_cv","data":{"id":"5458048f-b919-4817-915a-030ec79bb864","type":"generate_cv","ms":190,"heapUsedMb":78,"heapDeltaMb":-5,"heapLimitMb":4144,"rssMb":137,"rssDeltaMb":2}}
{"t":"2026-09-29T17:05:51.659Z","level":"info","msg":"task start","taskId":"f3c07623-7f8a-4470-9d9c-b49e900fe704","taskType":"generate_cv","data":{"id":"f3c07623-7f8a-4470-9d9c-b49e900fe704","type":"generate_cv","attempt":1,"workerId":"cv-tailoring","commit":null,"readyWaitMs":5,"heapUsedMb":79,"heapLimitMb":4144,"rssMb":137}}
{"t":"2026-09-29T17:05:51.762Z","level":"info","msg":"task done","taskId":"f3c07623-7f8a-4470-9d9c-b49e900fe704","taskType":"generate_cv","data":{"id":"f3c07623-7f8a-4470-9d9c-b49e900fe704","type":"generate_cv","ms":103,"heapUsedMb":85,"heapDeltaMb":6,"heapLimitMb":4144,"rssMb":137,"rssDeltaMb":0}}
{"t":"2026-09-29T17:05:51.818Z","level":"info","msg":"task start","taskId":"a962354b-652a-4cdc-958a-34aab87beb9d","taskType":"generate_cv","data":{"id":"a962354b-652a-4cdc-958a-34aab87beb9d","type":"generate_cv","attempt":1,"workerId":"cv-tailoring","commit":null,"readyWaitMs":3,"heapUsedMb":86,"heapLimitMb":4144,"rssMb":137}}
{"t":"2026-09-29T17:05:51.930Z","level":"info","msg":"task done","taskId":"a962354b-652a-4cdc-958a-34aab87beb9d","taskType":"generate_cv","data":{"id":"a962354b-652a-4cdc-958a-34aab87beb9d","type":"generate_cv","ms":112,"heapUsedMb":85,"heapDeltaMb":-1,"heapLimitMb":4144,"rssMb":137,"rssDeltaMb":0}}
{"t":"2026-09-29T17:05:53.601Z","level":"info","msg":"slow database query","data":{"durationMs":252,"statement":"truncate tasks, companies, career_sources, jobs, settings, user_settings, company_subscriptions, user_jobs, job_events, "}}
{"t":"2026-09-29T17:05:53.709Z","level":"info","msg":"score batch sent","data":{"batchId":"msgbatch_0001","requests":3,"accounts":2}}
{"t":"2026-09-29T17:05:53.999Z","level":"info","msg":"slow database query","data":{"durationMs":250,"statement":"truncate tasks, companies, career_sources, jobs, settings, user_settings, company_subscriptions, user_jobs, job_events, "}}
{"t":"2026-09-29T17:05:54.152Z","level":"info","msg":"score batch sent","data":{"batchId":"msgbatch_0001","requests":1,"accounts":1}}
{"t":"2026-09-29T17:05:54.569Z","level":"info","msg":"slow database query","data":{"durationMs":407,"statement":"truncate tasks, companies, career_sources, jobs, settings, user_settings, company_subscriptions, user_jobs, job_events, "}}
{"t":"2026-09-29T17:05:54.822Z","level":"warn","msg":"score batch not sent; roles handed back to live scoring","data":{"roles":1,"error":"batch endpoint unavailable"}}
{"t":"2026-09-29T17:05:55.086Z","level":"info","msg":"task start","taskId":"2d0a446f-a772-4cb0-a75d-8064ad73133d","taskType":"score_job","data":{"id":"2d0a446f-a772-4cb0-a75d-8064ad73133d","type":"score_job","attempt":1,"workerId":"live-test","commit":null,"readyWaitMs":67,"heapUsedMb":87,"heapLimitMb":4144,"rssMb":149}}
{"t":"2026-09-29T17:05:55.134Z","level":"info","msg":"task done","taskId":"2d0a446f-a772-4cb0-a75d-8064ad73133d","taskType":"score_job","data":{"id":"2d0a446f-a772-4cb0-a75d-8064ad73133d","type":"score_job","ms":49,"heapUsedMb":89,"heapDeltaMb":2,"heapLimitMb":4144,"rssMb":150,"rssDeltaMb":1}}
{"t":"2026-09-29T17:05:55.345Z","level":"info","msg":"task start","taskId":"428dc608-ca06-4db4-bfab-b6181c035467","taskType":"score_job","data":{"id":"428dc608-ca06-4db4-bfab-b6181c035467","type":"score_job","attempt":1,"workerId":"batch-test","commit":null,"readyWaitMs":3,"heapUsedMb":91,"heapLimitMb":4144,"rssMb":150}}
{"t":"2026-09-29T17:05:55.385Z","level":"info","msg":"task done","taskId":"428dc608-ca06-4db4-bfab-b6181c035467","taskType":"score_job","data":{"id":"428dc608-ca06-4db4-bfab-b6181c035467","type":"score_job","ms":40,"heapUsedMb":93,"heapDeltaMb":2,"heapLimitMb":4144,"rssMb":150,"rssDeltaMb":0}}
{"t":"2026-09-29T17:05:55.828Z","level":"info","msg":"score batch sent","data":{"batchId":"msgbatch_0001","requests":1,"accounts":1}}
{"t":"2026-09-29T17:05:55.833Z","level":"info","msg":"task start","taskId":"34626970-e8b8-419a-955a-c7f3936f1d70","taskType":"score_job","data":{"id":"34626970-e8b8-419a-955a-c7f3936f1d70","type":"score_job","attempt":1,"workerId":"live-mixed","commit":null,"readyWaitMs":174,"heapUsedMb":89,"heapLimitMb":4144,"rssMb":139}}
{"t":"2026-09-29T17:05:55.911Z","level":"info","msg":"task done","taskId":"34626970-e8b8-419a-955a-c7f3936f1d70","taskType":"score_job","data":{"id":"34626970-e8b8-419a-955a-c7f3936f1d70","type":"score_job","ms":77,"heapUsedMb":91,"heapDeltaMb":2,"heapLimitMb":4144,"rssMb":125,"rssDeltaMb":-14}}
{"t":"2026-09-29T17:05:55.920Z","level":"info","msg":"task start","taskId":"456ae435-2e76-4f74-b399-37a09650433f","taskType":"score_job","data":{"id":"456ae435-2e76-4f74-b399-37a09650433f","type":"score_job","attempt":1,"workerId":"live-mixed","commit":null,"readyWaitMs":246,"heapUsedMb":91,"heapLimitMb":4144,"rssMb":125}}
{"t":"2026-09-29T17:05:55.994Z","level":"info","msg":"task done","taskId":"456ae435-2e76-4f74-b399-37a09650433f","taskType":"score_job","data":{"id":"456ae435-2e76-4f74-b399-37a09650433f","type":"score_job","ms":74,"heapUsedMb":93,"heapDeltaMb":2,"heapLimitMb":4144,"rssMb":124,"rssDeltaMb":-1}}
{"t":"2026-09-29T17:05:56.389Z","level":"info","msg":"slow database query","data":{"durationMs":376,"statement":"truncate tasks, companies, career_sources, jobs, settings, user_settings, company_subscriptions, user_jobs, job_events, "}}
{"t":"2026-09-29T17:05:56.851Z","level":"info","msg":"slow database query","data":{"durationMs":430,"statement":"truncate tasks, companies, career_sources, jobs, settings, user_settings, company_subscriptions, user_jobs, job_events, "}}
{"t":"2026-09-29T17:05:57.201Z","level":"info","msg":"slow database query","data":{"durationMs":282,"statement":"truncate tasks, companies, career_sources, jobs, settings, user_settings, company_subscriptions, user_jobs, job_events, "}}
{"t":"2026-09-29T17:05:57.674Z","level":"info","msg":"slow database query","data":{"durationMs":351,"statement":"truncate tasks, companies, career_sources, jobs, settings, user_settings, company_subscriptions, user_jobs, job_events, "}}
{"t":"2026-09-29T17:05:57.826Z","level":"warn","msg":"score batch not sent; roles handed back to live scoring","data":{"roles":1,"error":"batch endpoint unavailable"}}
{"t":"2026-09-29T17:05:58.179Z","level":"info","msg":"slow database query","data":{"durationMs":321,"statement":"truncate tasks, companies, career_sources, jobs, settings, user_settings, company_subscriptions, user_jobs, job_events, "}}
{"t":"2026-09-29T17:05:58.626Z","level":"info","msg":"slow database query","data":{"durationMs":371,"statement":"truncate tasks, companies, career_sources, jobs, settings, user_settings, company_subscriptions, user_jobs, job_events, "}}
{"t":"2026-09-29T17:05:58.721Z","level":"info","msg":"score batch sent","data":{"batchId":"msgbatch_0001","requests":1,"accounts":1}}
{"t":"2026-09-29T17:05:58.738Z","level":"info","msg":"task start","taskId":"c9d58db4-32ea-4644-8f08-885d4506fc49","taskType":"poll_score_batch","data":{"id":"c9d58db4-32ea-4644-8f08-885d4506fc49","type":"poll_score_batch","attempt":1,"workerId":"poll-q","commit":null,"readyWaitMs":17,"heapUsedMb":96,"heapLimitMb":4144,"rssMb":90}}
{"t":"2026-09-29T17:05:58.743Z","level":"info","msg":"task deferred","taskId":"c9d58db4-32ea-4644-8f08-885d4506fc49","taskType":"poll_score_batch","data":{"id":"c9d58db4-32ea-4644-8f08-885d4506fc49","type":"poll_score_batch","until":"2026-09-29T17:06:58.739Z","ms":5}}
{"t":"2026-09-29T17:05:59.067Z","level":"info","msg":"slow database query","data":{"durationMs":321,"statement":"truncate tasks, companies, career_sources, jobs, settings, user_settings, company_subscriptions, user_jobs, job_events, "}}
{"t":"2026-09-29T17:05:59.128Z","level":"info","msg":"score batch sent","data":{"batchId":"msgbatch_0001","requests":1,"accounts":1}}
{"t":"2026-09-29T17:05:59.142Z","level":"info","msg":"score batch applied","data":{"batchId":"msgbatch_0001","scored":1,"unscored":0,"stale":0,"failed":0,"expired":0,"canceled":0,"applied":0,"requeued":0}}
{"t":"2026-09-29T17:05:59.336Z","level":"info","msg":"score batch sent","data":{"batchId":"msgbatch_0001","requests":1,"accounts":1}}
{"t":"2026-09-29T17:05:59.343Z","level":"info","msg":"score batch applied","data":{"batchId":"msgbatch_0001","scored":0,"unscored":0,"stale":0,"failed":0,"expired":1,"canceled":0,"applied":0,"requeued":1}}
{"t":"2026-09-29T17:05:59.502Z","level":"info","msg":"score batch sent","data":{"batchId":"msgbatch_0001","requests":1,"accounts":1}}
{"t":"2026-09-29T17:05:59.510Z","level":"info","msg":"score batch applied","data":{"batchId":"msgbatch_0001","scored":0,"unscored":0,"stale":0,"failed":1,"expired":0,"canceled":0,"applied":0,"requeued":1}}
{"t":"2026-09-29T17:05:59.769Z","level":"info","msg":"score batch sent","data":{"batchId":"msgbatch_0001","requests":4,"accounts":2}}
{"t":"2026-09-29T17:05:59.780Z","level":"info","msg":"score batch applied","data":{"batchId":"msgbatch_0001","scored":2,"unscored":0,"stale":0,"failed":0,"expired":1,"canceled":0,"applied":0,"requeued":2}}
{"t":"2026-09-29T17:05:59.786Z","level":"info","msg":"score batch applied","data":{"batchId":"msgbatch_0001","scored":0,"unscored":0,"stale":0,"failed":0,"expired":1,"canceled":0,"applied":2,"requeued":2}}
{"t":"2026-09-29T17:06:00.024Z","level":"info","msg":"score batch sent","data":{"batchId":"msgbatch_0001","requests":2,"accounts":1}}
{"t":"2026-09-29T17:06:00.041Z","level":"info","msg":"score batch applied","data":{"batchId":"msgbatch_0001","scored":1,"unscored":0,"stale":0,"failed":0,"expired":0,"canceled":0,"applied":0,"requeued":1}}
{"t":"2026-09-29T17:06:00.315Z","level":"info","msg":"score batch sent","data":{"batchId":"msgbatch_0001","requests":3,"accounts":2}}
{"t":"2026-09-29T17:06:00.329Z","level":"info","msg":"score batch applied","data":{"batchId":"msgbatch_0001","scored":3,"unscored":0,"stale":0,"failed":0,"expired":0,"canceled":0,"applied":0,"requeued":0}}
{"t":"2026-09-29T17:06:00.465Z","level":"info","msg":"score batch sent","data":{"batchId":"msgbatch_0001","requests":1,"accounts":1}}
{"t":"2026-09-29T17:06:00.470Z","level":"info","msg":"score batch applied","data":{"batchId":"msgbatch_0001","scored":0,"unscored":0,"stale":1,"failed":0,"expired":0,"canceled":0,"applied":0,"requeued":0}}
{"t":"2026-09-29T17:06:00.672Z","level":"info","msg":"score batch sent","data":{"batchId":"msgbatch_0001","requests":2,"accounts":2}}
{"t":"2026-09-29T17:06:00.690Z","level":"info","msg":"score batch applied","data":{"batchId":"msgbatch_0001","scored":2,"unscored":0,"stale":0,"failed":0,"expired":0,"canceled":0,"applied":0,"requeued":0}}
{"t":"2026-09-29T17:06:00.842Z","level":"info","msg":"score batch sent","data":{"batchId":"msgbatch_0001","requests":1,"accounts":1}}
{"t":"2026-09-29T17:06:00.845Z","level":"error","msg":"gave up on a scoring batch; its roles are scored live and any cost it ran up is not in the ledger","data":{"batchId":"msgbatch_0001","taskId":"13a9e07f-ff0e-4311-8ccc-9741d4c14f83","roles":1,"requeued":1,"reason":"provider unreachable"}}
{"t":"2026-09-29T17:06:01.016Z","level":"info","msg":"task start","taskId":"8931675f-06ad-4aaf-a6b0-a1e3c89d1330","taskType":"collect_score_batch","data":{"id":"8931675f-06ad-4aaf-a6b0-a1e3c89d1330","type":"collect_score_batch","attempt":1,"workerId":"batch-queue","commit":null,"readyWaitMs":32,"heapUsedMb":66,"heapLimitMb":4144,"rssMb":113}}
{"t":"2026-09-29T17:06:01.060Z","level":"info","msg":"score batch sent","taskId":"8931675f-06ad-4aaf-a6b0-a1e3c89d1330","taskType":"collect_score_batch","data":{"batchId":"msgbatch_0001","requests":3,"accounts":2}}
{"t":"2026-09-29T17:06:01.061Z","level":"info","msg":"task done","taskId":"8931675f-06ad-4aaf-a6b0-a1e3c89d1330","taskType":"collect_score_batch","data":{"id":"8931675f-06ad-4aaf-a6b0-a1e3c89d1330","type":"collect_score_batch","ms":45,"heapUsedMb":66,"heapDeltaMb":0,"heapLimitMb":4144,"rssMb":113,"rssDeltaMb":0}}
{"t":"2026-09-29T17:06:01.063Z","level":"info","msg":"task start","taskId":"375830e1-4d49-4a1e-a817-c5ffa8da1422","taskType":"poll_score_batch","data":{"id":"375830e1-4d49-4a1e-a817-c5ffa8da1422","type":"poll_score_batch","attempt":1,"workerId":"batch-queue","commit":null,"readyWaitMs":2,"heapUsedMb":67,"heapLimitMb":4144,"rssMb":113}}
{"t":"2026-09-29T17:06:01.065Z","level":"info","msg":"task deferred","taskId":"375830e1-4d49-4a1e-a817-c5ffa8da1422","taskType":"poll_score_batch","data":{"id":"375830e1-4d49-4a1e-a817-c5ffa8da1422","type":"poll_score_batch","until":"2026-09-29T17:07:01.064Z","ms":2}}
{"t":"2026-09-29T17:06:01.070Z","level":"info","msg":"task start","taskId":"375830e1-4d49-4a1e-a817-c5ffa8da1422","taskType":"poll_score_batch","data":{"id":"375830e1-4d49-4a1e-a817-c5ffa8da1422","type":"poll_score_batch","attempt":1,"workerId":"batch-queue","commit":null,"readyWaitMs":3,"heapUsedMb":67,"heapLimitMb":4144,"rssMb":113}}
{"t":"2026-09-29T17:06:01.084Z","level":"info","msg":"score batch applied","taskId":"375830e1-4d49-4a1e-a817-c5ffa8da1422","taskType":"poll_score_batch","data":{"batchId":"msgbatch_0001","scored":2,"unscored":0,"stale":0,"failed":0,"expired":1,"canceled":0,"applied":0,"requeued":1}}
{"t":"2026-09-29T17:06:01.086Z","level":"info","msg":"task done","taskId":"375830e1-4d49-4a1e-a817-c5ffa8da1422","taskType":"poll_score_batch","data":{"id":"375830e1-4d49-4a1e-a817-c5ffa8da1422","type":"poll_score_batch","ms":16,"heapUsedMb":69,"heapDeltaMb":2,"heapLimitMb":4144,"rssMb":114,"rssDeltaMb":1}}
{"t":"2026-09-29T17:06:01.088Z","level":"info","msg":"task start","taskId":"c0d52ca2-8c6a-4868-9eec-0f4bc01dd9de","taskType":"score_job","data":{"id":"c0d52ca2-8c6a-4868-9eec-0f4bc01dd9de","type":"score_job","attempt":1,"workerId":"batch-queue","commit":null,"readyWaitMs":10,"heapUsedMb":69,"heapLimitMb":4144,"rssMb":114}}
{"t":"2026-09-29T17:06:01.120Z","level":"info","msg":"task done","taskId":"c0d52ca2-8c6a-4868-9eec-0f4bc01dd9de","taskType":"score_job","data":{"id":"c0d52ca2-8c6a-4868-9eec-0f4bc01dd9de","type":"score_job","ms":32,"heapUsedMb":68,"heapDeltaMb":-1,"heapLimitMb":4144,"rssMb":115,"rssDeltaMb":1}}
{"t":"2026-09-29T17:06:01.971Z","level":"info","msg":"task start","taskId":"1d55b771-aa50-447c-8a92-8ea2bdb50cbd","taskType":"generate_cv","data":{"id":"1d55b771-aa50-447c-8a92-8ea2bdb50cbd","type":"generate_cv","attempt":1,"workerId":"cv-pod","commit":null,"readyWaitMs":8,"heapUsedMb":88,"heapLimitMb":4144,"rssMb":199}}
{"t":"2026-09-29T17:06:02.144Z","level":"info","msg":"task done","taskId":"1d55b771-aa50-447c-8a92-8ea2bdb50cbd","taskType":"generate_cv","data":{"id":"1d55b771-aa50-447c-8a92-8ea2bdb50cbd","type":"generate_cv","ms":173,"heapUsedMb":95,"heapDeltaMb":7,"heapLimitMb":4144,"rssMb":204,"rssDeltaMb":5}}
{"t":"2026-09-29T17:06:02.199Z","level":"info","msg":"task start","taskId":"e29df8c4-8c94-4301-a29e-e783de1e0173","taskType":"generate_cv","data":{"id":"e29df8c4-8c94-4301-a29e-e783de1e0173","type":"generate_cv","attempt":1,"workerId":"cv-pod","commit":null,"readyWaitMs":3,"heapUsedMb":96,"heapLimitMb":4144,"rssMb":204}}
{"t":"2026-09-29T17:06:02.259Z","level":"warn","msg":"CV build will be retried","taskId":"e29df8c4-8c94-4301-a29e-e783de1e0173","taskType":"generate_cv","data":{"draftId":"fc397423-fca5-46d4-82b1-27e14e9e7206","kind":"rate_limited","attempt":1,"maxAttempts":3}}
{"t":"2026-09-29T17:06:02.262Z","level":"warn","msg":"task retry","taskId":"e29df8c4-8c94-4301-a29e-e783de1e0173","taskType":"generate_cv","data":{"id":"e29df8c4-8c94-4301-a29e-e783de1e0173","type":"generate_cv","error":"The model provider asked us to slow down while writing the CV.","ms":63,"heapUsedMb":102,"heapDeltaMb":6,"heapLimitMb":4144,"rssMb":205,"rssDeltaMb":1}}
{"t":"2026-09-29T17:06:02.268Z","level":"info","msg":"task start","taskId":"e29df8c4-8c94-4301-a29e-e783de1e0173","taskType":"generate_cv","data":{"id":"e29df8c4-8c94-4301-a29e-e783de1e0173","type":"generate_cv","attempt":2,"workerId":"cv-pod","commit":null,"readyWaitMs":2,"heapUsedMb":91,"heapLimitMb":4144,"rssMb":205}}
{"t":"2026-09-29T17:06:03.424Z","level":"info","msg":"task done","taskId":"e29df8c4-8c94-4301-a29e-e783de1e0173","taskType":"generate_cv","data":{"id":"e29df8c4-8c94-4301-a29e-e783de1e0173","type":"generate_cv","ms":1156,"heapUsedMb":101,"heapDeltaMb":10,"heapLimitMb":4144,"rssMb":204,"rssDeltaMb":-1}}
{"t":"2026-09-29T17:06:03.474Z","level":"info","msg":"task start","taskId":"62706260-5f59-447c-8fa2-b7d83c33d763","taskType":"generate_cv","data":{"id":"62706260-5f59-447c-8fa2-b7d83c33d763","type":"generate_cv","attempt":1,"workerId":"cv-pod","commit":null,"readyWaitMs":3,"heapUsedMb":103,"heapLimitMb":4144,"rssMb":204}}
{"t":"2026-09-29T17:06:03.540Z","level":"warn","msg":"CV build will be retried","taskId":"62706260-5f59-447c-8fa2-b7d83c33d763","taskType":"generate_cv","data":{"draftId":"3e7b549a-86da-4c2d-b985-1912af566813","kind":"refused","attempt":1,"maxAttempts":3}}
{"t":"2026-09-29T17:06:03.543Z","level":"warn","msg":"task retry","taskId":"62706260-5f59-447c-8fa2-b7d83c33d763","taskType":"generate_cv","data":{"id":"62706260-5f59-447c-8fa2-b7d83c33d763","type":"generate_cv","error":"The model declined to answer while writing the CV (attempt 1 of 3).","ms":69,"heapUsedMb":96,"heapDeltaMb":-7,"heapLimitMb":4144,"rssMb":205,"rssDeltaMb":1}}
{"t":"2026-09-29T17:06:03.545Z","level":"info","msg":"task start","taskId":"62706260-5f59-447c-8fa2-b7d83c33d763","taskType":"generate_cv","data":{"id":"62706260-5f59-447c-8fa2-b7d83c33d763","type":"generate_cv","attempt":2,"workerId":"cv-pod","commit":null,"readyWaitMs":2,"heapUsedMb":97,"heapLimitMb":4144,"rssMb":205}}
{"t":"2026-09-29T17:06:03.584Z","level":"warn","msg":"CV generation failed","taskId":"62706260-5f59-447c-8fa2-b7d83c33d763","taskType":"generate_cv","data":{"draftId":"3e7b549a-86da-4c2d-b985-1912af566813","kind":"refused","resolvedBy":"user","attempt":2}}
{"t":"2026-09-29T17:06:03.587Z","level":"info","msg":"task done","taskId":"62706260-5f59-447c-8fa2-b7d83c33d763","taskType":"generate_cv","data":{"id":"62706260-5f59-447c-8fa2-b7d83c33d763","type":"generate_cv","ms":42,"heapUsedMb":101,"heapDeltaMb":4,"heapLimitMb":4144,"rssMb":205,"rssDeltaMb":0}}
{"t":"2026-09-29T17:06:03.631Z","level":"info","msg":"task start","taskId":"04974680-141b-42c0-a4ba-33bb035da7ea","taskType":"generate_cv","data":{"id":"04974680-141b-42c0-a4ba-33bb035da7ea","type":"generate_cv","attempt":1,"workerId":"cv-pod","commit":null,"readyWaitMs":2,"heapUsedMb":102,"heapLimitMb":4144,"rssMb":205}}
{"t":"2026-09-29T17:06:03.683Z","level":"warn","msg":"CV build will be retried","taskId":"04974680-141b-42c0-a4ba-33bb035da7ea","taskType":"generate_cv","data":{"draftId":"ac607b74-a0b3-4195-bf74-bec9c76d3b4c","kind":"output_limit","attempt":1,"maxAttempts":3}}
{"t":"2026-09-29T17:06:03.687Z","level":"warn","msg":"task retry","taskId":"04974680-141b-42c0-a4ba-33bb035da7ea","taskType":"generate_cv","data":{"id":"04974680-141b-42c0-a4ba-33bb035da7ea","type":"generate_cv","error":"The model ran out of room for its answer while writing the CV (attempt 1 of 3).","ms":56,"heapUsedMb":96,"heapDeltaMb":-6,"heapLimitMb":4144,"rssMb":207,"rssDeltaMb":2}}
{"t":"2026-09-29T17:06:03.691Z","level":"info","msg":"task start","taskId":"04974680-141b-42c0-a4ba-33bb035da7ea","taskType":"generate_cv","data":{"id":"04974680-141b-42c0-a4ba-33bb035da7ea","type":"generate_cv","attempt":2,"workerId":"cv-pod","commit":null,"readyWaitMs":4,"heapUsedMb":96,"heapLimitMb":4144,"rssMb":207}}
{"t":"2026-09-29T17:06:03.740Z","level":"warn","msg":"CV generation failed","taskId":"04974680-141b-42c0-a4ba-33bb035da7ea","taskType":"generate_cv","data":{"draftId":"ac607b74-a0b3-4195-bf74-bec9c76d3b4c","kind":"output_limit","resolvedBy":"user","attempt":2}}
{"t":"2026-09-29T17:06:03.743Z","level":"info","msg":"task done","taskId":"04974680-141b-42c0-a4ba-33bb035da7ea","taskType":"generate_cv","data":{"id":"04974680-141b-42c0-a4ba-33bb035da7ea","type":"generate_cv","ms":53,"heapUsedMb":100,"heapDeltaMb":4,"heapLimitMb":4144,"rssMb":207,"rssDeltaMb":0}}
{"t":"2026-09-29T17:06:03.787Z","level":"info","msg":"task start","taskId":"319b2f78-ae07-4b8f-b7d9-16bfac366115","taskType":"generate_cv","data":{"id":"319b2f78-ae07-4b8f-b7d9-16bfac366115","type":"generate_cv","attempt":1,"workerId":"cv-pod","commit":null,"readyWaitMs":3,"heapUsedMb":101,"heapLimitMb":4144,"rssMb":207}}
{"t":"2026-09-29T17:06:03.936Z","level":"info","msg":"task done","taskId":"319b2f78-ae07-4b8f-b7d9-16bfac366115","taskType":"generate_cv","data":{"id":"319b2f78-ae07-4b8f-b7d9-16bfac366115","type":"generate_cv","ms":149,"heapUsedMb":103,"heapDeltaMb":2,"heapLimitMb":4144,"rssMb":208,"rssDeltaMb":1}}
{"t":"2026-09-29T17:06:04.015Z","level":"info","msg":"task start","taskId":"40473a8e-34ce-46d9-a5c0-35d33d60d4c3","taskType":"generate_cv","data":{"id":"40473a8e-34ce-46d9-a5c0-35d33d60d4c3","type":"generate_cv","attempt":1,"workerId":"cv-pod","commit":null,"readyWaitMs":4,"heapUsedMb":104,"heapLimitMb":4144,"rssMb":208}}
{"t":"2026-09-29T17:06:04.064Z","level":"warn","msg":"CV generation failed","taskId":"40473a8e-34ce-46d9-a5c0-35d33d60d4c3","taskType":"generate_cv","data":{"draftId":"d03b196c-c264-438a-bbca-ccd83085f329","kind":"budget_exhausted","resolvedBy":"user","attempt":1}}
{"t":"2026-09-29T17:06:04.070Z","level":"info","msg":"task done","taskId":"40473a8e-34ce-46d9-a5c0-35d33d60d4c3","taskType":"generate_cv","data":{"id":"40473a8e-34ce-46d9-a5c0-35d33d60d4c3","type":"generate_cv","ms":55,"heapUsedMb":106,"heapDeltaMb":2,"heapLimitMb":4144,"rssMb":202,"rssDeltaMb":-6}}
{"t":"2026-09-29T17:06:04.159Z","level":"info","msg":"task start","taskId":"f4ba918b-d459-4f1d-a4bf-237b87b68ab3","taskType":"generate_cv","data":{"id":"f4ba918b-d459-4f1d-a4bf-237b87b68ab3","type":"generate_cv","attempt":1,"workerId":"cv-pod","commit":null,"readyWaitMs":6,"heapUsedMb":107,"heapLimitMb":4144,"rssMb":200}}
{"t":"2026-09-29T17:06:04.448Z","level":"warn","msg":"CV generation failed","taskId":"f4ba918b-d459-4f1d-a4bf-237b87b68ab3","taskType":"generate_cv","data":{"draftId":"b4f96f06-5eac-4f71-8bea-62fff9e4973f","kind":"page_limit_unfittable","resolvedBy":"user","attempt":1}}
{"t":"2026-09-29T17:06:04.451Z","level":"info","msg":"task done","taskId":"f4ba918b-d459-4f1d-a4bf-237b87b68ab3","taskType":"generate_cv","data":{"id":"f4ba918b-d459-4f1d-a4bf-237b87b68ab3","type":"generate_cv","ms":292,"heapUsedMb":109,"heapDeltaMb":2,"heapLimitMb":4144,"rssMb":204,"rssDeltaMb":4}}
{"t":"2026-09-29T17:06:04.498Z","level":"info","msg":"task start","taskId":"44e09795-3654-4c8b-b373-1dda5f8a15d4","taskType":"generate_cv","data":{"id":"44e09795-3654-4c8b-b373-1dda5f8a15d4","type":"generate_cv","attempt":1,"workerId":"cv-pod","commit":null,"readyWaitMs":3,"heapUsedMb":110,"heapLimitMb":4144,"rssMb":204}}
{"t":"2026-09-29T17:06:04.620Z","level":"warn","msg":"CV build will be retried","taskId":"44e09795-3654-4c8b-b373-1dda5f8a15d4","taskType":"generate_cv","data":{"draftId":"3fce4c88-ad85-4b56-9297-e95e49e48b9c","kind":"overloaded","attempt":1,"maxAttempts":3}}
{"t":"2026-09-29T17:06:04.624Z","level":"warn","msg":"task retry","taskId":"44e09795-3654-4c8b-b373-1dda5f8a15d4","taskType":"generate_cv","data":{"id":"44e09795-3654-4c8b-b373-1dda5f8a15d4","type":"generate_cv","error":"The model provider was overloaded while checking the CV against your evidence (HTTP 529).","ms":126,"heapUsedMb":107,"heapDeltaMb":-3,"heapLimitMb":4144,"rssMb":204,"rssDeltaMb":0}}
{"t":"2026-09-29T17:06:04.628Z","level":"info","msg":"task start","taskId":"44e09795-3654-4c8b-b373-1dda5f8a15d4","taskType":"generate_cv","data":{"id":"44e09795-3654-4c8b-b373-1dda5f8a15d4","type":"generate_cv","attempt":2,"workerId":"cv-pod","commit":null,"readyWaitMs":2,"heapUsedMb":107,"heapLimitMb":4144,"rssMb":204}}
{"t":"2026-09-29T17:06:05.888Z","level":"info","msg":"task done","taskId":"44e09795-3654-4c8b-b373-1dda5f8a15d4","taskType":"generate_cv","data":{"id":"44e09795-3654-4c8b-b373-1dda5f8a15d4","type":"generate_cv","ms":1260,"heapUsedMb":103,"heapDeltaMb":-4,"heapLimitMb":4144,"rssMb":151,"rssDeltaMb":-53}}
{"t":"2026-09-29T17:06:05.984Z","level":"info","msg":"task start","taskId":"0f3fc635-e01d-4e64-a13e-f9fd14bcf4cf","taskType":"generate_cv","data":{"id":"0f3fc635-e01d-4e64-a13e-f9fd14bcf4cf","type":"generate_cv","attempt":2,"workerId":"cv-pod","commit":null,"readyWaitMs":5,"heapUsedMb":104,"heapLimitMb":4144,"rssMb":148}}
{"t":"2026-09-29T17:06:06.060Z","level":"info","msg":"task done","taskId":"0f3fc635-e01d-4e64-a13e-f9fd14bcf4cf","taskType":"generate_cv","data":{"id":"0f3fc635-e01d-4e64-a13e-f9fd14bcf4cf","type":"generate_cv","ms":76,"heapUsedMb":109,"heapDeltaMb":5,"heapLimitMb":4144,"rssMb":148,"rssDeltaMb":0}}
{"t":"2026-09-29T17:06:06.122Z","level":"warn","msg":"task abandoned","data":{"id":"d7582cf6-8560-40b4-a1d2-e9525f9d03a0","type":"generate_cv","attempts":3,"lockedBy":"dead-pod#0","error":"worker lost while running this task (attempt 3 of 3); not retried"}}
{"t":"2026-09-29T17:06:06.129Z","level":"warn","msg":"cv draft failed by the worker that gave up on its task","data":{"draftId":"4b8ad3a6-c531-4b91-8f01-deab79efc0ab","taskId":"d7582cf6-8560-40b4-a1d2-e9525f9d03a0","userId":"5adb0bf7-602d-42ad-8fd7-bf78e00ff88a"}}
{"t":"2026-09-29T17:06:06.129Z","level":"warn","msg":"released the abandoned build's AI holds","data":{"draftId":"4b8ad3a6-c531-4b91-8f01-deab79efc0ab","userId":"5adb0bf7-602d-42ad-8fd7-bf78e00ff88a","count":1,"amountUsd":3.06}}
{"t":"2026-09-29T17:06:06.251Z","level":"warn","msg":"task abandoned","data":{"id":"d92af123-e1ad-41f4-82c8-6e93324e7519","type":"generate_cv","attempts":3,"lockedBy":"dead-pod#0","error":"worker lost while running this task (attempt 3 of 3); not retried"}}
{"t":"2026-09-29T17:06:06.261Z","level":"warn","msg":"cv draft failed by the worker that gave up on its task","data":{"draftId":"94fbffdf-bf7c-4574-bf0c-df746dec7cc5","taskId":"d92af123-e1ad-41f4-82c8-6e93324e7519","userId":"5adb0bf7-602d-42ad-8fd7-bf78e00ff88a"}}
{"t":"2026-09-29T17:06:06.261Z","level":"warn","msg":"released the abandoned build's AI holds","data":{"draftId":"94fbffdf-bf7c-4574-bf0c-df746dec7cc5","userId":"5adb0bf7-602d-42ad-8fd7-bf78e00ff88a","count":1,"amountUsd":3}}
{"t":"2026-09-29T17:06:06.384Z","level":"info","msg":"task start","taskId":"289d90e2-69fe-4efc-8757-e3bb891a02e0","taskType":"generate_cv","data":{"id":"289d90e2-69fe-4efc-8757-e3bb891a02e0","type":"generate_cv","attempt":1,"workerId":"cv-pod","commit":null,"readyWaitMs":5,"heapUsedMb":113,"heapLimitMb":4144,"rssMb":146}}
{"t":"2026-09-29T17:06:06.560Z","level":"info","msg":"task done","taskId":"289d90e2-69fe-4efc-8757-e3bb891a02e0","taskType":"generate_cv","data":{"id":"289d90e2-69fe-4efc-8757-e3bb891a02e0","type":"generate_cv","ms":176,"heapUsedMb":113,"heapDeltaMb":0,"heapLimitMb":4144,"rssMb":148,"rssDeltaMb":2}}
{"t":"2026-09-29T17:06:06.810Z","level":"warn","msg":"CV build journal stopped","data":{"draftId":"d9312696-3906-455d-9ee7-f1c4e05a67e8","attempt":1,"loss":"hold"}}
{"t":"2026-09-29T17:06:06.811Z","level":"warn","msg":"CV build journal stopped","data":{"draftId":"d9312696-3906-455d-9ee7-f1c4e05a67e8","attempt":1,"loss":"fenced"}}
{"t":"2026-09-29T17:06:06.817Z","level":"warn","msg":"CV build step could not be opened","data":{"draftId":"d9312696-3906-455d-9ee7-f1c4e05a67e8","motion":"measure","error":"Failed query: insert into \"cv_build_steps\" (\"id\", \"draft_id\", \"user_id\", \"task_id\", \"attempt\", \"seq\", \"stage\", \"motion\", \"title\", \"status\", \"started_at\", \"finished_at\", \"ms\", \"detail\", \"error\", \"failure\") values (default, $1, $2, $3, $4, coalesce((select max(seq) from cv_build_steps where draft_id = $5), 0) + 1, $6, $7, $8, $9, default, default, default, $10, default, default) returning \"id\"\nparams: d9312696-3906-455d-9ee7-f1c4e05a67e8,5adb0bf7-602d-42ad-8fd7-bf78e00ff88a,,1,d9312696-3906-455d-9ee7-f1c4e05a67e8,fitting,measure,Measuring the PDF against your page limit,running,{\"pages\":3,\"maxPages\":3}"}}
{"t":"2026-09-29T17:06:06.818Z","level":"warn","msg":"CV build journal stopped","data":{"draftId":"d9312696-3906-455d-9ee7-f1c4e05a67e8","attempt":1,"loss":"deleted"}}
{"t":"2026-09-29T17:06:06.916Z","level":"info","msg":"task start","taskId":"f88f9afb-2e94-4781-bc31-ef48667c3331","taskType":"generate_cv","data":{"id":"f88f9afb-2e94-4781-bc31-ef48667c3331","type":"generate_cv","attempt":1,"workerId":"cv-pod","commit":null,"readyWaitMs":4,"heapUsedMb":109,"heapLimitMb":4144,"rssMb":150}}
{"t":"2026-09-29T17:06:07.421Z","level":"warn","msg":"task retry","taskId":"f88f9afb-2e94-4781-bc31-ef48667c3331","taskType":"generate_cv","data":{"id":"f88f9afb-2e94-4781-bc31-ef48667c3331","type":"generate_cv","error":"generate_cv exceeded its 1s deadline after 1s and was abandoned","ms":505,"heapUsedMb":113,"heapDeltaMb":4,"heapLimitMb":4144,"rssMb":149,"rssDeltaMb":-1}}
{"t":"2026-09-29T17:06:07.428Z","level":"warn","msg":"CV build journal stopped","taskId":"f88f9afb-2e94-4781-bc31-ef48667c3331","taskType":"generate_cv","data":{"draftId":"b44ddc94-e143-4057-9c9c-dadaea03ce4f","attempt":1,"loss":"fenced"}}
{"t":"2026-09-29T17:06:07.428Z","level":"warn","msg":"CV build will be retried","taskId":"f88f9afb-2e94-4781-bc31-ef48667c3331","taskType":"generate_cv","data":{"draftId":"b44ddc94-e143-4057-9c9c-dadaea03ce4f","kind":"worker_interrupted","attempt":1,"maxAttempts":3}}
{"t":"2026-09-29T17:06:07.428Z","level":"warn","msg":"cv build interrupted; the queue will run it again","taskId":"f88f9afb-2e94-4781-bc31-ef48667c3331","taskType":"generate_cv","data":{"draftId":"b44ddc94-e143-4057-9c9c-dadaea03ce4f","taskId":"f88f9afb-2e94-4781-bc31-ef48667c3331","attempt":1,"maxAttempts":3,"retryAt":"2026-09-29T17:07:07.424Z"}}
{"t":"2026-09-29T17:06:07.430Z","level":"warn","msg":"abandoned task failed after its deadline","taskId":"f88f9afb-2e94-4781-bc31-ef48667c3331","taskType":"generate_cv","data":{"id":"f88f9afb-2e94-4781-bc31-ef48667c3331","type":"generate_cv","error":"Run was stopped; refusing its writes"}}
{"t":"2026-09-29T17:06:07.481Z","level":"info","msg":"task start","taskId":"6882ebaf-83a1-4636-b726-c121ccf195b0","taskType":"generate_cv","data":{"id":"6882ebaf-83a1-4636-b726-c121ccf195b0","type":"generate_cv","attempt":1,"workerId":"cv-pod","commit":null,"readyWaitMs":3,"heapUsedMb":115,"heapLimitMb":4144,"rssMb":150}}
{"t":"2026-09-29T17:06:07.613Z","level":"info","msg":"task done","taskId":"6882ebaf-83a1-4636-b726-c121ccf195b0","taskType":"generate_cv","data":{"id":"6882ebaf-83a1-4636-b726-c121ccf195b0","type":"generate_cv","ms":132,"heapUsedMb":116,"heapDeltaMb":1,"heapLimitMb":4144,"rssMb":152,"rssDeltaMb":2}}
{"t":"2026-09-29T17:06:07.663Z","level":"info","msg":"task start","taskId":"859efac9-d0eb-44c0-903a-109645f06e55","taskType":"generate_cv","data":{"id":"859efac9-d0eb-44c0-903a-109645f06e55","type":"generate_cv","attempt":1,"workerId":"cv-pod","commit":null,"readyWaitMs":5,"heapUsedMb":117,"heapLimitMb":4144,"rssMb":152}}
{"t":"2026-09-29T17:06:07.771Z","level":"info","msg":"task done","taskId":"859efac9-d0eb-44c0-903a-109645f06e55","taskType":"generate_cv","data":{"id":"859efac9-d0eb-44c0-903a-109645f06e55","type":"generate_cv","ms":108,"heapUsedMb":117,"heapDeltaMb":0,"heapLimitMb":4144,"rssMb":153,"rssDeltaMb":1}}
{"t":"2026-09-29T17:06:07.823Z","level":"info","msg":"task start","taskId":"8c5b926e-1791-4d4d-bef2-c6ff62f5c230","taskType":"generate_cv","data":{"id":"8c5b926e-1791-4d4d-bef2-c6ff62f5c230","type":"generate_cv","attempt":1,"workerId":"cv-pod","commit":null,"readyWaitMs":4,"heapUsedMb":118,"heapLimitMb":4144,"rssMb":153}}
{"t":"2026-09-29T17:06:07.927Z","level":"warn","msg":"CV build will be retried","taskId":"8c5b926e-1791-4d4d-bef2-c6ff62f5c230","taskType":"generate_cv","data":{"draftId":"655b0c8a-758e-49f3-9ead-5e282ffc2f50","kind":"overloaded","attempt":1,"maxAttempts":3}}
{"t":"2026-09-29T17:06:07.930Z","level":"warn","msg":"task retry","taskId":"8c5b926e-1791-4d4d-bef2-c6ff62f5c230","taskType":"generate_cv","data":{"id":"8c5b926e-1791-4d4d-bef2-c6ff62f5c230","type":"generate_cv","error":"The model provider was overloaded while checking the CV against your evidence (HTTP 529).","ms":106,"heapUsedMb":117,"heapDeltaMb":-1,"heapLimitMb":4144,"rssMb":155,"rssDeltaMb":2}}
{"t":"2026-09-29T17:06:07.935Z","level":"info","msg":"task start","taskId":"8c5b926e-1791-4d4d-bef2-c6ff62f5c230","taskType":"generate_cv","data":{"id":"8c5b926e-1791-4d4d-bef2-c6ff62f5c230","type":"generate_cv","attempt":2,"workerId":"cv-pod","commit":null,"readyWaitMs":3,"heapUsedMb":117,"heapLimitMb":4144,"rssMb":155}}
{"t":"2026-09-29T17:06:08.996Z","level":"info","msg":"task done","taskId":"8c5b926e-1791-4d4d-bef2-c6ff62f5c230","taskType":"generate_cv","data":{"id":"8c5b926e-1791-4d4d-bef2-c6ff62f5c230","type":"generate_cv","ms":1061,"heapUsedMb":113,"heapDeltaMb":-4,"heapLimitMb":4144,"rssMb":156,"rssDeltaMb":1}}
{"t":"2026-09-29T17:06:09.128Z","level":"info","msg":"task start","taskId":"378570bd-2c78-478a-ae91-d4e0bf28df49","taskType":"score_job","data":{"id":"378570bd-2c78-478a-ae91-d4e0bf28df49","type":"score_job","attempt":1,"workerId":"lanes-pod","commit":null,"readyWaitMs":3,"heapUsedMb":116,"heapLimitMb":4144,"rssMb":156}}
{"t":"2026-09-29T17:06:09.129Z","level":"info","msg":"task done","taskId":"378570bd-2c78-478a-ae91-d4e0bf28df49","taskType":"score_job","data":{"id":"378570bd-2c78-478a-ae91-d4e0bf28df49","type":"score_job","ms":1,"heapUsedMb":116,"heapDeltaMb":0,"heapLimitMb":4144,"rssMb":156,"rssDeltaMb":0}}
{"t":"2026-09-29T17:06:09.129Z","level":"info","msg":"task start","taskId":"4d77e607-bcb6-4d40-8a1a-f1bb1dac1a84","taskType":"generate_cv","data":{"id":"4d77e607-bcb6-4d40-8a1a-f1bb1dac1a84","type":"generate_cv","attempt":1,"workerId":"lanes-pod","commit":null,"readyWaitMs":5,"heapUsedMb":116,"heapLimitMb":4144,"rssMb":156}}
{"t":"2026-09-29T17:06:09.130Z","level":"info","msg":"task done","taskId":"4d77e607-bcb6-4d40-8a1a-f1bb1dac1a84","taskType":"generate_cv","data":{"id":"4d77e607-bcb6-4d40-8a1a-f1bb1dac1a84","type":"generate_cv","ms":1,"heapUsedMb":116,"heapDeltaMb":0,"heapLimitMb":4144,"rssMb":156,"rssDeltaMb":0}}
{"t":"2026-09-29T17:06:09.191Z","level":"warn","msg":"CV build journal stopped","data":{"draftId":"616e28f2-d4d3-422c-9444-e937ab5da66d","attempt":1,"loss":"fenced"}}
{"t":"2026-09-29T17:06:09.238Z","level":"info","msg":"task start","taskId":"321b4c8a-63ef-40c2-a35b-f08db903b06d","taskType":"generate_cv","data":{"id":"321b4c8a-63ef-40c2-a35b-f08db903b06d","type":"generate_cv","attempt":1,"workerId":"cv-pod","commit":null,"readyWaitMs":6,"heapUsedMb":117,"heapLimitMb":4144,"rssMb":156}}
{"t":"2026-09-29T17:06:09.241Z","level":"info","msg":"closed the steps an interrupted improvement left open","taskId":"321b4c8a-63ef-40c2-a35b-f08db903b06d","taskType":"generate_cv","data":{"draftId":"c88a0b8d-b080-4d0b-b710-f0e2e389d88b","closed":1}}
{"t":"2026-09-29T17:06:09.242Z","level":"info","msg":"task done","taskId":"321b4c8a-63ef-40c2-a35b-f08db903b06d","taskType":"generate_cv","data":{"id":"321b4c8a-63ef-40c2-a35b-f08db903b06d","type":"generate_cv","ms":4,"heapUsedMb":118,"heapDeltaMb":1,"heapLimitMb":4144,"rssMb":156,"rssDeltaMb":0}}
{"t":"2026-09-29T17:06:10.271Z","level":"warn","msg":"CV generation failed","data":{"draftId":"a87926ad-4748-479b-acf7-1d5f6850334d","kind":"model_access","resolvedBy":"user","attempt":1}}
{"t":"2026-09-29T17:06:10.478Z","level":"warn","msg":"CV generation failed","data":{"draftId":"47a4f9f5-ba52-4fb4-9379-b5048cefe60c","kind":"library_invalid","resolvedBy":"user","attempt":1}}
{"t":"2026-09-29T17:06:10.559Z","level":"warn","msg":"CV generation failed","data":{"draftId":"c3f25e70-5df8-4d97-b75c-17c426f061a0","kind":"output_invalid","resolvedBy":"system","attempt":1}}
{"t":"2026-09-29T17:06:11.110Z","level":"warn","msg":"CV generation failed","data":{"draftId":"bb68bf20-df52-4159-99f3-f6899a769179","kind":"page_limit_unfittable","resolvedBy":"user","attempt":1}}
{"t":"2026-09-29T17:06:11.766Z","level":"warn","msg":"CV generation failed","data":{"draftId":"d25b8046-d123-4fd8-b6f9-ead39b4e1c5f","kind":"output_invalid","resolvedBy":"system","attempt":1}}
{"t":"2026-09-29T17:06:11.859Z","level":"warn","msg":"CV generation failed","data":{"draftId":"330a3310-b213-4099-b9e7-bd8aef4e6950","kind":"output_invalid","resolvedBy":"system","attempt":1}}
{"t":"2026-09-29T17:06:12.428Z","level":"warn","msg":"CV build journal stopped","data":{"draftId":"44d86543-4e86-4167-b718-952794e557f5","attempt":1,"loss":"deleted"}}
{"t":"2026-09-29T17:06:12.571Z","level":"warn","msg":"CV generation failed","data":{"draftId":"0e9a7936-2ad4-426a-878b-1ac7617f405f","kind":"budget_exhausted","resolvedBy":"user","attempt":1}}
{"t":"2026-09-29T17:06:12.759Z","level":"warn","msg":"CV generation failed","data":{"draftId":"3f985209-d86c-4d27-b63f-1aa3d7b6f5d5","kind":"budget_exhausted","resolvedBy":"user","attempt":1}}
{"t":"2026-09-29T17:06:12.899Z","level":"warn","msg":"CV generation failed","data":{"draftId":"67a90951-8bb7-448f-ae42-6698dde13fe3","kind":"budget_exhausted","resolvedBy":"user","attempt":1}}
{"t":"2026-09-29T17:06:12.966Z","level":"warn","msg":"CV generation failed","data":{"draftId":"856b4060-59eb-4585-9cc0-2adc929f1d10","kind":"budget_exhausted","resolvedBy":"user","attempt":1}}
{"t":"2026-09-29T17:06:13.887Z","level":"info","msg":"health server listening","data":{"port":0}}
{"t":"2026-09-29T17:06:14.175Z","level":"info","msg":"slow database query","data":{"durationMs":273,"statement":"truncate tasks, ai_calls, ai_reservations, worker_events, companies, discovery_sources, users restart identity cascade"}}
{"t":"2026-09-29T17:06:14.176Z","level":"info","msg":"health server listening","data":{"port":0}}
{"t":"2026-09-29T17:06:14.387Z","level":"info","msg":"health server listening","data":{"port":0}}
{"t":"2026-09-29T17:06:18.659Z","level":"info","msg":"health server listening","data":{"port":0}}
{"t":"2026-09-29T17:06:18.958Z","level":"info","msg":"slow database query","data":{"durationMs":265,"statement":"truncate tasks, ai_calls, ai_reservations, worker_events, companies, discovery_sources, users restart identity cascade"}}
{"t":"2026-09-29T17:06:18.963Z","level":"info","msg":"health server listening","data":{"port":0}}
{"t":"2026-09-29T17:06:19.312Z","level":"info","msg":"slow database query","data":{"durationMs":328,"statement":"truncate tasks, ai_calls, ai_reservations, worker_events, companies, discovery_sources, users restart identity cascade"}}
{"t":"2026-09-29T17:06:19.579Z","level":"info","msg":"health server listening","data":{"port":0}}
{"t":"2026-09-29T17:06:19.602Z","level":"info","msg":"health server listening","data":{"port":0}}
{"t":"2026-09-29T17:06:19.840Z","level":"info","msg":"health server listening","data":{"port":0}}
{"t":"2026-09-29T17:06:20.161Z","level":"info","msg":"slow database query","data":{"durationMs":304,"statement":"truncate tasks, ai_calls, ai_reservations, worker_events, companies, discovery_sources, users restart identity cascade"}}
{"t":"2026-09-29T17:06:20.221Z","level":"info","msg":"health server listening","data":{"port":0}}
{"t":"2026-09-29T17:06:21.193Z","level":"info","event":"slow_database_query","durationMs":356,"statement":"truncate companies, tasks restart identity cascade"}
{"t":"2026-09-29T17:06:21.820Z","level":"info","event":"slow_database_query","durationMs":621,"statement":"truncate companies, tasks restart identity cascade"}
{"t":"2026-09-29T17:06:22.333Z","level":"info","event":"slow_database_query","durationMs":512,"statement":"truncate companies, tasks restart identity cascade"}
{"t":"2026-09-29T17:06:22.620Z","level":"info","event":"slow_database_query","durationMs":258,"statement":"truncate companies, tasks restart identity cascade"}
{"t":"2026-09-29T17:06:29.659Z","level":"info","event":"slow_database_query","durationMs":258,"statement":"truncate users restart identity cascade"}
{"t":"2026-09-29T17:06:29.866Z","level":"warn","msg":"operation lease lost","data":{"key":"lost-operation-1790701589841"}}
{"t":"2026-09-29T17:06:34.899Z","level":"info","event":"slow_database_query","durationMs":2004,"statement":"update resource_leases set expires_at = now() + interval '5 minutes' where key = $1 and owner = $2 returning key"}
{"t":"2026-09-29T17:06:34.900Z","level":"warn","msg":"operation lease renewal failed","data":{"key":"held-operation-1790701589890","error":"Failed query: update resource_leases set expires_at = now() + interval '5 minutes'\n      where key = $1 and owner = $2 returning key\nparams: held-operation-1790701589890,1aa88ac8-e2b8-43b5-a5f7-85a6b1f0d981"}}
{"t":"2026-09-29T17:06:37.018Z","level":"info","event":"slow_database_query","durationMs":1121,"statement":"update resource_leases set expires_at = now() + interval '5 minutes' where key = $1 and owner = $2 returning key"}
{"t":"2026-09-29T17:06:38.149Z","level":"info","msg":"slow database query","data":{"durationMs":272,"statement":"truncate users, companies, company_subscriptions, career_sources, jobs, job_events, user_jobs, tasks, settings, user_set"}}
{"t":"2026-09-29T17:06:38.409Z","level":"info","msg":"posting imported","data":{"company":"Pasted Ltd","userId":"f1bbf72c-9da5-4965-afad-71f8062e4400","jobId":"235fa43d-cf2c-44f4-a517-a1e14bd02ecf","title":"Staff Engineer, Platform","url":"https://www.pasted.test/jobs/staff-engineer","inTable":false,"shared":true,"followers":2}}
{"t":"2026-09-29T17:06:38.745Z","level":"info","msg":"posting imported","data":{"company":"Pasted Ltd","userId":"c414fdfc-d2e2-4530-a24e-f97fbce1bf2b","jobId":"f06436fe-8f80-408e-901d-48845f138590","title":"Staff Engineer, Platform","url":"https://www.pasted.test/jobs/staff-engineer","inTable":false,"shared":true,"followers":2}}
{"t":"2026-09-29T17:06:39.271Z","level":"info","msg":"slow database query","data":{"durationMs":470,"statement":"truncate users, companies, company_subscriptions, career_sources, jobs, job_events, user_jobs, tasks, settings, user_set"}}
{"t":"2026-09-29T17:06:39.557Z","level":"info","msg":"posting imported","data":{"company":"Pasted Ltd","userId":"05a6dc28-949f-4115-80b8-80b9d7b34a78","jobId":"028bdb6f-2070-4ac1-b23f-dc3d539722ba","title":"Engineer, Data","url":"https://www.pasted.test/jobs/thin","inTable":false,"shared":true,"followers":2}}
{"t":"2026-09-29T17:06:39.916Z","level":"info","msg":"slow database query","data":{"durationMs":356,"statement":"truncate users, companies, company_subscriptions, career_sources, jobs, job_events, user_jobs, tasks, settings, user_set"}}
{"t":"2026-09-29T17:06:39.986Z","level":"info","msg":"task start","taskId":"40b1691f-2e30-481e-bcb1-f40b3a991870","taskType":"import_posting","data":{"id":"40b1691f-2e30-481e-bcb1-f40b3a991870","type":"import_posting","attempt":1,"workerId":"test","commit":null,"readyWaitMs":11,"heapUsedMb":91,"heapLimitMb":4144,"rssMb":151}}
{"t":"2026-09-29T17:06:40.002Z","level":"info","msg":"task done","taskId":"40b1691f-2e30-481e-bcb1-f40b3a991870","taskType":"import_posting","data":{"id":"40b1691f-2e30-481e-bcb1-f40b3a991870","type":"import_posting","ms":16,"heapUsedMb":91,"heapDeltaMb":0,"heapLimitMb":4144,"rssMb":151,"rssDeltaMb":0}}
{"t":"2026-09-29T17:06:40.421Z","level":"info","msg":"slow database query","data":{"durationMs":397,"statement":"truncate users, companies, company_subscriptions, career_sources, jobs, job_events, user_jobs, tasks, settings, user_set"}}
{"t":"2026-09-29T17:06:40.867Z","level":"info","msg":"slow database query","data":{"durationMs":360,"statement":"truncate users, companies, company_subscriptions, career_sources, jobs, job_events, user_jobs, tasks, settings, user_set"}}
{"t":"2026-09-29T17:06:41.467Z","level":"info","msg":"slow database query","data":{"durationMs":290,"statement":"truncate users, companies, company_subscriptions, career_sources, jobs, job_events, user_jobs, tasks, settings, user_set"}}
{"t":"2026-09-29T17:06:41.761Z","level":"info","msg":"import put back: host busy","data":{"url":"https://www.pasted.test/jobs/staff-engineer","host":"www.pasted.test","retryAt":"2026-09-29T18:06:41.754Z"}}
{"t":"2026-09-29T17:06:42.121Z","level":"info","msg":"posting imported","data":{"company":"Pasted Ltd","userId":"29579eea-d1f7-49c6-9404-72c8cbf717cb","jobId":"b54239b3-3a84-49d7-aaec-3a68dcc37e89","title":"Staff Engineer, Platform","url":"https://www.elsewhere.test/jobs/staff-engineer","inTable":false,"shared":false,"followers":0}}
{"t":"2026-09-29T17:06:42.430Z","level":"info","msg":"posting imported","data":{"company":"Pasted Ltd","userId":"19ff9709-495e-4542-9892-28e252eed640","jobId":"d07b0e58-c852-4026-bb79-177be7e856b7","title":"Staff Engineer, Platform","url":"https://www.pasted.test/jobs/staff-engineer","inTable":false,"shared":true,"followers":2}}
{"t":"2026-09-29T17:06:42.655Z","level":"info","msg":"posting imported","data":{"company":"Pasted Ltd","userId":"5ff42e7e-d10d-47c1-ab79-01e9806e63ad","jobId":"3f945ce1-9099-4a9d-93a8-56d95a31091d","title":"Staff Engineer, Platform","url":"https://www.pasted.test/jobs/staff-engineer","inTable":false,"shared":true,"followers":2}}
{"t":"2026-09-29T17:06:42.985Z","level":"info","msg":"posting imported","data":{"company":"Pasted Ltd","userId":"6d104509-bdb0-4120-b71e-16117dde4e81","jobId":"93cbd5cc-15a8-4fff-813c-d628fe15ecd8","title":"Staff Engineer, Platform","url":"https://evil.github.io/jobs/staff-engineer","inTable":false,"shared":false,"followers":0}}
{"t":"2026-09-29T17:06:43.208Z","level":"info","msg":"posting imported","data":{"company":"Pasted Ltd","userId":"0720b1ec-87d5-420a-9584-f7957de7641f","jobId":"1ee89724-28dd-45ff-842d-e4d8edacfcc7","title":"Staff Engineer, Platform","url":"https://www.pasted.test/jobs/staff-engineer","inTable":false,"shared":false,"followers":0}}
 ❯ src/import-posting.test.ts (14 tests | 1 failed) 5385ms
   × puts an import back for when a host that asked us to wait will be read again 261ms
{"t":"2026-09-29T17:06:44.571Z","level":"info","msg":"task start","taskId":"bef348e7-d4ee-484f-b0e3-3f1a838d8a5b","taskType":"discover","data":{"id":"bef348e7-d4ee-484f-b0e3-3f1a838d8a5b","type":"discover","attempt":1,"workerId":"backoff","commit":null,"readyWaitMs":164,"heapUsedMb":88,"heapLimitMb":4144,"rssMb":155}}
{"t":"2026-09-29T17:06:44.576Z","level":"info","msg":"task done","taskId":"bef348e7-d4ee-484f-b0e3-3f1a838d8a5b","taskType":"discover","data":{"id":"bef348e7-d4ee-484f-b0e3-3f1a838d8a5b","type":"discover","ms":5,"heapUsedMb":88,"heapDeltaMb":0,"heapLimitMb":4144,"rssMb":156,"rssDeltaMb":1}}
{"t":"2026-09-29T17:06:45.424Z","level":"info","msg":"task start","taskId":"58a3f488-a6c2-4bcb-88fd-de8215364520","taskType":"discover","data":{"id":"58a3f488-a6c2-4bcb-88fd-de8215364520","type":"discover","attempt":1,"workerId":"notified","commit":null,"readyWaitMs":23,"heapUsedMb":83,"heapLimitMb":4144,"rssMb":142}}
{"t":"2026-09-29T17:06:45.426Z","level":"info","msg":"task done","taskId":"58a3f488-a6c2-4bcb-88fd-de8215364520","taskType":"discover","data":{"id":"58a3f488-a6c2-4bcb-88fd-de8215364520","type":"discover","ms":2,"heapUsedMb":83,"heapDeltaMb":0,"heapLimitMb":4144,"rssMb":142,"rssDeltaMb":0}}
{"t":"2026-09-29T17:06:45.794Z","level":"info","msg":"task start","taskId":"207ead3a-1a34-4584-9887-4ba2aba23174","taskType":"poll_score_batch","data":{"id":"207ead3a-1a34-4584-9887-4ba2aba23174","type":"poll_score_batch","attempt":1,"workerId":"deferring","commit":null,"readyWaitMs":11,"heapUsedMb":84,"heapLimitMb":4144,"rssMb":140}}
{"t":"2026-09-29T17:06:45.796Z","level":"info","msg":"task deferred","taskId":"207ead3a-1a34-4584-9887-4ba2aba23174","taskType":"poll_score_batch","data":{"id":"207ead3a-1a34-4584-9887-4ba2aba23174","type":"poll_score_batch","until":"2026-09-29T17:06:46.194Z","ms":3}}
{"t":"2026-09-29T17:06:46.213Z","level":"info","msg":"task start","taskId":"207ead3a-1a34-4584-9887-4ba2aba23174","taskType":"poll_score_batch","data":{"id":"207ead3a-1a34-4584-9887-4ba2aba23174","type":"poll_score_batch","attempt":1,"workerId":"deferring","commit":null,"readyWaitMs":19,"heapUsedMb":85,"heapLimitMb":4144,"rssMb":140}}
{"t":"2026-09-29T17:06:46.218Z","level":"info","msg":"task done","taskId":"207ead3a-1a34-4584-9887-4ba2aba23174","taskType":"poll_score_batch","data":{"id":"207ead3a-1a34-4584-9887-4ba2aba23174","type":"poll_score_batch","ms":5,"heapUsedMb":85,"heapDeltaMb":0,"heapLimitMb":4144,"rssMb":140,"rssDeltaMb":0}}
{"t":"2026-09-29T17:06:47.420Z","level":"warn","msg":"task listener lost; reconnecting","data":{"reason":"terminating connection due to administrator command","inMs":1000}}
{"t":"2026-09-29T17:06:48.439Z","level":"info","msg":"task start","taskId":"a6bdcb5d-d14c-4c05-9b12-f4f3b2e12157","taskType":"discover","data":{"id":"a6bdcb5d-d14c-4c05-9b12-f4f3b2e12157","type":"discover","attempt":1,"workerId":"reconnecting","commit":null,"readyWaitMs":1018,"heapUsedMb":87,"heapLimitMb":4144,"rssMb":134}}
{"t":"2026-09-29T17:06:48.443Z","level":"info","msg":"task done","taskId":"a6bdcb5d-d14c-4c05-9b12-f4f3b2e12157","taskType":"discover","data":{"id":"a6bdcb5d-d14c-4c05-9b12-f4f3b2e12157","type":"discover","ms":5,"heapUsedMb":87,"heapDeltaMb":0,"heapLimitMb":4144,"rssMb":134,"rssDeltaMb":0}}
{"t":"2026-09-29T17:06:49.209Z","level":"info","msg":"task start","taskId":"34b19fcd-8b3b-478e-ad91-d4a9b45b2c48","taskType":"generate_cv","data":{"id":"34b19fcd-8b3b-478e-ad91-d4a9b45b2c48","type":"generate_cv","attempt":1,"workerId":"replay-test","commit":null,"readyWaitMs":9,"heapUsedMb":88,"heapLimitMb":4144,"rssMb":192}}
{"t":"2026-09-29T17:06:49.454Z","level":"info","msg":"task done","taskId":"34b19fcd-8b3b-478e-ad91-d4a9b45b2c48","taskType":"generate_cv","data":{"id":"34b19fcd-8b3b-478e-ad91-d4a9b45b2c48","type":"generate_cv","ms":245,"heapUsedMb":89,"heapDeltaMb":1,"heapLimitMb":4144,"rssMb":203,"rssDeltaMb":11}}
{"t":"2026-09-29T17:06:49.818Z","level":"info","msg":"task start","taskId":"8ef771c3-4d65-4b78-a35c-0b2ae82a8de4","taskType":"generate_cv","data":{"id":"8ef771c3-4d65-4b78-a35c-0b2ae82a8de4","type":"generate_cv","attempt":1,"workerId":"replay-test","commit":null,"readyWaitMs":2,"heapUsedMb":101,"heapLimitMb":4144,"rssMb":207}}
{"t":"2026-09-29T17:06:50.022Z","level":"info","msg":"task done","taskId":"8ef771c3-4d65-4b78-a35c-0b2ae82a8de4","taskType":"generate_cv","data":{"id":"8ef771c3-4d65-4b78-a35c-0b2ae82a8de4","type":"generate_cv","ms":204,"heapUsedMb":102,"heapDeltaMb":1,"heapLimitMb":4144,"rssMb":210,"rssDeltaMb":3}}
{"t":"2026-09-29T17:06:50.345Z","level":"warn","msg":"CV generation failed","data":{"draftId":"1130fdaa-fa82-4b12-92d8-fd59d65d52de","kind":"unknown","resolvedBy":"user","attempt":1}}
{"t":"2026-09-29T17:06:50.416Z","level":"info","msg":"task start","taskId":"55d953a9-ad43-4805-9643-962886716ce4","taskType":"generate_cv","data":{"id":"55d953a9-ad43-4805-9643-962886716ce4","type":"generate_cv","attempt":1,"workerId":"replay-test","commit":null,"readyWaitMs":4,"heapUsedMb":107,"heapLimitMb":4144,"rssMb":210}}
{"t":"2026-09-29T17:06:50.674Z","level":"info","msg":"task done","taskId":"55d953a9-ad43-4805-9643-962886716ce4","taskType":"generate_cv","data":{"id":"55d953a9-ad43-4805-9643-962886716ce4","type":"generate_cv","ms":258,"heapUsedMb":99,"heapDeltaMb":-8,"heapLimitMb":4144,"rssMb":213,"rssDeltaMb":3}}
{"t":"2026-09-29T17:06:51.057Z","level":"info","msg":"task start","taskId":"7661fb5a-0c1c-4781-8025-ea21c99a96fa","taskType":"generate_cv","data":{"id":"7661fb5a-0c1c-4781-8025-ea21c99a96fa","type":"generate_cv","attempt":1,"workerId":"replay-test","commit":null,"readyWaitMs":4,"heapUsedMb":108,"heapLimitMb":4144,"rssMb":213}}
{"t":"2026-09-29T17:06:51.305Z","level":"info","msg":"task done","taskId":"7661fb5a-0c1c-4781-8025-ea21c99a96fa","taskType":"generate_cv","data":{"id":"7661fb5a-0c1c-4781-8025-ea21c99a96fa","type":"generate_cv","ms":248,"heapUsedMb":111,"heapDeltaMb":3,"heapLimitMb":4144,"rssMb":215,"rssDeltaMb":2}}
{"t":"2026-09-29T17:06:52.684Z","level":"info","msg":"library reviewed","data":{"userId":"01832d17-cc3d-470b-bd6c-6204c2cd8be5","version":1,"reviewed":2,"unread":0,"reused":0,"reusedRows":0,"askedRows":3,"pruned":0,"usd":0.0295}}
{"t":"2026-09-29T17:06:52.759Z","level":"info","msg":"library reviewed","data":{"userId":"01832d17-cc3d-470b-bd6c-6204c2cd8be5","version":1,"reviewed":2,"unread":0,"reused":0,"reusedRows":0,"askedRows":3,"pruned":0,"usd":0.0295}}
{"t":"2026-09-29T17:06:52.775Z","level":"info","msg":"library reviewed","data":{"userId":"01832d17-cc3d-470b-bd6c-6204c2cd8be5","version":2,"reviewed":1,"unread":0,"reused":1,"reusedRows":1,"askedRows":1,"pruned":0,"usd":0.0295}}
{"t":"2026-09-29T17:06:52.853Z","level":"info","msg":"library reviewed","data":{"userId":"01832d17-cc3d-470b-bd6c-6204c2cd8be5","version":1,"reviewed":2,"unread":0,"reused":0,"reusedRows":0,"askedRows":3,"pruned":0,"usd":0.0295}}
{"t":"2026-09-29T17:06:52.873Z","level":"info","msg":"library reviewed","data":{"userId":"01832d17-cc3d-470b-bd6c-6204c2cd8be5","version":2,"reviewed":1,"unread":0,"reused":1,"reusedRows":1,"askedRows":1,"pruned":0,"usd":0.0295}}
{"t":"2026-09-29T17:06:52.947Z","level":"info","msg":"library reviewed","data":{"userId":"01832d17-cc3d-470b-bd6c-6204c2cd8be5","version":1,"reviewed":2,"unread":0,"reused":0,"reusedRows":0,"askedRows":3,"pruned":0,"usd":0.0295}}
{"t":"2026-09-29T17:06:53.027Z","level":"info","msg":"library reviewed","data":{"userId":"01832d17-cc3d-470b-bd6c-6204c2cd8be5","version":1,"reviewed":2,"unread":0,"reused":0,"reusedRows":0,"askedRows":3,"pruned":0,"usd":0.0295}}
{"t":"2026-09-29T17:06:53.051Z","level":"info","msg":"library reviewed","data":{"userId":"01832d17-cc3d-470b-bd6c-6204c2cd8be5","version":2,"reviewed":1,"unread":0,"reused":1,"reusedRows":1,"askedRows":1,"pruned":0,"usd":0.0295}}
{"t":"2026-09-29T17:06:53.069Z","level":"info","msg":"library reviewed","data":{"userId":"01832d17-cc3d-470b-bd6c-6204c2cd8be5","version":3,"reviewed":1,"unread":0,"reused":1,"reusedRows":1,"askedRows":1,"pruned":0,"usd":0.0295}}
{"t":"2026-09-29T17:06:53.083Z","level":"info","msg":"library reviewed","data":{"userId":"01832d17-cc3d-470b-bd6c-6204c2cd8be5","version":4,"reviewed":1,"unread":0,"reused":1,"reusedRows":1,"askedRows":1,"pruned":0,"usd":0.0295}}
{"t":"2026-09-29T17:06:53.098Z","level":"info","msg":"library reviewed","data":{"userId":"01832d17-cc3d-470b-bd6c-6204c2cd8be5","version":5,"reviewed":1,"unread":0,"reused":1,"reusedRows":1,"askedRows":1,"pruned":0,"usd":0.0295}}
{"t":"2026-09-29T17:06:53.112Z","level":"info","msg":"library reviewed","data":{"userId":"01832d17-cc3d-470b-bd6c-6204c2cd8be5","version":6,"reviewed":1,"unread":0,"reused":1,"reusedRows":1,"askedRows":1,"pruned":0,"usd":0.0295}}
{"t":"2026-09-29T17:06:53.130Z","level":"info","msg":"library reviewed","data":{"userId":"01832d17-cc3d-470b-bd6c-6204c2cd8be5","version":7,"reviewed":1,"unread":0,"reused":1,"reusedRows":1,"askedRows":1,"pruned":0,"usd":0.0295}}
{"t":"2026-09-29T17:06:53.144Z","level":"info","msg":"library reviewed","data":{"userId":"01832d17-cc3d-470b-bd6c-6204c2cd8be5","version":8,"reviewed":1,"unread":0,"reused":1,"reusedRows":1,"askedRows":1,"pruned":0,"usd":0.0295}}
{"t":"2026-09-29T17:06:53.158Z","level":"info","msg":"library reviewed","data":{"userId":"01832d17-cc3d-470b-bd6c-6204c2cd8be5","version":9,"reviewed":1,"unread":0,"reused":1,"reusedRows":1,"askedRows":1,"pruned":0,"usd":0.0295}}
{"t":"2026-09-29T17:06:53.178Z","level":"info","msg":"library reviewed","data":{"userId":"01832d17-cc3d-470b-bd6c-6204c2cd8be5","version":10,"reviewed":1,"unread":0,"reused":1,"reusedRows":1,"askedRows":1,"pruned":0,"usd":0.0295}}
{"t":"2026-09-29T17:06:53.190Z","level":"info","msg":"library reviewed","data":{"userId":"01832d17-cc3d-470b-bd6c-6204c2cd8be5","version":11,"reviewed":1,"unread":0,"reused":1,"reusedRows":1,"askedRows":1,"pruned":0,"usd":0.0295}}
{"t":"2026-09-29T17:06:53.212Z","level":"info","msg":"library reviewed","data":{"userId":"01832d17-cc3d-470b-bd6c-6204c2cd8be5","version":12,"reviewed":1,"unread":0,"reused":1,"reusedRows":1,"askedRows":1,"pruned":0,"usd":0.0295}}
{"t":"2026-09-29T17:06:53.247Z","level":"info","msg":"library reviewed","data":{"userId":"01832d17-cc3d-470b-bd6c-6204c2cd8be5","version":13,"reviewed":1,"unread":0,"reused":1,"reusedRows":1,"askedRows":1,"pruned":0,"usd":0.0295}}
{"t":"2026-09-29T17:06:53.271Z","level":"info","msg":"library reviewed","data":{"userId":"01832d17-cc3d-470b-bd6c-6204c2cd8be5","version":14,"reviewed":1,"unread":0,"reused":1,"reusedRows":1,"askedRows":1,"pruned":0,"usd":0.0295}}
{"t":"2026-09-29T17:06:53.293Z","level":"info","msg":"library reviewed","data":{"userId":"01832d17-cc3d-470b-bd6c-6204c2cd8be5","version":15,"reviewed":1,"unread":0,"reused":1,"reusedRows":1,"askedRows":1,"pruned":0,"usd":0.0295}}
{"t":"2026-09-29T17:06:53.304Z","level":"info","msg":"library reviewed","data":{"userId":"01832d17-cc3d-470b-bd6c-6204c2cd8be5","version":16,"reviewed":1,"unread":0,"reused":1,"reusedRows":1,"askedRows":1,"pruned":0,"usd":0.0295}}
{"t":"2026-09-29T17:06:53.317Z","level":"info","msg":"library reviewed","data":{"userId":"01832d17-cc3d-470b-bd6c-6204c2cd8be5","version":17,"reviewed":1,"unread":0,"reused":1,"reusedRows":1,"askedRows":1,"pruned":0,"usd":0.0295}}
{"t":"2026-09-29T17:06:53.327Z","level":"info","msg":"library reviewed","data":{"userId":"01832d17-cc3d-470b-bd6c-6204c2cd8be5","version":18,"reviewed":1,"unread":0,"reused":1,"reusedRows":1,"askedRows":1,"pruned":0,"usd":0.0295}}
{"t":"2026-09-29T17:06:53.343Z","level":"info","msg":"library reviewed","data":{"userId":"01832d17-cc3d-470b-bd6c-6204c2cd8be5","version":19,"reviewed":1,"unread":0,"reused":1,"reusedRows":1,"askedRows":1,"pruned":0,"usd":0.0295}}
{"t":"2026-09-29T17:06:53.361Z","level":"info","msg":"library reviewed","data":{"userId":"01832d17-cc3d-470b-bd6c-6204c2cd8be5","version":20,"reviewed":1,"unread":0,"reused":1,"reusedRows":1,"askedRows":1,"pruned":0,"usd":0.0295}}
{"t":"2026-09-29T17:06:53.373Z","level":"info","msg":"library reviewed","data":{"userId":"01832d17-cc3d-470b-bd6c-6204c2cd8be5","version":21,"reviewed":1,"unread":0,"reused":1,"reusedRows":1,"askedRows":1,"pruned":2,"usd":0.0295}}
{"t":"2026-09-29T17:06:53.390Z","level":"info","msg":"library reviewed","data":{"userId":"01832d17-cc3d-470b-bd6c-6204c2cd8be5","version":22,"reviewed":1,"unread":0,"reused":1,"reusedRows":1,"askedRows":1,"pruned":2,"usd":0.0295}}
{"t":"2026-09-29T17:06:53.402Z","level":"info","msg":"library reviewed","data":{"userId":"01832d17-cc3d-470b-bd6c-6204c2cd8be5","version":23,"reviewed":1,"unread":0,"reused":1,"reusedRows":1,"askedRows":1,"pruned":2,"usd":0.0295}}
{"t":"2026-09-29T17:06:53.421Z","level":"info","msg":"library reviewed","data":{"userId":"01832d17-cc3d-470b-bd6c-6204c2cd8be5","version":24,"reviewed":1,"unread":0,"reused":1,"reusedRows":1,"askedRows":1,"pruned":2,"usd":0.0295}}
{"t":"2026-09-29T17:06:53.434Z","level":"info","msg":"library reviewed","data":{"userId":"01832d17-cc3d-470b-bd6c-6204c2cd8be5","version":25,"reviewed":1,"unread":0,"reused":1,"reusedRows":1,"askedRows":1,"pruned":2,"usd":0.0295}}
{"t":"2026-09-29T17:06:53.446Z","level":"info","msg":"library reviewed","data":{"userId":"01832d17-cc3d-470b-bd6c-6204c2cd8be5","version":26,"reviewed":1,"unread":0,"reused":1,"reusedRows":1,"askedRows":1,"pruned":2,"usd":0.0295}}
{"t":"2026-09-29T17:06:53.590Z","level":"info","msg":"library reviewed","data":{"userId":"01832d17-cc3d-470b-bd6c-6204c2cd8be5","version":2,"reviewed":2,"unread":0,"reused":0,"reusedRows":0,"askedRows":3,"pruned":0,"usd":0.0295}}
{"t":"2026-09-29T17:06:53.697Z","level":"info","msg":"library review refused by budget","data":{"userId":"01832d17-cc3d-470b-bd6c-6204c2cd8be5","version":1,"entries":2,"reusedRows":0,"askedRows":3,"expected":0.075142}}
{"t":"2026-09-29T17:06:53.987Z","level":"info","msg":"library reviewed","data":{"userId":"01832d17-cc3d-470b-bd6c-6204c2cd8be5","version":1,"reviewed":1,"unread":0,"reused":0,"reusedRows":0,"askedRows":1,"pruned":0,"usd":0.0295}}
{"t":"2026-09-29T17:06:54.217Z","level":"info","msg":"library reviewed","data":{"userId":"01832d17-cc3d-470b-bd6c-6204c2cd8be5","version":1,"reviewed":1,"unread":1,"reused":0,"reusedRows":0,"askedRows":3,"pruned":0,"usd":0.059}}
{"t":"2026-09-29T17:06:54.254Z","level":"info","msg":"library reviewed","data":{"userId":"01832d17-cc3d-470b-bd6c-6204c2cd8be5","version":1,"reviewed":1,"unread":0,"reused":1,"reusedRows":0,"askedRows":1,"pruned":0,"usd":0.0295}}
{"t":"2026-09-29T17:06:54.391Z","level":"info","msg":"library reviewed","data":{"userId":"01832d17-cc3d-470b-bd6c-6204c2cd8be5","version":1,"reviewed":1,"unread":0,"reused":0,"reusedRows":0,"askedRows":2,"pruned":0,"usd":0.0295}}
{"t":"2026-09-29T17:06:56.313Z","level":"info","msg":"slow database query","data":{"durationMs":329,"statement":"truncate tasks, companies, career_sources, jobs, scans, resource_leases, settings, user_settings, company_subscriptions,"}}
{"t":"2026-09-29T17:06:57.446Z","level":"info","msg":"profile synthesised","data":{"userId":"648f2d64-c1e5-4e0f-a992-49c0666fa82e","version":1,"decisions":1,"questions":0,"changed":true}}
{"t":"2026-09-29T17:06:57.767Z","level":"info","msg":"scan suggestions filed","data":{"userId":"648f2d64-c1e5-4e0f-a992-49c0666fa82e","titles":4,"unmatched":4,"inserted":1}}
{"t":"2026-09-29T17:06:57.777Z","level":"info","msg":"scan suggestions filed","data":{"userId":"648f2d64-c1e5-4e0f-a992-49c0666fa82e","titles":4,"unmatched":4,"inserted":0}}
{"t":"2026-09-29T17:06:57.790Z","level":"info","msg":"scan suggestions filed","data":{"userId":"648f2d64-c1e5-4e0f-a992-49c0666fa82e","titles":4,"unmatched":4,"inserted":1}}
{"t":"2026-09-29T17:06:58.081Z","level":"info","msg":"profile synthesised","data":{"userId":"648f2d64-c1e5-4e0f-a992-49c0666fa82e","version":2,"decisions":525,"questions":0,"changed":true}}
{"t":"2026-09-29T17:06:58.278Z","level":"info","msg":"profile synthesised","data":{"userId":"648f2d64-c1e5-4e0f-a992-49c0666fa82e","version":2,"decisions":0,"questions":0,"changed":false}}
{"t":"2026-09-29T17:07:00.531Z","level":"info","event":"slow_database_query","durationMs":321,"statement":"truncate discovery_sources, company_suggestions, companies, tasks, settings, scan_runs, ai_calls restart identity cascad"}
{"t":"2026-09-29T17:07:04.477Z","level":"info","msg":"discovery finished","data":{"company":"Acme","outcome":"not_found","fetches":15}}
{"t":"2026-09-29T17:07:04.682Z","level":"info","msg":"discovery finished","data":{"company":"Acme","outcome":"not_found","fetches":15}}
{"t":"2026-09-29T17:07:04.879Z","level":"info","msg":"discovery finished","data":{"company":"Acme","outcome":"needs_confirmation","fetches":1,"best":"ats_link"}}
{"t":"2026-09-29T17:07:05.444Z","level":"info","msg":"slow database query","data":{"durationMs":296,"statement":"truncate users, companies, career_sources, discovery_runs, verification_cache, tasks, resource_leases, settings, user_se"}}
{"t":"2026-09-29T17:07:05.723Z","level":"info","msg":"discovery finished","data":{"company":"Acme","outcome":"not_found","fetches":0}}
{"t":"2026-09-29T17:07:05.980Z","level":"info","msg":"slow database query","data":{"durationMs":254,"statement":"truncate users, companies, career_sources, discovery_runs, verification_cache, tasks, resource_leases, settings, user_se"}}
{"t":"2026-09-29T17:07:05.999Z","level":"info","msg":"discovery finished","data":{"company":"Acme","outcome":"not_found","fetches":15}}
{"t":"2026-09-29T17:07:06.003Z","level":"warn","msg":"discovery runs failed by an abandoned task","data":{"taskId":"00000000-0000-4000-8000-000000000001","companyId":"f42c2c06-0540-42ce-9f31-549126c5ac1a","failed":1}}
{"t":"2026-09-29T17:07:06.481Z","level":"info","msg":"slow database query","data":{"durationMs":477,"statement":"truncate users, companies, career_sources, discovery_runs, verification_cache, tasks, resource_leases, settings, user_se"}}
{"t":"2026-09-29T17:07:06.848Z","level":"info","msg":"slow database query","data":{"durationMs":305,"statement":"truncate users, companies, career_sources, discovery_runs, verification_cache, tasks, resource_leases, settings, user_se"}}
{"t":"2026-09-29T17:07:08.248Z","level":"info","msg":"source scanned","data":{"company":"Pasted Ltd","type":"greenhouse","status":"ok","postings":1,"new":1,"closed":0,"followers":1,"deferredDescriptions":0,"reusedListing":false,"claimFetchedBytes":349,"claimRequests":3,"claimRevalidated":0,"heapUsedMb":89,"ms":221}}
{"t":"2026-09-29T17:07:08.402Z","level":"info","msg":"source scanned","data":{"company":"Pasted Ltd","type":"greenhouse","status":"ok","postings":1,"new":0,"closed":0,"followers":1,"deferredDescriptions":0,"reusedListing":false,"claimFetchedBytes":349,"claimRequests":3,"claimRevalidated":0,"heapUsedMb":92,"ms":136}}
{"t":"2026-09-29T17:07:08.790Z","level":"info","msg":"source scanned","data":{"company":"Pasted Ltd","type":"greenhouse","status":"ok","postings":1,"new":1,"closed":0,"followers":1,"deferredDescriptions":0,"reusedListing":false,"claimFetchedBytes":349,"claimRequests":3,"claimRevalidated":0,"heapUsedMb":96,"ms":123}}
{"t":"2026-09-29T17:07:08.943Z","level":"info","msg":"source scanned","data":{"company":"Pasted Ltd","type":"greenhouse","status":"ok","postings":2,"new":0,"closed":0,"followers":1,"deferredDescriptions":0,"reusedListing":false,"claimFetchedBytes":561,"claimRequests":3,"claimRevalidated":0,"heapUsedMb":89,"ms":148}}
{"t":"2026-09-29T17:07:09.330Z","level":"info","msg":"source scanned","data":{"company":"Pasted Ltd","type":"greenhouse","status":"ok","postings":2,"new":1,"closed":0,"followers":1,"deferredDescriptions":0,"reusedListing":false,"claimFetchedBytes":561,"claimRequests":3,"claimRevalidated":0,"heapUsedMb":94,"ms":134}}
{"t":"2026-09-29T17:07:09.475Z","level":"info","msg":"source scanned","data":{"company":"Pasted Ltd","type":"greenhouse","status":"ok","postings":1,"new":0,"closed":0,"followers":1,"deferredDescriptions":0,"reusedListing":false,"claimFetchedBytes":349,"claimRequests":3,"claimRevalidated":0,"heapUsedMb":96,"ms":137}}
{"t":"2026-09-29T17:07:09.630Z","level":"info","msg":"source scanned","data":{"company":"Pasted Ltd","type":"greenhouse","status":"ok","postings":1,"new":0,"closed":1,"followers":1,"deferredDescriptions":0,"reusedListing":false,"claimFetchedBytes":349,"claimRequests":3,"claimRevalidated":0,"heapUsedMb":98,"ms":148}}
{"t":"2026-09-29T17:07:09.993Z","level":"info","msg":"source scanned","data":{"company":"Pasted Ltd","type":"greenhouse","status":"ok","postings":2,"new":1,"closed":0,"followers":2,"deferredDescriptions":0,"reusedListing":false,"claimFetchedBytes":561,"claimRequests":3,"claimRevalidated":0,"heapUsedMb":91,"ms":124}}
{"t":"2026-09-29T17:07:10.736Z","level":"info","msg":"scheduled daily run","data":{"ymd":"2026-09-06","scanTime":"06:00","tz":"UTC"}}
{"t":"2026-09-29T17:07:10.751Z","level":"info","msg":"scheduled weekly jobs","data":{"ymd":"2026-09-06","accounts":6,"queued":17,"suggestionsSkipped":0}}
{"t":"2026-09-29T17:07:10.967Z","level":"info","msg":"scheduled daily run","data":{"ymd":"2026-09-06","scanTime":"06:00","tz":"UTC"}}
{"t":"2026-09-29T17:07:10.972Z","level":"info","msg":"scheduled weekly jobs","data":{"ymd":"2026-09-06","accounts":6,"queued":17,"suggestionsSkipped":0}}
{"t":"2026-09-29T17:07:11.144Z","level":"info","msg":"scheduled daily run","data":{"ymd":"2026-09-06","scanTime":"06:00","tz":"UTC"}}
{"t":"2026-09-29T17:07:11.151Z","level":"info","msg":"scheduled weekly jobs","data":{"ymd":"2026-09-06","accounts":7,"queued":19,"suggestionsSkipped":2}}
{"t":"2026-09-29T17:07:11.247Z","level":"info","msg":"scheduled daily run","data":{"ymd":"2026-09-06","scanTime":"06:00","tz":"UTC"}}
{"t":"2026-09-29T17:07:11.252Z","level":"info","msg":"scheduled weekly jobs","data":{"ymd":"2026-09-06","accounts":7,"queued":20,"suggestionsSkipped":0}}
{"t":"2026-09-29T17:07:11.661Z","level":"info","msg":"scheduled daily run","data":{"ymd":"2026-09-05","scanTime":"06:00","tz":"Europe/London"}}
{"t":"2026-09-29T17:07:11.809Z","level":"info","msg":"scheduled daily run","data":{"ymd":"2026-09-05","scanTime":"06:00","tz":"Europe/London"}}
{"t":"2026-09-29T17:07:11.978Z","level":"info","msg":"scheduled daily run","data":{"ymd":"2026-09-05","scanTime":"06:00","tz":"Europe/London"}}
{"t":"2026-09-29T17:07:12.119Z","level":"info","msg":"scheduled daily run","data":{"ymd":"2026-09-05","scanTime":"06:00","tz":"Europe/London"}}
{"t":"2026-09-29T17:07:12.927Z","level":"warn","msg":"monitor sample needs attention","data":{"levels":{"oldestReady":"warn"}}}
{"t":"2026-09-29T17:07:13.092Z","level":"warn","msg":"monitor sample needs attention","data":{"levels":{"oldestReady":"fail"}}}
{"t":"2026-09-29T17:07:13.101Z","level":"warn","msg":"monitor sample needs attention","data":{"levels":{"oldestReady":"fail"}}}
{"t":"2026-09-29T17:07:13.488Z","level":"warn","msg":"monitor sample needs attention","data":{"levels":{"scanFailures":"warn","modelRateLimited":"warn"}}}
{"t":"2026-09-29T17:07:13.893Z","level":"info","event":"slow_database_query","durationMs":402,"statement":"truncate tasks, settings, ai_calls, scan_runs, scans, web_vitals, companies restart identity cascade"}
{"t":"2026-09-29T17:07:13.937Z","level":"warn","msg":"monitor sample needs attention","data":{"levels":{"slowQueries":"fail"}}}
{"t":"2026-09-29T17:07:14.130Z","level":"error","msg":"monitor sample failed","data":{"error":"gone"}}
{"t":"2026-09-29T17:07:15.546Z","level":"info","msg":"pruned history","data":{"tasks":12000}}
{"t":"2026-09-29T17:07:15.724Z","level":"info","msg":"pruned history","data":{"tasks":500}}
{"t":"2026-09-29T17:07:15.759Z","level":"info","msg":"pruned history","data":{"tasks":1500}}
{"t":"2026-09-29T17:07:15.918Z","level":"info","msg":"pruned history","data":{"tasks":500}}
{"t":"2026-09-29T17:07:15.918Z","level":"warn","msg":"retention backlog; continuing next hour","data":{"tables":["tasks"],"batch":500,"budgetMs":20000}}
{"t":"2026-09-29T17:07:16.078Z","level":"info","msg":"pruned history","data":{"tasks":10}}
{"t":"2026-09-29T17:07:16.393Z","level":"info","event":"slow_database_query","durationMs":299,"statement":"truncate tasks, companies, career_sources, jobs, job_events, scans, discovery_runs, sessions, login_attempts, auth_token"}
{"t":"2026-09-29T17:07:16.438Z","level":"info","msg":"pruned history","data":{"job_events":9}}
{"t":"2026-09-29T17:07:16.697Z","level":"info","msg":"pruned history","data":{"scans":2}}
{"t":"2026-09-29T17:07:16.957Z","level":"info","msg":"pruned history","data":{"scans.raw_snapshot":4}}
{"t":"2026-09-29T17:07:17.171Z","level":"info","msg":"pruned history","data":{"discovery_runs":3}}
{"t":"2026-09-29T17:07:17.345Z","level":"info","msg":"pruned history","data":{"verification_cache":1,"ai_reservations":1,"login_attempts":1,"sessions":1,"auth_tokens":2}}
{"t":"2026-09-29T17:07:17.513Z","level":"info","msg":"pruned history","data":{"tasks":1,"login_attempts":1}}
{"t":"2026-09-29T17:07:18.446Z","level":"info","msg":"library import read","data":{"userId":"10074205-f055-4788-812d-57c2bc9fb591","importId":"59c7d57a-1119-4982-9fec-7bdf25d3d6fb","kind":"paste","jobs":2,"rows":3,"education":1,"skills":0,"dropped":1,"truncated":false,"usd":0.087}}
{"t":"2026-09-29T17:07:19.058Z","level":"info","msg":"library import read","data":{"userId":"10074205-f055-4788-812d-57c2bc9fb591","importId":"8684c2b2-b7fe-423d-8e9b-d117b92986f1","kind":"cv","jobs":1,"rows":2,"education":0,"skills":0,"dropped":0,"truncated":false,"usd":0.087}}
{"t":"2026-09-29T17:07:19.212Z","level":"info","msg":"library import read","data":{"userId":"10074205-f055-4788-812d-57c2bc9fb591","importId":"4c5f758a-dbbb-4c8a-a9aa-68a5451058be","kind":"website","jobs":2,"rows":3,"education":1,"skills":0,"dropped":1,"truncated":false,"usd":0.087}}
{"t":"2026-09-29T17:07:19.297Z","level":"info","msg":"http robots denied","data":{"host":"closed.example.test","url":"https://closed.example.test/cv"}}
{"t":"2026-09-29T17:07:19.300Z","level":"info","msg":"library import refused","data":{"userId":"10074205-f055-4788-812d-57c2bc9fb591","importId":"1f4f7e14-53c9-4295-b7f1-16e3930512c7","kind":"website","message":"closed.example.test asks not to be fetched automatically. Paste the text of the page instead."}}
{"t":"2026-09-29T17:07:19.373Z","level":"info","msg":"library import refused","data":{"userId":"10074205-f055-4788-812d-57c2bc9fb591","importId":"d6aed0d1-6cf8-49ea-8336-264fbee1adb6","kind":"website","message":"AVA does not read LinkedIn. Open your profile, choose More → Save to PDF, and upload that file here."}}
{"t":"2026-09-29T17:07:19.443Z","level":"info","msg":"library import refused","data":{"userId":"10074205-f055-4788-812d-57c2bc9fb591","importId":"fc903105-d243-4b0d-9f05-487601f30fd8","kind":"website","message":"The page at jane.example.test answered HTTP 404. Check that the link opens without signing in."}}
{"t":"2026-09-29T17:07:19.521Z","level":"info","msg":"library import refused by budget","data":{"userId":"10074205-f055-4788-812d-57c2bc9fb591","importId":"ece5bbd4-1233-4e0f-b049-9fa4dd19a173","expected":0.088177}}
{"t":"2026-09-29T17:07:19.578Z","level":"info","msg":"library import refused","data":{"userId":"10074205-f055-4788-812d-57c2bc9fb591","importId":"bdb2c4da-a2e6-4495-a382-291ffde42ab8","kind":"cv","message":"AVA reads PDF and Word (.docx) documents. Export this one as a PDF, or paste its text instead."}}
{"t":"2026-09-29T17:07:19.674Z","level":"info","msg":"library import refused","data":{"userId":"10074205-f055-4788-812d-57c2bc9fb591","importId":"7c4c1135-a425-48f4-bfd4-d351249bee54","kind":"paste","message":"Nothing in that document could be matched to what it says. Check that it is the right file, or paste the text instead."}}
{"t":"2026-09-29T17:07:19.746Z","level":"info","msg":"library import refused","data":{"userId":"10074205-f055-4788-812d-57c2bc9fb591","importId":"0a0361c8-40d7-4983-a0e8-557751dc38eb","kind":"paste","message":"AVA cannot read documents at the moment: no model is configured. Your document is kept — try this import again once one is."}}
{"t":"2026-09-29T17:07:20.013Z","level":"info","msg":"library import refused","data":{"userId":"10074205-f055-4788-812d-57c2bc9fb591","importId":"31f897ca-4127-47c3-801c-8873295cd622","kind":"paste","message":"AVA's model provider was too busy to read that document just now. Your document is kept: try this import again in a few minutes."}}
{"t":"2026-09-29T17:07:20.035Z","level":"info","msg":"library import refused","data":{"userId":"10074205-f055-4788-812d-57c2bc9fb591","importId":"dc43c0ac-5c9d-4b16-befa-6abd45dbd691","kind":"paste","message":"Reading that document ran past the longest answer the model may give, so nothing was proposed. Your document is kept: try this import again, or paste the part of it that covers your career."}}
{"t":"2026-09-29T17:07:20.205Z","level":"info","msg":"library import read","data":{"userId":"10074205-f055-4788-812d-57c2bc9fb591","importId":"47d9c247-3b0e-45dc-bb93-6eee049e5902","kind":"paste","jobs":2,"rows":3,"education":1,"skills":0,"dropped":1,"truncated":false,"usd":0.087}}
{"t":"2026-09-29T17:07:20.306Z","level":"info","msg":"library import read","data":{"userId":"10074205-f055-4788-812d-57c2bc9fb591","importId":"182dba8d-10f7-4f52-a48c-eb201182eff1","kind":"cv","jobs":2,"rows":3,"education":1,"skills":0,"dropped":1,"truncated":false,"usd":0.087}}
{"t":"2026-09-29T17:07:20.385Z","level":"info","msg":"library import waits for its host","data":{"userId":"10074205-f055-4788-812d-57c2bc9fb591","importId":"cdef684f-ed59-45ac-8f81-eb2f05b2b4f5","host":"jane.example.test","retryAt":"2026-09-29T17:08:50.377Z"}}
{"t":"2026-09-29T17:07:20.408Z","level":"info","msg":"library import read","data":{"userId":"10074205-f055-4788-812d-57c2bc9fb591","importId":"cdef684f-ed59-45ac-8f81-eb2f05b2b4f5","kind":"website","jobs":2,"rows":3,"education":1,"skills":0,"dropped":1,"truncated":false,"usd":0.087}}
{"t":"2026-09-29T17:07:20.500Z","level":"info","msg":"library import refused","data":{"userId":"10074205-f055-4788-812d-57c2bc9fb591","importId":"81583d2c-e16a-413b-bc17-b2d8bc40abdb","kind":"website","message":"jane.example.test points into a private network, so AVA will not fetch it. Use the address of your own public page, or paste its text instead."}}
{"t":"2026-09-29T17:07:21.298Z","level":"info","event":"slow_database_query","durationMs":298,"statement":"truncate users, companies, career_sources, jobs, user_jobs, settings, source_admission_rejections restart identity casca"}
{"t":"2026-09-29T17:07:22.243Z","level":"info","event":"slow_database_query","durationMs":274,"statement":"truncate users, companies, career_sources, jobs, user_jobs, settings, source_admission_rejections restart identity casca"}
{"t":"2026-09-29T17:07:22.548Z","level":"info","event":"slow_database_query","durationMs":291,"statement":"truncate users, companies, career_sources, jobs, user_jobs, settings, source_admission_rejections restart identity casca"}
{"t":"2026-09-29T17:07:22.880Z","level":"info","event":"slow_database_query","durationMs":316,"statement":"truncate users, companies, career_sources, jobs, user_jobs, settings, source_admission_rejections restart identity casca"}
{"t":"2026-09-29T17:07:23.749Z","level":"info","event":"slow_database_query","durationMs":773,"statement":"truncate users, companies, career_sources, jobs, user_jobs, settings, source_admission_rejections restart identity casca"}
{"t":"2026-09-29T17:07:24.020Z","level":"info","event":"slow_database_query","durationMs":255,"statement":"truncate users, companies, career_sources, jobs, user_jobs, settings, source_admission_rejections restart identity casca"}
{"t":"2026-09-29T17:07:24.476Z","level":"info","event":"slow_database_query","durationMs":374,"statement":"truncate users, companies, career_sources, jobs, user_jobs, settings, source_admission_rejections restart identity casca"}
{"t":"2026-09-29T17:07:28.708Z","level":"info","msg":"slow database query","data":{"durationMs":279,"statement":"truncate users, companies, company_logos, career_sources, scan_runs, tasks, resource_leases, settings restart identity c"}}
{"t":"2026-09-29T17:07:29.046Z","level":"info","msg":"slow database query","data":{"durationMs":325,"statement":"truncate users, companies, company_logos, career_sources, scan_runs, tasks, resource_leases, settings restart identity c"}}
{"t":"2026-09-29T17:07:29.047Z","level":"warn","msg":"logo re-encode failed; the original is kept","data":{"error":"Input buffer has corrupt header:","bytes":400}}
{"t":"2026-09-29T17:07:29.048Z","level":"warn","msg":"logo re-encode failed; the original is kept","data":{"error":"Input buffer has corrupt header:","bytes":400}}
{"t":"2026-09-29T17:07:29.418Z","level":"info","msg":"logo captured","data":{"company":"Touch Ltd","source":"site_icon","sourceUrl":"https://www.touch.test/touch.png","bytes":82,"contentType":"image/webp"}}
{"t":"2026-09-29T17:07:29.642Z","level":"info","msg":"logos re-encoded","data":{"examined":2,"reencoded":2,"kept":0,"replaced":0,"bytesBefore":1396,"bytesAfter":164,"next":"d9163f47-9651-433e-9246-9c15b9b02ec5"}}
{"t":"2026-09-29T17:07:29.644Z","level":"warn","msg":"logo re-encode failed; the original is kept","data":{"error":"Input buffer has corrupt header:","bytes":400}}
{"t":"2026-09-29T17:07:29.644Z","level":"info","msg":"logos re-encoded","data":{"examined":1,"reencoded":0,"kept":1,"replaced":0,"bytesBefore":0,"bytesAfter":0,"next":null}}
{"t":"2026-09-29T17:07:29.915Z","level":"info","msg":"logos re-encoded","data":{"examined":1,"reencoded":0,"kept":0,"replaced":1,"bytesBefore":0,"bytesAfter":0,"next":null}}
{"t":"2026-09-29T17:07:30.952Z","level":"info","event":"slow_database_query","durationMs":262,"statement":"truncate users, companies restart identity cascade"}
{"t":"2026-09-29T17:07:31.847Z","level":"info","event":"slow_database_query","durationMs":578,"statement":"truncate users, companies restart identity cascade"}
{"t":"2026-09-29T17:07:33.126Z","level":"info","msg":"slow database query","data":{"durationMs":309,"statement":"truncate users, companies, career_sources, discovery_runs, scan_runs, scans, jobs, job_events, decisions, tasks, setting"}}
{"t":"2026-09-29T17:07:33.160Z","level":"info","msg":"task start","taskId":"389ecdce-d7af-4aeb-9ecf-fbd6d9c7e3ea","taskType":"discover","data":{"id":"389ecdce-d7af-4aeb-9ecf-fbd6d9c7e3ea","type":"discover","attempt":1,"workerId":"test","commit":null,"readyWaitMs":15,"heapUsedMb":106,"heapLimitMb":4144,"rssMb":204}}
{"t":"2026-09-29T17:07:33.317Z","level":"warn","msg":"logo re-encode failed; the original is kept","taskId":"389ecdce-d7af-4aeb-9ecf-fbd6d9c7e3ea","taskType":"discover","data":{"error":"Input buffer has corrupt header:","bytes":400}}
{"t":"2026-09-29T17:07:33.326Z","level":"info","msg":"logo captured","taskId":"389ecdce-d7af-4aeb-9ecf-fbd6d9c7e3ea","taskType":"discover","data":{"company":"Acme","source":"site_icon","sourceUrl":"https://www.acme.example/favicon.png","bytes":400,"contentType":"image/png"}}
{"t":"2026-09-29T17:07:33.328Z","level":"info","msg":"task done","taskId":"389ecdce-d7af-4aeb-9ecf-fbd6d9c7e3ea","taskType":"discover","data":{"id":"389ecdce-d7af-4aeb-9ecf-fbd6d9c7e3ea","type":"discover","ms":168,"heapUsedMb":109,"heapDeltaMb":3,"heapLimitMb":4144,"rssMb":211,"rssDeltaMb":7}}
{"t":"2026-09-29T17:07:33.344Z","level":"info","msg":"task start","taskId":"e480f26f-176a-4346-bd59-94cabdf6da7d","taskType":"discover","data":{"id":"e480f26f-176a-4346-bd59-94cabdf6da7d","type":"discover","attempt":1,"workerId":"test","commit":null,"readyWaitMs":6,"heapUsedMb":111,"heapLimitMb":4144,"rssMb":212}}
{"t":"2026-09-29T17:07:33.347Z","level":"info","msg":"task done","taskId":"e480f26f-176a-4346-bd59-94cabdf6da7d","taskType":"discover","data":{"id":"e480f26f-176a-4346-bd59-94cabdf6da7d","type":"discover","ms":3,"heapUsedMb":111,"heapDeltaMb":0,"heapLimitMb":4144,"rssMb":212,"rssDeltaMb":0}}
{"t":"2026-09-29T17:07:33.598Z","level":"info","msg":"task start","taskId":"2c2fef9d-5098-411b-b1f2-b5ae49a44cfa","taskType":"discover","data":{"id":"2c2fef9d-5098-411b-b1f2-b5ae49a44cfa","type":"discover","attempt":1,"workerId":"test","commit":null,"readyWaitMs":8,"heapUsedMb":106,"heapLimitMb":4144,"rssMb":187}}
{"t":"2026-09-29T17:07:33.665Z","level":"info","msg":"discovery finished","taskId":"2c2fef9d-5098-411b-b1f2-b5ae49a44cfa","taskType":"discover","data":{"company":"Acme","outcome":"resolved","fetches":0,"best":"pasted_ats"}}
{"t":"2026-09-29T17:07:33.668Z","level":"info","msg":"task done","taskId":"2c2fef9d-5098-411b-b1f2-b5ae49a44cfa","taskType":"discover","data":{"id":"2c2fef9d-5098-411b-b1f2-b5ae49a44cfa","type":"discover","ms":70,"heapUsedMb":108,"heapDeltaMb":2,"heapLimitMb":4144,"rssMb":186,"rssDeltaMb":-1}}
{"t":"2026-09-29T17:07:33.671Z","level":"info","msg":"task start","taskId":"2e520323-9b51-43d2-9aab-193ef7ed2787","taskType":"discover","data":{"id":"2e520323-9b51-43d2-9aab-193ef7ed2787","type":"discover","attempt":1,"workerId":"test","commit":null,"readyWaitMs":78,"heapUsedMb":108,"heapLimitMb":4144,"rssMb":186}}
{"t":"2026-09-29T17:07:33.786Z","level":"info","msg":"discovery finished","taskId":"2e520323-9b51-43d2-9aab-193ef7ed2787","taskType":"discover","data":{"company":"Acme Robotics Ltd","outcome":"resolved","fetches":0,"best":"pasted_ats"}}
{"t":"2026-09-29T17:07:33.792Z","level":"info","msg":"task done","taskId":"2e520323-9b51-43d2-9aab-193ef7ed2787","taskType":"discover","data":{"id":"2e520323-9b51-43d2-9aab-193ef7ed2787","type":"discover","ms":121,"heapUsedMb":110,"heapDeltaMb":2,"heapLimitMb":4144,"rssMb":184,"rssDeltaMb":-2}}
{"t":"2026-09-29T17:07:33.799Z","level":"info","msg":"task start","taskId":"68d058a0-5fe8-404a-9cdf-be237644033d","taskType":"scan_company","data":{"id":"68d058a0-5fe8-404a-9cdf-be237644033d","type":"scan_company","attempt":1,"workerId":"test","commit":null,"readyWaitMs":143,"heapUsedMb":110,"heapLimitMb":4144,"rssMb":184}}
{"t":"2026-09-29T17:07:33.960Z","level":"info","msg":"source scanned","taskId":"68d058a0-5fe8-404a-9cdf-be237644033d","taskType":"scan_company","data":{"company":"Acme Robotics","type":"greenhouse","status":"ok","postings":5,"new":5,"closed":0,"followers":0,"deferredDescriptions":0,"reusedListing":false,"claimFetchedBytes":1452,"claimRequests":3,"claimRevalidated":0,"heapUsedMb":113,"ms":141}}
{"t":"2026-09-29T17:07:33.969Z","level":"info","msg":"task done","taskId":"68d058a0-5fe8-404a-9cdf-be237644033d","taskType":"scan_company","data":{"id":"68d058a0-5fe8-404a-9cdf-be237644033d","type":"scan_company","ms":170,"heapUsedMb":114,"heapDeltaMb":4,"heapLimitMb":4144,"rssMb":185,"rssDeltaMb":1}}
{"t":"2026-09-29T17:07:33.973Z","level":"info","msg":"task start","taskId":"cf669250-c971-49a0-b3a0-f95f745c79e1","taskType":"scan_company","data":{"id":"cf669250-c971-49a0-b3a0-f95f745c79e1","type":"scan_company","attempt":1,"workerId":"test","commit":null,"readyWaitMs":211,"heapUsedMb":114,"heapLimitMb":4144,"rssMb":185}}
{"t":"2026-09-29T17:07:34.110Z","level":"info","msg":"source scanned","taskId":"cf669250-c971-49a0-b3a0-f95f745c79e1","taskType":"scan_company","data":{"company":"Acme Robotics Ltd","type":"greenhouse","status":"ok","postings":5,"new":5,"closed":0,"followers":0,"deferredDescriptions":0,"reusedListing":false,"claimFetchedBytes":1452,"claimRequests":3,"claimRevalidated":0,"heapUsedMb":116,"ms":131}}
{"t":"2026-09-29T17:07:34.121Z","level":"info","msg":"task done","taskId":"cf669250-c971-49a0-b3a0-f95f745c79e1","taskType":"scan_company","data":{"id":"cf669250-c971-49a0-b3a0-f95f745c79e1","type":"scan_company","ms":148,"heapUsedMb":116,"heapDeltaMb":2,"heapLimitMb":4144,"rssMb":185,"rssDeltaMb":0}}
{"t":"2026-09-29T17:07:34.126Z","level":"info","msg":"task start","taskId":"4154713e-4124-47ab-9670-21ad9292325c","taskType":"discover","data":{"id":"4154713e-4124-47ab-9670-21ad9292325c","type":"discover","attempt":1,"workerId":"test","commit":null,"readyWaitMs":528,"heapUsedMb":117,"heapLimitMb":4144,"rssMb":185}}
{"t":"2026-09-29T17:07:34.184Z","level":"warn","msg":"logo re-encode failed; the original is kept","taskId":"4154713e-4124-47ab-9670-21ad9292325c","taskType":"discover","data":{"error":"Input buffer has corrupt header:","bytes":400}}
{"t":"2026-09-29T17:07:34.196Z","level":"info","msg":"logo captured","taskId":"4154713e-4124-47ab-9670-21ad9292325c","taskType":"discover","data":{"company":"Acme Robotics","source":"site_icon","sourceUrl":"https://www.acme.example/favicon.png","bytes":400,"contentType":"image/png"}}
{"t":"2026-09-29T17:07:34.199Z","level":"info","msg":"task done","taskId":"4154713e-4124-47ab-9670-21ad9292325c","taskType":"discover","data":{"id":"4154713e-4124-47ab-9670-21ad9292325c","type":"discover","ms":73,"heapUsedMb":118,"heapDeltaMb":1,"heapLimitMb":4144,"rssMb":185,"rssDeltaMb":0}}
{"t":"2026-09-29T17:07:34.203Z","level":"info","msg":"task start","taskId":"d837c7f7-b62f-4a00-8181-a9e409d55135","taskType":"discover","data":{"id":"d837c7f7-b62f-4a00-8181-a9e409d55135","type":"discover","attempt":1,"workerId":"test","commit":null,"readyWaitMs":531,"heapUsedMb":118,"heapLimitMb":4144,"rssMb":185}}
{"t":"2026-09-29T17:07:34.216Z","level":"info","msg":"logo capture failed","taskId":"d837c7f7-b62f-4a00-8181-a9e409d55135","taskType":"discover","data":{"company":"Acme Robotics Ltd","error":"No usable icon found for acme-named.example","tried":4,"attempts":1,"nextAttemptAt":"2026-09-05T07:00:00.000Z"}}
{"t":"2026-09-29T17:07:34.220Z","level":"info","msg":"task done","taskId":"d837c7f7-b62f-4a00-8181-a9e409d55135","taskType":"discover","data":{"id":"d837c7f7-b62f-4a00-8181-a9e409d55135","type":"discover","ms":17,"heapUsedMb":108,"heapDeltaMb":-10,"heapLimitMb":4144,"rssMb":186,"rssDeltaMb":1}}
{"t":"2026-09-29T17:07:34.455Z","level":"info","msg":"task start","taskId":"36c8a98c-3d97-4d3b-b544-eeb1ad6b30f3","taskType":"discover","data":{"id":"36c8a98c-3d97-4d3b-b544-eeb1ad6b30f3","type":"discover","attempt":1,"workerId":"test","commit":null,"readyWaitMs":7,"heapUsedMb":109,"heapLimitMb":4144,"rssMb":186}}
{"t":"2026-09-29T17:07:34.639Z","level":"info","msg":"discovery finished","taskId":"36c8a98c-3d97-4d3b-b544-eeb1ad6b30f3","taskType":"discover","data":{"company":"acme.example","outcome":"resolved","fetches":3,"best":"ats_link"}}
{"t":"2026-09-29T17:07:34.642Z","level":"info","msg":"task done","taskId":"36c8a98c-3d97-4d3b-b544-eeb1ad6b30f3","taskType":"discover","data":{"id":"36c8a98c-3d97-4d3b-b544-eeb1ad6b30f3","type":"discover","ms":187,"heapUsedMb":113,"heapDeltaMb":4,"heapLimitMb":4144,"rssMb":187,"rssDeltaMb":1}}
{"t":"2026-09-29T17:07:34.645Z","level":"info","msg":"task start","taskId":"8c7a2874-8bed-441e-b6d8-f616255f1aa2","taskType":"scan_company","data":{"id":"8c7a2874-8bed-441e-b6d8-f616255f1aa2","type":"scan_company","attempt":1,"workerId":"test","commit":null,"readyWaitMs":20,"heapUsedMb":114,"heapLimitMb":4144,"rssMb":187}}
{"t":"2026-09-29T17:07:34.818Z","level":"info","msg":"source scanned","taskId":"8c7a2874-8bed-441e-b6d8-f616255f1aa2","taskType":"scan_company","data":{"company":"Acme Robotics","type":"greenhouse","status":"ok","postings":5,"new":5,"closed":0,"followers":1,"deferredDescriptions":0,"reusedListing":false,"claimFetchedBytes":1452,"claimRequests":3,"claimRevalidated":0,"heapUsedMb":117,"ms":164}}
{"t":"2026-09-29T17:07:34.837Z","level":"info","msg":"task done","taskId":"8c7a2874-8bed-441e-b6d8-f616255f1aa2","taskType":"scan_company","data":{"id":"8c7a2874-8bed-441e-b6d8-f616255f1aa2","type":"scan_company","ms":192,"heapUsedMb":117,"heapDeltaMb":3,"heapLimitMb":4144,"rssMb":186,"rssDeltaMb":-1}}
{"t":"2026-09-29T17:07:34.842Z","level":"info","msg":"task start","taskId":"c5df912f-8c78-494f-9c96-2d8ca4d2d6e6","taskType":"fetch_description","data":{"id":"c5df912f-8c78-494f-9c96-2d8ca4d2d6e6","type":"fetch_description","attempt":1,"workerId":"test","commit":null,"readyWaitMs":57,"heapUsedMb":117,"heapLimitMb":4144,"rssMb":184}}
{"t":"2026-09-29T17:07:34.919Z","level":"info","msg":"task done","taskId":"c5df912f-8c78-494f-9c96-2d8ca4d2d6e6","taskType":"fetch_description","data":{"id":"c5df912f-8c78-494f-9c96-2d8ca4d2d6e6","type":"fetch_description","ms":77,"heapUsedMb":119,"heapDeltaMb":2,"heapLimitMb":4144,"rssMb":183,"rssDeltaMb":-1}}
{"t":"2026-09-29T17:07:34.921Z","level":"info","msg":"task start","taskId":"e339938c-8faa-4fac-bdfd-32d459430d96","taskType":"fetch_description","data":{"id":"e339938c-8faa-4fac-bdfd-32d459430d96","type":"fetch_description","attempt":1,"workerId":"test","commit":null,"readyWaitMs":136,"heapUsedMb":119,"heapLimitMb":4144,"rssMb":183}}
{"t":"2026-09-29T17:07:34.972Z","level":"info","msg":"task done","taskId":"e339938c-8faa-4fac-bdfd-32d459430d96","taskType":"fetch_description","data":{"id":"e339938c-8faa-4fac-bdfd-32d459430d96","type":"fetch_description","ms":51,"heapUsedMb":120,"heapDeltaMb":1,"heapLimitMb":4144,"rssMb":183,"rssDeltaMb":0}}
{"t":"2026-09-29T17:07:34.975Z","level":"info","msg":"task start","taskId":"f3e06c6a-50c7-4efe-9005-180670c838f4","taskType":"fetch_description","data":{"id":"f3e06c6a-50c7-4efe-9005-180670c838f4","type":"fetch_description","attempt":1,"workerId":"test","commit":null,"readyWaitMs":190,"heapUsedMb":120,"heapLimitMb":4144,"rssMb":183}}
{"t":"2026-09-29T17:07:35.012Z","level":"info","msg":"task done","taskId":"f3e06c6a-50c7-4efe-9005-180670c838f4","taskType":"fetch_description","data":{"id":"f3e06c6a-50c7-4efe-9005-180670c838f4","type":"fetch_description","ms":37,"heapUsedMb":111,"heapDeltaMb":-9,"heapLimitMb":4144,"rssMb":185,"rssDeltaMb":2}}
{"t":"2026-09-29T17:07:35.014Z","level":"info","msg":"task start","taskId":"118f8d5a-fec0-4614-a2ce-b0a0a8c06935","taskType":"fetch_description","data":{"id":"118f8d5a-fec0-4614-a2ce-b0a0a8c06935","type":"fetch_description","attempt":1,"workerId":"test","commit":null,"readyWaitMs":229,"heapUsedMb":111,"heapLimitMb":4144,"rssMb":185}}
{"t":"2026-09-29T17:07:35.042Z","level":"info","msg":"task done","taskId":"118f8d5a-fec0-4614-a2ce-b0a0a8c06935","taskType":"fetch_description","data":{"id":"118f8d5a-fec0-4614-a2ce-b0a0a8c06935","type":"fetch_description","ms":28,"heapUsedMb":112,"heapDeltaMb":1,"heapLimitMb":4144,"rssMb":185,"rssDeltaMb":0}}
{"t":"2026-09-29T17:07:35.043Z","level":"info","msg":"task start","taskId":"eb1986a5-2f05-4c33-a894-0a1cb3208437","taskType":"discover","data":{"id":"eb1986a5-2f05-4c33-a894-0a1cb3208437","type":"discover","attempt":1,"workerId":"test","commit":null,"readyWaitMs":587,"heapUsedMb":112,"heapLimitMb":4144,"rssMb":185}}
{"t":"2026-09-29T17:07:35.097Z","level":"warn","msg":"logo re-encode failed; the original is kept","taskId":"eb1986a5-2f05-4c33-a894-0a1cb3208437","taskType":"discover","data":{"error":"Input buffer has corrupt header:","bytes":400}}
{"t":"2026-09-29T17:07:35.102Z","level":"info","msg":"logo captured","taskId":"eb1986a5-2f05-4c33-a894-0a1cb3208437","taskType":"discover","data":{"company":"Acme Robotics","source":"site_icon","sourceUrl":"https://www.acme.example/favicon.png","bytes":400,"contentType":"image/png"}}
{"t":"2026-09-29T17:07:35.104Z","level":"info","msg":"task done","taskId":"eb1986a5-2f05-4c33-a894-0a1cb3208437","taskType":"discover","data":{"id":"eb1986a5-2f05-4c33-a894-0a1cb3208437","type":"discover","ms":61,"heapUsedMb":113,"heapDeltaMb":1,"heapLimitMb":4144,"rssMb":185,"rssDeltaMb":0}}
{"t":"2026-09-29T17:07:35.303Z","level":"info","msg":"task start","taskId":"981597f6-3692-411b-9b68-2899d69033a9","taskType":"discover","data":{"id":"981597f6-3692-411b-9b68-2899d69033a9","type":"discover","attempt":1,"workerId":"test","commit":null,"readyWaitMs":6,"heapUsedMb":115,"heapLimitMb":4144,"rssMb":184}}
{"t":"2026-09-29T17:07:35.480Z","level":"info","msg":"discovery finished","taskId":"981597f6-3692-411b-9b68-2899d69033a9","taskType":"discover","data":{"company":"acme.example","outcome":"resolved","fetches":3,"best":"ats_link"}}
{"t":"2026-09-29T17:07:35.488Z","level":"info","msg":"task done","taskId":"981597f6-3692-411b-9b68-2899d69033a9","taskType":"discover","data":{"id":"981597f6-3692-411b-9b68-2899d69033a9","type":"discover","ms":185,"heapUsedMb":118,"heapDeltaMb":3,"heapLimitMb":4144,"rssMb":175,"rssDeltaMb":-9}}
{"t":"2026-09-29T17:07:35.492Z","level":"info","msg":"task start","taskId":"d0376eb9-33b4-4414-a322-e38c24072115","taskType":"scan_company","data":{"id":"d0376eb9-33b4-4414-a322-e38c24072115","type":"scan_company","attempt":1,"workerId":"test","commit":null,"readyWaitMs":29,"heapUsedMb":118,"heapLimitMb":4144,"rssMb":175}}
{"t":"2026-09-29T17:07:35.635Z","level":"info","msg":"source scanned","taskId":"d0376eb9-33b4-4414-a322-e38c24072115","taskType":"scan_company","data":{"company":"Acme Robotics","type":"greenhouse","status":"ok","postings":5,"new":5,"closed":0,"followers":1,"deferredDescriptions":0,"reusedListing":false,"claimFetchedBytes":1452,"claimRequests":3,"claimRevalidated":0,"heapUsedMb":121,"ms":136}}
{"t":"2026-09-29T17:07:35.642Z","level":"info","msg":"task done","taskId":"d0376eb9-33b4-4414-a322-e38c24072115","taskType":"scan_company","data":{"id":"d0376eb9-33b4-4414-a322-e38c24072115","type":"scan_company","ms":150,"heapUsedMb":122,"heapDeltaMb":4,"heapLimitMb":4144,"rssMb":175,"rssDeltaMb":0}}
{"t":"2026-09-29T17:07:35.643Z","level":"info","msg":"task start","taskId":"43e4adef-14ee-4609-9c3f-e5bb3a19e28c","taskType":"fetch_description","data":{"id":"43e4adef-14ee-4609-9c3f-e5bb3a19e28c","type":"fetch_description","attempt":1,"workerId":"test","commit":null,"readyWaitMs":23,"heapUsedMb":122,"heapLimitMb":4144,"rssMb":175}}
{"t":"2026-09-29T17:07:35.676Z","level":"info","msg":"task done","taskId":"43e4adef-14ee-4609-9c3f-e5bb3a19e28c","taskType":"fetch_description","data":{"id":"43e4adef-14ee-4609-9c3f-e5bb3a19e28c","type":"fetch_description","ms":33,"heapUsedMb":113,"heapDeltaMb":-9,"heapLimitMb":4144,"rssMb":176,"rssDeltaMb":1}}
{"t":"2026-09-29T17:07:35.677Z","level":"info","msg":"task start","taskId":"02d366d7-357d-46e0-8e6d-a6f9b19208a1","taskType":"fetch_description","data":{"id":"02d366d7-357d-46e0-8e6d-a6f9b19208a1","type":"fetch_description","attempt":1,"workerId":"test","commit":null,"readyWaitMs":57,"heapUsedMb":113,"heapLimitMb":4144,"rssMb":176}}
{"t":"2026-09-29T17:07:35.727Z","level":"info","msg":"task done","taskId":"02d366d7-357d-46e0-8e6d-a6f9b19208a1","taskType":"fetch_description","data":{"id":"02d366d7-357d-46e0-8e6d-a6f9b19208a1","type":"fetch_description","ms":50,"heapUsedMb":114,"heapDeltaMb":1,"heapLimitMb":4144,"rssMb":176,"rssDeltaMb":0}}
{"t":"2026-09-29T17:07:35.728Z","level":"info","msg":"task start","taskId":"1037e9c6-1e58-4732-a30f-1e937c9fb071","taskType":"fetch_description","data":{"id":"1037e9c6-1e58-4732-a30f-1e937c9fb071","type":"fetch_description","attempt":1,"workerId":"test","commit":null,"readyWaitMs":108,"heapUsedMb":114,"heapLimitMb":4144,"rssMb":176}}
{"t":"2026-09-29T17:07:35.775Z","level":"info","msg":"task done","taskId":"1037e9c6-1e58-4732-a30f-1e937c9fb071","taskType":"fetch_description","data":{"id":"1037e9c6-1e58-4732-a30f-1e937c9fb071","type":"fetch_description","ms":47,"heapUsedMb":116,"heapDeltaMb":2,"heapLimitMb":4144,"rssMb":176,"rssDeltaMb":0}}
{"t":"2026-09-29T17:07:35.776Z","level":"info","msg":"task start","taskId":"ffe95aed-6b15-4064-a56b-edbdbf61de83","taskType":"fetch_description","data":{"id":"ffe95aed-6b15-4064-a56b-edbdbf61de83","type":"fetch_description","attempt":1,"workerId":"test","commit":null,"readyWaitMs":156,"heapUsedMb":116,"heapLimitMb":4144,"rssMb":176}}
{"t":"2026-09-29T17:07:35.826Z","level":"info","msg":"task done","taskId":"ffe95aed-6b15-4064-a56b-edbdbf61de83","taskType":"fetch_description","data":{"id":"ffe95aed-6b15-4064-a56b-edbdbf61de83","type":"fetch_description","ms":50,"heapUsedMb":117,"heapDeltaMb":1,"heapLimitMb":4144,"rssMb":177,"rssDeltaMb":1}}
{"t":"2026-09-29T17:07:35.827Z","level":"info","msg":"task start","taskId":"d82d3282-9441-4378-a4b1-fb47be2294e4","taskType":"discover","data":{"id":"d82d3282-9441-4378-a4b1-fb47be2294e4","type":"discover","attempt":1,"workerId":"test","commit":null,"readyWaitMs":524,"heapUsedMb":117,"heapLimitMb":4144,"rssMb":177}}
{"t":"2026-09-29T17:07:35.879Z","level":"warn","msg":"logo re-encode failed; the original is kept","taskId":"d82d3282-9441-4378-a4b1-fb47be2294e4","taskType":"discover","data":{"error":"Input buffer has corrupt header:","bytes":400}}
{"t":"2026-09-29T17:07:35.884Z","level":"info","msg":"logo captured","taskId":"d82d3282-9441-4378-a4b1-fb47be2294e4","taskType":"discover","data":{"company":"Acme Robotics","source":"site_icon","sourceUrl":"https://www.acme.example/favicon.png","bytes":400,"contentType":"image/png"}}
{"t":"2026-09-29T17:07:35.885Z","level":"info","msg":"task done","taskId":"d82d3282-9441-4378-a4b1-fb47be2294e4","taskType":"discover","data":{"id":"d82d3282-9441-4378-a4b1-fb47be2294e4","type":"discover","ms":58,"heapUsedMb":118,"heapDeltaMb":1,"heapLimitMb":4144,"rssMb":177,"rssDeltaMb":0}}
{"t":"2026-09-29T17:07:36.059Z","level":"info","msg":"task start","taskId":"0a2dd121-c936-42a8-a77c-5755da13aef4","taskType":"discover","data":{"id":"0a2dd121-c936-42a8-a77c-5755da13aef4","type":"discover","attempt":1,"workerId":"test","commit":null,"readyWaitMs":5,"heapUsedMb":120,"heapLimitMb":4144,"rssMb":177}}
{"t":"2026-09-29T17:07:36.228Z","level":"info","msg":"discovery finished","taskId":"0a2dd121-c936-42a8-a77c-5755da13aef4","taskType":"discover","data":{"company":"acme.example","outcome":"resolved","fetches":3,"best":"ats_link"}}
{"t":"2026-09-29T17:07:36.230Z","level":"info","msg":"task done","taskId":"0a2dd121-c936-42a8-a77c-5755da13aef4","taskType":"discover","data":{"id":"0a2dd121-c936-42a8-a77c-5755da13aef4","type":"discover","ms":171,"heapUsedMb":123,"heapDeltaMb":3,"heapLimitMb":4144,"rssMb":177,"rssDeltaMb":0}}
{"t":"2026-09-29T17:07:36.231Z","level":"info","msg":"task start","taskId":"76a388a4-089e-4799-9c7c-0b3e941626fe","taskType":"scan_company","data":{"id":"76a388a4-089e-4799-9c7c-0b3e941626fe","type":"scan_company","attempt":1,"workerId":"test","commit":null,"readyWaitMs":11,"heapUsedMb":124,"heapLimitMb":4144,"rssMb":177}}
{"t":"2026-09-29T17:07:36.466Z","level":"info","msg":"source scanned","taskId":"76a388a4-089e-4799-9c7c-0b3e941626fe","taskType":"scan_company","data":{"company":"Acme Robotics","type":"greenhouse","status":"ok","postings":5,"new":5,"closed":0,"followers":1,"deferredDescriptions":0,"reusedListing":false,"claimFetchedBytes":1452,"claimRequests":3,"claimRevalidated":0,"heapUsedMb":117,"ms":230}}
{"t":"2026-09-29T17:07:36.477Z","level":"info","msg":"task done","taskId":"76a388a4-089e-4799-9c7c-0b3e941626fe","taskType":"scan_company","data":{"id":"76a388a4-089e-4799-9c7c-0b3e941626fe","type":"scan_company","ms":246,"heapUsedMb":117,"heapDeltaMb":-7,"heapLimitMb":4144,"rssMb":178,"rssDeltaMb":1}}
{"t":"2026-09-29T17:07:36.479Z","level":"info","msg":"task start","taskId":"cb75d751-6929-44dc-aed3-0e16f14378f4","taskType":"fetch_description","data":{"id":"cb75d751-6929-44dc-aed3-0e16f14378f4","type":"fetch_description","attempt":1,"workerId":"test","commit":null,"readyWaitMs":103,"heapUsedMb":117,"heapLimitMb":4144,"rssMb":178}}
{"t":"2026-09-29T17:07:36.494Z","level":"info","msg":"task done","taskId":"cb75d751-6929-44dc-aed3-0e16f14378f4","taskType":"fetch_description","data":{"id":"cb75d751-6929-44dc-aed3-0e16f14378f4","type":"fetch_description","ms":15,"heapUsedMb":118,"heapDeltaMb":1,"heapLimitMb":4144,"rssMb":179,"rssDeltaMb":1}}
{"t":"2026-09-29T17:07:36.495Z","level":"info","msg":"task start","taskId":"7265a74e-6855-4720-8f36-e99aed9fd60d","taskType":"fetch_description","data":{"id":"7265a74e-6855-4720-8f36-e99aed9fd60d","type":"fetch_description","attempt":1,"workerId":"test","commit":null,"readyWaitMs":119,"heapUsedMb":118,"heapLimitMb":4144,"rssMb":179}}
{"t":"2026-09-29T17:07:36.541Z","level":"info","msg":"task done","taskId":"7265a74e-6855-4720-8f36-e99aed9fd60d","taskType":"fetch_description","data":{"id":"7265a74e-6855-4720-8f36-e99aed9fd60d","type":"fetch_description","ms":46,"heapUsedMb":120,"heapDeltaMb":2,"heapLimitMb":4144,"rssMb":178,"rssDeltaMb":-1}}
{"t":"2026-09-29T17:07:36.543Z","level":"info","msg":"task start","taskId":"c7914159-fd86-4f04-9b6a-009bc505a36e","taskType":"discover","data":{"id":"c7914159-fd86-4f04-9b6a-009bc505a36e","type":"discover","attempt":1,"workerId":"test","commit":null,"readyWaitMs":484,"heapUsedMb":120,"heapLimitMb":4144,"rssMb":178}}
{"t":"2026-09-29T17:07:36.596Z","level":"warn","msg":"logo re-encode failed; the original is kept","taskId":"c7914159-fd86-4f04-9b6a-009bc505a36e","taskType":"discover","data":{"error":"Input buffer has corrupt header:","bytes":400}}
{"t":"2026-09-29T17:07:36.601Z","level":"info","msg":"logo captured","taskId":"c7914159-fd86-4f04-9b6a-009bc505a36e","taskType":"discover","data":{"company":"Acme Robotics","source":"site_icon","sourceUrl":"https://www.acme.example/favicon.png","bytes":400,"contentType":"image/png"}}
{"t":"2026-09-29T17:07:36.603Z","level":"info","msg":"task done","taskId":"c7914159-fd86-4f04-9b6a-009bc505a36e","taskType":"discover","data":{"id":"c7914159-fd86-4f04-9b6a-009bc505a36e","type":"discover","ms":60,"heapUsedMb":121,"heapDeltaMb":1,"heapLimitMb":4144,"rssMb":178,"rssDeltaMb":0}}
{"t":"2026-09-29T17:07:36.781Z","level":"info","msg":"task start","taskId":"8945311a-009d-446a-b4e0-51c7fa81108a","taskType":"discover","data":{"id":"8945311a-009d-446a-b4e0-51c7fa81108a","type":"discover","attempt":1,"workerId":"test","commit":null,"readyWaitMs":6,"heapUsedMb":122,"heapLimitMb":4144,"rssMb":178}}
{"t":"2026-09-29T17:07:36.944Z","level":"info","msg":"discovery finished","taskId":"8945311a-009d-446a-b4e0-51c7fa81108a","taskType":"discover","data":{"company":"acme.example","outcome":"resolved","fetches":3,"best":"ats_link"}}
{"t":"2026-09-29T17:07:36.947Z","level":"info","msg":"task done","taskId":"8945311a-009d-446a-b4e0-51c7fa81108a","taskType":"discover","data":{"id":"8945311a-009d-446a-b4e0-51c7fa81108a","type":"discover","ms":166,"heapUsedMb":125,"heapDeltaMb":3,"heapLimitMb":4144,"rssMb":178,"rssDeltaMb":0}}
{"t":"2026-09-29T17:07:36.949Z","level":"info","msg":"task start","taskId":"f458848c-5071-4cde-83b5-8cdce89de011","taskType":"scan_company","data":{"id":"f458848c-5071-4cde-83b5-8cdce89de011","type":"scan_company","attempt":1,"workerId":"test","commit":null,"readyWaitMs":12,"heapUsedMb":125,"heapLimitMb":4144,"rssMb":178}}
{"t":"2026-09-29T17:07:37.122Z","level":"info","msg":"source scanned","taskId":"f458848c-5071-4cde-83b5-8cdce89de011","taskType":"scan_company","data":{"company":"Acme Robotics","type":"greenhouse","status":"ok","postings":5,"new":5,"closed":0,"followers":1,"deferredDescriptions":0,"reusedListing":false,"claimFetchedBytes":1452,"claimRequests":3,"claimRevalidated":0,"heapUsedMb":118,"ms":169}}
{"t":"2026-09-29T17:07:37.130Z","level":"info","msg":"task done","taskId":"f458848c-5071-4cde-83b5-8cdce89de011","taskType":"scan_company","data":{"id":"f458848c-5071-4cde-83b5-8cdce89de011","type":"scan_company","ms":181,"heapUsedMb":119,"heapDeltaMb":-6,"heapLimitMb":4144,"rssMb":180,"rssDeltaMb":2}}
{"t":"2026-09-29T17:07:37.132Z","level":"info","msg":"task start","taskId":"a67d1391-3d24-4a2b-b934-6cc2429a76d0","taskType":"fetch_description","data":{"id":"a67d1391-3d24-4a2b-b934-6cc2429a76d0","type":"fetch_description","attempt":1,"workerId":"test","commit":null,"readyWaitMs":33,"heapUsedMb":119,"heapLimitMb":4144,"rssMb":180}}
{"t":"2026-09-29T17:07:37.149Z","level":"info","msg":"task done","taskId":"a67d1391-3d24-4a2b-b934-6cc2429a76d0","taskType":"fetch_description","data":{"id":"a67d1391-3d24-4a2b-b934-6cc2429a76d0","type":"fetch_description","ms":17,"heapUsedMb":120,"heapDeltaMb":1,"heapLimitMb":4144,"rssMb":180,"rssDeltaMb":0}}
{"t":"2026-09-29T17:07:37.150Z","level":"info","msg":"task start","taskId":"40020dd8-1dcb-4396-a07b-4e416e8a3141","taskType":"fetch_description","data":{"id":"40020dd8-1dcb-4396-a07b-4e416e8a3141","type":"fetch_description","attempt":1,"workerId":"test","commit":null,"readyWaitMs":51,"heapUsedMb":120,"heapLimitMb":4144,"rssMb":180}}
{"t":"2026-09-29T17:07:37.205Z","level":"info","msg":"task done","taskId":"40020dd8-1dcb-4396-a07b-4e416e8a3141","taskType":"fetch_description","data":{"id":"40020dd8-1dcb-4396-a07b-4e416e8a3141","type":"fetch_description","ms":55,"heapUsedMb":121,"heapDeltaMb":1,"heapLimitMb":4144,"rssMb":180,"rssDeltaMb":0}}
{"t":"2026-09-29T17:07:37.208Z","level":"info","msg":"task start","taskId":"70de0658-f71b-407d-acb2-021ba0db9ce7","taskType":"fetch_description","data":{"id":"70de0658-f71b-407d-acb2-021ba0db9ce7","type":"fetch_description","attempt":1,"workerId":"test","commit":null,"readyWaitMs":109,"heapUsedMb":121,"heapLimitMb":4144,"rssMb":180}}
{"t":"2026-09-29T17:07:37.252Z","level":"info","msg":"task done","taskId":"70de0658-f71b-407d-acb2-021ba0db9ce7","taskType":"fetch_description","data":{"id":"70de0658-f71b-407d-acb2-021ba0db9ce7","type":"fetch_description","ms":44,"heapUsedMb":122,"heapDeltaMb":1,"heapLimitMb":4144,"rssMb":180,"rssDeltaMb":0}}
{"t":"2026-09-29T17:07:37.254Z","level":"info","msg":"task start","taskId":"fd826ac1-7500-4967-b42e-d0103d530a47","taskType":"fetch_description","data":{"id":"fd826ac1-7500-4967-b42e-d0103d530a47","type":"fetch_description","attempt":1,"workerId":"test","commit":null,"readyWaitMs":155,"heapUsedMb":123,"heapLimitMb":4144,"rssMb":180}}
{"t":"2026-09-29T17:07:37.300Z","level":"info","msg":"task done","taskId":"fd826ac1-7500-4967-b42e-d0103d530a47","taskType":"fetch_description","data":{"id":"fd826ac1-7500-4967-b42e-d0103d530a47","type":"fetch_description","ms":46,"heapUsedMb":124,"heapDeltaMb":1,"heapLimitMb":4144,"rssMb":180,"rssDeltaMb":0}}
{"t":"2026-09-29T17:07:37.302Z","level":"info","msg":"task start","taskId":"5921e7cc-9fca-498e-9754-c9009a5d0141","taskType":"discover","data":{"id":"5921e7cc-9fca-498e-9754-c9009a5d0141","type":"discover","attempt":1,"workerId":"test","commit":null,"readyWaitMs":522,"heapUsedMb":124,"heapLimitMb":4144,"rssMb":180}}
{"t":"2026-09-29T17:07:37.355Z","level":"warn","msg":"logo re-encode failed; the original is kept","taskId":"5921e7cc-9fca-498e-9754-c9009a5d0141","taskType":"discover","data":{"error":"Input buffer has corrupt header:","bytes":400}}
{"t":"2026-09-29T17:07:37.361Z","level":"info","msg":"logo captured","taskId":"5921e7cc-9fca-498e-9754-c9009a5d0141","taskType":"discover","data":{"company":"Acme Robotics","source":"site_icon","sourceUrl":"https://www.acme.example/favicon.png","bytes":400,"contentType":"image/png"}}
{"t":"2026-09-29T17:07:37.363Z","level":"info","msg":"task done","taskId":"5921e7cc-9fca-498e-9754-c9009a5d0141","taskType":"discover","data":{"id":"5921e7cc-9fca-498e-9754-c9009a5d0141","type":"discover","ms":61,"heapUsedMb":125,"heapDeltaMb":1,"heapLimitMb":4144,"rssMb":178,"rssDeltaMb":-2}}
{"t":"2026-09-29T17:07:37.369Z","level":"info","msg":"task start","taskId":"628ae3db-3cdf-4ab4-87e8-15186c65c345","taskType":"reevaluate_gate","data":{"id":"628ae3db-3cdf-4ab4-87e8-15186c65c345","type":"reevaluate_gate","attempt":1,"workerId":"test","commit":null,"readyWaitMs":5,"heapUsedMb":125,"heapLimitMb":4144,"rssMb":178}}
{"t":"2026-09-29T17:07:37.435Z","level":"info","msg":"task done","taskId":"628ae3db-3cdf-4ab4-87e8-15186c65c345","taskType":"reevaluate_gate","data":{"id":"628ae3db-3cdf-4ab4-87e8-15186c65c345","type":"reevaluate_gate","ms":66,"heapUsedMb":126,"heapDeltaMb":1,"heapLimitMb":4144,"rssMb":179,"rssDeltaMb":1}}
{"t":"2026-09-29T17:07:37.638Z","level":"info","msg":"task start","taskId":"8b709c7d-4cd6-4050-a8b7-baf01331707c","taskType":"discover","data":{"id":"8b709c7d-4cd6-4050-a8b7-baf01331707c","type":"discover","attempt":1,"workerId":"test","commit":null,"readyWaitMs":6,"heapUsedMb":128,"heapLimitMb":4144,"rssMb":179}}
{"t":"2026-09-29T17:07:37.803Z","level":"info","msg":"discovery finished","taskId":"8b709c7d-4cd6-4050-a8b7-baf01331707c","taskType":"discover","data":{"company":"acme.example","outcome":"resolved","fetches":3,"best":"ats_link"}}
{"t":"2026-09-29T17:07:37.804Z","level":"info","msg":"task done","taskId":"8b709c7d-4cd6-4050-a8b7-baf01331707c","taskType":"discover","data":{"id":"8b709c7d-4cd6-4050-a8b7-baf01331707c","type":"discover","ms":166,"heapUsedMb":121,"heapDeltaMb":-7,"heapLimitMb":4144,"rssMb":180,"rssDeltaMb":1}}
{"t":"2026-09-29T17:07:37.805Z","level":"info","msg":"task start","taskId":"f38f2607-d4cc-42cc-a757-5e5b642b8277","taskType":"scan_company","data":{"id":"f38f2607-d4cc-42cc-a757-5e5b642b8277","type":"scan_company","attempt":1,"workerId":"test","commit":null,"readyWaitMs":10,"heapUsedMb":121,"heapLimitMb":4144,"rssMb":180}}
{"t":"2026-09-29T17:07:37.990Z","level":"info","msg":"source scanned","taskId":"f38f2607-d4cc-42cc-a757-5e5b642b8277","taskType":"scan_company","data":{"company":"Acme Robotics","type":"greenhouse","status":"ok","postings":5,"new":5,"closed":0,"followers":1,"deferredDescriptions":0,"reusedListing":false,"claimFetchedBytes":1452,"claimRequests":3,"claimRevalidated":0,"heapUsedMb":124,"ms":181}}
{"t":"2026-09-29T17:07:38.011Z","level":"info","msg":"task done","taskId":"f38f2607-d4cc-42cc-a757-5e5b642b8277","taskType":"scan_company","data":{"id":"f38f2607-d4cc-42cc-a757-5e5b642b8277","type":"scan_company","ms":206,"heapUsedMb":124,"heapDeltaMb":3,"heapLimitMb":4144,"rssMb":180,"rssDeltaMb":0}}
{"t":"2026-09-29T17:07:38.017Z","level":"info","msg":"task start","taskId":"cdd2a659-5490-47da-a51c-883de0dcb6ce","taskType":"fetch_description","data":{"id":"cdd2a659-5490-47da-a51c-883de0dcb6ce","type":"fetch_description","attempt":1,"workerId":"test","commit":null,"readyWaitMs":58,"heapUsedMb":124,"heapLimitMb":4144,"rssMb":180}}
{"t":"2026-09-29T17:07:38.041Z","level":"info","msg":"task done","taskId":"cdd2a659-5490-47da-a51c-883de0dcb6ce","taskType":"fetch_description","data":{"id":"cdd2a659-5490-47da-a51c-883de0dcb6ce","type":"fetch_description","ms":24,"heapUsedMb":125,"heapDeltaMb":1,"heapLimitMb":4144,"rssMb":174,"rssDeltaMb":-6}}
{"t":"2026-09-29T17:07:38.044Z","level":"info","msg":"task start","taskId":"b6791166-6b9f-494b-84ad-1a16744cc851","taskType":"fetch_description","data":{"id":"b6791166-6b9f-494b-84ad-1a16744cc851","type":"fetch_description","attempt":1,"workerId":"test","commit":null,"readyWaitMs":85,"heapUsedMb":126,"heapLimitMb":4144,"rssMb":174}}
{"t":"2026-09-29T17:07:38.091Z","level":"info","msg":"task done","taskId":"b6791166-6b9f-494b-84ad-1a16744cc851","taskType":"fetch_description","data":{"id":"b6791166-6b9f-494b-84ad-1a16744cc851","type":"fetch_description","ms":47,"heapUsedMb":127,"heapDeltaMb":1,"heapLimitMb":4144,"rssMb":173,"rssDeltaMb":-1}}
{"t":"2026-09-29T17:07:38.092Z","level":"info","msg":"task start","taskId":"8e98d9af-5196-4c1e-b37c-0d249d312042","taskType":"fetch_description","data":{"id":"8e98d9af-5196-4c1e-b37c-0d249d312042","type":"fetch_description","attempt":1,"workerId":"test","commit":null,"readyWaitMs":133,"heapUsedMb":127,"heapLimitMb":4144,"rssMb":173}}
{"t":"2026-09-29T17:07:38.143Z","level":"info","msg":"task done","taskId":"8e98d9af-5196-4c1e-b37c-0d249d312042","taskType":"fetch_description","data":{"id":"8e98d9af-5196-4c1e-b37c-0d249d312042","type":"fetch_description","ms":51,"heapUsedMb":128,"heapDeltaMb":1,"heapLimitMb":4144,"rssMb":172,"rssDeltaMb":-1}}
{"t":"2026-09-29T17:07:38.144Z","level":"info","msg":"task start","taskId":"965032c0-dcea-477c-8a2f-3c98179e35c7","taskType":"fetch_description","data":{"id":"965032c0-dcea-477c-8a2f-3c98179e35c7","type":"fetch_description","attempt":1,"workerId":"test","commit":null,"readyWaitMs":185,"heapUsedMb":128,"heapLimitMb":4144,"rssMb":172}}
{"t":"2026-09-29T17:07:38.190Z","level":"info","msg":"task done","taskId":"965032c0-dcea-477c-8a2f-3c98179e35c7","taskType":"fetch_description","data":{"id":"965032c0-dcea-477c-8a2f-3c98179e35c7","type":"fetch_description","ms":46,"heapUsedMb":129,"heapDeltaMb":1,"heapLimitMb":4144,"rssMb":172,"rssDeltaMb":0}}
{"t":"2026-09-29T17:07:38.191Z","level":"info","msg":"task start","taskId":"95c8bf31-bbfa-4879-9282-96a209da3763","taskType":"discover","data":{"id":"95c8bf31-bbfa-4879-9282-96a209da3763","type":"discover","attempt":1,"workerId":"test","commit":null,"readyWaitMs":554,"heapUsedMb":129,"heapLimitMb":4144,"rssMb":172}}
{"t":"2026-09-29T17:07:38.246Z","level":"warn","msg":"logo re-encode failed; the original is kept","taskId":"95c8bf31-bbfa-4879-9282-96a209da3763","taskType":"discover","data":{"error":"Input buffer has corrupt header:","bytes":400}}
{"t":"2026-09-29T17:07:38.262Z","level":"info","msg":"logo captured","taskId":"95c8bf31-bbfa-4879-9282-96a209da3763","taskType":"discover","data":{"company":"Acme Robotics","source":"site_icon","sourceUrl":"https://www.acme.example/favicon.png","bytes":400,"contentType":"image/png"}}
{"t":"2026-09-29T17:07:38.267Z","level":"info","msg":"task done","taskId":"95c8bf31-bbfa-4879-9282-96a209da3763","taskType":"discover","data":{"id":"95c8bf31-bbfa-4879-9282-96a209da3763","type":"discover","ms":76,"heapUsedMb":130,"heapDeltaMb":1,"heapLimitMb":4144,"rssMb":170,"rssDeltaMb":-2}}
{"t":"2026-09-29T17:07:38.587Z","level":"info","msg":"slow database query","taskId":"68d058a0-5fe8-404a-9cdf-be237644033d","taskType":"scan_company","data":{"durationMs":315,"statement":"truncate users, companies, career_sources, discovery_runs, scan_runs, scans, jobs, job_events, decisions, tasks, setting"}}
{"t":"2026-09-29T17:07:38.638Z","level":"info","msg":"task start","taskId":"5d3d7e77-5fd5-430f-b2a5-5923001efe08","taskType":"discover","data":{"id":"5d3d7e77-5fd5-430f-b2a5-5923001efe08","type":"discover","attempt":1,"workerId":"test","commit":null,"readyWaitMs":13,"heapUsedMb":122,"heapLimitMb":4144,"rssMb":128}}
{"t":"2026-09-29T17:07:38.828Z","level":"info","msg":"discovery finished","taskId":"5d3d7e77-5fd5-430f-b2a5-5923001efe08","taskType":"discover","data":{"company":"acme.example","outcome":"resolved","fetches":3,"best":"ats_link"}}
{"t":"2026-09-29T17:07:38.831Z","level":"info","msg":"task done","taskId":"5d3d7e77-5fd5-430f-b2a5-5923001efe08","taskType":"discover","data":{"id":"5d3d7e77-5fd5-430f-b2a5-5923001efe08","type":"discover","ms":193,"heapUsedMb":125,"heapDeltaMb":3,"heapLimitMb":4144,"rssMb":124,"rssDeltaMb":-4}}
{"t":"2026-09-29T17:07:38.834Z","level":"info","msg":"task start","taskId":"ad4be8d9-68d7-484c-9659-56830ea47d5d","taskType":"scan_company","data":{"id":"ad4be8d9-68d7-484c-9659-56830ea47d5d","type":"scan_company","attempt":1,"workerId":"test","commit":null,"readyWaitMs":23,"heapUsedMb":125,"heapLimitMb":4144,"rssMb":124}}
{"t":"2026-09-29T17:07:39.023Z","level":"info","msg":"source scanned","taskId":"ad4be8d9-68d7-484c-9659-56830ea47d5d","taskType":"scan_company","data":{"company":"Acme Robotics","type":"greenhouse","status":"ok","postings":5,"new":5,"closed":0,"followers":1,"deferredDescriptions":0,"reusedListing":false,"claimFetchedBytes":1452,"claimRequests":3,"claimRevalidated":0,"heapUsedMb":128,"ms":179}}
{"t":"2026-09-29T17:07:39.038Z","level":"info","msg":"task done","taskId":"ad4be8d9-68d7-484c-9659-56830ea47d5d","taskType":"scan_company","data":{"id":"ad4be8d9-68d7-484c-9659-56830ea47d5d","type":"scan_company","ms":204,"heapUsedMb":128,"heapDeltaMb":3,"heapLimitMb":4144,"rssMb":126,"rssDeltaMb":2}}
{"t":"2026-09-29T17:07:39.046Z","level":"info","msg":"task start","taskId":"cdbe2b15-2360-4786-a73f-569916897d23","taskType":"fetch_description","data":{"id":"cdbe2b15-2360-4786-a73f-569916897d23","type":"fetch_description","attempt":1,"workerId":"test","commit":null,"readyWaitMs":67,"heapUsedMb":128,"heapLimitMb":4144,"rssMb":126}}
{"t":"2026-09-29T17:07:39.075Z","level":"info","msg":"task done","taskId":"cdbe2b15-2360-4786-a73f-569916897d23","taskType":"fetch_description","data":{"id":"cdbe2b15-2360-4786-a73f-569916897d23","type":"fetch_description","ms":29,"heapUsedMb":129,"heapDeltaMb":1,"heapLimitMb":4144,"rssMb":127,"rssDeltaMb":1}}
{"t":"2026-09-29T17:07:39.080Z","level":"info","msg":"task start","taskId":"7a4141cc-0ec2-4ce2-9629-11c5ff8e8b60","taskType":"fetch_description","data":{"id":"7a4141cc-0ec2-4ce2-9629-11c5ff8e8b60","type":"fetch_description","attempt":1,"workerId":"test","commit":null,"readyWaitMs":101,"heapUsedMb":129,"heapLimitMb":4144,"rssMb":127}}
{"t":"2026-09-29T17:07:39.135Z","level":"info","msg":"task done","taskId":"7a4141cc-0ec2-4ce2-9629-11c5ff8e8b60","taskType":"fetch_description","data":{"id":"7a4141cc-0ec2-4ce2-9629-11c5ff8e8b60","type":"fetch_description","ms":55,"heapUsedMb":131,"heapDeltaMb":2,"heapLimitMb":4144,"rssMb":129,"rssDeltaMb":2}}
{"t":"2026-09-29T17:07:39.138Z","level":"info","msg":"task start","taskId":"f7fd61d7-77c3-4bfe-8141-1cafc3718345","taskType":"fetch_description","data":{"id":"f7fd61d7-77c3-4bfe-8141-1cafc3718345","type":"fetch_description","attempt":1,"workerId":"test","commit":null,"readyWaitMs":159,"heapUsedMb":131,"heapLimitMb":4144,"rssMb":129}}
{"t":"2026-09-29T17:07:39.184Z","level":"info","msg":"task done","taskId":"f7fd61d7-77c3-4bfe-8141-1cafc3718345","taskType":"fetch_description","data":{"id":"f7fd61d7-77c3-4bfe-8141-1cafc3718345","type":"fetch_description","ms":46,"heapUsedMb":132,"heapDeltaMb":1,"heapLimitMb":4144,"rssMb":130,"rssDeltaMb":1}}
{"t":"2026-09-29T17:07:39.188Z","level":"info","msg":"task start","taskId":"204cd899-031c-4453-bb56-e8dec2319b35","taskType":"fetch_description","data":{"id":"204cd899-031c-4453-bb56-e8dec2319b35","type":"fetch_description","attempt":1,"workerId":"test","commit":null,"readyWaitMs":209,"heapUsedMb":132,"heapLimitMb":4144,"rssMb":130}}
{"t":"2026-09-29T17:07:39.227Z","level":"info","msg":"task done","taskId":"204cd899-031c-4453-bb56-e8dec2319b35","taskType":"fetch_description","data":{"id":"204cd899-031c-4453-bb56-e8dec2319b35","type":"fetch_description","ms":39,"heapUsedMb":123,"heapDeltaMb":-9,"heapLimitMb":4144,"rssMb":131,"rssDeltaMb":1}}
{"t":"2026-09-29T17:07:39.229Z","level":"info","msg":"task start","taskId":"822c4637-9f4b-4ceb-9fa5-e54c112a7653","taskType":"discover","data":{"id":"822c4637-9f4b-4ceb-9fa5-e54c112a7653","type":"discover","attempt":1,"workerId":"test","commit":null,"readyWaitMs":590,"heapUsedMb":123,"heapLimitMb":4144,"rssMb":131}}
{"t":"2026-09-29T17:07:39.287Z","level":"warn","msg":"logo re-encode failed; the original is kept","taskId":"822c4637-9f4b-4ceb-9fa5-e54c112a7653","taskType":"discover","data":{"error":"Input buffer has corrupt header:","bytes":400}}
{"t":"2026-09-29T17:07:39.296Z","level":"info","msg":"logo captured","taskId":"822c4637-9f4b-4ceb-9fa5-e54c112a7653","taskType":"discover","data":{"company":"Acme Robotics","source":"site_icon","sourceUrl":"https://www.acme.example/favicon.png","bytes":400,"contentType":"image/png"}}
{"t":"2026-09-29T17:07:39.297Z","level":"info","msg":"task done","taskId":"822c4637-9f4b-4ceb-9fa5-e54c112a7653","taskType":"discover","data":{"id":"822c4637-9f4b-4ceb-9fa5-e54c112a7653","type":"discover","ms":68,"heapUsedMb":124,"heapDeltaMb":1,"heapLimitMb":4144,"rssMb":131,"rssDeltaMb":0}}
{"t":"2026-09-29T17:07:39.302Z","level":"info","msg":"task start","taskId":"9b9c892a-ed7b-4f76-a6aa-0b4859751d62","taskType":"scan_company","data":{"id":"9b9c892a-ed7b-4f76-a6aa-0b4859751d62","type":"scan_company","attempt":1,"workerId":"test","commit":null,"readyWaitMs":4,"heapUsedMb":125,"heapLimitMb":4144,"rssMb":131}}
{"t":"2026-09-29T17:07:39.470Z","level":"info","msg":"source scanned","taskId":"9b9c892a-ed7b-4f76-a6aa-0b4859751d62","taskType":"scan_company","data":{"company":"Acme Robotics","type":"greenhouse","status":"ok","postings":4,"new":0,"closed":0,"followers":1,"deferredDescriptions":0,"reusedListing":false,"claimFetchedBytes":1162,"claimRequests":3,"claimRevalidated":0,"heapUsedMb":127,"ms":160}}
{"t":"2026-09-29T17:07:39.564Z","level":"info","msg":"task done","taskId":"9b9c892a-ed7b-4f76-a6aa-0b4859751d62","taskType":"scan_company","data":{"id":"9b9c892a-ed7b-4f76-a6aa-0b4859751d62","type":"scan_company","ms":262,"heapUsedMb":127,"heapDeltaMb":2,"heapLimitMb":4144,"rssMb":130,"rssDeltaMb":-1}}
{"t":"2026-09-29T17:07:39.586Z","level":"info","msg":"task start","taskId":"e50d9900-ad04-4a01-9376-dcde79cfdcc5","taskType":"scan_company","data":{"id":"e50d9900-ad04-4a01-9376-dcde79cfdcc5","type":"scan_company","attempt":1,"workerId":"test","commit":null,"readyWaitMs":13,"heapUsedMb":128,"heapLimitMb":4144,"rssMb":129}}
{"t":"2026-09-29T17:07:39.777Z","level":"info","msg":"source scanned","taskId":"e50d9900-ad04-4a01-9376-dcde79cfdcc5","taskType":"scan_company","data":{"company":"Acme Robotics","type":"greenhouse","status":"ok","postings":4,"new":0,"closed":1,"followers":1,"deferredDescriptions":0,"reusedListing":false,"claimFetchedBytes":1162,"claimRequests":3,"claimRevalidated":0,"heapUsedMb":130,"ms":171}}
{"t":"2026-09-29T17:07:39.805Z","level":"info","msg":"task done","taskId":"e50d9900-ad04-4a01-9376-dcde79cfdcc5","taskType":"scan_company","data":{"id":"e50d9900-ad04-4a01-9376-dcde79cfdcc5","type":"scan_company","ms":218,"heapUsedMb":130,"heapDeltaMb":2,"heapLimitMb":4144,"rssMb":130,"rssDeltaMb":1}}
{"t":"2026-09-29T17:07:40.198Z","level":"info","msg":"slow database query","data":{"durationMs":346,"statement":"truncate users, companies, career_sources, discovery_runs, scan_runs, scans, jobs, job_events, decisions, tasks, setting"}}
{"t":"2026-09-29T17:07:40.220Z","level":"info","msg":"task start","taskId":"1e29238b-7e3d-4109-9005-60e8f9ece230","taskType":"discover","data":{"id":"1e29238b-7e3d-4109-9005-60e8f9ece230","type":"discover","attempt":1,"workerId":"test","commit":null,"readyWaitMs":6,"heapUsedMb":132,"heapLimitMb":4144,"rssMb":129}}
{"t":"2026-09-29T17:07:40.392Z","level":"info","msg":"discovery finished","taskId":"1e29238b-7e3d-4109-9005-60e8f9ece230","taskType":"discover","data":{"company":"acme.example","outcome":"resolved","fetches":3,"best":"ats_link"}}
{"t":"2026-09-29T17:07:40.394Z","level":"info","msg":"task done","taskId":"1e29238b-7e3d-4109-9005-60e8f9ece230","taskType":"discover","data":{"id":"1e29238b-7e3d-4109-9005-60e8f9ece230","type":"discover","ms":174,"heapUsedMb":125,"heapDeltaMb":-7,"heapLimitMb":4144,"rssMb":131,"rssDeltaMb":2}}
{"t":"2026-09-29T17:07:40.396Z","level":"info","msg":"task start","taskId":"698075e9-2bf6-4b3d-a794-50a88f5c510a","taskType":"scan_company","data":{"id":"698075e9-2bf6-4b3d-a794-50a88f5c510a","type":"scan_company","attempt":1,"workerId":"test","commit":null,"readyWaitMs":17,"heapUsedMb":125,"heapLimitMb":4144,"rssMb":131}}
{"t":"2026-09-29T17:07:40.565Z","level":"info","msg":"source scanned","taskId":"698075e9-2bf6-4b3d-a794-50a88f5c510a","taskType":"scan_company","data":{"company":"Acme Robotics","type":"greenhouse","status":"ok","postings":5,"new":5,"closed":0,"followers":1,"deferredDescriptions":0,"reusedListing":false,"claimFetchedBytes":1452,"claimRequests":3,"claimRevalidated":0,"heapUsedMb":128,"ms":163}}
{"t":"2026-09-29T17:07:40.572Z","level":"info","msg":"task done","taskId":"698075e9-2bf6-4b3d-a794-50a88f5c510a","taskType":"scan_company","data":{"id":"698075e9-2bf6-4b3d-a794-50a88f5c510a","type":"scan_company","ms":176,"heapUsedMb":128,"heapDeltaMb":3,"heapLimitMb":4144,"rssMb":130,"rssDeltaMb":-1}}
{"t":"2026-09-29T17:07:40.575Z","level":"info","msg":"task start","taskId":"2a30aa80-3ee3-4edd-8d3e-d198379de4aa","taskType":"fetch_description","data":{"id":"2a30aa80-3ee3-4edd-8d3e-d198379de4aa","type":"fetch_description","attempt":1,"workerId":"test","commit":null,"readyWaitMs":27,"heapUsedMb":128,"heapLimitMb":4144,"rssMb":130}}
{"t":"2026-09-29T17:07:40.590Z","level":"info","msg":"task done","taskId":"2a30aa80-3ee3-4edd-8d3e-d198379de4aa","taskType":"fetch_description","data":{"id":"2a30aa80-3ee3-4edd-8d3e-d198379de4aa","type":"fetch_description","ms":15,"heapUsedMb":129,"heapDeltaMb":1,"heapLimitMb":4144,"rssMb":130,"rssDeltaMb":0}}
{"t":"2026-09-29T17:07:40.592Z","level":"info","msg":"task start","taskId":"61bff095-7029-4752-8f12-7491ba9b4ca9","taskType":"fetch_description","data":{"id":"61bff095-7029-4752-8f12-7491ba9b4ca9","type":"fetch_description","attempt":1,"workerId":"test","commit":null,"readyWaitMs":44,"heapUsedMb":130,"heapLimitMb":4144,"rssMb":130}}
{"t":"2026-09-29T17:07:40.643Z","level":"info","msg":"task done","taskId":"61bff095-7029-4752-8f12-7491ba9b4ca9","taskType":"fetch_description","data":{"id":"61bff095-7029-4752-8f12-7491ba9b4ca9","type":"fetch_description","ms":51,"heapUsedMb":131,"heapDeltaMb":1,"heapLimitMb":4144,"rssMb":130,"rssDeltaMb":0}}
{"t":"2026-09-29T17:07:40.644Z","level":"info","msg":"task start","taskId":"6131eccb-55c0-4548-96bd-2074df8a1c9e","taskType":"fetch_description","data":{"id":"6131eccb-55c0-4548-96bd-2074df8a1c9e","type":"fetch_description","attempt":1,"workerId":"test","commit":null,"readyWaitMs":96,"heapUsedMb":131,"heapLimitMb":4144,"rssMb":130}}
{"t":"2026-09-29T17:07:40.696Z","level":"info","msg":"task done","taskId":"6131eccb-55c0-4548-96bd-2074df8a1c9e","taskType":"fetch_description","data":{"id":"6131eccb-55c0-4548-96bd-2074df8a1c9e","type":"fetch_description","ms":52,"heapUsedMb":132,"heapDeltaMb":1,"heapLimitMb":4144,"rssMb":130,"rssDeltaMb":0}}
{"t":"2026-09-29T17:07:40.697Z","level":"info","msg":"task start","taskId":"ebe3eed3-4f1f-4412-a006-5bb752c84929","taskType":"fetch_description","data":{"id":"ebe3eed3-4f1f-4412-a006-5bb752c84929","type":"fetch_description","attempt":1,"workerId":"test","commit":null,"readyWaitMs":149,"heapUsedMb":132,"heapLimitMb":4144,"rssMb":130}}
{"t":"2026-09-29T17:07:40.744Z","level":"info","msg":"task done","taskId":"ebe3eed3-4f1f-4412-a006-5bb752c84929","taskType":"fetch_description","data":{"id":"ebe3eed3-4f1f-4412-a006-5bb752c84929","type":"fetch_description","ms":47,"heapUsedMb":133,"heapDeltaMb":1,"heapLimitMb":4144,"rssMb":130,"rssDeltaMb":0}}
{"t":"2026-09-29T17:07:40.745Z","level":"info","msg":"task start","taskId":"4add0bca-bd8e-4f69-8c29-9044b6929065","taskType":"discover","data":{"id":"4add0bca-bd8e-4f69-8c29-9044b6929065","type":"discover","attempt":1,"workerId":"test","commit":null,"readyWaitMs":526,"heapUsedMb":133,"heapLimitMb":4144,"rssMb":130}}
{"t":"2026-09-29T17:07:40.800Z","level":"warn","msg":"logo re-encode failed; the original is kept","taskId":"4add0bca-bd8e-4f69-8c29-9044b6929065","taskType":"discover","data":{"error":"Input buffer has corrupt header:","bytes":400}}
{"t":"2026-09-29T17:07:40.806Z","level":"info","msg":"logo captured","taskId":"4add0bca-bd8e-4f69-8c29-9044b6929065","taskType":"discover","data":{"company":"Acme Robotics","source":"site_icon","sourceUrl":"https://www.acme.example/favicon.png","bytes":400,"contentType":"image/png"}}
{"t":"2026-09-29T17:07:40.808Z","level":"info","msg":"task done","taskId":"4add0bca-bd8e-4f69-8c29-9044b6929065","taskType":"discover","data":{"id":"4add0bca-bd8e-4f69-8c29-9044b6929065","type":"discover","ms":63,"heapUsedMb":134,"heapDeltaMb":1,"heapLimitMb":4144,"rssMb":130,"rssDeltaMb":0}}
{"t":"2026-09-29T17:07:40.813Z","level":"info","msg":"task start","taskId":"9180d617-64ba-4b92-ab3e-0730cfa4eb03","taskType":"scan_company","data":{"id":"9180d617-64ba-4b92-ab3e-0730cfa4eb03","type":"scan_company","attempt":1,"workerId":"test","commit":null,"readyWaitMs":5,"heapUsedMb":135,"heapLimitMb":4144,"rssMb":130}}
{"t":"2026-09-29T17:07:40.832Z","level":"info","msg":"source scanned","taskId":"9180d617-64ba-4b92-ab3e-0730cfa4eb03","taskType":"scan_company","data":{"company":"Acme Robotics","type":"greenhouse","status":"failed","postings":0,"new":0,"closed":0,"followers":1,"deferredDescriptions":0,"reusedListing":false,"claimFetchedBytes":16,"claimRequests":1,"claimRevalidated":0,"heapUsedMb":136,"ms":15}}
{"t":"2026-09-29T17:07:40.839Z","level":"info","msg":"task done","taskId":"9180d617-64ba-4b92-ab3e-0730cfa4eb03","taskType":"scan_company","data":{"id":"9180d617-64ba-4b92-ab3e-0730cfa4eb03","type":"scan_company","ms":26,"heapUsedMb":127,"heapDeltaMb":-8,"heapLimitMb":4144,"rssMb":132,"rssDeltaMb":2}}
{"t":"2026-09-29T17:07:40.845Z","level":"info","msg":"task start","taskId":"fd5ef6f0-caf3-4ebb-9e18-08945a76968b","taskType":"scan_company","data":{"id":"fd5ef6f0-caf3-4ebb-9e18-08945a76968b","type":"scan_company","attempt":1,"workerId":"test","commit":null,"readyWaitMs":6,"heapUsedMb":127,"heapLimitMb":4144,"rssMb":132}}
{"t":"2026-09-29T17:07:40.883Z","level":"info","msg":"source scanned","taskId":"fd5ef6f0-caf3-4ebb-9e18-08945a76968b","taskType":"scan_company","data":{"company":"Acme Robotics","type":"greenhouse","status":"failed","postings":0,"new":0,"closed":0,"followers":1,"deferredDescriptions":0,"reusedListing":false,"claimFetchedBytes":16,"claimRequests":1,"claimRevalidated":0,"heapUsedMb":129,"ms":34}}
{"t":"2026-09-29T17:07:40.889Z","level":"info","msg":"task done","taskId":"fd5ef6f0-caf3-4ebb-9e18-08945a76968b","taskType":"scan_company","data":{"id":"fd5ef6f0-caf3-4ebb-9e18-08945a76968b","type":"scan_company","ms":45,"heapUsedMb":129,"heapDeltaMb":2,"heapLimitMb":4144,"rssMb":132,"rssDeltaMb":0}}
{"t":"2026-09-29T17:07:41.103Z","level":"info","msg":"task start","taskId":"45bbdce6-375b-444e-88ce-6532059330ec","taskType":"discover","data":{"id":"45bbdce6-375b-444e-88ce-6532059330ec","type":"discover","attempt":1,"workerId":"test","commit":null,"readyWaitMs":8,"heapUsedMb":131,"heapLimitMb":4144,"rssMb":133}}
{"t":"2026-09-29T17:07:41.275Z","level":"info","msg":"discovery finished","taskId":"45bbdce6-375b-444e-88ce-6532059330ec","taskType":"discover","data":{"company":"acme.example","outcome":"resolved","fetches":3,"best":"ats_link"}}
{"t":"2026-09-29T17:07:41.277Z","level":"info","msg":"task done","taskId":"45bbdce6-375b-444e-88ce-6532059330ec","taskType":"discover","data":{"id":"45bbdce6-375b-444e-88ce-6532059330ec","type":"discover","ms":174,"heapUsedMb":134,"heapDeltaMb":3,"heapLimitMb":4144,"rssMb":133,"rssDeltaMb":0}}
{"t":"2026-09-29T17:07:41.278Z","level":"info","msg":"task start","taskId":"3eba4ef3-2de2-4782-a74b-abc20a01de4a","taskType":"scan_company","data":{"id":"3eba4ef3-2de2-4782-a74b-abc20a01de4a","type":"scan_company","attempt":1,"workerId":"test","commit":null,"readyWaitMs":15,"heapUsedMb":134,"heapLimitMb":4144,"rssMb":133}}
{"t":"2026-09-29T17:07:41.453Z","level":"info","msg":"source scanned","taskId":"3eba4ef3-2de2-4782-a74b-abc20a01de4a","taskType":"scan_company","data":{"company":"Acme Robotics","type":"greenhouse","status":"ok","postings":5,"new":5,"closed":0,"followers":1,"deferredDescriptions":0,"reusedListing":false,"claimFetchedBytes":1452,"claimRequests":3,"claimRevalidated":0,"heapUsedMb":137,"ms":169}}
{"t":"2026-09-29T17:07:41.464Z","level":"info","msg":"task done","taskId":"3eba4ef3-2de2-4782-a74b-abc20a01de4a","taskType":"scan_company","data":{"id":"3eba4ef3-2de2-4782-a74b-abc20a01de4a","type":"scan_company","ms":185,"heapUsedMb":137,"heapDeltaMb":3,"heapLimitMb":4144,"rssMb":133,"rssDeltaMb":0}}
{"t":"2026-09-29T17:07:41.467Z","level":"info","msg":"task start","taskId":"b36b6b22-c494-460d-a71f-9c3460c286b7","taskType":"fetch_description","data":{"id":"b36b6b22-c494-460d-a71f-9c3460c286b7","type":"fetch_description","attempt":1,"workerId":"test","commit":null,"readyWaitMs":39,"heapUsedMb":137,"heapLimitMb":4144,"rssMb":133}}
{"t":"2026-09-29T17:07:41.484Z","level":"info","msg":"task done","taskId":"b36b6b22-c494-460d-a71f-9c3460c286b7","taskType":"fetch_description","data":{"id":"b36b6b22-c494-460d-a71f-9c3460c286b7","type":"fetch_description","ms":17,"heapUsedMb":138,"heapDeltaMb":1,"heapLimitMb":4144,"rssMb":133,"rssDeltaMb":0}}
{"t":"2026-09-29T17:07:41.487Z","level":"info","msg":"task start","taskId":"ea5c61a3-cd99-4cab-82ce-8fc75aae23e7","taskType":"fetch_description","data":{"id":"ea5c61a3-cd99-4cab-82ce-8fc75aae23e7","type":"fetch_description","attempt":1,"workerId":"test","commit":null,"readyWaitMs":59,"heapUsedMb":128,"heapLimitMb":4144,"rssMb":134}}
{"t":"2026-09-29T17:07:41.535Z","level":"info","msg":"task done","taskId":"ea5c61a3-cd99-4cab-82ce-8fc75aae23e7","taskType":"fetch_description","data":{"id":"ea5c61a3-cd99-4cab-82ce-8fc75aae23e7","type":"fetch_description","ms":48,"heapUsedMb":129,"heapDeltaMb":1,"heapLimitMb":4144,"rssMb":134,"rssDeltaMb":0}}
{"t":"2026-09-29T17:07:41.536Z","level":"info","msg":"task start","taskId":"26e01d06-fecc-46be-8433-9829230cf312","taskType":"fetch_description","data":{"id":"26e01d06-fecc-46be-8433-9829230cf312","type":"fetch_description","attempt":1,"workerId":"test","commit":null,"readyWaitMs":108,"heapUsedMb":130,"heapLimitMb":4144,"rssMb":134}}
{"t":"2026-09-29T17:07:41.585Z","level":"info","msg":"task done","taskId":"26e01d06-fecc-46be-8433-9829230cf312","taskType":"fetch_description","data":{"id":"26e01d06-fecc-46be-8433-9829230cf312","type":"fetch_description","ms":49,"heapUsedMb":131,"heapDeltaMb":1,"heapLimitMb":4144,"rssMb":135,"rssDeltaMb":1}}
{"t":"2026-09-29T17:07:41.586Z","level":"info","msg":"task start","taskId":"6bc7c4de-f1db-4efb-9251-7a88967da583","taskType":"fetch_description","data":{"id":"6bc7c4de-f1db-4efb-9251-7a88967da583","type":"fetch_description","attempt":1,"workerId":"test","commit":null,"readyWaitMs":158,"heapUsedMb":131,"heapLimitMb":4144,"rssMb":135}}
{"t":"2026-09-29T17:07:41.632Z","level":"info","msg":"task done","taskId":"6bc7c4de-f1db-4efb-9251-7a88967da583","taskType":"fetch_description","data":{"id":"6bc7c4de-f1db-4efb-9251-7a88967da583","type":"fetch_description","ms":45,"heapUsedMb":132,"heapDeltaMb":1,"heapLimitMb":4144,"rssMb":135,"rssDeltaMb":0}}
{"t":"2026-09-29T17:07:41.634Z","level":"info","msg":"task start","taskId":"3029d794-a0eb-4438-9146-34826a448eb8","taskType":"discover","data":{"id":"3029d794-a0eb-4438-9146-34826a448eb8","type":"discover","attempt":1,"workerId":"test","commit":null,"readyWaitMs":531,"heapUsedMb":132,"heapLimitMb":4144,"rssMb":135}}
{"t":"2026-09-29T17:07:41.689Z","level":"warn","msg":"logo re-encode failed; the original is kept","taskId":"3029d794-a0eb-4438-9146-34826a448eb8","taskType":"discover","data":{"error":"Input buffer has corrupt header:","bytes":400}}
{"t":"2026-09-29T17:07:41.694Z","level":"info","msg":"logo captured","taskId":"3029d794-a0eb-4438-9146-34826a448eb8","taskType":"discover","data":{"company":"Acme Robotics","source":"site_icon","sourceUrl":"https://www.acme.example/favicon.png","bytes":400,"contentType":"image/png"}}
{"t":"2026-09-29T17:07:41.695Z","level":"info","msg":"task done","taskId":"3029d794-a0eb-4438-9146-34826a448eb8","taskType":"discover","data":{"id":"3029d794-a0eb-4438-9146-34826a448eb8","type":"discover","ms":62,"heapUsedMb":133,"heapDeltaMb":1,"heapLimitMb":4144,"rssMb":135,"rssDeltaMb":0}}
{"t":"2026-09-29T17:07:41.700Z","level":"info","msg":"task start","taskId":"cd75ef90-0325-480b-8726-5d3e86e02d3c","taskType":"scan_company","data":{"id":"cd75ef90-0325-480b-8726-5d3e86e02d3c","type":"scan_company","attempt":1,"workerId":"test","commit":null,"readyWaitMs":5,"heapUsedMb":133,"heapLimitMb":4144,"rssMb":135}}
{"t":"2026-09-29T17:07:41.832Z","level":"info","msg":"source scanned","taskId":"cd75ef90-0325-480b-8726-5d3e86e02d3c","taskType":"scan_company","data":{"company":"Acme Robotics","type":"greenhouse","status":"ok","postings":4,"new":0,"closed":0,"followers":1,"deferredDescriptions":0,"reusedListing":false,"claimFetchedBytes":1162,"claimRequests":3,"claimRevalidated":0,"heapUsedMb":136,"ms":127}}
{"t":"2026-09-29T17:07:41.847Z","level":"info","msg":"task done","taskId":"cd75ef90-0325-480b-8726-5d3e86e02d3c","taskType":"scan_company","data":{"id":"cd75ef90-0325-480b-8726-5d3e86e02d3c","type":"scan_company","ms":147,"heapUsedMb":77,"heapDeltaMb":-56,"heapLimitMb":4144,"rssMb":153,"rssDeltaMb":18}}
{"t":"2026-09-29T17:07:41.852Z","level":"info","msg":"task start","taskId":"ec770de3-4a4b-4311-af21-3218ac54dbe1","taskType":"scan_company","data":{"id":"ec770de3-4a4b-4311-af21-3218ac54dbe1","type":"scan_company","attempt":1,"workerId":"test","commit":null,"readyWaitMs":5,"heapUsedMb":78,"heapLimitMb":4144,"rssMb":153}}
{"t":"2026-09-29T17:07:41.983Z","level":"info","msg":"source scanned","taskId":"ec770de3-4a4b-4311-af21-3218ac54dbe1","taskType":"scan_company","data":{"company":"Acme Robotics","type":"greenhouse","status":"ok","postings":4,"new":0,"closed":1,"followers":1,"deferredDescriptions":0,"reusedListing":false,"claimFetchedBytes":1162,"claimRequests":3,"claimRevalidated":0,"heapUsedMb":80,"ms":127}}
{"t":"2026-09-29T17:07:41.988Z","level":"info","msg":"task done","taskId":"ec770de3-4a4b-4311-af21-3218ac54dbe1","taskType":"scan_company","data":{"id":"ec770de3-4a4b-4311-af21-3218ac54dbe1","type":"scan_company","ms":136,"heapUsedMb":81,"heapDeltaMb":3,"heapLimitMb":4144,"rssMb":154,"rssDeltaMb":1}}
{"t":"2026-09-29T17:07:41.995Z","level":"info","msg":"task start","taskId":"5c7f9e65-759e-4bf8-9302-15bdf4d86795","taskType":"scan_company","data":{"id":"5c7f9e65-759e-4bf8-9302-15bdf4d86795","type":"scan_company","attempt":1,"workerId":"test","commit":null,"readyWaitMs":5,"heapUsedMb":81,"heapLimitMb":4144,"rssMb":154}}
{"t":"2026-09-29T17:07:42.144Z","level":"info","msg":"source scanned","taskId":"5c7f9e65-759e-4bf8-9302-15bdf4d86795","taskType":"scan_company","data":{"company":"Acme Robotics","type":"greenhouse","status":"ok","postings":5,"new":0,"closed":0,"followers":1,"deferredDescriptions":0,"reusedListing":false,"claimFetchedBytes":1452,"claimRequests":3,"claimRevalidated":0,"heapUsedMb":83,"ms":145}}
{"t":"2026-09-29T17:07:42.157Z","level":"info","msg":"task done","taskId":"5c7f9e65-759e-4bf8-9302-15bdf4d86795","taskType":"scan_company","data":{"id":"5c7f9e65-759e-4bf8-9302-15bdf4d86795","type":"scan_company","ms":162,"heapUsedMb":84,"heapDeltaMb":3,"heapLimitMb":4144,"rssMb":154,"rssDeltaMb":0}}
{"t":"2026-09-29T17:07:42.543Z","level":"info","msg":"slow database query","data":{"durationMs":381,"statement":"truncate users, companies, career_sources, discovery_runs, scan_runs, scans, jobs, job_events, decisions, tasks, setting"}}
{"t":"2026-09-29T17:07:42.570Z","level":"info","msg":"task start","taskId":"d89df1e0-d716-4cca-9686-9ce81710fecd","taskType":"discover","data":{"id":"d89df1e0-d716-4cca-9686-9ce81710fecd","type":"discover","attempt":1,"workerId":"test","commit":null,"readyWaitMs":9,"heapUsedMb":85,"heapLimitMb":4144,"rssMb":153}}
{"t":"2026-09-29T17:07:43.378Z","level":"info","msg":"discovery finished","taskId":"d89df1e0-d716-4cca-9686-9ce81710fecd","taskType":"discover","data":{"company":"orbital.example","outcome":"not_found","fetches":18}}
{"t":"2026-09-29T17:07:43.383Z","level":"info","msg":"task done","taskId":"d89df1e0-d716-4cca-9686-9ce81710fecd","taskType":"discover","data":{"id":"d89df1e0-d716-4cca-9686-9ce81710fecd","type":"discover","ms":813,"heapUsedMb":90,"heapDeltaMb":5,"heapLimitMb":4144,"rssMb":146,"rssDeltaMb":-7}}
{"t":"2026-09-29T17:07:43.386Z","level":"info","msg":"task start","taskId":"f56dec19-ec27-4440-957a-ea10eb755409","taskType":"discover","data":{"id":"f56dec19-ec27-4440-957a-ea10eb755409","type":"discover","attempt":1,"workerId":"test","commit":null,"readyWaitMs":816,"heapUsedMb":90,"heapLimitMb":4144,"rssMb":146}}
{"t":"2026-09-29T17:07:43.452Z","level":"info","msg":"logo capture failed","taskId":"f56dec19-ec27-4440-957a-ea10eb755409","taskType":"discover","data":{"company":"Orbital","error":"No usable icon found for orbital.example","tried":3,"attempts":1,"nextAttemptAt":"2026-09-05T07:00:00.000Z"}}
{"t":"2026-09-29T17:07:43.454Z","level":"info","msg":"task done","taskId":"f56dec19-ec27-4440-957a-ea10eb755409","taskType":"discover","data":{"id":"f56dec19-ec27-4440-957a-ea10eb755409","type":"discover","ms":68,"heapUsedMb":91,"heapDeltaMb":1,"heapLimitMb":4144,"rssMb":145,"rssDeltaMb":-1}}
{"t":"2026-09-29T17:07:43.684Z","level":"info","msg":"task start","taskId":"5d47afac-5ec6-4b93-b339-3854eae03d78","taskType":"discover","data":{"id":"5d47afac-5ec6-4b93-b339-3854eae03d78","type":"discover","attempt":1,"workerId":"test","commit":null,"readyWaitMs":8,"heapUsedMb":81,"heapLimitMb":4144,"rssMb":142}}
{"t":"2026-09-29T17:07:44.402Z","level":"info","msg":"discovery finished","taskId":"5d47afac-5ec6-4b93-b339-3854eae03d78","taskType":"discover","data":{"company":"orbital.example","outcome":"not_found","fetches":18}}
{"t":"2026-09-29T17:07:44.407Z","level":"info","msg":"task done","taskId":"5d47afac-5ec6-4b93-b339-3854eae03d78","taskType":"discover","data":{"id":"5d47afac-5ec6-4b93-b339-3854eae03d78","type":"discover","ms":723,"heapUsedMb":85,"heapDeltaMb":4,"heapLimitMb":4144,"rssMb":145,"rssDeltaMb":3}}
{"t":"2026-09-29T17:07:44.410Z","level":"info","msg":"task start","taskId":"621c868d-d28d-4182-91ef-0ae39fdceccf","taskType":"discover","data":{"id":"621c868d-d28d-4182-91ef-0ae39fdceccf","type":"discover","attempt":1,"workerId":"test","commit":null,"readyWaitMs":725,"heapUsedMb":85,"heapLimitMb":4144,"rssMb":145}}
{"t":"2026-09-29T17:07:44.534Z","level":"info","msg":"logo capture failed","taskId":"621c868d-d28d-4182-91ef-0ae39fdceccf","taskType":"discover","data":{"company":"Orbital","error":"No usable icon found for orbital.example","tried":3,"attempts":1,"nextAttemptAt":"2026-09-05T07:00:00.000Z"}}
{"t":"2026-09-29T17:07:44.544Z","level":"info","msg":"task done","taskId":"621c868d-d28d-4182-91ef-0ae39fdceccf","taskType":"discover","data":{"id":"621c868d-d28d-4182-91ef-0ae39fdceccf","type":"discover","ms":134,"heapUsedMb":86,"heapDeltaMb":1,"heapLimitMb":4144,"rssMb":145,"rssDeltaMb":0}}
{"t":"2026-09-29T17:07:44.591Z","level":"info","msg":"task start","taskId":"271b79ee-ce5e-4b1c-8238-01f7911be884","taskType":"discover","data":{"id":"271b79ee-ce5e-4b1c-8238-01f7911be884","type":"discover","attempt":1,"workerId":"test","commit":null,"readyWaitMs":24,"heapUsedMb":87,"heapLimitMb":4144,"rssMb":146}}
{"t":"2026-09-29T17:07:44.751Z","level":"info","msg":"discovery finished","taskId":"271b79ee-ce5e-4b1c-8238-01f7911be884","taskType":"discover","data":{"company":"Orbital","outcome":"resolved","fetches":0,"best":"pasted_ats"}}
{"t":"2026-09-29T17:07:44.766Z","level":"info","msg":"task done","taskId":"271b79ee-ce5e-4b1c-8238-01f7911be884","taskType":"discover","data":{"id":"271b79ee-ce5e-4b1c-8238-01f7911be884","type":"discover","ms":175,"heapUsedMb":88,"heapDeltaMb":1,"heapLimitMb":4144,"rssMb":146,"rssDeltaMb":0}}
{"t":"2026-09-29T17:07:44.771Z","level":"info","msg":"task start","taskId":"13a90140-bb7f-48c9-b8f2-18b393e81673","taskType":"scan_company","data":{"id":"13a90140-bb7f-48c9-b8f2-18b393e81673","type":"scan_company","attempt":1,"workerId":"test","commit":null,"readyWaitMs":68,"heapUsedMb":88,"heapLimitMb":4144,"rssMb":147}}
{"t":"2026-09-29T17:07:44.918Z","level":"info","msg":"source scanned","taskId":"13a90140-bb7f-48c9-b8f2-18b393e81673","taskType":"scan_company","data":{"company":"Acme Robotics","type":"greenhouse","status":"ok","postings":5,"new":5,"closed":0,"followers":1,"deferredDescriptions":0,"reusedListing":false,"claimFetchedBytes":1452,"claimRequests":3,"claimRevalidated":0,"heapUsedMb":91,"ms":130}}
{"t":"2026-09-29T17:07:44.925Z","level":"info","msg":"task done","taskId":"13a90140-bb7f-48c9-b8f2-18b393e81673","taskType":"scan_company","data":{"id":"13a90140-bb7f-48c9-b8f2-18b393e81673","type":"scan_company","ms":155,"heapUsedMb":91,"heapDeltaMb":3,"heapLimitMb":4144,"rssMb":146,"rssDeltaMb":-1}}
{"t":"2026-09-29T17:07:44.927Z","level":"info","msg":"task start","taskId":"871e9184-929a-4ecd-9889-936a6ea4f280","taskType":"fetch_description","data":{"id":"871e9184-929a-4ecd-9889-936a6ea4f280","type":"fetch_description","attempt":1,"workerId":"test","commit":null,"readyWaitMs":28,"heapUsedMb":91,"heapLimitMb":4144,"rssMb":147}}
{"t":"2026-09-29T17:07:44.952Z","level":"info","msg":"task done","taskId":"871e9184-929a-4ecd-9889-936a6ea4f280","taskType":"fetch_description","data":{"id":"871e9184-929a-4ecd-9889-936a6ea4f280","type":"fetch_description","ms":26,"heapUsedMb":82,"heapDeltaMb":-9,"heapLimitMb":4144,"rssMb":149,"rssDeltaMb":2}}
{"t":"2026-09-29T17:07:44.953Z","level":"info","msg":"task start","taskId":"50176dc3-f3f6-4f09-a39b-767b846d1d68","taskType":"fetch_description","data":{"id":"50176dc3-f3f6-4f09-a39b-767b846d1d68","type":"fetch_description","attempt":1,"workerId":"test","commit":null,"readyWaitMs":54,"heapUsedMb":83,"heapLimitMb":4144,"rssMb":149}}
{"t":"2026-09-29T17:07:45.002Z","level":"info","msg":"task done","taskId":"50176dc3-f3f6-4f09-a39b-767b846d1d68","taskType":"fetch_description","data":{"id":"50176dc3-f3f6-4f09-a39b-767b846d1d68","type":"fetch_description","ms":49,"heapUsedMb":84,"heapDeltaMb":1,"heapLimitMb":4144,"rssMb":149,"rssDeltaMb":0}}
{"t":"2026-09-29T17:07:45.004Z","level":"info","msg":"task start","taskId":"9ced22da-6bfc-4adb-8a8a-a9a3f04f38fb","taskType":"fetch_description","data":{"id":"9ced22da-6bfc-4adb-8a8a-a9a3f04f38fb","type":"fetch_description","attempt":1,"workerId":"test","commit":null,"readyWaitMs":105,"heapUsedMb":84,"heapLimitMb":4144,"rssMb":149}}
{"t":"2026-09-29T17:07:45.050Z","level":"info","msg":"task done","taskId":"9ced22da-6bfc-4adb-8a8a-a9a3f04f38fb","taskType":"fetch_description","data":{"id":"9ced22da-6bfc-4adb-8a8a-a9a3f04f38fb","type":"fetch_description","ms":46,"heapUsedMb":85,"heapDeltaMb":1,"heapLimitMb":4144,"rssMb":149,"rssDeltaMb":0}}
{"t":"2026-09-29T17:07:45.051Z","level":"info","msg":"task start","taskId":"553e005a-8158-4032-9c74-9957b6a109ee","taskType":"fetch_description","data":{"id":"553e005a-8158-4032-9c74-9957b6a109ee","type":"fetch_description","attempt":1,"workerId":"test","commit":null,"readyWaitMs":152,"heapUsedMb":85,"heapLimitMb":4144,"rssMb":149}}
{"t":"2026-09-29T17:07:45.100Z","level":"info","msg":"task done","taskId":"553e005a-8158-4032-9c74-9957b6a109ee","taskType":"fetch_description","data":{"id":"553e005a-8158-4032-9c74-9957b6a109ee","type":"fetch_description","ms":49,"heapUsedMb":86,"heapDeltaMb":1,"heapLimitMb":4144,"rssMb":149,"rssDeltaMb":0}}
{"t":"2026-09-29T17:07:45.101Z","level":"info","msg":"task start","taskId":"95607d2b-2a35-448b-a86a-4f576233e0eb","taskType":"discover","data":{"id":"95607d2b-2a35-448b-a86a-4f576233e0eb","type":"discover","attempt":1,"workerId":"test","commit":null,"readyWaitMs":501,"heapUsedMb":86,"heapLimitMb":4144,"rssMb":149}}
{"t":"2026-09-29T17:07:45.161Z","level":"info","msg":"logo capture failed","taskId":"95607d2b-2a35-448b-a86a-4f576233e0eb","taskType":"discover","data":{"company":"Acme Robotics","error":"No usable icon found for orbital.example","tried":3,"attempts":2,"nextAttemptAt":"2026-09-05T12:00:00.000Z"}}
{"t":"2026-09-29T17:07:45.162Z","level":"info","msg":"task done","taskId":"95607d2b-2a35-448b-a86a-4f576233e0eb","taskType":"discover","data":{"id":"95607d2b-2a35-448b-a86a-4f576233e0eb","type":"discover","ms":61,"heapUsedMb":87,"heapDeltaMb":1,"heapLimitMb":4144,"rssMb":149,"rssDeltaMb":0}}
{"t":"2026-09-29T17:07:45.371Z","level":"info","msg":"task start","taskId":"48c702c0-e5ff-4cc1-98a9-9f2db41b34f9","taskType":"discover","data":{"id":"48c702c0-e5ff-4cc1-98a9-9f2db41b34f9","type":"discover","attempt":1,"workerId":"test","commit":null,"readyWaitMs":5,"heapUsedMb":89,"heapLimitMb":4144,"rssMb":149}}
{"t":"2026-09-29T17:07:45.551Z","level":"info","msg":"discovery finished","taskId":"48c702c0-e5ff-4cc1-98a9-9f2db41b34f9","taskType":"discover","data":{"company":"acme.example","outcome":"resolved","fetches":3,"best":"ats_link"}}
{"t":"2026-09-29T17:07:45.553Z","level":"info","msg":"task done","taskId":"48c702c0-e5ff-4cc1-98a9-9f2db41b34f9","taskType":"discover","data":{"id":"48c702c0-e5ff-4cc1-98a9-9f2db41b34f9","type":"discover","ms":182,"heapUsedMb":92,"heapDeltaMb":3,"heapLimitMb":4144,"rssMb":153,"rssDeltaMb":4}}
{"t":"2026-09-29T17:07:45.555Z","level":"info","msg":"task start","taskId":"d64dac88-74a8-45af-8803-3784a86bc982","taskType":"scan_company","data":{"id":"d64dac88-74a8-45af-8803-3784a86bc982","type":"scan_company","attempt":1,"workerId":"test","commit":null,"readyWaitMs":18,"heapUsedMb":92,"heapLimitMb":4144,"rssMb":153}}
{"t":"2026-09-29T17:07:45.709Z","level":"info","msg":"source scanned","taskId":"d64dac88-74a8-45af-8803-3784a86bc982","taskType":"scan_company","data":{"company":"Acme Robotics","type":"greenhouse","status":"ok","postings":5,"new":5,"closed":0,"followers":1,"deferredDescriptions":0,"reusedListing":false,"claimFetchedBytes":1452,"claimRequests":3,"claimRevalidated":0,"heapUsedMb":85,"ms":149}}
{"t":"2026-09-29T17:07:45.714Z","level":"info","msg":"task done","taskId":"d64dac88-74a8-45af-8803-3784a86bc982","taskType":"scan_company","data":{"id":"d64dac88-74a8-45af-8803-3784a86bc982","type":"scan_company","ms":159,"heapUsedMb":85,"heapDeltaMb":-7,"heapLimitMb":4144,"rssMb":153,"rssDeltaMb":0}}
{"t":"2026-09-29T17:07:45.717Z","level":"info","msg":"task start","taskId":"24fb1083-d43f-41ed-93ee-8459634b793b","taskType":"fetch_description","data":{"id":"24fb1083-d43f-41ed-93ee-8459634b793b","type":"fetch_description","attempt":1,"workerId":"test","commit":null,"readyWaitMs":24,"heapUsedMb":85,"heapLimitMb":4144,"rssMb":153}}
{"t":"2026-09-29T17:07:45.748Z","level":"info","msg":"task done","taskId":"24fb1083-d43f-41ed-93ee-8459634b793b","taskType":"fetch_description","data":{"id":"24fb1083-d43f-41ed-93ee-8459634b793b","type":"fetch_description","ms":32,"heapUsedMb":86,"heapDeltaMb":1,"heapLimitMb":4144,"rssMb":154,"rssDeltaMb":1}}
{"t":"2026-09-29T17:07:45.749Z","level":"info","msg":"task start","taskId":"20d6d941-a0ca-4f04-802a-d482b983c252","taskType":"fetch_description","data":{"id":"20d6d941-a0ca-4f04-802a-d482b983c252","type":"fetch_description","attempt":1,"workerId":"test","commit":null,"readyWaitMs":56,"heapUsedMb":87,"heapLimitMb":4144,"rssMb":154}}
{"t":"2026-09-29T17:07:45.797Z","level":"info","msg":"task done","taskId":"20d6d941-a0ca-4f04-802a-d482b983c252","taskType":"fetch_description","data":{"id":"20d6d941-a0ca-4f04-802a-d482b983c252","type":"fetch_description","ms":48,"heapUsedMb":88,"heapDeltaMb":1,"heapLimitMb":4144,"rssMb":154,"rssDeltaMb":0}}
{"t":"2026-09-29T17:07:45.798Z","level":"info","msg":"task start","taskId":"6a809acb-2c44-4204-a477-4784e6361ff9","taskType":"fetch_description","data":{"id":"6a809acb-2c44-4204-a477-4784e6361ff9","type":"fetch_description","attempt":1,"workerId":"test","commit":null,"readyWaitMs":105,"heapUsedMb":88,"heapLimitMb":4144,"rssMb":154}}
{"t":"2026-09-29T17:07:45.858Z","level":"info","msg":"task done","taskId":"6a809acb-2c44-4204-a477-4784e6361ff9","taskType":"fetch_description","data":{"id":"6a809acb-2c44-4204-a477-4784e6361ff9","type":"fetch_description","ms":60,"heapUsedMb":89,"heapDeltaMb":1,"heapLimitMb":4144,"rssMb":154,"rssDeltaMb":0}}
{"t":"2026-09-29T17:07:45.861Z","level":"info","msg":"task start","taskId":"83c75ca4-c576-41dd-be5d-b71f7d93f057","taskType":"fetch_description","data":{"id":"83c75ca4-c576-41dd-be5d-b71f7d93f057","type":"fetch_description","attempt":1,"workerId":"test","commit":null,"readyWaitMs":168,"heapUsedMb":89,"heapLimitMb":4144,"rssMb":154}}
{"t":"2026-09-29T17:07:45.908Z","level":"info","msg":"task done","taskId":"83c75ca4-c576-41dd-be5d-b71f7d93f057","taskType":"fetch_description","data":{"id":"83c75ca4-c576-41dd-be5d-b71f7d93f057","type":"fetch_description","ms":46,"heapUsedMb":90,"heapDeltaMb":1,"heapLimitMb":4144,"rssMb":154,"rssDeltaMb":0}}
{"t":"2026-09-29T17:07:45.911Z","level":"info","msg":"task start","taskId":"4b3246ff-7f14-4564-947c-6f376ea54893","taskType":"discover","data":{"id":"4b3246ff-7f14-4564-947c-6f376ea54893","type":"discover","attempt":1,"workerId":"test","commit":null,"readyWaitMs":539,"heapUsedMb":90,"heapLimitMb":4144,"rssMb":154}}
{"t":"2026-09-29T17:07:45.968Z","level":"warn","msg":"logo re-encode failed; the original is kept","taskId":"4b3246ff-7f14-4564-947c-6f376ea54893","taskType":"discover","data":{"error":"Input buffer has corrupt header:","bytes":400}}
{"t":"2026-09-29T17:07:45.975Z","level":"info","msg":"logo captured","taskId":"4b3246ff-7f14-4564-947c-6f376ea54893","taskType":"discover","data":{"company":"Acme Robotics","source":"site_icon","sourceUrl":"https://www.acme.example/favicon.png","bytes":400,"contentType":"image/png"}}
{"t":"2026-09-29T17:07:45.978Z","level":"info","msg":"task done","taskId":"4b3246ff-7f14-4564-947c-6f376ea54893","taskType":"discover","data":{"id":"4b3246ff-7f14-4564-947c-6f376ea54893","type":"discover","ms":67,"heapUsedMb":91,"heapDeltaMb":1,"heapLimitMb":4144,"rssMb":155,"rssDeltaMb":1}}
{"t":"2026-09-29T17:07:45.985Z","level":"info","msg":"task start","taskId":"033b1e77-f88e-4c00-9da0-594867de2f60","taskType":"run_daily","data":{"id":"033b1e77-f88e-4c00-9da0-594867de2f60","type":"run_daily","attempt":1,"workerId":"test","commit":null,"readyWaitMs":6,"heapUsedMb":92,"heapLimitMb":4144,"rssMb":155}}
{"t":"2026-09-29T17:07:46.003Z","level":"info","msg":"daily run started","taskId":"033b1e77-f88e-4c00-9da0-594867de2f60","taskType":"run_daily","data":{"runId":"04ddf5c7-7bf6-4685-a63e-9357dcadef3e","runDate":"2026-09-05","companies":1,"logosQueued":0,"retired":0}}
{"t":"2026-09-29T17:07:46.008Z","level":"info","msg":"task done","taskId":"033b1e77-f88e-4c00-9da0-594867de2f60","taskType":"run_daily","data":{"id":"033b1e77-f88e-4c00-9da0-594867de2f60","type":"run_daily","ms":23,"heapUsedMb":92,"heapDeltaMb":0,"heapLimitMb":4144,"rssMb":161,"rssDeltaMb":6}}
{"t":"2026-09-29T17:07:46.010Z","level":"info","msg":"task start","taskId":"fee41b53-573b-43aa-b141-ecb60f0bdb48","taskType":"scan_company","data":{"id":"fee41b53-573b-43aa-b141-ecb60f0bdb48","type":"scan_company","attempt":1,"workerId":"test","commit":null,"readyWaitMs":24,"heapUsedMb":93,"heapLimitMb":4144,"rssMb":161}}
{"t":"2026-09-29T17:07:46.146Z","level":"info","msg":"source scanned","taskId":"fee41b53-573b-43aa-b141-ecb60f0bdb48","taskType":"scan_company","data":{"company":"Acme Robotics","type":"greenhouse","status":"ok","postings":5,"new":0,"closed":0,"followers":1,"deferredDescriptions":0,"reusedListing":false,"claimFetchedBytes":1452,"claimRequests":3,"claimRevalidated":0,"heapUsedMb":95,"ms":133}}
{"t":"2026-09-29T17:07:46.168Z","level":"info","msg":"scan run finalised","taskId":"fee41b53-573b-43aa-b141-ecb60f0bdb48","taskType":"scan_company","data":{"runId":"04ddf5c7-7bf6-4685-a63e-9357dcadef3e","ok":1,"failed":0,"newRoles":0}}
{"t":"2026-09-29T17:07:46.169Z","level":"info","msg":"task done","taskId":"fee41b53-573b-43aa-b141-ecb60f0bdb48","taskType":"scan_company","data":{"id":"fee41b53-573b-43aa-b141-ecb60f0bdb48","type":"scan_company","ms":159,"heapUsedMb":95,"heapDeltaMb":2,"heapLimitMb":4144,"rssMb":148,"rssDeltaMb":-13}}
{"t":"2026-09-29T17:07:46.172Z","level":"info","msg":"task start","taskId":"354f29e7-7022-4556-8b8c-f51781a3a4eb","taskType":"suggest_from_scans","data":{"id":"354f29e7-7022-4556-8b8c-f51781a3a4eb","type":"suggest_from_scans","attempt":1,"workerId":"test","commit":null,"readyWaitMs":15,"heapUsedMb":95,"heapLimitMb":4144,"rssMb":148}}
{"t":"2026-09-29T17:07:46.199Z","level":"info","msg":"scan suggestions filed","taskId":"354f29e7-7022-4556-8b8c-f51781a3a4eb","taskType":"suggest_from_scans","data":{"userId":"c264e813-56db-4810-863e-c74e2074dc2a","titles":5,"unmatched":1,"inserted":0}}
{"t":"2026-09-29T17:07:46.201Z","level":"info","msg":"task done","taskId":"354f29e7-7022-4556-8b8c-f51781a3a4eb","taskType":"suggest_from_scans","data":{"id":"354f29e7-7022-4556-8b8c-f51781a3a4eb","type":"suggest_from_scans","ms":29,"heapUsedMb":86,"heapDeltaMb":-9,"heapLimitMb":4144,"rssMb":149,"rssDeltaMb":1}}
{"t":"2026-09-29T17:07:46.405Z","level":"info","msg":"task start","taskId":"f87c7075-5256-43d7-93b1-5d166f09c14f","taskType":"discover","data":{"id":"f87c7075-5256-43d7-93b1-5d166f09c14f","type":"discover","attempt":1,"workerId":"test","commit":null,"readyWaitMs":5,"heapUsedMb":87,"heapLimitMb":4144,"rssMb":149}}
{"t":"2026-09-29T17:07:46.572Z","level":"info","msg":"discovery finished","taskId":"f87c7075-5256-43d7-93b1-5d166f09c14f","taskType":"discover","data":{"company":"acme.example","outcome":"resolved","fetches":3,"best":"ats_link"}}
{"t":"2026-09-29T17:07:46.575Z","level":"info","msg":"task done","taskId":"f87c7075-5256-43d7-93b1-5d166f09c14f","taskType":"discover","data":{"id":"f87c7075-5256-43d7-93b1-5d166f09c14f","type":"discover","ms":170,"heapUsedMb":90,"heapDeltaMb":3,"heapLimitMb":4144,"rssMb":149,"rssDeltaMb":0}}
{"t":"2026-09-29T17:07:46.576Z","level":"info","msg":"task start","taskId":"45ce37d3-2334-4498-9d0f-23eecafed02b","taskType":"scan_company","data":{"id":"45ce37d3-2334-4498-9d0f-23eecafed02b","type":"scan_company","attempt":1,"workerId":"test","commit":null,"readyWaitMs":11,"heapUsedMb":91,"heapLimitMb":4144,"rssMb":149}}
{"t":"2026-09-29T17:07:46.748Z","level":"info","msg":"source scanned","taskId":"45ce37d3-2334-4498-9d0f-23eecafed02b","taskType":"scan_company","data":{"company":"Acme Robotics","type":"greenhouse","status":"ok","postings":5,"new":5,"closed":0,"followers":1,"deferredDescriptions":0,"reusedListing":false,"claimFetchedBytes":1452,"claimRequests":3,"claimRevalidated":0,"heapUsedMb":93,"ms":168}}
{"t":"2026-09-29T17:07:46.755Z","level":"info","msg":"task done","taskId":"45ce37d3-2334-4498-9d0f-23eecafed02b","taskType":"scan_company","data":{"id":"45ce37d3-2334-4498-9d0f-23eecafed02b","type":"scan_company","ms":179,"heapUsedMb":94,"heapDeltaMb":3,"heapLimitMb":4144,"rssMb":150,"rssDeltaMb":1}}
{"t":"2026-09-29T17:07:46.757Z","level":"info","msg":"task start","taskId":"7c91b964-1908-4990-9c9b-c011b9845b46","taskType":"fetch_description","data":{"id":"7c91b964-1908-4990-9c9b-c011b9845b46","type":"fetch_description","attempt":1,"workerId":"test","commit":null,"readyWaitMs":32,"heapUsedMb":94,"heapLimitMb":4144,"rssMb":150}}
{"t":"2026-09-29T17:07:46.777Z","level":"info","msg":"task done","taskId":"7c91b964-1908-4990-9c9b-c011b9845b46","taskType":"fetch_description","data":{"id":"7c91b964-1908-4990-9c9b-c011b9845b46","type":"fetch_description","ms":20,"heapUsedMb":95,"heapDeltaMb":1,"heapLimitMb":4144,"rssMb":150,"rssDeltaMb":0}}
{"t":"2026-09-29T17:07:46.778Z","level":"info","msg":"task start","taskId":"63c0459a-cd04-415c-804d-b6edf1008b48","taskType":"fetch_description","data":{"id":"63c0459a-cd04-415c-804d-b6edf1008b48","type":"fetch_description","attempt":1,"workerId":"test","commit":null,"readyWaitMs":53,"heapUsedMb":95,"heapLimitMb":4144,"rssMb":150}}
{"t":"2026-09-29T17:07:46.831Z","level":"info","msg":"task done","taskId":"63c0459a-cd04-415c-804d-b6edf1008b48","taskType":"fetch_description","data":{"id":"63c0459a-cd04-415c-804d-b6edf1008b48","type":"fetch_description","ms":53,"heapUsedMb":96,"heapDeltaMb":1,"heapLimitMb":4144,"rssMb":150,"rssDeltaMb":0}}
{"t":"2026-09-29T17:07:46.833Z","level":"info","msg":"task start","taskId":"19e50a53-4a1f-48ba-9e4d-d6ba21aeaeb9","taskType":"discover","data":{"id":"19e50a53-4a1f-48ba-9e4d-d6ba21aeaeb9","type":"discover","attempt":1,"workerId":"test","commit":null,"readyWaitMs":427,"heapUsedMb":96,"heapLimitMb":4144,"rssMb":150}}
{"t":"2026-09-29T17:07:46.887Z","level":"warn","msg":"logo re-encode failed; the original is kept","taskId":"19e50a53-4a1f-48ba-9e4d-d6ba21aeaeb9","taskType":"discover","data":{"error":"Input buffer has corrupt header:","bytes":400}}
{"t":"2026-09-29T17:07:46.893Z","level":"info","msg":"logo captured","taskId":"19e50a53-4a1f-48ba-9e4d-d6ba21aeaeb9","taskType":"discover","data":{"company":"Acme Robotics","source":"site_icon","sourceUrl":"https://www.acme.example/favicon.png","bytes":400,"contentType":"image/png"}}
{"t":"2026-09-29T17:07:46.895Z","level":"info","msg":"task done","taskId":"19e50a53-4a1f-48ba-9e4d-d6ba21aeaeb9","taskType":"discover","data":{"id":"19e50a53-4a1f-48ba-9e4d-d6ba21aeaeb9","type":"discover","ms":62,"heapUsedMb":97,"heapDeltaMb":1,"heapLimitMb":4144,"rssMb":150,"rssDeltaMb":0}}
{"t":"2026-09-29T17:07:47.037Z","level":"info","msg":"source scanned","data":{"company":"acme.example","type":"greenhouse","status":"ok","postings":5,"new":0,"closed":0,"followers":1,"deferredDescriptions":0,"reusedListing":false,"claimFetchedBytes":1449,"claimRequests":3,"claimRevalidated":0,"heapUsedMb":80,"ms":134}}
{"t":"2026-09-29T17:07:47.180Z","level":"info","msg":"source scanned","data":{"company":"acme.example","type":"greenhouse","status":"partial","postings":1,"new":0,"closed":0,"followers":1,"deferredDescriptions":0,"reusedListing":false,"claimFetchedBytes":451,"claimRequests":3,"claimRevalidated":0,"heapUsedMb":82,"ms":134}}
{"t":"2026-09-29T17:07:47.185Z","level":"info","msg":"task start","taskId":"da5dd62d-fc1c-4f38-a059-3dc6187eb36c","taskType":"fetch_description","data":{"id":"da5dd62d-fc1c-4f38-a059-3dc6187eb36c","type":"fetch_description","attempt":1,"workerId":"test","commit":null,"readyWaitMs":23,"heapUsedMb":82,"heapLimitMb":4144,"rssMb":163}}
{"t":"2026-09-29T17:07:47.224Z","level":"info","msg":"task done","taskId":"da5dd62d-fc1c-4f38-a059-3dc6187eb36c","taskType":"fetch_description","data":{"id":"da5dd62d-fc1c-4f38-a059-3dc6187eb36c","type":"fetch_description","ms":39,"heapUsedMb":83,"heapDeltaMb":1,"heapLimitMb":4144,"rssMb":163,"rssDeltaMb":0}}
{"t":"2026-09-29T17:07:47.412Z","level":"info","msg":"source scanned","data":{"company":"Orbital","type":"smartrecruiters","status":"ok","postings":3,"new":3,"closed":0,"followers":1,"deferredDescriptions":0,"reusedListing":false,"claimFetchedBytes":507,"claimRequests":1,"claimRevalidated":0,"heapUsedMb":87,"ms":12}}
{"t":"2026-09-29T17:07:54.463Z","level":"info","msg":"source scanned","data":{"company":"Orbital","type":"smartrecruiters","status":"partial","postings":10000,"new":10000,"closed":0,"followers":1,"deferredDescriptions":0,"reusedListing":false,"claimFetchedBytes":1643568,"claimRequests":100,"claimRevalidated":0,"heapUsedMb":186,"ms":7047}}
{"t":"2026-09-29T17:08:00.037Z","level":"info","msg":"source scanned","data":{"company":"Orbital","type":"smartrecruiters","status":"partial","postings":10000,"new":0,"closed":0,"followers":1,"deferredDescriptions":0,"reusedListing":false,"claimFetchedBytes":1643568,"claimRequests":100,"claimRevalidated":0,"heapUsedMb":101,"ms":5569}}
{"t":"2026-09-29T17:08:00.431Z","level":"info","msg":"slow database query","data":{"durationMs":370,"statement":"truncate users, companies, career_sources, discovery_runs, scan_runs, scans, jobs, job_events, decisions, tasks, setting"}}
{"t":"2026-09-29T17:08:00.455Z","level":"info","msg":"task start","taskId":"0aa99f89-370b-4a3e-80bf-3318d2655b9e","taskType":"discover","data":{"id":"0aa99f89-370b-4a3e-80bf-3318d2655b9e","type":"discover","attempt":1,"workerId":"test","commit":null,"readyWaitMs":7,"heapUsedMb":103,"heapLimitMb":4144,"rssMb":214}}
{"t":"2026-09-29T17:08:00.634Z","level":"info","msg":"discovery finished","taskId":"0aa99f89-370b-4a3e-80bf-3318d2655b9e","taskType":"discover","data":{"company":"acme.example","outcome":"resolved","fetches":3,"best":"ats_link"}}
{"t":"2026-09-29T17:08:00.637Z","level":"info","msg":"task done","taskId":"0aa99f89-370b-4a3e-80bf-3318d2655b9e","taskType":"discover","data":{"id":"0aa99f89-370b-4a3e-80bf-3318d2655b9e","type":"discover","ms":182,"heapUsedMb":106,"heapDeltaMb":3,"heapLimitMb":4144,"rssMb":215,"rssDeltaMb":1}}
{"t":"2026-09-29T17:08:00.639Z","level":"info","msg":"task start","taskId":"fce1636e-b8b9-494d-8bbc-f5e2e6c1bf97","taskType":"scan_company","data":{"id":"fce1636e-b8b9-494d-8bbc-f5e2e6c1bf97","type":"scan_company","attempt":1,"workerId":"test","commit":null,"readyWaitMs":17,"heapUsedMb":106,"heapLimitMb":4144,"rssMb":215}}
{"t":"2026-09-29T17:08:00.831Z","level":"info","msg":"source scanned","taskId":"fce1636e-b8b9-494d-8bbc-f5e2e6c1bf97","taskType":"scan_company","data":{"company":"Acme Robotics","type":"greenhouse","status":"ok","postings":5,"new":5,"closed":0,"followers":1,"deferredDescriptions":0,"reusedListing":false,"claimFetchedBytes":1452,"claimRequests":3,"claimRevalidated":0,"heapUsedMb":109,"ms":183}}
{"t":"2026-09-29T17:08:00.857Z","level":"info","msg":"task done","taskId":"fce1636e-b8b9-494d-8bbc-f5e2e6c1bf97","taskType":"scan_company","data":{"id":"fce1636e-b8b9-494d-8bbc-f5e2e6c1bf97","type":"scan_company","ms":218,"heapUsedMb":109,"heapDeltaMb":3,"heapLimitMb":4144,"rssMb":214,"rssDeltaMb":-1}}
{"t":"2026-09-29T17:08:00.862Z","level":"info","msg":"task start","taskId":"af7e9082-1ac5-49d1-9ffd-86a4c93bbdb4","taskType":"fetch_description","data":{"id":"af7e9082-1ac5-49d1-9ffd-86a4c93bbdb4","type":"fetch_description","attempt":1,"workerId":"test","commit":null,"readyWaitMs":66,"heapUsedMb":109,"heapLimitMb":4144,"rssMb":214}}
{"t":"2026-09-29T17:08:00.885Z","level":"info","msg":"task done","taskId":"af7e9082-1ac5-49d1-9ffd-86a4c93bbdb4","taskType":"fetch_description","data":{"id":"af7e9082-1ac5-49d1-9ffd-86a4c93bbdb4","type":"fetch_description","ms":23,"heapUsedMb":99,"heapDeltaMb":-10,"heapLimitMb":4144,"rssMb":214,"rssDeltaMb":0}}
{"t":"2026-09-29T17:08:00.887Z","level":"info","msg":"task start","taskId":"d603bc7c-825d-4deb-8250-8b3e11a226d7","taskType":"fetch_description","data":{"id":"d603bc7c-825d-4deb-8250-8b3e11a226d7","type":"fetch_description","attempt":1,"workerId":"test","commit":null,"readyWaitMs":91,"heapUsedMb":100,"heapLimitMb":4144,"rssMb":214}}
{"t":"2026-09-29T17:08:00.942Z","level":"info","msg":"task done","taskId":"d603bc7c-825d-4deb-8250-8b3e11a226d7","taskType":"fetch_description","data":{"id":"d603bc7c-825d-4deb-8250-8b3e11a226d7","type":"fetch_description","ms":55,"heapUsedMb":101,"heapDeltaMb":1,"heapLimitMb":4144,"rssMb":213,"rssDeltaMb":-1}}
{"t":"2026-09-29T17:08:00.944Z","level":"info","msg":"task start","taskId":"d7a205fc-66c6-499f-a24d-86e85388f2e3","taskType":"fetch_description","data":{"id":"d7a205fc-66c6-499f-a24d-86e85388f2e3","type":"fetch_description","attempt":1,"workerId":"test","commit":null,"readyWaitMs":148,"heapUsedMb":101,"heapLimitMb":4144,"rssMb":213}}
{"t":"2026-09-29T17:08:01.001Z","level":"info","msg":"task done","taskId":"d7a205fc-66c6-499f-a24d-86e85388f2e3","taskType":"fetch_description","data":{"id":"d7a205fc-66c6-499f-a24d-86e85388f2e3","type":"fetch_description","ms":56,"heapUsedMb":102,"heapDeltaMb":1,"heapLimitMb":4144,"rssMb":212,"rssDeltaMb":-1}}
{"t":"2026-09-29T17:08:01.002Z","level":"info","msg":"task start","taskId":"f2d8146b-2911-4abb-b66a-fd1bf4ce0d3e","taskType":"fetch_description","data":{"id":"f2d8146b-2911-4abb-b66a-fd1bf4ce0d3e","type":"fetch_description","attempt":1,"workerId":"test","commit":null,"readyWaitMs":206,"heapUsedMb":102,"heapLimitMb":4144,"rssMb":212}}
{"t":"2026-09-29T17:08:01.030Z","level":"info","msg":"task done","taskId":"f2d8146b-2911-4abb-b66a-fd1bf4ce0d3e","taskType":"fetch_description","data":{"id":"f2d8146b-2911-4abb-b66a-fd1bf4ce0d3e","type":"fetch_description","ms":28,"heapUsedMb":103,"heapDeltaMb":1,"heapLimitMb":4144,"rssMb":212,"rssDeltaMb":0}}
{"t":"2026-09-29T17:08:01.031Z","level":"info","msg":"task start","taskId":"5eea3774-ca24-4192-bb86-895060352aea","taskType":"discover","data":{"id":"5eea3774-ca24-4192-bb86-895060352aea","type":"discover","attempt":1,"workerId":"test","commit":null,"readyWaitMs":574,"heapUsedMb":103,"heapLimitMb":4144,"rssMb":212}}
{"t":"2026-09-29T17:08:01.084Z","level":"warn","msg":"logo re-encode failed; the original is kept","taskId":"5eea3774-ca24-4192-bb86-895060352aea","taskType":"discover","data":{"error":"Input buffer has corrupt header:","bytes":400}}
{"t":"2026-09-29T17:08:01.089Z","level":"info","msg":"logo captured","taskId":"5eea3774-ca24-4192-bb86-895060352aea","taskType":"discover","data":{"company":"Acme Robotics","source":"site_icon","sourceUrl":"https://www.acme.example/favicon.png","bytes":400,"contentType":"image/png"}}
{"t":"2026-09-29T17:08:01.090Z","level":"info","msg":"task done","taskId":"5eea3774-ca24-4192-bb86-895060352aea","taskType":"discover","data":{"id":"5eea3774-ca24-4192-bb86-895060352aea","type":"discover","ms":59,"heapUsedMb":104,"heapDeltaMb":1,"heapLimitMb":4144,"rssMb":211,"rssDeltaMb":-1}}
{"t":"2026-09-29T17:08:01.297Z","level":"info","msg":"task start","taskId":"f667def4-651b-4511-a8fe-9ba97736b102","taskType":"discover","data":{"id":"f667def4-651b-4511-a8fe-9ba97736b102","type":"discover","attempt":1,"workerId":"test","commit":null,"readyWaitMs":8,"heapUsedMb":106,"heapLimitMb":4144,"rssMb":200}}
{"t":"2026-09-29T17:08:01.468Z","level":"info","msg":"discovery finished","taskId":"f667def4-651b-4511-a8fe-9ba97736b102","taskType":"discover","data":{"company":"acme.example","outcome":"resolved","fetches":3,"best":"ats_link"}}
{"t":"2026-09-29T17:08:01.470Z","level":"info","msg":"task done","taskId":"f667def4-651b-4511-a8fe-9ba97736b102","taskType":"discover","data":{"id":"f667def4-651b-4511-a8fe-9ba97736b102","type":"discover","ms":173,"heapUsedMb":110,"heapDeltaMb":4,"heapLimitMb":4144,"rssMb":200,"rssDeltaMb":0}}
{"t":"2026-09-29T17:08:01.473Z","level":"info","msg":"task start","taskId":"ceae0900-97fc-4108-b47d-8d70bb37a812","taskType":"scan_company","data":{"id":"ceae0900-97fc-4108-b47d-8d70bb37a812","type":"scan_company","attempt":1,"workerId":"test","commit":null,"readyWaitMs":13,"heapUsedMb":110,"heapLimitMb":4144,"rssMb":200}}
{"t":"2026-09-29T17:08:01.646Z","level":"info","msg":"source scanned","taskId":"ceae0900-97fc-4108-b47d-8d70bb37a812","taskType":"scan_company","data":{"company":"Acme Robotics","type":"greenhouse","status":"ok","postings":5,"new":5,"closed":0,"followers":1,"deferredDescriptions":0,"reusedListing":false,"claimFetchedBytes":1452,"claimRequests":3,"claimRevalidated":0,"heapUsedMb":102,"ms":168}}
{"t":"2026-09-29T17:08:01.652Z","level":"info","msg":"task done","taskId":"ceae0900-97fc-4108-b47d-8d70bb37a812","taskType":"scan_company","data":{"id":"ceae0900-97fc-4108-b47d-8d70bb37a812","type":"scan_company","ms":179,"heapUsedMb":102,"heapDeltaMb":-8,"heapLimitMb":4144,"rssMb":199,"rssDeltaMb":-1}}
{"t":"2026-09-29T17:08:01.653Z","level":"info","msg":"task start","taskId":"1b8df88f-2419-4042-ab5c-16d0d5b6bb90","taskType":"fetch_description","data":{"id":"1b8df88f-2419-4042-ab5c-16d0d5b6bb90","type":"fetch_description","attempt":1,"workerId":"test","commit":null,"readyWaitMs":24,"heapUsedMb":102,"heapLimitMb":4144,"rssMb":199}}
{"t":"2026-09-29T17:08:01.671Z","level":"info","msg":"task done","taskId":"1b8df88f-2419-4042-ab5c-16d0d5b6bb90","taskType":"fetch_description","data":{"id":"1b8df88f-2419-4042-ab5c-16d0d5b6bb90","type":"fetch_description","ms":18,"heapUsedMb":103,"heapDeltaMb":1,"heapLimitMb":4144,"rssMb":199,"rssDeltaMb":0}}
{"t":"2026-09-29T17:08:01.673Z","level":"info","msg":"task start","taskId":"952c8622-097a-4f36-b081-31f281b7eb3e","taskType":"fetch_description","data":{"id":"952c8622-097a-4f36-b081-31f281b7eb3e","type":"fetch_description","attempt":1,"workerId":"test","commit":null,"readyWaitMs":44,"heapUsedMb":104,"heapLimitMb":4144,"rssMb":199}}
{"t":"2026-09-29T17:08:01.727Z","level":"info","msg":"task done","taskId":"952c8622-097a-4f36-b081-31f281b7eb3e","taskType":"fetch_description","data":{"id":"952c8622-097a-4f36-b081-31f281b7eb3e","type":"fetch_description","ms":54,"heapUsedMb":105,"heapDeltaMb":1,"heapLimitMb":4144,"rssMb":199,"rssDeltaMb":0}}
{"t":"2026-09-29T17:08:01.730Z","level":"info","msg":"task start","taskId":"c568d76e-3603-4218-8c2a-9b72d1350802","taskType":"fetch_description","data":{"id":"c568d76e-3603-4218-8c2a-9b72d1350802","type":"fetch_description","attempt":1,"workerId":"test","commit":null,"readyWaitMs":101,"heapUsedMb":105,"heapLimitMb":4144,"rssMb":199}}
{"t":"2026-09-29T17:08:01.771Z","level":"info","msg":"task done","taskId":"c568d76e-3603-4218-8c2a-9b72d1350802","taskType":"fetch_description","data":{"id":"c568d76e-3603-4218-8c2a-9b72d1350802","type":"fetch_description","ms":42,"heapUsedMb":106,"heapDeltaMb":1,"heapLimitMb":4144,"rssMb":199,"rssDeltaMb":0}}
{"t":"2026-09-29T17:08:01.772Z","level":"info","msg":"task start","taskId":"9ac2789c-7608-49dd-ae4b-e3cebde0e9f1","taskType":"fetch_description","data":{"id":"9ac2789c-7608-49dd-ae4b-e3cebde0e9f1","type":"fetch_description","attempt":1,"workerId":"test","commit":null,"readyWaitMs":143,"heapUsedMb":106,"heapLimitMb":4144,"rssMb":199}}
{"t":"2026-09-29T17:08:01.825Z","level":"info","msg":"task done","taskId":"9ac2789c-7608-49dd-ae4b-e3cebde0e9f1","taskType":"fetch_description","data":{"id":"9ac2789c-7608-49dd-ae4b-e3cebde0e9f1","type":"fetch_description","ms":53,"heapUsedMb":107,"heapDeltaMb":1,"heapLimitMb":4144,"rssMb":199,"rssDeltaMb":0}}
{"t":"2026-09-29T17:08:01.826Z","level":"info","msg":"task start","taskId":"9317abcc-4d69-46cf-b0ff-a47bbf15ff70","taskType":"discover","data":{"id":"9317abcc-4d69-46cf-b0ff-a47bbf15ff70","type":"discover","attempt":1,"workerId":"test","commit":null,"readyWaitMs":526,"heapUsedMb":107,"heapLimitMb":4144,"rssMb":199}}
{"t":"2026-09-29T17:08:01.880Z","level":"warn","msg":"logo re-encode failed; the original is kept","taskId":"9317abcc-4d69-46cf-b0ff-a47bbf15ff70","taskType":"discover","data":{"error":"Input buffer has corrupt header:","bytes":400}}
{"t":"2026-09-29T17:08:01.887Z","level":"info","msg":"logo captured","taskId":"9317abcc-4d69-46cf-b0ff-a47bbf15ff70","taskType":"discover","data":{"company":"Acme Robotics","source":"site_icon","sourceUrl":"https://www.acme.example/favicon.png","bytes":400,"contentType":"image/png"}}
{"t":"2026-09-29T17:08:01.890Z","level":"info","msg":"task done","taskId":"9317abcc-4d69-46cf-b0ff-a47bbf15ff70","taskType":"discover","data":{"id":"9317abcc-4d69-46cf-b0ff-a47bbf15ff70","type":"discover","ms":64,"heapUsedMb":108,"heapDeltaMb":1,"heapLimitMb":4144,"rssMb":200,"rssDeltaMb":1}}
{"t":"2026-09-29T17:08:02.021Z","level":"info","msg":"source scanned","data":{"company":"acme.example","type":"greenhouse","status":"ok","postings":5,"new":0,"closed":0,"followers":1,"deferredDescriptions":0,"reusedListing":false,"claimFetchedBytes":1452,"claimRequests":3,"claimRevalidated":0,"heapUsedMb":110,"ms":122}}
{"t":"2026-09-29T17:08:02.239Z","level":"info","msg":"task start","taskId":"4bb97d4a-0a2e-4ba5-960f-6247613f9cf6","taskType":"discover","data":{"id":"4bb97d4a-0a2e-4ba5-960f-6247613f9cf6","type":"discover","attempt":1,"workerId":"test","commit":null,"readyWaitMs":5,"heapUsedMb":112,"heapLimitMb":4144,"rssMb":197}}
{"t":"2026-09-29T17:08:02.409Z","level":"info","msg":"discovery finished","taskId":"4bb97d4a-0a2e-4ba5-960f-6247613f9cf6","taskType":"discover","data":{"company":"acme.example","outcome":"resolved","fetches":3,"best":"ats_link"}}
{"t":"2026-09-29T17:08:02.412Z","level":"info","msg":"task done","taskId":"4bb97d4a-0a2e-4ba5-960f-6247613f9cf6","taskType":"discover","data":{"id":"4bb97d4a-0a2e-4ba5-960f-6247613f9cf6","type":"discover","ms":173,"heapUsedMb":104,"heapDeltaMb":-8,"heapLimitMb":4144,"rssMb":197,"rssDeltaMb":0}}
{"t":"2026-09-29T17:08:02.414Z","level":"info","msg":"task start","taskId":"a2cf0493-da90-4c91-902f-ac53e38ea970","taskType":"scan_company","data":{"id":"a2cf0493-da90-4c91-902f-ac53e38ea970","type":"scan_company","attempt":1,"workerId":"test","commit":null,"readyWaitMs":15,"heapUsedMb":104,"heapLimitMb":4144,"rssMb":197}}
{"t":"2026-09-29T17:08:02.571Z","level":"info","msg":"source scanned","taskId":"a2cf0493-da90-4c91-902f-ac53e38ea970","taskType":"scan_company","data":{"company":"Acme Robotics","type":"greenhouse","status":"ok","postings":5,"new":5,"closed":0,"followers":1,"deferredDescriptions":0,"reusedListing":false,"claimFetchedBytes":1452,"claimRequests":3,"claimRevalidated":0,"heapUsedMb":107,"ms":150}}
{"t":"2026-09-29T17:08:02.577Z","level":"info","msg":"task done","taskId":"a2cf0493-da90-4c91-902f-ac53e38ea970","taskType":"scan_company","data":{"id":"a2cf0493-da90-4c91-902f-ac53e38ea970","type":"scan_company","ms":163,"heapUsedMb":107,"heapDeltaMb":3,"heapLimitMb":4144,"rssMb":196,"rssDeltaMb":-1}}
{"t":"2026-09-29T17:08:02.578Z","level":"info","msg":"task start","taskId":"100f6c6d-271b-49ba-94b8-b53196ee276c","taskType":"fetch_description","data":{"id":"100f6c6d-271b-49ba-94b8-b53196ee276c","type":"fetch_description","attempt":1,"workerId":"test","commit":null,"readyWaitMs":20,"heapUsedMb":107,"heapLimitMb":4144,"rssMb":196}}
{"t":"2026-09-29T17:08:02.610Z","level":"info","msg":"task done","taskId":"100f6c6d-271b-49ba-94b8-b53196ee276c","taskType":"fetch_description","data":{"id":"100f6c6d-271b-49ba-94b8-b53196ee276c","type":"fetch_description","ms":32,"heapUsedMb":108,"heapDeltaMb":1,"heapLimitMb":4144,"rssMb":196,"rssDeltaMb":0}}
{"t":"2026-09-29T17:08:02.612Z","level":"info","msg":"task start","taskId":"52f3a852-f4f4-43d7-aca4-e2fd3bb64c23","taskType":"fetch_description","data":{"id":"52f3a852-f4f4-43d7-aca4-e2fd3bb64c23","type":"fetch_description","attempt":1,"workerId":"test","commit":null,"readyWaitMs":54,"heapUsedMb":109,"heapLimitMb":4144,"rssMb":196}}
{"t":"2026-09-29T17:08:02.670Z","level":"info","msg":"task done","taskId":"52f3a852-f4f4-43d7-aca4-e2fd3bb64c23","taskType":"fetch_description","data":{"id":"52f3a852-f4f4-43d7-aca4-e2fd3bb64c23","type":"fetch_description","ms":58,"heapUsedMb":110,"heapDeltaMb":1,"heapLimitMb":4144,"rssMb":196,"rssDeltaMb":0}}
{"t":"2026-09-29T17:08:02.672Z","level":"info","msg":"task start","taskId":"733f7909-3519-4b64-84d5-ea7bf7a81fd8","taskType":"fetch_description","data":{"id":"733f7909-3519-4b64-84d5-ea7bf7a81fd8","type":"fetch_description","attempt":1,"workerId":"test","commit":null,"readyWaitMs":114,"heapUsedMb":110,"heapLimitMb":4144,"rssMb":196}}
{"t":"2026-09-29T17:08:02.719Z","level":"info","msg":"task done","taskId":"733f7909-3519-4b64-84d5-ea7bf7a81fd8","taskType":"fetch_description","data":{"id":"733f7909-3519-4b64-84d5-ea7bf7a81fd8","type":"fetch_description","ms":47,"heapUsedMb":111,"heapDeltaMb":1,"heapLimitMb":4144,"rssMb":196,"rssDeltaMb":0}}
{"t":"2026-09-29T17:08:02.722Z","level":"info","msg":"task start","taskId":"f10f2bb7-fff1-4bf1-ab32-f1bc332e1448","taskType":"fetch_description","data":{"id":"f10f2bb7-fff1-4bf1-ab32-f1bc332e1448","type":"fetch_description","attempt":1,"workerId":"test","commit":null,"readyWaitMs":164,"heapUsedMb":111,"heapLimitMb":4144,"rssMb":196}}
{"t":"2026-09-29T17:08:02.761Z","level":"info","msg":"task done","taskId":"f10f2bb7-fff1-4bf1-ab32-f1bc332e1448","taskType":"fetch_description","data":{"id":"f10f2bb7-fff1-4bf1-ab32-f1bc332e1448","type":"fetch_description","ms":39,"heapUsedMb":112,"heapDeltaMb":1,"heapLimitMb":4144,"rssMb":196,"rssDeltaMb":0}}
{"t":"2026-09-29T17:08:02.762Z","level":"info","msg":"task start","taskId":"dc430496-1cbb-4d58-a59c-44605713b113","taskType":"discover","data":{"id":"dc430496-1cbb-4d58-a59c-44605713b113","type":"discover","attempt":1,"workerId":"test","commit":null,"readyWaitMs":522,"heapUsedMb":112,"heapLimitMb":4144,"rssMb":196}}
{"t":"2026-09-29T17:08:02.816Z","level":"warn","msg":"logo re-encode failed; the original is kept","taskId":"dc430496-1cbb-4d58-a59c-44605713b113","taskType":"discover","data":{"error":"Input buffer has corrupt header:","bytes":400}}
{"t":"2026-09-29T17:08:02.823Z","level":"info","msg":"logo captured","taskId":"dc430496-1cbb-4d58-a59c-44605713b113","taskType":"discover","data":{"company":"Acme Robotics","source":"site_icon","sourceUrl":"https://www.acme.example/favicon.png","bytes":400,"contentType":"image/png"}}
{"t":"2026-09-29T17:08:02.825Z","level":"info","msg":"task done","taskId":"dc430496-1cbb-4d58-a59c-44605713b113","taskType":"discover","data":{"id":"dc430496-1cbb-4d58-a59c-44605713b113","type":"discover","ms":63,"heapUsedMb":113,"heapDeltaMb":1,"heapLimitMb":4144,"rssMb":196,"rssDeltaMb":0}}
{"t":"2026-09-29T17:08:02.953Z","level":"info","msg":"source scanned","data":{"company":"acme.example","type":"greenhouse","status":"ok","postings":5,"new":0,"closed":0,"followers":1,"deferredDescriptions":0,"reusedListing":false,"claimFetchedBytes":1452,"claimRequests":3,"claimRevalidated":0,"heapUsedMb":105,"ms":121}}
{"t":"2026-09-29T17:08:03.143Z","level":"info","msg":"source scanned","data":{"company":"acme.example","type":"greenhouse","status":"ok","postings":5,"new":0,"closed":0,"followers":1,"deferredDescriptions":0,"reusedListing":false,"claimFetchedBytes":1452,"claimRequests":3,"claimRevalidated":0,"heapUsedMb":107,"ms":176}}
{"t":"2026-09-29T17:08:03.386Z","level":"info","msg":"task start","taskId":"a5faea54-9e50-41b6-bf38-d93319953ad2","taskType":"discover","data":{"id":"a5faea54-9e50-41b6-bf38-d93319953ad2","type":"discover","attempt":1,"workerId":"test","commit":null,"readyWaitMs":5,"heapUsedMb":108,"heapLimitMb":4144,"rssMb":192}}
{"t":"2026-09-29T17:08:03.553Z","level":"info","msg":"discovery finished","taskId":"a5faea54-9e50-41b6-bf38-d93319953ad2","taskType":"discover","data":{"company":"acme.example","outcome":"resolved","fetches":3,"best":"ats_link"}}
{"t":"2026-09-29T17:08:03.556Z","level":"info","msg":"task done","taskId":"a5faea54-9e50-41b6-bf38-d93319953ad2","taskType":"discover","data":{"id":"a5faea54-9e50-41b6-bf38-d93319953ad2","type":"discover","ms":170,"heapUsedMb":111,"heapDeltaMb":3,"heapLimitMb":4144,"rssMb":192,"rssDeltaMb":0}}
{"t":"2026-09-29T17:08:03.559Z","level":"info","msg":"task start","taskId":"456de322-65ac-4ce9-9acf-97938f33119e","taskType":"scan_company","data":{"id":"456de322-65ac-4ce9-9acf-97938f33119e","type":"scan_company","attempt":1,"workerId":"test","commit":null,"readyWaitMs":13,"heapUsedMb":111,"heapLimitMb":4144,"rssMb":192}}
{"t":"2026-09-29T17:08:03.731Z","level":"info","msg":"source scanned","taskId":"456de322-65ac-4ce9-9acf-97938f33119e","taskType":"scan_company","data":{"company":"Acme Robotics","type":"greenhouse","status":"ok","postings":5,"new":5,"closed":0,"followers":1,"deferredDescriptions":0,"reusedListing":false,"claimFetchedBytes":1452,"claimRequests":3,"claimRevalidated":0,"heapUsedMb":114,"ms":168}}
{"t":"2026-09-29T17:08:03.743Z","level":"info","msg":"task done","taskId":"456de322-65ac-4ce9-9acf-97938f33119e","taskType":"scan_company","data":{"id":"456de322-65ac-4ce9-9acf-97938f33119e","type":"scan_company","ms":184,"heapUsedMb":114,"heapDeltaMb":3,"heapLimitMb":4144,"rssMb":192,"rssDeltaMb":0}}
{"t":"2026-09-29T17:08:03.745Z","level":"info","msg":"task start","taskId":"da4e6424-1329-4ba6-b790-c51dc4c3a86c","taskType":"fetch_description","data":{"id":"da4e6424-1329-4ba6-b790-c51dc4c3a86c","type":"fetch_description","attempt":1,"workerId":"test","commit":null,"readyWaitMs":36,"heapUsedMb":114,"heapLimitMb":4144,"rssMb":192}}
{"t":"2026-09-29T17:08:03.765Z","level":"info","msg":"task done","taskId":"da4e6424-1329-4ba6-b790-c51dc4c3a86c","taskType":"fetch_description","data":{"id":"da4e6424-1329-4ba6-b790-c51dc4c3a86c","type":"fetch_description","ms":20,"heapUsedMb":115,"heapDeltaMb":1,"heapLimitMb":4144,"rssMb":192,"rssDeltaMb":0}}
{"t":"2026-09-29T17:08:03.768Z","level":"info","msg":"task start","taskId":"78dc1f20-7861-4d16-a288-87e6541ed798","taskType":"fetch_description","data":{"id":"78dc1f20-7861-4d16-a288-87e6541ed798","type":"fetch_description","attempt":1,"workerId":"test","commit":null,"readyWaitMs":59,"heapUsedMb":116,"heapLimitMb":4144,"rssMb":192}}
{"t":"2026-09-29T17:08:03.811Z","level":"info","msg":"task done","taskId":"78dc1f20-7861-4d16-a288-87e6541ed798","taskType":"fetch_description","data":{"id":"78dc1f20-7861-4d16-a288-87e6541ed798","type":"fetch_description","ms":43,"heapUsedMb":106,"heapDeltaMb":-10,"heapLimitMb":4144,"rssMb":193,"rssDeltaMb":1}}
{"t":"2026-09-29T17:08:03.812Z","level":"info","msg":"task start","taskId":"7e207c16-2b3d-4826-94b0-218da5b97bcc","taskType":"fetch_description","data":{"id":"7e207c16-2b3d-4826-94b0-218da5b97bcc","type":"fetch_description","attempt":1,"workerId":"test","commit":null,"readyWaitMs":103,"heapUsedMb":107,"heapLimitMb":4144,"rssMb":193}}
{"t":"2026-09-29T17:08:03.862Z","level":"info","msg":"task done","taskId":"7e207c16-2b3d-4826-94b0-218da5b97bcc","taskType":"fetch_description","data":{"id":"7e207c16-2b3d-4826-94b0-218da5b97bcc","type":"fetch_description","ms":50,"heapUsedMb":108,"heapDeltaMb":1,"heapLimitMb":4144,"rssMb":193,"rssDeltaMb":0}}
{"t":"2026-09-29T17:08:03.863Z","level":"info","msg":"task start","taskId":"c7ba62ad-d0ad-4e37-8c21-62f592319d88","taskType":"fetch_description","data":{"id":"c7ba62ad-d0ad-4e37-8c21-62f592319d88","type":"fetch_description","attempt":1,"workerId":"test","commit":null,"readyWaitMs":154,"heapUsedMb":108,"heapLimitMb":4144,"rssMb":193}}
{"t":"2026-09-29T17:08:03.910Z","level":"info","msg":"task done","taskId":"c7ba62ad-d0ad-4e37-8c21-62f592319d88","taskType":"fetch_description","data":{"id":"c7ba62ad-d0ad-4e37-8c21-62f592319d88","type":"fetch_description","ms":47,"heapUsedMb":109,"heapDeltaMb":1,"heapLimitMb":4144,"rssMb":193,"rssDeltaMb":0}}
{"t":"2026-09-29T17:08:03.911Z","level":"info","msg":"task start","taskId":"739ebf03-4a8b-45b5-beb7-4536721d77fb","taskType":"discover","data":{"id":"739ebf03-4a8b-45b5-beb7-4536721d77fb","type":"discover","attempt":1,"workerId":"test","commit":null,"readyWaitMs":524,"heapUsedMb":109,"heapLimitMb":4144,"rssMb":193}}
{"t":"2026-09-29T17:08:03.965Z","level":"warn","msg":"logo re-encode failed; the original is kept","taskId":"739ebf03-4a8b-45b5-beb7-4536721d77fb","taskType":"discover","data":{"error":"Input buffer has corrupt header:","bytes":400}}
{"t":"2026-09-29T17:08:03.973Z","level":"info","msg":"logo captured","taskId":"739ebf03-4a8b-45b5-beb7-4536721d77fb","taskType":"discover","data":{"company":"Acme Robotics","source":"site_icon","sourceUrl":"https://www.acme.example/favicon.png","bytes":400,"contentType":"image/png"}}
{"t":"2026-09-29T17:08:03.976Z","level":"info","msg":"task done","taskId":"739ebf03-4a8b-45b5-beb7-4536721d77fb","taskType":"discover","data":{"id":"739ebf03-4a8b-45b5-beb7-4536721d77fb","type":"discover","ms":65,"heapUsedMb":110,"heapDeltaMb":1,"heapLimitMb":4144,"rssMb":193,"rssDeltaMb":0}}
{"t":"2026-09-29T17:08:04.104Z","level":"info","msg":"source scanned","data":{"company":"acme.example","type":"greenhouse","status":"ok","postings":5,"new":0,"closed":0,"followers":1,"deferredDescriptions":0,"reusedListing":false,"claimFetchedBytes":1452,"claimRequests":3,"claimRevalidated":0,"heapUsedMb":112,"ms":124}}
{"t":"2026-09-29T17:08:04.371Z","level":"info","msg":"slow database query","data":{"durationMs":263,"statement":"truncate users, companies, career_sources, discovery_runs, scan_runs, scans, jobs, job_events, decisions, tasks, setting"}}
{"t":"2026-09-29T17:08:04.389Z","level":"info","msg":"task start","taskId":"ca115dd3-066c-4485-b8f6-c41453088726","taskType":"discover","data":{"id":"ca115dd3-066c-4485-b8f6-c41453088726","type":"discover","attempt":1,"workerId":"test","commit":null,"readyWaitMs":4,"heapUsedMb":113,"heapLimitMb":4144,"rssMb":192}}
{"t":"2026-09-29T17:08:04.555Z","level":"info","msg":"discovery finished","taskId":"ca115dd3-066c-4485-b8f6-c41453088726","taskType":"discover","data":{"company":"acme.example","outcome":"resolved","fetches":3,"best":"ats_link"}}
{"t":"2026-09-29T17:08:04.557Z","level":"info","msg":"task done","taskId":"ca115dd3-066c-4485-b8f6-c41453088726","taskType":"discover","data":{"id":"ca115dd3-066c-4485-b8f6-c41453088726","type":"discover","ms":168,"heapUsedMb":116,"heapDeltaMb":3,"heapLimitMb":4144,"rssMb":192,"rssDeltaMb":0}}
{"t":"2026-09-29T17:08:04.559Z","level":"info","msg":"task start","taskId":"f775b308-1bbd-4492-8c80-30fdd97a25f6","taskType":"scan_company","data":{"id":"f775b308-1bbd-4492-8c80-30fdd97a25f6","type":"scan_company","attempt":1,"workerId":"test","commit":null,"readyWaitMs":12,"heapUsedMb":116,"heapLimitMb":4144,"rssMb":192}}
{"t":"2026-09-29T17:08:04.740Z","level":"info","msg":"source scanned","taskId":"f775b308-1bbd-4492-8c80-30fdd97a25f6","taskType":"scan_company","data":{"company":"Acme Robotics","type":"greenhouse","status":"ok","postings":5,"new":5,"closed":0,"followers":1,"deferredDescriptions":0,"reusedListing":false,"claimFetchedBytes":1452,"claimRequests":3,"claimRevalidated":0,"heapUsedMb":108,"ms":177}}
{"t":"2026-09-29T17:08:04.753Z","level":"info","msg":"task done","taskId":"f775b308-1bbd-4492-8c80-30fdd97a25f6","taskType":"scan_company","data":{"id":"f775b308-1bbd-4492-8c80-30fdd97a25f6","type":"scan_company","ms":193,"heapUsedMb":109,"heapDeltaMb":-7,"heapLimitMb":4144,"rssMb":192,"rssDeltaMb":0}}
{"t":"2026-09-29T17:08:04.756Z","level":"info","msg":"task start","taskId":"625b1d9c-981f-45b2-9394-e9aee02036d0","taskType":"fetch_description","data":{"id":"625b1d9c-981f-45b2-9394-e9aee02036d0","type":"fetch_description","attempt":1,"workerId":"test","commit":null,"readyWaitMs":46,"heapUsedMb":109,"heapLimitMb":4144,"rssMb":192}}
{"t":"2026-09-29T17:08:04.781Z","level":"info","msg":"task done","taskId":"625b1d9c-981f-45b2-9394-e9aee02036d0","taskType":"fetch_description","data":{"id":"625b1d9c-981f-45b2-9394-e9aee02036d0","type":"fetch_description","ms":25,"heapUsedMb":110,"heapDeltaMb":1,"heapLimitMb":4144,"rssMb":192,"rssDeltaMb":0}}
{"t":"2026-09-29T17:08:04.784Z","level":"info","msg":"task start","taskId":"03cf2929-61d3-4a00-901c-c1a2563ffb3f","taskType":"fetch_description","data":{"id":"03cf2929-61d3-4a00-901c-c1a2563ffb3f","type":"fetch_description","attempt":1,"workerId":"test","commit":null,"readyWaitMs":74,"heapUsedMb":110,"heapLimitMb":4144,"rssMb":192}}
{"t":"2026-09-29T17:08:04.827Z","level":"info","msg":"task done","taskId":"03cf2929-61d3-4a00-901c-c1a2563ffb3f","taskType":"fetch_description","data":{"id":"03cf2929-61d3-4a00-901c-c1a2563ffb3f","type":"fetch_description","ms":43,"heapUsedMb":111,"heapDeltaMb":1,"heapLimitMb":4144,"rssMb":192,"rssDeltaMb":0}}
{"t":"2026-09-29T17:08:04.829Z","level":"info","msg":"task start","taskId":"82e000a0-19d9-4e40-8fcb-0e71cbf2ea02","taskType":"fetch_description","data":{"id":"82e000a0-19d9-4e40-8fcb-0e71cbf2ea02","type":"fetch_description","attempt":1,"workerId":"test","commit":null,"readyWaitMs":119,"heapUsedMb":111,"heapLimitMb":4144,"rssMb":192}}
{"t":"2026-09-29T17:08:04.880Z","level":"info","msg":"task done","taskId":"82e000a0-19d9-4e40-8fcb-0e71cbf2ea02","taskType":"fetch_description","data":{"id":"82e000a0-19d9-4e40-8fcb-0e71cbf2ea02","type":"fetch_description","ms":51,"heapUsedMb":112,"heapDeltaMb":1,"heapLimitMb":4144,"rssMb":192,"rssDeltaMb":0}}
{"t":"2026-09-29T17:08:04.882Z","level":"info","msg":"task start","taskId":"0edd7b9f-df05-4e45-9c4b-88fe72248c99","taskType":"fetch_description","data":{"id":"0edd7b9f-df05-4e45-9c4b-88fe72248c99","type":"fetch_description","attempt":1,"workerId":"test","commit":null,"readyWaitMs":172,"heapUsedMb":113,"heapLimitMb":4144,"rssMb":192}}
{"t":"2026-09-29T17:08:04.926Z","level":"info","msg":"task done","taskId":"0edd7b9f-df05-4e45-9c4b-88fe72248c99","taskType":"fetch_description","data":{"id":"0edd7b9f-df05-4e45-9c4b-88fe72248c99","type":"fetch_description","ms":44,"heapUsedMb":114,"heapDeltaMb":1,"heapLimitMb":4144,"rssMb":192,"rssDeltaMb":0}}
{"t":"2026-09-29T17:08:04.927Z","level":"info","msg":"task start","taskId":"672880a5-4080-44be-89d0-5c7e90d4169d","taskType":"discover","data":{"id":"672880a5-4080-44be-89d0-5c7e90d4169d","type":"discover","attempt":1,"workerId":"test","commit":null,"readyWaitMs":538,"heapUsedMb":114,"heapLimitMb":4144,"rssMb":192}}
{"t":"2026-09-29T17:08:04.980Z","level":"warn","msg":"logo re-encode failed; the original is kept","taskId":"672880a5-4080-44be-89d0-5c7e90d4169d","taskType":"discover","data":{"error":"Input buffer has corrupt header:","bytes":400}}
{"t":"2026-09-29T17:08:04.987Z","level":"info","msg":"logo captured","taskId":"672880a5-4080-44be-89d0-5c7e90d4169d","taskType":"discover","data":{"company":"Acme Robotics","source":"site_icon","sourceUrl":"https://www.acme.example/favicon.png","bytes":400,"contentType":"image/png"}}
{"t":"2026-09-29T17:08:04.989Z","level":"info","msg":"task done","taskId":"672880a5-4080-44be-89d0-5c7e90d4169d","taskType":"discover","data":{"id":"672880a5-4080-44be-89d0-5c7e90d4169d","type":"discover","ms":62,"heapUsedMb":115,"heapDeltaMb":1,"heapLimitMb":4144,"rssMb":192,"rssDeltaMb":0}}
{"t":"2026-09-29T17:08:05.137Z","level":"info","msg":"source scanned","data":{"company":"acme.example","type":"greenhouse","status":"ok","postings":5,"new":0,"closed":0,"followers":1,"deferredDescriptions":0,"reusedListing":false,"claimFetchedBytes":1452,"claimRequests":3,"claimRevalidated":0,"heapUsedMb":117,"ms":142}}
{"t":"2026-09-29T17:08:05.370Z","level":"info","msg":"task start","taskId":"72415214-05f4-49f8-a501-8872f638d63d","taskType":"discover","data":{"id":"72415214-05f4-49f8-a501-8872f638d63d","type":"discover","attempt":1,"workerId":"test","commit":null,"readyWaitMs":5,"heapUsedMb":119,"heapLimitMb":4144,"rssMb":192}}
{"t":"2026-09-29T17:08:05.538Z","level":"info","msg":"discovery finished","taskId":"72415214-05f4-49f8-a501-8872f638d63d","taskType":"discover","data":{"company":"acme.example","outcome":"resolved","fetches":3,"best":"ats_link"}}
{"t":"2026-09-29T17:08:05.540Z","level":"info","msg":"task done","taskId":"72415214-05f4-49f8-a501-8872f638d63d","taskType":"discover","data":{"id":"72415214-05f4-49f8-a501-8872f638d63d","type":"discover","ms":170,"heapUsedMb":112,"heapDeltaMb":-7,"heapLimitMb":4144,"rssMb":193,"rssDeltaMb":1}}
{"t":"2026-09-29T17:08:05.543Z","level":"info","msg":"task start","taskId":"0e626fe8-e0be-47d9-9939-a49d6b4ced9e","taskType":"scan_company","data":{"id":"0e626fe8-e0be-47d9-9939-a49d6b4ced9e","type":"scan_company","attempt":1,"workerId":"test","commit":null,"readyWaitMs":13,"heapUsedMb":112,"heapLimitMb":4144,"rssMb":193}}
{"t":"2026-09-29T17:08:05.720Z","level":"info","msg":"source scanned","taskId":"0e626fe8-e0be-47d9-9939-a49d6b4ced9e","taskType":"scan_company","data":{"company":"Acme Robotics","type":"greenhouse","status":"ok","postings":5,"new":5,"closed":0,"followers":1,"deferredDescriptions":0,"reusedListing":false,"claimFetchedBytes":1452,"claimRequests":3,"claimRevalidated":0,"heapUsedMb":114,"ms":174}}
{"t":"2026-09-29T17:08:05.728Z","level":"info","msg":"task done","taskId":"0e626fe8-e0be-47d9-9939-a49d6b4ced9e","taskType":"scan_company","data":{"id":"0e626fe8-e0be-47d9-9939-a49d6b4ced9e","type":"scan_company","ms":185,"heapUsedMb":115,"heapDeltaMb":3,"heapLimitMb":4144,"rssMb":192,"rssDeltaMb":-1}}
{"t":"2026-09-29T17:08:05.731Z","level":"info","msg":"task start","taskId":"366b437d-cf92-4cf4-ad36-871436710eea","taskType":"fetch_description","data":{"id":"366b437d-cf92-4cf4-ad36-871436710eea","type":"fetch_description","attempt":1,"workerId":"test","commit":null,"readyWaitMs":31,"heapUsedMb":115,"heapLimitMb":4144,"rssMb":192}}
{"t":"2026-09-29T17:08:05.749Z","level":"info","msg":"task done","taskId":"366b437d-cf92-4cf4-ad36-871436710eea","taskType":"fetch_description","data":{"id":"366b437d-cf92-4cf4-ad36-871436710eea","type":"fetch_description","ms":19,"heapUsedMb":116,"heapDeltaMb":1,"heapLimitMb":4144,"rssMb":191,"rssDeltaMb":-1}}
{"t":"2026-09-29T17:08:05.751Z","level":"info","msg":"task start","taskId":"627941e7-5fe5-443a-85ed-f0e45e055d4b","taskType":"fetch_description","data":{"id":"627941e7-5fe5-443a-85ed-f0e45e055d4b","type":"fetch_description","attempt":1,"workerId":"test","commit":null,"readyWaitMs":51,"heapUsedMb":116,"heapLimitMb":4144,"rssMb":191}}
{"t":"2026-09-29T17:08:05.800Z","level":"info","msg":"task done","taskId":"627941e7-5fe5-443a-85ed-f0e45e055d4b","taskType":"fetch_description","data":{"id":"627941e7-5fe5-443a-85ed-f0e45e055d4b","type":"fetch_description","ms":49,"heapUsedMb":117,"heapDeltaMb":1,"heapLimitMb":4144,"rssMb":191,"rssDeltaMb":0}}
{"t":"2026-09-29T17:08:05.802Z","level":"info","msg":"task start","taskId":"993a2abc-8dbf-4b48-b3e6-ee9af4644583","taskType":"fetch_description","data":{"id":"993a2abc-8dbf-4b48-b3e6-ee9af4644583","type":"fetch_description","attempt":1,"workerId":"test","commit":null,"readyWaitMs":102,"heapUsedMb":117,"heapLimitMb":4144,"rssMb":191}}
{"t":"2026-09-29T17:08:05.846Z","level":"info","msg":"task done","taskId":"993a2abc-8dbf-4b48-b3e6-ee9af4644583","taskType":"fetch_description","data":{"id":"993a2abc-8dbf-4b48-b3e6-ee9af4644583","type":"fetch_description","ms":44,"heapUsedMb":118,"heapDeltaMb":1,"heapLimitMb":4144,"rssMb":191,"rssDeltaMb":0}}
{"t":"2026-09-29T17:08:05.848Z","level":"info","msg":"task start","taskId":"4c455ffc-7bdc-4212-91c0-655ee57739e8","taskType":"fetch_description","data":{"id":"4c455ffc-7bdc-4212-91c0-655ee57739e8","type":"fetch_description","attempt":1,"workerId":"test","commit":null,"readyWaitMs":148,"heapUsedMb":118,"heapLimitMb":4144,"rssMb":191}}
{"t":"2026-09-29T17:08:05.897Z","level":"info","msg":"task done","taskId":"4c455ffc-7bdc-4212-91c0-655ee57739e8","taskType":"fetch_description","data":{"id":"4c455ffc-7bdc-4212-91c0-655ee57739e8","type":"fetch_description","ms":50,"heapUsedMb":119,"heapDeltaMb":1,"heapLimitMb":4144,"rssMb":191,"rssDeltaMb":0}}
{"t":"2026-09-29T17:08:05.898Z","level":"info","msg":"task start","taskId":"b088508c-51f7-41e5-af00-aa3c0c517e24","taskType":"discover","data":{"id":"b088508c-51f7-41e5-af00-aa3c0c517e24","type":"discover","attempt":1,"workerId":"test","commit":null,"readyWaitMs":527,"heapUsedMb":120,"heapLimitMb":4144,"rssMb":191}}
{"t":"2026-09-29T17:08:05.953Z","level":"warn","msg":"logo re-encode failed; the original is kept","taskId":"b088508c-51f7-41e5-af00-aa3c0c517e24","taskType":"discover","data":{"error":"Input buffer has corrupt header:","bytes":400}}
{"t":"2026-09-29T17:08:05.959Z","level":"info","msg":"logo captured","taskId":"b088508c-51f7-41e5-af00-aa3c0c517e24","taskType":"discover","data":{"company":"Acme Robotics","source":"site_icon","sourceUrl":"https://www.acme.example/favicon.png","bytes":400,"contentType":"image/png"}}
{"t":"2026-09-29T17:08:05.960Z","level":"info","msg":"task done","taskId":"b088508c-51f7-41e5-af00-aa3c0c517e24","taskType":"discover","data":{"id":"b088508c-51f7-41e5-af00-aa3c0c517e24","type":"discover","ms":62,"heapUsedMb":121,"heapDeltaMb":1,"heapLimitMb":4144,"rssMb":191,"rssDeltaMb":0}}
{"t":"2026-09-29T17:08:06.254Z","level":"info","msg":"slow database query","taskId":"68d058a0-5fe8-404a-9cdf-be237644033d","taskType":"scan_company","data":{"durationMs":256,"statement":"truncate users, companies, career_sources, discovery_runs, scan_runs, scans, jobs, job_events, decisions, tasks, setting"}}
{"t":"2026-09-29T17:08:06.272Z","level":"info","msg":"task start","taskId":"ab434847-f6e1-45d6-a64b-9a481ce6f218","taskType":"discover","data":{"id":"ab434847-f6e1-45d6-a64b-9a481ce6f218","type":"discover","attempt":1,"workerId":"test","commit":null,"readyWaitMs":6,"heapUsedMb":113,"heapLimitMb":4144,"rssMb":180}}
{"t":"2026-09-29T17:08:06.440Z","level":"info","msg":"discovery finished","taskId":"ab434847-f6e1-45d6-a64b-9a481ce6f218","taskType":"discover","data":{"company":"acme.example","outcome":"resolved","fetches":3,"best":"ats_link"}}
{"t":"2026-09-29T17:08:06.442Z","level":"info","msg":"task done","taskId":"ab434847-f6e1-45d6-a64b-9a481ce6f218","taskType":"discover","data":{"id":"ab434847-f6e1-45d6-a64b-9a481ce6f218","type":"discover","ms":170,"heapUsedMb":116,"heapDeltaMb":3,"heapLimitMb":4144,"rssMb":180,"rssDeltaMb":0}}
{"t":"2026-09-29T17:08:06.444Z","level":"info","msg":"task start","taskId":"fc3a6735-86d9-47af-a2da-d9420f9809aa","taskType":"scan_company","data":{"id":"fc3a6735-86d9-47af-a2da-d9420f9809aa","type":"scan_company","attempt":1,"workerId":"test","commit":null,"readyWaitMs":11,"heapUsedMb":117,"heapLimitMb":4144,"rssMb":180}}
{"t":"2026-09-29T17:08:06.624Z","level":"info","msg":"source scanned","taskId":"fc3a6735-86d9-47af-a2da-d9420f9809aa","taskType":"scan_company","data":{"company":"Acme Robotics","type":"greenhouse","status":"ok","postings":5,"new":5,"closed":0,"followers":1,"deferredDescriptions":0,"reusedListing":false,"claimFetchedBytes":1452,"claimRequests":3,"claimRevalidated":0,"heapUsedMb":119,"ms":173}}
{"t":"2026-09-29T17:08:06.636Z","level":"info","msg":"task done","taskId":"fc3a6735-86d9-47af-a2da-d9420f9809aa","taskType":"scan_company","data":{"id":"fc3a6735-86d9-47af-a2da-d9420f9809aa","type":"scan_company","ms":193,"heapUsedMb":120,"heapDeltaMb":3,"heapLimitMb":4144,"rssMb":178,"rssDeltaMb":-2}}
{"t":"2026-09-29T17:08:06.639Z","level":"info","msg":"task start","taskId":"cb17456f-a606-4db0-8397-e4b656b7fe14","taskType":"fetch_description","data":{"id":"cb17456f-a606-4db0-8397-e4b656b7fe14","type":"fetch_description","attempt":1,"workerId":"test","commit":null,"readyWaitMs":43,"heapUsedMb":120,"heapLimitMb":4144,"rssMb":178}}
{"t":"2026-09-29T17:08:06.662Z","level":"info","msg":"task done","taskId":"cb17456f-a606-4db0-8397-e4b656b7fe14","taskType":"fetch_description","data":{"id":"cb17456f-a606-4db0-8397-e4b656b7fe14","type":"fetch_description","ms":22,"heapUsedMb":121,"heapDeltaMb":1,"heapLimitMb":4144,"rssMb":178,"rssDeltaMb":0}}
{"t":"2026-09-29T17:08:06.663Z","level":"info","msg":"task start","taskId":"9bf13576-3b5a-4f3c-92f9-b9d06211a23d","taskType":"fetch_description","data":{"id":"9bf13576-3b5a-4f3c-92f9-b9d06211a23d","type":"fetch_description","attempt":1,"workerId":"test","commit":null,"readyWaitMs":67,"heapUsedMb":121,"heapLimitMb":4144,"rssMb":178}}
{"t":"2026-09-29T17:08:06.707Z","level":"info","msg":"task done","taskId":"9bf13576-3b5a-4f3c-92f9-b9d06211a23d","taskType":"fetch_description","data":{"id":"9bf13576-3b5a-4f3c-92f9-b9d06211a23d","type":"fetch_description","ms":44,"heapUsedMb":122,"heapDeltaMb":1,"heapLimitMb":4144,"rssMb":177,"rssDeltaMb":-1}}
{"t":"2026-09-29T17:08:06.709Z","level":"info","msg":"task start","taskId":"5897444a-87ae-4077-8e7a-12be494ff2c8","taskType":"fetch_description","data":{"id":"5897444a-87ae-4077-8e7a-12be494ff2c8","type":"fetch_description","attempt":1,"workerId":"test","commit":null,"readyWaitMs":113,"heapUsedMb":122,"heapLimitMb":4144,"rssMb":177}}
{"t":"2026-09-29T17:08:06.765Z","level":"info","msg":"task done","taskId":"5897444a-87ae-4077-8e7a-12be494ff2c8","taskType":"fetch_description","data":{"id":"5897444a-87ae-4077-8e7a-12be494ff2c8","type":"fetch_description","ms":56,"heapUsedMb":113,"heapDeltaMb":-9,"heapLimitMb":4144,"rssMb":177,"rssDeltaMb":0}}
{"t":"2026-09-29T17:08:06.769Z","level":"info","msg":"task start","taskId":"9d543426-67fa-4c28-b18b-71d2b7af4865","taskType":"fetch_description","data":{"id":"9d543426-67fa-4c28-b18b-71d2b7af4865","type":"fetch_description","attempt":1,"workerId":"test","commit":null,"readyWaitMs":173,"heapUsedMb":113,"heapLimitMb":4144,"rssMb":177}}
{"t":"2026-09-29T17:08:06.872Z","level":"info","msg":"task done","taskId":"9d543426-67fa-4c28-b18b-71d2b7af4865","taskType":"fetch_description","data":{"id":"9d543426-67fa-4c28-b18b-71d2b7af4865","type":"fetch_description","ms":103,"heapUsedMb":114,"heapDeltaMb":1,"heapLimitMb":4144,"rssMb":169,"rssDeltaMb":-8}}
{"t":"2026-09-29T17:08:06.874Z","level":"info","msg":"task start","taskId":"5b83aec9-07f2-4100-bc16-43500dd35572","taskType":"discover","data":{"id":"5b83aec9-07f2-4100-bc16-43500dd35572","type":"discover","attempt":1,"workerId":"test","commit":null,"readyWaitMs":601,"heapUsedMb":114,"heapLimitMb":4144,"rssMb":169}}
{"t":"2026-09-29T17:08:06.932Z","level":"warn","msg":"logo re-encode failed; the original is kept","taskId":"5b83aec9-07f2-4100-bc16-43500dd35572","taskType":"discover","data":{"error":"Input buffer has corrupt header:","bytes":400}}
{"t":"2026-09-29T17:08:06.937Z","level":"info","msg":"logo captured","taskId":"5b83aec9-07f2-4100-bc16-43500dd35572","taskType":"discover","data":{"company":"Acme Robotics","source":"site_icon","sourceUrl":"https://www.acme.example/favicon.png","bytes":400,"contentType":"image/png"}}
{"t":"2026-09-29T17:08:06.938Z","level":"info","msg":"task done","taskId":"5b83aec9-07f2-4100-bc16-43500dd35572","taskType":"discover","data":{"id":"5b83aec9-07f2-4100-bc16-43500dd35572","type":"discover","ms":64,"heapUsedMb":115,"heapDeltaMb":1,"heapLimitMb":4144,"rssMb":169,"rssDeltaMb":0}}
{"t":"2026-09-29T17:08:07.189Z","level":"info","msg":"task start","taskId":"66a48a32-b138-4518-a8aa-8dea782384b6","taskType":"discover","data":{"id":"66a48a32-b138-4518-a8aa-8dea782384b6","type":"discover","attempt":1,"workerId":"test","commit":null,"readyWaitMs":6,"heapUsedMb":117,"heapLimitMb":4144,"rssMb":155}}
{"t":"2026-09-29T17:08:07.361Z","level":"info","msg":"discovery finished","taskId":"66a48a32-b138-4518-a8aa-8dea782384b6","taskType":"discover","data":{"company":"acme.example","outcome":"resolved","fetches":3,"best":"ats_link"}}
{"t":"2026-09-29T17:08:07.364Z","level":"info","msg":"task done","taskId":"66a48a32-b138-4518-a8aa-8dea782384b6","taskType":"discover","data":{"id":"66a48a32-b138-4518-a8aa-8dea782384b6","type":"discover","ms":175,"heapUsedMb":120,"heapDeltaMb":3,"heapLimitMb":4144,"rssMb":156,"rssDeltaMb":1}}
{"t":"2026-09-29T17:08:07.366Z","level":"info","msg":"task start","taskId":"71c36120-55d5-4595-a2a5-7d9a06832517","taskType":"scan_company","data":{"id":"71c36120-55d5-4595-a2a5-7d9a06832517","type":"scan_company","attempt":1,"workerId":"test","commit":null,"readyWaitMs":15,"heapUsedMb":120,"heapLimitMb":4144,"rssMb":156}}
{"t":"2026-09-29T17:08:07.545Z","level":"info","msg":"source scanned","taskId":"71c36120-55d5-4595-a2a5-7d9a06832517","taskType":"scan_company","data":{"company":"Acme Robotics","type":"greenhouse","status":"ok","postings":5,"new":5,"closed":0,"followers":1,"deferredDescriptions":0,"reusedListing":false,"claimFetchedBytes":1452,"claimRequests":3,"claimRevalidated":0,"heapUsedMb":123,"ms":172}}
{"t":"2026-09-29T17:08:07.558Z","level":"info","msg":"task done","taskId":"71c36120-55d5-4595-a2a5-7d9a06832517","taskType":"scan_company","data":{"id":"71c36120-55d5-4595-a2a5-7d9a06832517","type":"scan_company","ms":192,"heapUsedMb":123,"heapDeltaMb":3,"heapLimitMb":4144,"rssMb":156,"rssDeltaMb":0}}
{"t":"2026-09-29T17:08:07.561Z","level":"info","msg":"task start","taskId":"7ce12fa3-8aa4-4788-a574-a32151494c9e","taskType":"fetch_description","data":{"id":"7ce12fa3-8aa4-4788-a574-a32151494c9e","type":"fetch_description","attempt":1,"workerId":"test","commit":null,"readyWaitMs":44,"heapUsedMb":123,"heapLimitMb":4144,"rssMb":156}}
{"t":"2026-09-29T17:08:07.581Z","level":"info","msg":"task done","taskId":"7ce12fa3-8aa4-4788-a574-a32151494c9e","taskType":"fetch_description","data":{"id":"7ce12fa3-8aa4-4788-a574-a32151494c9e","type":"fetch_description","ms":20,"heapUsedMb":114,"heapDeltaMb":-9,"heapLimitMb":4144,"rssMb":157,"rssDeltaMb":1}}
{"t":"2026-09-29T17:08:07.584Z","level":"info","msg":"task start","taskId":"816e6874-ab1b-400c-9959-c3132bcb7336","taskType":"fetch_description","data":{"id":"816e6874-ab1b-400c-9959-c3132bcb7336","type":"fetch_description","attempt":1,"workerId":"test","commit":null,"readyWaitMs":67,"heapUsedMb":114,"heapLimitMb":4144,"rssMb":157}}
{"t":"2026-09-29T17:08:07.629Z","level":"info","msg":"task done","taskId":"816e6874-ab1b-400c-9959-c3132bcb7336","taskType":"fetch_description","data":{"id":"816e6874-ab1b-400c-9959-c3132bcb7336","type":"fetch_description","ms":45,"heapUsedMb":115,"heapDeltaMb":1,"heapLimitMb":4144,"rssMb":157,"rssDeltaMb":0}}
{"t":"2026-09-29T17:08:07.630Z","level":"info","msg":"task start","taskId":"6f7f2e0b-827c-415d-96dc-132c550a7b4c","taskType":"fetch_description","data":{"id":"6f7f2e0b-827c-415d-96dc-132c550a7b4c","type":"fetch_description","attempt":1,"workerId":"test","commit":null,"readyWaitMs":113,"heapUsedMb":115,"heapLimitMb":4144,"rssMb":157}}
{"t":"2026-09-29T17:08:07.687Z","level":"info","msg":"task done","taskId":"6f7f2e0b-827c-415d-96dc-132c550a7b4c","taskType":"fetch_description","data":{"id":"6f7f2e0b-827c-415d-96dc-132c550a7b4c","type":"fetch_description","ms":57,"heapUsedMb":116,"heapDeltaMb":1,"heapLimitMb":4144,"rssMb":154,"rssDeltaMb":-3}}
{"t":"2026-09-29T17:08:07.689Z","level":"info","msg":"task start","taskId":"40730ec3-8a8b-428c-8120-2def3bae03bb","taskType":"fetch_description","data":{"id":"40730ec3-8a8b-428c-8120-2def3bae03bb","type":"fetch_description","attempt":1,"workerId":"test","commit":null,"readyWaitMs":172,"heapUsedMb":116,"heapLimitMb":4144,"rssMb":154}}
{"t":"2026-09-29T17:08:07.732Z","level":"info","msg":"task done","taskId":"40730ec3-8a8b-428c-8120-2def3bae03bb","taskType":"fetch_description","data":{"id":"40730ec3-8a8b-428c-8120-2def3bae03bb","type":"fetch_description","ms":43,"heapUsedMb":117,"heapDeltaMb":1,"heapLimitMb":4144,"rssMb":154,"rssDeltaMb":0}}
{"t":"2026-09-29T17:08:07.734Z","level":"info","msg":"task start","taskId":"aa4393bf-6a63-4dcb-b0e6-419ca8921f38","taskType":"discover","data":{"id":"aa4393bf-6a63-4dcb-b0e6-419ca8921f38","type":"discover","attempt":1,"workerId":"test","commit":null,"readyWaitMs":544,"heapUsedMb":117,"heapLimitMb":4144,"rssMb":154}}
{"t":"2026-09-29T17:08:07.789Z","level":"warn","msg":"logo re-encode failed; the original is kept","taskId":"aa4393bf-6a63-4dcb-b0e6-419ca8921f38","taskType":"discover","data":{"error":"Input buffer has corrupt header:","bytes":400}}
{"t":"2026-09-29T17:08:07.796Z","level":"info","msg":"logo captured","taskId":"aa4393bf-6a63-4dcb-b0e6-419ca8921f38","taskType":"discover","data":{"company":"Acme Robotics","source":"site_icon","sourceUrl":"https://www.acme.example/favicon.png","bytes":400,"contentType":"image/png"}}
{"t":"2026-09-29T17:08:07.797Z","level":"info","msg":"task done","taskId":"aa4393bf-6a63-4dcb-b0e6-419ca8921f38","taskType":"discover","data":{"id":"aa4393bf-6a63-4dcb-b0e6-419ca8921f38","type":"discover","ms":63,"heapUsedMb":118,"heapDeltaMb":1,"heapLimitMb":4144,"rssMb":154,"rssDeltaMb":0}}
{"t":"2026-09-29T17:08:07.926Z","level":"info","msg":"source scanned","data":{"company":"acme.example","type":"greenhouse","status":"partial","postings":2,"new":0,"closed":0,"followers":1,"deferredDescriptions":0,"reusedListing":false,"claimFetchedBytes":721,"claimRequests":3,"claimRevalidated":0,"heapUsedMb":120,"ms":124}}
{"t":"2026-09-29T17:08:08.114Z","level":"info","msg":"task start","taskId":"688a507d-7802-4dca-8943-201423c88833","taskType":"discover","data":{"id":"688a507d-7802-4dca-8943-201423c88833","type":"discover","attempt":1,"workerId":"test","commit":null,"readyWaitMs":4,"heapUsedMb":122,"heapLimitMb":4144,"rssMb":150}}
{"t":"2026-09-29T17:08:08.285Z","level":"info","msg":"discovery finished","taskId":"688a507d-7802-4dca-8943-201423c88833","taskType":"discover","data":{"company":"acme.example","outcome":"resolved","fetches":3,"best":"ats_link"}}
{"t":"2026-09-29T17:08:08.287Z","level":"info","msg":"task done","taskId":"688a507d-7802-4dca-8943-201423c88833","taskType":"discover","data":{"id":"688a507d-7802-4dca-8943-201423c88833","type":"discover","ms":173,"heapUsedMb":124,"heapDeltaMb":2,"heapLimitMb":4144,"rssMb":146,"rssDeltaMb":-4}}
{"t":"2026-09-29T17:08:08.289Z","level":"info","msg":"task start","taskId":"35e232cf-4701-4dd4-aa58-b03f0e081504","taskType":"scan_company","data":{"id":"35e232cf-4701-4dd4-aa58-b03f0e081504","type":"scan_company","attempt":1,"workerId":"test","commit":null,"readyWaitMs":14,"heapUsedMb":125,"heapLimitMb":4144,"rssMb":146}}
{"t":"2026-09-29T17:08:08.466Z","level":"info","msg":"source scanned","taskId":"35e232cf-4701-4dd4-aa58-b03f0e081504","taskType":"scan_company","data":{"company":"Acme Robotics","type":"greenhouse","status":"ok","postings":5,"new":5,"closed":0,"followers":1,"deferredDescriptions":0,"reusedListing":false,"claimFetchedBytes":1452,"claimRequests":3,"claimRevalidated":0,"heapUsedMb":117,"ms":172}}
{"t":"2026-09-29T17:08:08.478Z","level":"info","msg":"task done","taskId":"35e232cf-4701-4dd4-aa58-b03f0e081504","taskType":"scan_company","data":{"id":"35e232cf-4701-4dd4-aa58-b03f0e081504","type":"scan_company","ms":189,"heapUsedMb":117,"heapDeltaMb":-8,"heapLimitMb":4144,"rssMb":146,"rssDeltaMb":0}}
{"t":"2026-09-29T17:08:08.483Z","level":"info","msg":"task start","taskId":"8d89006a-856b-4c84-8b82-e82904cf0bee","taskType":"fetch_description","data":{"id":"8d89006a-856b-4c84-8b82-e82904cf0bee","type":"fetch_description","attempt":1,"workerId":"test","commit":null,"readyWaitMs":43,"heapUsedMb":117,"heapLimitMb":4144,"rssMb":146}}
{"t":"2026-09-29T17:08:08.505Z","level":"info","msg":"task done","taskId":"8d89006a-856b-4c84-8b82-e82904cf0bee","taskType":"fetch_description","data":{"id":"8d89006a-856b-4c84-8b82-e82904cf0bee","type":"fetch_description","ms":22,"heapUsedMb":118,"heapDeltaMb":1,"heapLimitMb":4144,"rssMb":146,"rssDeltaMb":0}}
{"t":"2026-09-29T17:08:08.506Z","level":"info","msg":"task start","taskId":"1d7ba6d4-bc3e-437c-8ffb-b6dce184de11","taskType":"fetch_description","data":{"id":"1d7ba6d4-bc3e-437c-8ffb-b6dce184de11","type":"fetch_description","attempt":1,"workerId":"test","commit":null,"readyWaitMs":66,"heapUsedMb":118,"heapLimitMb":4144,"rssMb":146}}
{"t":"2026-09-29T17:08:08.558Z","level":"info","msg":"task done","taskId":"1d7ba6d4-bc3e-437c-8ffb-b6dce184de11","taskType":"fetch_description","data":{"id":"1d7ba6d4-bc3e-437c-8ffb-b6dce184de11","type":"fetch_description","ms":52,"heapUsedMb":119,"heapDeltaMb":1,"heapLimitMb":4144,"rssMb":146,"rssDeltaMb":0}}
{"t":"2026-09-29T17:08:08.559Z","level":"info","msg":"task start","taskId":"f22e357e-19f4-4f0a-baec-16839e99b8e6","taskType":"fetch_description","data":{"id":"f22e357e-19f4-4f0a-baec-16839e99b8e6","type":"fetch_description","attempt":1,"workerId":"test","commit":null,"readyWaitMs":119,"heapUsedMb":120,"heapLimitMb":4144,"rssMb":146}}
{"t":"2026-09-29T17:08:08.607Z","level":"info","msg":"task done","taskId":"f22e357e-19f4-4f0a-baec-16839e99b8e6","taskType":"fetch_description","data":{"id":"f22e357e-19f4-4f0a-baec-16839e99b8e6","type":"fetch_description","ms":48,"heapUsedMb":121,"heapDeltaMb":1,"heapLimitMb":4144,"rssMb":146,"rssDeltaMb":0}}
{"t":"2026-09-29T17:08:08.608Z","level":"info","msg":"task start","taskId":"69f1b9f2-157f-4845-b0ff-06f5982dc21d","taskType":"fetch_description","data":{"id":"69f1b9f2-157f-4845-b0ff-06f5982dc21d","type":"fetch_description","attempt":1,"workerId":"test","commit":null,"readyWaitMs":168,"heapUsedMb":121,"heapLimitMb":4144,"rssMb":146}}
{"t":"2026-09-29T17:08:08.658Z","level":"info","msg":"task done","taskId":"69f1b9f2-157f-4845-b0ff-06f5982dc21d","taskType":"fetch_description","data":{"id":"69f1b9f2-157f-4845-b0ff-06f5982dc21d","type":"fetch_description","ms":50,"heapUsedMb":122,"heapDeltaMb":1,"heapLimitMb":4144,"rssMb":149,"rssDeltaMb":3}}
{"t":"2026-09-29T17:08:08.660Z","level":"info","msg":"task start","taskId":"11e0f15a-f8bb-4a17-b4a0-c3526e510a82","taskType":"discover","data":{"id":"11e0f15a-f8bb-4a17-b4a0-c3526e510a82","type":"discover","attempt":1,"workerId":"test","commit":null,"readyWaitMs":545,"heapUsedMb":122,"heapLimitMb":4144,"rssMb":153}}
{"t":"2026-09-29T17:08:08.715Z","level":"warn","msg":"logo re-encode failed; the original is kept","taskId":"11e0f15a-f8bb-4a17-b4a0-c3526e510a82","taskType":"discover","data":{"error":"Input buffer has corrupt header:","bytes":400}}
{"t":"2026-09-29T17:08:08.725Z","level":"info","msg":"logo captured","taskId":"11e0f15a-f8bb-4a17-b4a0-c3526e510a82","taskType":"discover","data":{"company":"Acme Robotics","source":"site_icon","sourceUrl":"https://www.acme.example/favicon.png","bytes":400,"contentType":"image/png"}}
{"t":"2026-09-29T17:08:08.729Z","level":"info","msg":"task done","taskId":"11e0f15a-f8bb-4a17-b4a0-c3526e510a82","taskType":"discover","data":{"id":"11e0f15a-f8bb-4a17-b4a0-c3526e510a82","type":"discover","ms":68,"heapUsedMb":76,"heapDeltaMb":-46,"heapLimitMb":4144,"rssMb":163,"rssDeltaMb":10}}
{"t":"2026-09-29T17:08:08.859Z","level":"info","msg":"source scanned","data":{"company":"acme.example","type":"greenhouse","status":"ok","postings":4,"new":0,"closed":0,"followers":1,"deferredDescriptions":0,"reusedListing":false,"claimFetchedBytes":1162,"claimRequests":3,"claimRevalidated":0,"heapUsedMb":78,"ms":125}}
{"t":"2026-09-29T17:08:09.009Z","level":"info","msg":"source scanned","data":{"company":"acme.example","type":"greenhouse","status":"ok","postings":4,"new":0,"closed":1,"followers":1,"deferredDescriptions":0,"reusedListing":false,"claimFetchedBytes":1162,"claimRequests":3,"claimRevalidated":0,"heapUsedMb":80,"ms":146}}
{"t":"2026-09-29T17:08:09.158Z","level":"info","msg":"source scanned","data":{"company":"acme.example","type":"greenhouse","status":"partial","postings":2,"new":0,"closed":0,"followers":1,"deferredDescriptions":0,"reusedListing":false,"claimFetchedBytes":721,"claimRequests":3,"claimRevalidated":0,"heapUsedMb":82,"ms":145}}
{"t":"2026-09-29T17:08:09.313Z","level":"info","msg":"source scanned","data":{"company":"acme.example","type":"greenhouse","status":"ok","postings":4,"new":0,"closed":0,"followers":1,"deferredDescriptions":0,"reusedListing":false,"claimFetchedBytes":1162,"claimRequests":3,"claimRevalidated":0,"heapUsedMb":84,"ms":149}}
{"t":"2026-09-29T17:08:09.457Z","level":"info","msg":"source scanned","data":{"company":"acme.example","type":"greenhouse","status":"ok","postings":4,"new":0,"closed":1,"followers":1,"deferredDescriptions":0,"reusedListing":false,"claimFetchedBytes":1162,"claimRequests":3,"claimRevalidated":0,"heapUsedMb":86,"ms":136}}
{"t":"2026-09-29T17:08:09.629Z","level":"info","msg":"task start","taskId":"6ea9af0f-f91b-472a-a7aa-877ab1d0a319","taskType":"discover","data":{"id":"6ea9af0f-f91b-472a-a7aa-877ab1d0a319","type":"discover","attempt":1,"workerId":"test","commit":null,"readyWaitMs":5,"heapUsedMb":87,"heapLimitMb":4144,"rssMb":163}}
{"t":"2026-09-29T17:08:09.803Z","level":"info","msg":"discovery finished","taskId":"6ea9af0f-f91b-472a-a7aa-877ab1d0a319","taskType":"discover","data":{"company":"acme.example","outcome":"resolved","fetches":3,"best":"ats_link"}}
{"t":"2026-09-29T17:08:09.806Z","level":"info","msg":"task done","taskId":"6ea9af0f-f91b-472a-a7aa-877ab1d0a319","taskType":"discover","data":{"id":"6ea9af0f-f91b-472a-a7aa-877ab1d0a319","type":"discover","ms":176,"heapUsedMb":78,"heapDeltaMb":-9,"heapLimitMb":4144,"rssMb":164,"rssDeltaMb":1}}
{"t":"2026-09-29T17:08:09.807Z","level":"info","msg":"task start","taskId":"b9c86250-4f2d-474e-939c-d8c3f30e6f96","taskType":"scan_company","data":{"id":"b9c86250-4f2d-474e-939c-d8c3f30e6f96","type":"scan_company","attempt":1,"workerId":"test","commit":null,"readyWaitMs":17,"heapUsedMb":79,"heapLimitMb":4144,"rssMb":164}}
{"t":"2026-09-29T17:08:09.956Z","level":"info","msg":"source scanned","taskId":"b9c86250-4f2d-474e-939c-d8c3f30e6f96","taskType":"scan_company","data":{"company":"Acme Robotics","type":"greenhouse","status":"ok","postings":5,"new":5,"closed":0,"followers":1,"deferredDescriptions":0,"reusedListing":false,"claimFetchedBytes":1452,"claimRequests":3,"claimRevalidated":0,"heapUsedMb":81,"ms":143}}
{"t":"2026-09-29T17:08:09.961Z","level":"info","msg":"task done","taskId":"b9c86250-4f2d-474e-939c-d8c3f30e6f96","taskType":"scan_company","data":{"id":"b9c86250-4f2d-474e-939c-d8c3f30e6f96","type":"scan_company","ms":154,"heapUsedMb":82,"heapDeltaMb":3,"heapLimitMb":4144,"rssMb":164,"rssDeltaMb":0}}
{"t":"2026-09-29T17:08:09.963Z","level":"info","msg":"task start","taskId":"ac44e1da-40b9-4343-9219-dfd643fb7bf5","taskType":"fetch_description","data":{"id":"ac44e1da-40b9-4343-9219-dfd643fb7bf5","type":"fetch_description","attempt":1,"workerId":"test","commit":null,"readyWaitMs":20,"heapUsedMb":82,"heapLimitMb":4144,"rssMb":164}}
{"t":"2026-09-29T17:08:10.004Z","level":"info","msg":"task done","taskId":"ac44e1da-40b9-4343-9219-dfd643fb7bf5","taskType":"fetch_description","data":{"id":"ac44e1da-40b9-4343-9219-dfd643fb7bf5","type":"fetch_description","ms":41,"heapUsedMb":83,"heapDeltaMb":1,"heapLimitMb":4144,"rssMb":164,"rssDeltaMb":0}}
{"t":"2026-09-29T17:08:10.005Z","level":"info","msg":"task start","taskId":"f3ca8343-005d-4db0-bcf4-cf45157f1abc","taskType":"fetch_description","data":{"id":"f3ca8343-005d-4db0-bcf4-cf45157f1abc","type":"fetch_description","attempt":1,"workerId":"test","commit":null,"readyWaitMs":62,"heapUsedMb":83,"heapLimitMb":4144,"rssMb":164}}
{"t":"2026-09-29T17:08:10.056Z","level":"info","msg":"task done","taskId":"f3ca8343-005d-4db0-bcf4-cf45157f1abc","taskType":"fetch_description","data":{"id":"f3ca8343-005d-4db0-bcf4-cf45157f1abc","type":"fetch_description","ms":51,"heapUsedMb":84,"heapDeltaMb":1,"heapLimitMb":4144,"rssMb":164,"rssDeltaMb":0}}
{"t":"2026-09-29T17:08:10.058Z","level":"info","msg":"task start","taskId":"384d8979-21fb-4e0f-b27b-e3cdd9983664","taskType":"fetch_description","data":{"id":"384d8979-21fb-4e0f-b27b-e3cdd9983664","type":"fetch_description","attempt":1,"workerId":"test","commit":null,"readyWaitMs":115,"heapUsedMb":84,"heapLimitMb":4144,"rssMb":164}}
{"t":"2026-09-29T17:08:10.105Z","level":"info","msg":"task done","taskId":"384d8979-21fb-4e0f-b27b-e3cdd9983664","taskType":"fetch_description","data":{"id":"384d8979-21fb-4e0f-b27b-e3cdd9983664","type":"fetch_description","ms":47,"heapUsedMb":85,"heapDeltaMb":1,"heapLimitMb":4144,"rssMb":164,"rssDeltaMb":0}}
{"t":"2026-09-29T17:08:10.109Z","level":"info","msg":"task start","taskId":"7f6c039c-1b13-4f6a-9d95-03419240e7cd","taskType":"fetch_description","data":{"id":"7f6c039c-1b13-4f6a-9d95-03419240e7cd","type":"fetch_description","attempt":1,"workerId":"test","commit":null,"readyWaitMs":166,"heapUsedMb":85,"heapLimitMb":4144,"rssMb":164}}
{"t":"2026-09-29T17:08:10.154Z","level":"info","msg":"task done","taskId":"7f6c039c-1b13-4f6a-9d95-03419240e7cd","taskType":"fetch_description","data":{"id":"7f6c039c-1b13-4f6a-9d95-03419240e7cd","type":"fetch_description","ms":45,"heapUsedMb":86,"heapDeltaMb":1,"heapLimitMb":4144,"rssMb":163,"rssDeltaMb":-1}}
{"t":"2026-09-29T17:08:10.155Z","level":"info","msg":"task start","taskId":"95276ac8-b3f9-49b5-a632-9bea7c52cdaa","taskType":"discover","data":{"id":"95276ac8-b3f9-49b5-a632-9bea7c52cdaa","type":"discover","attempt":1,"workerId":"test","commit":null,"readyWaitMs":525,"heapUsedMb":87,"heapLimitMb":4144,"rssMb":163}}
{"t":"2026-09-29T17:08:10.210Z","level":"warn","msg":"logo re-encode failed; the original is kept","taskId":"95276ac8-b3f9-49b5-a632-9bea7c52cdaa","taskType":"discover","data":{"error":"Input buffer has corrupt header:","bytes":400}}
{"t":"2026-09-29T17:08:10.217Z","level":"info","msg":"logo captured","taskId":"95276ac8-b3f9-49b5-a632-9bea7c52cdaa","taskType":"discover","data":{"company":"Acme Robotics","source":"site_icon","sourceUrl":"https://www.acme.example/favicon.png","bytes":400,"contentType":"image/png"}}
{"t":"2026-09-29T17:08:10.218Z","level":"info","msg":"task done","taskId":"95276ac8-b3f9-49b5-a632-9bea7c52cdaa","taskType":"discover","data":{"id":"95276ac8-b3f9-49b5-a632-9bea7c52cdaa","type":"discover","ms":63,"heapUsedMb":87,"heapDeltaMb":0,"heapLimitMb":4144,"rssMb":163,"rssDeltaMb":0}}
{"t":"2026-09-29T17:08:10.366Z","level":"info","msg":"source scanned","data":{"company":"acme.example","type":"greenhouse","status":"ok","postings":4,"new":0,"closed":0,"followers":1,"deferredDescriptions":0,"reusedListing":false,"claimFetchedBytes":1162,"claimRequests":3,"claimRevalidated":0,"heapUsedMb":79,"ms":144}}
{"t":"2026-09-29T17:08:10.539Z","level":"info","msg":"source scanned","data":{"company":"acme.example","type":"greenhouse","status":"ok","postings":5,"new":0,"closed":0,"followers":1,"deferredDescriptions":0,"reusedListing":false,"claimFetchedBytes":1452,"claimRequests":3,"claimRevalidated":0,"heapUsedMb":81,"ms":161}}
{"t":"2026-09-29T17:08:10.662Z","level":"info","msg":"source scanned","data":{"company":"acme.example","type":"greenhouse","status":"ok","postings":4,"new":0,"closed":0,"followers":1,"deferredDescriptions":0,"reusedListing":false,"claimFetchedBytes":1162,"claimRequests":3,"claimRevalidated":0,"heapUsedMb":83,"ms":117}}
{"t":"2026-09-29T17:08:10.841Z","level":"info","msg":"task start","taskId":"4825299d-273c-4d65-a793-28d4f944b9ab","taskType":"discover","data":{"id":"4825299d-273c-4d65-a793-28d4f944b9ab","type":"discover","attempt":1,"workerId":"test","commit":null,"readyWaitMs":4,"heapUsedMb":84,"heapLimitMb":4144,"rssMb":164}}
{"t":"2026-09-29T17:08:11.008Z","level":"info","msg":"discovery finished","taskId":"4825299d-273c-4d65-a793-28d4f944b9ab","taskType":"discover","data":{"company":"acme.example","outcome":"resolved","fetches":3,"best":"ats_link"}}
{"t":"2026-09-29T17:08:11.011Z","level":"info","msg":"task done","taskId":"4825299d-273c-4d65-a793-28d4f944b9ab","taskType":"discover","data":{"id":"4825299d-273c-4d65-a793-28d4f944b9ab","type":"discover","ms":170,"heapUsedMb":87,"heapDeltaMb":3,"heapLimitMb":4144,"rssMb":164,"rssDeltaMb":0}}
{"t":"2026-09-29T17:08:11.012Z","level":"info","msg":"task start","taskId":"97fbf1b2-f632-4fd4-8257-43a0cf6de689","taskType":"scan_company","data":{"id":"97fbf1b2-f632-4fd4-8257-43a0cf6de689","type":"scan_company","attempt":1,"workerId":"test","commit":null,"readyWaitMs":11,"heapUsedMb":88,"heapLimitMb":4144,"rssMb":164}}
{"t":"2026-09-29T17:08:11.184Z","level":"info","msg":"source scanned","taskId":"97fbf1b2-f632-4fd4-8257-43a0cf6de689","taskType":"scan_company","data":{"company":"Acme Robotics","type":"greenhouse","status":"ok","postings":5,"new":5,"closed":0,"followers":1,"deferredDescriptions":0,"reusedListing":false,"claimFetchedBytes":1452,"claimRequests":3,"claimRevalidated":0,"heapUsedMb":90,"ms":167}}
{"t":"2026-09-29T17:08:11.195Z","level":"info","msg":"task done","taskId":"97fbf1b2-f632-4fd4-8257-43a0cf6de689","taskType":"scan_company","data":{"id":"97fbf1b2-f632-4fd4-8257-43a0cf6de689","type":"scan_company","ms":183,"heapUsedMb":91,"heapDeltaMb":3,"heapLimitMb":4144,"rssMb":164,"rssDeltaMb":0}}
{"t":"2026-09-29T17:08:11.197Z","level":"info","msg":"task start","taskId":"0927739c-5a10-44de-b614-bf466d771419","taskType":"fetch_description","data":{"id":"0927739c-5a10-44de-b614-bf466d771419","type":"fetch_description","attempt":1,"workerId":"test","commit":null,"readyWaitMs":32,"heapUsedMb":91,"heapLimitMb":4144,"rssMb":164}}
{"t":"2026-09-29T17:08:11.212Z","level":"info","msg":"task done","taskId":"0927739c-5a10-44de-b614-bf466d771419","taskType":"fetch_description","data":{"id":"0927739c-5a10-44de-b614-bf466d771419","type":"fetch_description","ms":15,"heapUsedMb":81,"heapDeltaMb":-10,"heapLimitMb":4144,"rssMb":164,"rssDeltaMb":0}}
{"t":"2026-09-29T17:08:11.213Z","level":"info","msg":"task start","taskId":"5542c6a7-ac44-4094-91ba-ae92455fb415","taskType":"fetch_description","data":{"id":"5542c6a7-ac44-4094-91ba-ae92455fb415","type":"fetch_description","attempt":1,"workerId":"test","commit":null,"readyWaitMs":48,"heapUsedMb":82,"heapLimitMb":4144,"rssMb":164}}
{"t":"2026-09-29T17:08:11.260Z","level":"info","msg":"task done","taskId":"5542c6a7-ac44-4094-91ba-ae92455fb415","taskType":"fetch_description","data":{"id":"5542c6a7-ac44-4094-91ba-ae92455fb415","type":"fetch_description","ms":47,"heapUsedMb":83,"heapDeltaMb":1,"heapLimitMb":4144,"rssMb":164,"rssDeltaMb":0}}
{"t":"2026-09-29T17:08:11.261Z","level":"info","msg":"task start","taskId":"cf1aa80a-c4d1-4d94-b63d-3d603ba66c8e","taskType":"fetch_description","data":{"id":"cf1aa80a-c4d1-4d94-b63d-3d603ba66c8e","type":"fetch_description","attempt":1,"workerId":"test","commit":null,"readyWaitMs":96,"heapUsedMb":83,"heapLimitMb":4144,"rssMb":164}}
{"t":"2026-09-29T17:08:11.310Z","level":"info","msg":"task done","taskId":"cf1aa80a-c4d1-4d94-b63d-3d603ba66c8e","taskType":"fetch_description","data":{"id":"cf1aa80a-c4d1-4d94-b63d-3d603ba66c8e","type":"fetch_description","ms":49,"heapUsedMb":84,"heapDeltaMb":1,"heapLimitMb":4144,"rssMb":164,"rssDeltaMb":0}}
{"t":"2026-09-29T17:08:11.311Z","level":"info","msg":"task start","taskId":"4ec2cb08-3096-487c-b586-04aba6ae95d9","taskType":"fetch_description","data":{"id":"4ec2cb08-3096-487c-b586-04aba6ae95d9","type":"fetch_description","attempt":1,"workerId":"test","commit":null,"readyWaitMs":146,"heapUsedMb":84,"heapLimitMb":4144,"rssMb":164}}
{"t":"2026-09-29T17:08:11.361Z","level":"info","msg":"task done","taskId":"4ec2cb08-3096-487c-b586-04aba6ae95d9","taskType":"fetch_description","data":{"id":"4ec2cb08-3096-487c-b586-04aba6ae95d9","type":"fetch_description","ms":50,"heapUsedMb":85,"heapDeltaMb":1,"heapLimitMb":4144,"rssMb":164,"rssDeltaMb":0}}
{"t":"2026-09-29T17:08:11.362Z","level":"info","msg":"task start","taskId":"0273fb66-1b81-41ac-ab5b-9617e8ff5752","taskType":"discover","data":{"id":"0273fb66-1b81-41ac-ab5b-9617e8ff5752","type":"discover","attempt":1,"workerId":"test","commit":null,"readyWaitMs":520,"heapUsedMb":85,"heapLimitMb":4144,"rssMb":164}}
{"t":"2026-09-29T17:08:11.416Z","level":"warn","msg":"logo re-encode failed; the original is kept","taskId":"0273fb66-1b81-41ac-ab5b-9617e8ff5752","taskType":"discover","data":{"error":"Input buffer has corrupt header:","bytes":400}}
{"t":"2026-09-29T17:08:11.421Z","level":"info","msg":"logo captured","taskId":"0273fb66-1b81-41ac-ab5b-9617e8ff5752","taskType":"discover","data":{"company":"Acme Robotics","source":"site_icon","sourceUrl":"https://www.acme.example/favicon.png","bytes":400,"contentType":"image/png"}}
{"t":"2026-09-29T17:08:11.423Z","level":"info","msg":"task done","taskId":"0273fb66-1b81-41ac-ab5b-9617e8ff5752","taskType":"discover","data":{"id":"0273fb66-1b81-41ac-ab5b-9617e8ff5752","type":"discover","ms":61,"heapUsedMb":86,"heapDeltaMb":1,"heapLimitMb":4144,"rssMb":164,"rssDeltaMb":0}}
{"t":"2026-09-29T17:08:11.546Z","level":"info","msg":"source scanned","data":{"company":"acme.example","type":"greenhouse","status":"ok","postings":4,"new":0,"closed":0,"followers":1,"deferredDescriptions":0,"reusedListing":false,"claimFetchedBytes":1162,"claimRequests":3,"claimRevalidated":0,"heapUsedMb":88,"ms":121}}
{"t":"2026-09-29T17:08:11.696Z","level":"info","msg":"source scanned","data":{"company":"acme.example","type":"greenhouse","status":"ok","postings":4,"new":0,"closed":0,"followers":1,"deferredDescriptions":0,"reusedListing":false,"claimFetchedBytes":1162,"claimRequests":3,"claimRevalidated":0,"heapUsedMb":90,"ms":146}}
{"t":"2026-09-29T17:08:11.843Z","level":"info","msg":"source scanned","data":{"company":"acme.example","type":"greenhouse","status":"ok","postings":4,"new":0,"closed":1,"followers":1,"deferredDescriptions":0,"reusedListing":false,"claimFetchedBytes":1162,"claimRequests":3,"claimRevalidated":0,"heapUsedMb":92,"ms":141}}
{"t":"2026-09-29T17:08:12.004Z","level":"info","msg":"source scanned","data":{"company":"acme.example","type":"greenhouse","status":"ok","postings":5,"new":0,"closed":0,"followers":1,"deferredDescriptions":0,"reusedListing":false,"claimFetchedBytes":1452,"claimRequests":3,"claimRevalidated":0,"heapUsedMb":84,"ms":157}}
{"t":"2026-09-29T17:08:12.166Z","level":"info","msg":"task start","taskId":"3989dabf-e444-439e-903a-d36b235609eb","taskType":"discover","data":{"id":"3989dabf-e444-439e-903a-d36b235609eb","type":"discover","attempt":1,"workerId":"test","commit":null,"readyWaitMs":4,"heapUsedMb":85,"heapLimitMb":4144,"rssMb":164}}
{"t":"2026-09-29T17:08:12.330Z","level":"info","msg":"discovery finished","taskId":"3989dabf-e444-439e-903a-d36b235609eb","taskType":"discover","data":{"company":"acme.example","outcome":"resolved","fetches":3,"best":"ats_link"}}
{"t":"2026-09-29T17:08:12.332Z","level":"info","msg":"task done","taskId":"3989dabf-e444-439e-903a-d36b235609eb","taskType":"discover","data":{"id":"3989dabf-e444-439e-903a-d36b235609eb","type":"discover","ms":166,"heapUsedMb":88,"heapDeltaMb":3,"heapLimitMb":4144,"rssMb":164,"rssDeltaMb":0}}
{"t":"2026-09-29T17:08:12.334Z","level":"info","msg":"task start","taskId":"1d516e4d-6839-41bf-9f2e-eb513530d9e9","taskType":"scan_company","data":{"id":"1d516e4d-6839-41bf-9f2e-eb513530d9e9","type":"scan_company","attempt":1,"workerId":"test","commit":null,"readyWaitMs":10,"heapUsedMb":88,"heapLimitMb":4144,"rssMb":164}}
{"t":"2026-09-29T17:08:12.501Z","level":"info","msg":"source scanned","taskId":"1d516e4d-6839-41bf-9f2e-eb513530d9e9","taskType":"scan_company","data":{"company":"Acme Robotics","type":"greenhouse","status":"ok","postings":5,"new":5,"closed":0,"followers":1,"deferredDescriptions":0,"reusedListing":false,"claimFetchedBytes":1452,"claimRequests":3,"claimRevalidated":0,"heapUsedMb":91,"ms":163}}
{"t":"2026-09-29T17:08:12.507Z","level":"info","msg":"task done","taskId":"1d516e4d-6839-41bf-9f2e-eb513530d9e9","taskType":"scan_company","data":{"id":"1d516e4d-6839-41bf-9f2e-eb513530d9e9","type":"scan_company","ms":173,"heapUsedMb":91,"heapDeltaMb":3,"heapLimitMb":4144,"rssMb":164,"rssDeltaMb":0}}
{"t":"2026-09-29T17:08:12.509Z","level":"info","msg":"task start","taskId":"30f00143-1b9b-4e3f-8a70-e72a0b9e1213","taskType":"fetch_description","data":{"id":"30f00143-1b9b-4e3f-8a70-e72a0b9e1213","type":"fetch_description","attempt":1,"workerId":"test","commit":null,"readyWaitMs":26,"heapUsedMb":91,"heapLimitMb":4144,"rssMb":164}}
{"t":"2026-09-29T17:08:12.538Z","level":"info","msg":"task done","taskId":"30f00143-1b9b-4e3f-8a70-e72a0b9e1213","taskType":"fetch_description","data":{"id":"30f00143-1b9b-4e3f-8a70-e72a0b9e1213","type":"fetch_description","ms":28,"heapUsedMb":92,"heapDeltaMb":1,"heapLimitMb":4144,"rssMb":164,"rssDeltaMb":0}}
{"t":"2026-09-29T17:08:12.539Z","level":"info","msg":"task start","taskId":"1da8781f-41c6-4444-b4f4-84a53d386807","taskType":"fetch_description","data":{"id":"1da8781f-41c6-4444-b4f4-84a53d386807","type":"fetch_description","attempt":1,"workerId":"test","commit":null,"readyWaitMs":56,"heapUsedMb":92,"heapLimitMb":4144,"rssMb":164}}
{"t":"2026-09-29T17:08:12.589Z","level":"info","msg":"task done","taskId":"1da8781f-41c6-4444-b4f4-84a53d386807","taskType":"fetch_description","data":{"id":"1da8781f-41c6-4444-b4f4-84a53d386807","type":"fetch_description","ms":50,"heapUsedMb":93,"heapDeltaMb":1,"heapLimitMb":4144,"rssMb":164,"rssDeltaMb":0}}
{"t":"2026-09-29T17:08:12.590Z","level":"info","msg":"task start","taskId":"0a23d8e2-0316-423c-b3ae-d88d8fe25e21","taskType":"fetch_description","data":{"id":"0a23d8e2-0316-423c-b3ae-d88d8fe25e21","type":"fetch_description","attempt":1,"workerId":"test","commit":null,"readyWaitMs":107,"heapUsedMb":94,"heapLimitMb":4144,"rssMb":164}}
{"t":"2026-09-29T17:08:12.636Z","level":"info","msg":"task done","taskId":"0a23d8e2-0316-423c-b3ae-d88d8fe25e21","taskType":"fetch_description","data":{"id":"0a23d8e2-0316-423c-b3ae-d88d8fe25e21","type":"fetch_description","ms":46,"heapUsedMb":84,"heapDeltaMb":-10,"heapLimitMb":4144,"rssMb":164,"rssDeltaMb":0}}
{"t":"2026-09-29T17:08:12.637Z","level":"info","msg":"task start","taskId":"60dd6193-476c-450a-bbe1-430f814d2348","taskType":"fetch_description","data":{"id":"60dd6193-476c-450a-bbe1-430f814d2348","type":"fetch_description","attempt":1,"workerId":"test","commit":null,"readyWaitMs":154,"heapUsedMb":85,"heapLimitMb":4144,"rssMb":164}}
{"t":"2026-09-29T17:08:12.685Z","level":"info","msg":"task done","taskId":"60dd6193-476c-450a-bbe1-430f814d2348","taskType":"fetch_description","data":{"id":"60dd6193-476c-450a-bbe1-430f814d2348","type":"fetch_description","ms":48,"heapUsedMb":86,"heapDeltaMb":1,"heapLimitMb":4144,"rssMb":164,"rssDeltaMb":0}}
{"t":"2026-09-29T17:08:12.686Z","level":"info","msg":"task start","taskId":"0a735698-6c9f-4b8b-8cc6-5626e445b806","taskType":"discover","data":{"id":"0a735698-6c9f-4b8b-8cc6-5626e445b806","type":"discover","attempt":1,"workerId":"test","commit":null,"readyWaitMs":519,"heapUsedMb":86,"heapLimitMb":4144,"rssMb":164}}
{"t":"2026-09-29T17:08:12.738Z","level":"warn","msg":"logo re-encode failed; the original is kept","taskId":"0a735698-6c9f-4b8b-8cc6-5626e445b806","taskType":"discover","data":{"error":"Input buffer has corrupt header:","bytes":400}}
{"t":"2026-09-29T17:08:12.746Z","level":"info","msg":"logo captured","taskId":"0a735698-6c9f-4b8b-8cc6-5626e445b806","taskType":"discover","data":{"company":"Acme Robotics","source":"site_icon","sourceUrl":"https://www.acme.example/favicon.png","bytes":400,"contentType":"image/png"}}
{"t":"2026-09-29T17:08:12.747Z","level":"info","msg":"task done","taskId":"0a735698-6c9f-4b8b-8cc6-5626e445b806","taskType":"discover","data":{"id":"0a735698-6c9f-4b8b-8cc6-5626e445b806","type":"discover","ms":61,"heapUsedMb":87,"heapDeltaMb":1,"heapLimitMb":4144,"rssMb":164,"rssDeltaMb":0}}
{"t":"2026-09-29T17:08:12.870Z","level":"info","msg":"source scanned","data":{"company":"acme.example","type":"greenhouse","status":"suspect_empty","postings":0,"new":0,"closed":0,"followers":1,"deferredDescriptions":0,"reusedListing":false,"claimFetchedBytes":162,"claimRequests":3,"claimRevalidated":0,"heapUsedMb":88,"ms":117}}
{"t":"2026-09-29T17:08:13.025Z","level":"info","msg":"source scanned","data":{"company":"acme.example","type":"greenhouse","status":"suspect_empty","postings":0,"new":0,"closed":0,"followers":1,"deferredDescriptions":0,"reusedListing":false,"claimFetchedBytes":162,"claimRequests":3,"claimRevalidated":0,"heapUsedMb":90,"ms":148}}
{"t":"2026-09-29T17:08:13.305Z","level":"info","msg":"task start","taskId":"5af94e21-0948-4d89-bd80-44094258608d","taskType":"discover","data":{"id":"5af94e21-0948-4d89-bd80-44094258608d","type":"discover","attempt":1,"workerId":"test","commit":null,"readyWaitMs":5,"heapUsedMb":77,"heapLimitMb":4144,"rssMb":164}}
{"t":"2026-09-29T17:08:13.474Z","level":"info","msg":"discovery finished","taskId":"5af94e21-0948-4d89-bd80-44094258608d","taskType":"discover","data":{"company":"acme.example","outcome":"resolved","fetches":3,"best":"ats_link"}}
{"t":"2026-09-29T17:08:13.475Z","level":"info","msg":"task done","taskId":"5af94e21-0948-4d89-bd80-44094258608d","taskType":"discover","data":{"id":"5af94e21-0948-4d89-bd80-44094258608d","type":"discover","ms":170,"heapUsedMb":80,"heapDeltaMb":3,"heapLimitMb":4144,"rssMb":164,"rssDeltaMb":0}}
{"t":"2026-09-29T17:08:13.476Z","level":"info","msg":"task start","taskId":"de4f65e5-9ee2-4279-b501-d208a8fe8836","taskType":"scan_company","data":{"id":"de4f65e5-9ee2-4279-b501-d208a8fe8836","type":"scan_company","attempt":1,"workerId":"test","commit":null,"readyWaitMs":9,"heapUsedMb":80,"heapLimitMb":4144,"rssMb":164}}
{"t":"2026-09-29T17:08:13.647Z","level":"info","msg":"source scanned","taskId":"de4f65e5-9ee2-4279-b501-d208a8fe8836","taskType":"scan_company","data":{"company":"Acme Robotics","type":"greenhouse","status":"ok","postings":5,"new":5,"closed":0,"followers":1,"deferredDescriptions":0,"reusedListing":false,"claimFetchedBytes":1452,"claimRequests":3,"claimRevalidated":0,"heapUsedMb":83,"ms":168}}
{"t":"2026-09-29T17:08:13.654Z","level":"info","msg":"task done","taskId":"de4f65e5-9ee2-4279-b501-d208a8fe8836","taskType":"scan_company","data":{"id":"de4f65e5-9ee2-4279-b501-d208a8fe8836","type":"scan_company","ms":178,"heapUsedMb":83,"heapDeltaMb":3,"heapLimitMb":4144,"rssMb":164,"rssDeltaMb":0}}
{"t":"2026-09-29T17:08:13.656Z","level":"info","msg":"task start","taskId":"55907680-b557-4d25-89b3-116f4f27bfef","taskType":"fetch_description","data":{"id":"55907680-b557-4d25-89b3-116f4f27bfef","type":"fetch_description","attempt":1,"workerId":"test","commit":null,"readyWaitMs":31,"heapUsedMb":83,"heapLimitMb":4144,"rssMb":164}}
{"t":"2026-09-29T17:08:13.679Z","level":"info","msg":"task done","taskId":"55907680-b557-4d25-89b3-116f4f27bfef","taskType":"fetch_description","data":{"id":"55907680-b557-4d25-89b3-116f4f27bfef","type":"fetch_description","ms":23,"heapUsedMb":84,"heapDeltaMb":1,"heapLimitMb":4144,"rssMb":164,"rssDeltaMb":0}}
{"t":"2026-09-29T17:08:13.681Z","level":"info","msg":"task start","taskId":"cf7ad793-cc3b-4bd8-b712-129180a2a48b","taskType":"fetch_description","data":{"id":"cf7ad793-cc3b-4bd8-b712-129180a2a48b","type":"fetch_description","attempt":1,"workerId":"test","commit":null,"readyWaitMs":56,"heapUsedMb":84,"heapLimitMb":4144,"rssMb":164}}
{"t":"2026-09-29T17:08:13.730Z","level":"info","msg":"task done","taskId":"cf7ad793-cc3b-4bd8-b712-129180a2a48b","taskType":"fetch_description","data":{"id":"cf7ad793-cc3b-4bd8-b712-129180a2a48b","type":"fetch_description","ms":49,"heapUsedMb":85,"heapDeltaMb":1,"heapLimitMb":4144,"rssMb":164,"rssDeltaMb":0}}
{"t":"2026-09-29T17:08:13.732Z","level":"info","msg":"task start","taskId":"5448174e-9030-4923-bf78-4bc4fcdcbffe","taskType":"fetch_description","data":{"id":"5448174e-9030-4923-bf78-4bc4fcdcbffe","type":"fetch_description","attempt":1,"workerId":"test","commit":null,"readyWaitMs":107,"heapUsedMb":86,"heapLimitMb":4144,"rssMb":164}}
{"t":"2026-09-29T17:08:13.779Z","level":"info","msg":"task done","taskId":"5448174e-9030-4923-bf78-4bc4fcdcbffe","taskType":"fetch_description","data":{"id":"5448174e-9030-4923-bf78-4bc4fcdcbffe","type":"fetch_description","ms":47,"heapUsedMb":87,"heapDeltaMb":1,"heapLimitMb":4144,"rssMb":164,"rssDeltaMb":0}}
{"t":"2026-09-29T17:08:13.780Z","level":"info","msg":"task start","taskId":"74dbd512-cc6c-49c0-9c9d-107b369f585c","taskType":"fetch_description","data":{"id":"74dbd512-cc6c-49c0-9c9d-107b369f585c","type":"fetch_description","attempt":1,"workerId":"test","commit":null,"readyWaitMs":155,"heapUsedMb":87,"heapLimitMb":4144,"rssMb":164}}
{"t":"2026-09-29T17:08:13.828Z","level":"info","msg":"task done","taskId":"74dbd512-cc6c-49c0-9c9d-107b369f585c","taskType":"fetch_description","data":{"id":"74dbd512-cc6c-49c0-9c9d-107b369f585c","type":"fetch_description","ms":48,"heapUsedMb":88,"heapDeltaMb":1,"heapLimitMb":4144,"rssMb":163,"rssDeltaMb":-1}}
{"t":"2026-09-29T17:08:13.829Z","level":"info","msg":"task start","taskId":"b2daa77b-cb27-4c10-9836-cf1d5314f866","taskType":"discover","data":{"id":"b2daa77b-cb27-4c10-9836-cf1d5314f866","type":"discover","attempt":1,"workerId":"test","commit":null,"readyWaitMs":524,"heapUsedMb":88,"heapLimitMb":4144,"rssMb":163}}
{"t":"2026-09-29T17:08:13.885Z","level":"warn","msg":"logo re-encode failed; the original is kept","taskId":"b2daa77b-cb27-4c10-9836-cf1d5314f866","taskType":"discover","data":{"error":"Input buffer has corrupt header:","bytes":400}}
{"t":"2026-09-29T17:08:13.894Z","level":"info","msg":"logo captured","taskId":"b2daa77b-cb27-4c10-9836-cf1d5314f866","taskType":"discover","data":{"company":"Acme Robotics","source":"site_icon","sourceUrl":"https://www.acme.example/favicon.png","bytes":400,"contentType":"image/png"}}
{"t":"2026-09-29T17:08:13.896Z","level":"info","msg":"task done","taskId":"b2daa77b-cb27-4c10-9836-cf1d5314f866","taskType":"discover","data":{"id":"b2daa77b-cb27-4c10-9836-cf1d5314f866","type":"discover","ms":67,"heapUsedMb":77,"heapDeltaMb":-11,"heapLimitMb":4144,"rssMb":163,"rssDeltaMb":0}}
{"t":"2026-09-29T17:08:13.947Z","level":"info","msg":"source scanned","data":{"company":"acme.example","type":"html","status":"failed","postings":0,"new":0,"closed":0,"followers":1,"deferredDescriptions":0,"reusedListing":false,"claimFetchedBytes":44,"claimRequests":1,"claimRevalidated":0,"heapUsedMb":79,"ms":47}}
{"t":"2026-09-29T17:08:14.125Z","level":"info","msg":"task start","taskId":"272597df-28ab-465e-9ed9-2b7cad842af2","taskType":"discover","data":{"id":"272597df-28ab-465e-9ed9-2b7cad842af2","type":"discover","attempt":1,"workerId":"test","commit":null,"readyWaitMs":5,"heapUsedMb":80,"heapLimitMb":4144,"rssMb":162}}
{"t":"2026-09-29T17:08:14.287Z","level":"info","msg":"discovery finished","taskId":"272597df-28ab-465e-9ed9-2b7cad842af2","taskType":"discover","data":{"company":"acme.example","outcome":"resolved","fetches":3,"best":"ats_link"}}
{"t":"2026-09-29T17:08:14.289Z","level":"info","msg":"task done","taskId":"272597df-28ab-465e-9ed9-2b7cad842af2","taskType":"discover","data":{"id":"272597df-28ab-465e-9ed9-2b7cad842af2","type":"discover","ms":164,"heapUsedMb":83,"heapDeltaMb":3,"heapLimitMb":4144,"rssMb":162,"rssDeltaMb":0}}
{"t":"2026-09-29T17:08:14.290Z","level":"info","msg":"task start","taskId":"3afc55b2-70bf-47a5-a8a2-ca27791b470e","taskType":"scan_company","data":{"id":"3afc55b2-70bf-47a5-a8a2-ca27791b470e","type":"scan_company","attempt":1,"workerId":"test","commit":null,"readyWaitMs":9,"heapUsedMb":83,"heapLimitMb":4144,"rssMb":162}}
{"t":"2026-09-29T17:08:14.463Z","level":"info","msg":"source scanned","taskId":"3afc55b2-70bf-47a5-a8a2-ca27791b470e","taskType":"scan_company","data":{"company":"Acme Robotics","type":"greenhouse","status":"ok","postings":5,"new":5,"closed":0,"followers":1,"deferredDescriptions":0,"reusedListing":false,"claimFetchedBytes":1452,"claimRequests":3,"claimRevalidated":0,"heapUsedMb":86,"ms":170}}
{"t":"2026-09-29T17:08:14.470Z","level":"info","msg":"task done","taskId":"3afc55b2-70bf-47a5-a8a2-ca27791b470e","taskType":"scan_company","data":{"id":"3afc55b2-70bf-47a5-a8a2-ca27791b470e","type":"scan_company","ms":180,"heapUsedMb":86,"heapDeltaMb":3,"heapLimitMb":4144,"rssMb":163,"rssDeltaMb":1}}
{"t":"2026-09-29T17:08:14.472Z","level":"info","msg":"task start","taskId":"88ec2f31-021c-4dd4-8d54-5a23055546fc","taskType":"fetch_description","data":{"id":"88ec2f31-021c-4dd4-8d54-5a23055546fc","type":"fetch_description","attempt":1,"workerId":"test","commit":null,"readyWaitMs":29,"heapUsedMb":86,"heapLimitMb":4144,"rssMb":163}}
{"t":"2026-09-29T17:08:14.493Z","level":"info","msg":"task done","taskId":"88ec2f31-021c-4dd4-8d54-5a23055546fc","taskType":"fetch_description","data":{"id":"88ec2f31-021c-4dd4-8d54-5a23055546fc","type":"fetch_description","ms":21,"heapUsedMb":87,"heapDeltaMb":1,"heapLimitMb":4144,"rssMb":163,"rssDeltaMb":0}}
{"t":"2026-09-29T17:08:14.494Z","level":"info","msg":"task start","taskId":"657cacac-0177-48a7-9248-20b9631275bb","taskType":"fetch_description","data":{"id":"657cacac-0177-48a7-9248-20b9631275bb","type":"fetch_description","attempt":1,"workerId":"test","commit":null,"readyWaitMs":51,"heapUsedMb":87,"heapLimitMb":4144,"rssMb":163}}
{"t":"2026-09-29T17:08:14.544Z","level":"info","msg":"task done","taskId":"657cacac-0177-48a7-9248-20b9631275bb","taskType":"fetch_description","data":{"id":"657cacac-0177-48a7-9248-20b9631275bb","type":"fetch_description","ms":50,"heapUsedMb":89,"heapDeltaMb":2,"heapLimitMb":4144,"rssMb":163,"rssDeltaMb":0}}
{"t":"2026-09-29T17:08:14.546Z","level":"info","msg":"task start","taskId":"11f6fa38-6978-48cb-929f-62a7cfd2b55d","taskType":"fetch_description","data":{"id":"11f6fa38-6978-48cb-929f-62a7cfd2b55d","type":"fetch_description","attempt":1,"workerId":"test","commit":null,"readyWaitMs":103,"heapUsedMb":89,"heapLimitMb":4144,"rssMb":163}}
{"t":"2026-09-29T17:08:14.596Z","level":"info","msg":"task done","taskId":"11f6fa38-6978-48cb-929f-62a7cfd2b55d","taskType":"fetch_description","data":{"id":"11f6fa38-6978-48cb-929f-62a7cfd2b55d","type":"fetch_description","ms":50,"heapUsedMb":79,"heapDeltaMb":-10,"heapLimitMb":4144,"rssMb":163,"rssDeltaMb":0}}
{"t":"2026-09-29T17:08:14.597Z","level":"info","msg":"task start","taskId":"b40ce1e5-d3ac-4fb6-9025-cd48cf9e7155","taskType":"fetch_description","data":{"id":"b40ce1e5-d3ac-4fb6-9025-cd48cf9e7155","type":"fetch_description","attempt":1,"workerId":"test","commit":null,"readyWaitMs":154,"heapUsedMb":79,"heapLimitMb":4144,"rssMb":163}}
{"t":"2026-09-29T17:08:14.646Z","level":"info","msg":"task done","taskId":"b40ce1e5-d3ac-4fb6-9025-cd48cf9e7155","taskType":"fetch_description","data":{"id":"b40ce1e5-d3ac-4fb6-9025-cd48cf9e7155","type":"fetch_description","ms":49,"heapUsedMb":81,"heapDeltaMb":2,"heapLimitMb":4144,"rssMb":163,"rssDeltaMb":0}}
{"t":"2026-09-29T17:08:14.647Z","level":"info","msg":"task start","taskId":"67e61fd4-8728-4545-953c-279e2e3dc65b","taskType":"discover","data":{"id":"67e61fd4-8728-4545-953c-279e2e3dc65b","type":"discover","attempt":1,"workerId":"test","commit":null,"readyWaitMs":522,"heapUsedMb":81,"heapLimitMb":4144,"rssMb":163}}
{"t":"2026-09-29T17:08:14.702Z","level":"warn","msg":"logo re-encode failed; the original is kept","taskId":"67e61fd4-8728-4545-953c-279e2e3dc65b","taskType":"discover","data":{"error":"Input buffer has corrupt header:","bytes":400}}
{"t":"2026-09-29T17:08:14.709Z","level":"info","msg":"logo captured","taskId":"67e61fd4-8728-4545-953c-279e2e3dc65b","taskType":"discover","data":{"company":"Acme Robotics","source":"site_icon","sourceUrl":"https://www.acme.example/favicon.png","bytes":400,"contentType":"image/png"}}
{"t":"2026-09-29T17:08:14.711Z","level":"info","msg":"task done","taskId":"67e61fd4-8728-4545-953c-279e2e3dc65b","taskType":"discover","data":{"id":"67e61fd4-8728-4545-953c-279e2e3dc65b","type":"discover","ms":64,"heapUsedMb":82,"heapDeltaMb":1,"heapLimitMb":4144,"rssMb":163,"rssDeltaMb":0}}
{"t":"2026-09-29T17:08:14.719Z","level":"info","msg":"task start","taskId":"cefff618-33e8-4f21-aafe-ee71ad7cecbc","taskType":"reevaluate_gate","data":{"id":"cefff618-33e8-4f21-aafe-ee71ad7cecbc","type":"reevaluate_gate","attempt":1,"workerId":"test","commit":null,"readyWaitMs":5,"heapUsedMb":82,"heapLimitMb":4144,"rssMb":163}}
{"t":"2026-09-29T17:08:14.738Z","level":"info","msg":"task done","taskId":"cefff618-33e8-4f21-aafe-ee71ad7cecbc","taskType":"reevaluate_gate","data":{"id":"cefff618-33e8-4f21-aafe-ee71ad7cecbc","type":"reevaluate_gate","ms":19,"heapUsedMb":83,"heapDeltaMb":1,"heapLimitMb":4144,"rssMb":163,"rssDeltaMb":0}}
{"t":"2026-09-29T17:08:14.921Z","level":"info","msg":"task start","taskId":"a8800fd9-83d0-41b3-b4ec-73e388afb6de","taskType":"discover","data":{"id":"a8800fd9-83d0-41b3-b4ec-73e388afb6de","type":"discover","attempt":1,"workerId":"test","commit":null,"readyWaitMs":6,"heapUsedMb":85,"heapLimitMb":4144,"rssMb":163}}
{"t":"2026-09-29T17:08:15.092Z","level":"info","msg":"discovery finished","taskId":"a8800fd9-83d0-41b3-b4ec-73e388afb6de","taskType":"discover","data":{"company":"acme.example","outcome":"resolved","fetches":3,"best":"ats_link"}}
{"t":"2026-09-29T17:08:15.095Z","level":"info","msg":"task done","taskId":"a8800fd9-83d0-41b3-b4ec-73e388afb6de","taskType":"discover","data":{"id":"a8800fd9-83d0-41b3-b4ec-73e388afb6de","type":"discover","ms":174,"heapUsedMb":88,"heapDeltaMb":3,"heapLimitMb":4144,"rssMb":163,"rssDeltaMb":0}}
{"t":"2026-09-29T17:08:15.097Z","level":"info","msg":"task start","taskId":"2701056b-93ff-46ea-9e2b-b29e26cc3ba2","taskType":"scan_company","data":{"id":"2701056b-93ff-46ea-9e2b-b29e26cc3ba2","type":"scan_company","attempt":1,"workerId":"test","commit":null,"readyWaitMs":14,"heapUsedMb":88,"heapLimitMb":4144,"rssMb":163}}
{"t":"2026-09-29T17:08:15.280Z","level":"info","msg":"source scanned","taskId":"2701056b-93ff-46ea-9e2b-b29e26cc3ba2","taskType":"scan_company","data":{"company":"Acme Robotics","type":"greenhouse","status":"ok","postings":5,"new":5,"closed":0,"followers":2,"deferredDescriptions":5,"reusedListing":false,"claimFetchedBytes":1452,"claimRequests":3,"claimRevalidated":0,"heapUsedMb":90,"ms":179}}
{"t":"2026-09-29T17:08:15.291Z","level":"info","msg":"task done","taskId":"2701056b-93ff-46ea-9e2b-b29e26cc3ba2","taskType":"scan_company","data":{"id":"2701056b-93ff-46ea-9e2b-b29e26cc3ba2","type":"scan_company","ms":194,"heapUsedMb":91,"heapDeltaMb":3,"heapLimitMb":4144,"rssMb":162,"rssDeltaMb":-1}}
{"t":"2026-09-29T17:08:15.294Z","level":"info","msg":"task start","taskId":"6e8e7a38-e2be-4dec-91e6-738a1a09ff38","taskType":"fetch_description","data":{"id":"6e8e7a38-e2be-4dec-91e6-738a1a09ff38","type":"fetch_description","attempt":1,"workerId":"test","commit":null,"readyWaitMs":45,"heapUsedMb":91,"heapLimitMb":4144,"rssMb":162}}
{"t":"2026-09-29T17:08:15.310Z","level":"info","msg":"task done","taskId":"6e8e7a38-e2be-4dec-91e6-738a1a09ff38","taskType":"fetch_description","data":{"id":"6e8e7a38-e2be-4dec-91e6-738a1a09ff38","type":"fetch_description","ms":16,"heapUsedMb":81,"heapDeltaMb":-10,"heapLimitMb":4144,"rssMb":162,"rssDeltaMb":0}}
{"t":"2026-09-29T17:08:15.311Z","level":"info","msg":"task start","taskId":"7d02dbbe-82b9-4838-a94b-28692fdc1d14","taskType":"fetch_description","data":{"id":"7d02dbbe-82b9-4838-a94b-28692fdc1d14","type":"fetch_description","attempt":1,"workerId":"test","commit":null,"readyWaitMs":62,"heapUsedMb":81,"heapLimitMb":4144,"rssMb":162}}
{"t":"2026-09-29T17:08:15.364Z","level":"info","msg":"task done","taskId":"7d02dbbe-82b9-4838-a94b-28692fdc1d14","taskType":"fetch_description","data":{"id":"7d02dbbe-82b9-4838-a94b-28692fdc1d14","type":"fetch_description","ms":53,"heapUsedMb":82,"heapDeltaMb":1,"heapLimitMb":4144,"rssMb":162,"rssDeltaMb":0}}
{"t":"2026-09-29T17:08:15.366Z","level":"info","msg":"task start","taskId":"72b5c300-68cd-4a41-8b78-24818dd6d4c0","taskType":"fetch_description","data":{"id":"72b5c300-68cd-4a41-8b78-24818dd6d4c0","type":"fetch_description","attempt":1,"workerId":"test","commit":null,"readyWaitMs":117,"heapUsedMb":83,"heapLimitMb":4144,"rssMb":162}}
{"t":"2026-09-29T17:08:15.419Z","level":"info","msg":"task done","taskId":"72b5c300-68cd-4a41-8b78-24818dd6d4c0","taskType":"fetch_description","data":{"id":"72b5c300-68cd-4a41-8b78-24818dd6d4c0","type":"fetch_description","ms":53,"heapUsedMb":84,"heapDeltaMb":1,"heapLimitMb":4144,"rssMb":162,"rssDeltaMb":0}}
{"t":"2026-09-29T17:08:15.420Z","level":"info","msg":"task start","taskId":"520540d7-e87a-4be3-b2d4-e6b558183f79","taskType":"fetch_description","data":{"id":"520540d7-e87a-4be3-b2d4-e6b558183f79","type":"fetch_description","attempt":1,"workerId":"test","commit":null,"readyWaitMs":171,"heapUsedMb":84,"heapLimitMb":4144,"rssMb":162}}
{"t":"2026-09-29T17:08:15.467Z","level":"info","msg":"task done","taskId":"520540d7-e87a-4be3-b2d4-e6b558183f79","taskType":"fetch_description","data":{"id":"520540d7-e87a-4be3-b2d4-e6b558183f79","type":"fetch_description","ms":47,"heapUsedMb":85,"heapDeltaMb":1,"heapLimitMb":4144,"rssMb":162,"rssDeltaMb":0}}
{"t":"2026-09-29T17:08:15.468Z","level":"info","msg":"task start","taskId":"72896131-4bee-4919-a53d-34d207f0d642","taskType":"fetch_description","data":{"id":"72896131-4bee-4919-a53d-34d207f0d642","type":"fetch_description","attempt":1,"workerId":"test","commit":null,"readyWaitMs":219,"heapUsedMb":85,"heapLimitMb":4144,"rssMb":162}}
{"t":"2026-09-29T17:08:15.510Z","level":"info","msg":"task done","taskId":"72896131-4bee-4919-a53d-34d207f0d642","taskType":"fetch_description","data":{"id":"72896131-4bee-4919-a53d-34d207f0d642","type":"fetch_description","ms":42,"heapUsedMb":86,"heapDeltaMb":1,"heapLimitMb":4144,"rssMb":162,"rssDeltaMb":0}}
{"t":"2026-09-29T17:08:15.512Z","level":"info","msg":"task start","taskId":"9317723d-00d0-4f2d-91d4-5072b4f0b985","taskType":"discover","data":{"id":"9317723d-00d0-4f2d-91d4-5072b4f0b985","type":"discover","attempt":1,"workerId":"test","commit":null,"readyWaitMs":591,"heapUsedMb":86,"heapLimitMb":4144,"rssMb":162}}
{"t":"2026-09-29T17:08:15.566Z","level":"warn","msg":"logo re-encode failed; the original is kept","taskId":"9317723d-00d0-4f2d-91d4-5072b4f0b985","taskType":"discover","data":{"error":"Input buffer has corrupt header:","bytes":400}}
{"t":"2026-09-29T17:08:15.574Z","level":"info","msg":"logo captured","taskId":"9317723d-00d0-4f2d-91d4-5072b4f0b985","taskType":"discover","data":{"company":"Acme Robotics","source":"site_icon","sourceUrl":"https://www.acme.example/favicon.png","bytes":400,"contentType":"image/png"}}
{"t":"2026-09-29T17:08:15.576Z","level":"info","msg":"task done","taskId":"9317723d-00d0-4f2d-91d4-5072b4f0b985","taskType":"discover","data":{"id":"9317723d-00d0-4f2d-91d4-5072b4f0b985","type":"discover","ms":64,"heapUsedMb":87,"heapDeltaMb":1,"heapLimitMb":4144,"rssMb":162,"rssDeltaMb":0}}
{"t":"2026-09-29T17:08:15.788Z","level":"info","msg":"source scanned","data":{"company":"acme.example","type":"greenhouse","status":"ok","postings":7,"new":2,"closed":0,"followers":2,"deferredDescriptions":2,"reusedListing":false,"claimFetchedBytes":1900,"claimRequests":3,"claimRevalidated":0,"heapUsedMb":89,"ms":208}}
{"t":"2026-09-29T17:08:15.814Z","level":"info","msg":"task start","taskId":"5ddd0469-84b1-4593-86e3-6464a81ea514","taskType":"fetch_description","data":{"id":"5ddd0469-84b1-4593-86e3-6464a81ea514","type":"fetch_description","attempt":1,"workerId":"test","commit":null,"readyWaitMs":83,"heapUsedMb":90,"heapLimitMb":4144,"rssMb":158}}
{"t":"2026-09-29T17:08:15.837Z","level":"info","msg":"task done","taskId":"5ddd0469-84b1-4593-86e3-6464a81ea514","taskType":"fetch_description","data":{"id":"5ddd0469-84b1-4593-86e3-6464a81ea514","type":"fetch_description","ms":23,"heapUsedMb":91,"heapDeltaMb":1,"heapLimitMb":4144,"rssMb":158,"rssDeltaMb":0}}
{"t":"2026-09-29T17:08:15.839Z","level":"info","msg":"task start","taskId":"f5a5087d-7ab4-485c-8e5f-b0af667ba920","taskType":"fetch_description","data":{"id":"f5a5087d-7ab4-485c-8e5f-b0af667ba920","type":"fetch_description","attempt":1,"workerId":"test","commit":null,"readyWaitMs":108,"heapUsedMb":92,"heapLimitMb":4144,"rssMb":158}}
{"t":"2026-09-29T17:08:15.893Z","level":"info","msg":"task done","taskId":"f5a5087d-7ab4-485c-8e5f-b0af667ba920","taskType":"fetch_description","data":{"id":"f5a5087d-7ab4-485c-8e5f-b0af667ba920","type":"fetch_description","ms":54,"heapUsedMb":82,"heapDeltaMb":-10,"heapLimitMb":4144,"rssMb":158,"rssDeltaMb":0}}
{"t":"2026-09-29T17:08:16.036Z","level":"info","msg":"source scanned","data":{"company":"acme.example","type":"greenhouse","status":"ok","postings":7,"new":0,"closed":0,"followers":2,"deferredDescriptions":0,"reusedListing":false,"claimFetchedBytes":1900,"claimRequests":3,"claimRevalidated":0,"heapUsedMb":84,"ms":141}}
{"t":"2026-09-29T17:08:16.875Z","level":"info","msg":"slow database query","data":{"durationMs":832,"statement":"truncate users, companies, career_sources, discovery_runs, scan_runs, scans, jobs, job_events, decisions, tasks, setting"}}
{"t":"2026-09-29T17:08:17.011Z","level":"info","msg":"source scanned","data":{"company":"Orbital","type":"smartrecruiters","status":"ok","postings":101,"new":101,"closed":0,"followers":0,"deferredDescriptions":0,"reusedListing":false,"claimFetchedBytes":8978,"claimRequests":2,"claimRevalidated":0,"heapUsedMb":93,"ms":113}}
{"t":"2026-09-29T17:08:17.080Z","level":"info","msg":"source scanned","data":{"company":"Orbital","type":"smartrecruiters","status":"ok","postings":101,"new":1,"closed":0,"followers":0,"deferredDescriptions":0,"reusedListing":false,"claimFetchedBytes":8978,"claimRequests":2,"claimRevalidated":0,"heapUsedMb":85,"ms":65}}
{"t":"2026-09-29T17:08:17.309Z","level":"info","msg":"task start","taskId":"36c43e1c-6a4b-4660-a8ad-dc36eb3296aa","taskType":"discover","data":{"id":"36c43e1c-6a4b-4660-a8ad-dc36eb3296aa","type":"discover","attempt":1,"workerId":"test","commit":null,"readyWaitMs":6,"heapUsedMb":86,"heapLimitMb":4144,"rssMb":134}}
{"t":"2026-09-29T17:08:17.475Z","level":"info","msg":"discovery finished","taskId":"36c43e1c-6a4b-4660-a8ad-dc36eb3296aa","taskType":"discover","data":{"company":"acme.example","outcome":"resolved","fetches":3,"best":"ats_link"}}
{"t":"2026-09-29T17:08:17.477Z","level":"info","msg":"task done","taskId":"36c43e1c-6a4b-4660-a8ad-dc36eb3296aa","taskType":"discover","data":{"id":"36c43e1c-6a4b-4660-a8ad-dc36eb3296aa","type":"discover","ms":168,"heapUsedMb":89,"heapDeltaMb":3,"heapLimitMb":4144,"rssMb":134,"rssDeltaMb":0}}
{"t":"2026-09-29T17:08:17.478Z","level":"info","msg":"task start","taskId":"33c8dfad-091f-4791-b7d5-88551216f982","taskType":"scan_company","data":{"id":"33c8dfad-091f-4791-b7d5-88551216f982","type":"scan_company","attempt":1,"workerId":"test","commit":null,"readyWaitMs":10,"heapUsedMb":89,"heapLimitMb":4144,"rssMb":134}}
{"t":"2026-09-29T17:08:17.639Z","level":"info","msg":"source scanned","taskId":"33c8dfad-091f-4791-b7d5-88551216f982","taskType":"scan_company","data":{"company":"Acme Robotics","type":"greenhouse","status":"ok","postings":5,"new":5,"closed":0,"followers":1,"deferredDescriptions":0,"reusedListing":false,"claimFetchedBytes":1452,"claimRequests":3,"claimRevalidated":0,"heapUsedMb":92,"ms":153}}
{"t":"2026-09-29T17:08:17.653Z","level":"info","msg":"task done","taskId":"33c8dfad-091f-4791-b7d5-88551216f982","taskType":"scan_company","data":{"id":"33c8dfad-091f-4791-b7d5-88551216f982","type":"scan_company","ms":175,"heapUsedMb":92,"heapDeltaMb":3,"heapLimitMb":4144,"rssMb":138,"rssDeltaMb":4}}
{"t":"2026-09-29T17:08:17.656Z","level":"info","msg":"task start","taskId":"6cfd9fe6-e6ce-491b-8e71-8832ca395f1c","taskType":"fetch_description","data":{"id":"6cfd9fe6-e6ce-491b-8e71-8832ca395f1c","type":"fetch_description","attempt":1,"workerId":"test","commit":null,"readyWaitMs":31,"heapUsedMb":92,"heapLimitMb":4144,"rssMb":138}}
{"t":"2026-09-29T17:08:17.691Z","level":"info","msg":"task done","taskId":"6cfd9fe6-e6ce-491b-8e71-8832ca395f1c","taskType":"fetch_description","data":{"id":"6cfd9fe6-e6ce-491b-8e71-8832ca395f1c","type":"fetch_description","ms":35,"heapUsedMb":93,"heapDeltaMb":1,"heapLimitMb":4144,"rssMb":138,"rssDeltaMb":0}}
{"t":"2026-09-29T17:08:17.692Z","level":"info","msg":"task start","taskId":"a287b3de-f0fa-4231-97eb-19d335a5c150","taskType":"fetch_description","data":{"id":"a287b3de-f0fa-4231-97eb-19d335a5c150","type":"fetch_description","attempt":1,"workerId":"test","commit":null,"readyWaitMs":67,"heapUsedMb":94,"heapLimitMb":4144,"rssMb":138}}
{"t":"2026-09-29T17:08:17.733Z","level":"info","msg":"task done","taskId":"a287b3de-f0fa-4231-97eb-19d335a5c150","taskType":"fetch_description","data":{"id":"a287b3de-f0fa-4231-97eb-19d335a5c150","type":"fetch_description","ms":41,"heapUsedMb":95,"heapDeltaMb":1,"heapLimitMb":4144,"rssMb":138,"rssDeltaMb":0}}
{"t":"2026-09-29T17:08:17.735Z","level":"info","msg":"task start","taskId":"eb0d94a8-f95f-4aff-ac3e-2303cdd824dc","taskType":"fetch_description","data":{"id":"eb0d94a8-f95f-4aff-ac3e-2303cdd824dc","type":"fetch_description","attempt":1,"workerId":"test","commit":null,"readyWaitMs":110,"heapUsedMb":95,"heapLimitMb":4144,"rssMb":138}}
{"t":"2026-09-29T17:08:17.785Z","level":"info","msg":"task done","taskId":"eb0d94a8-f95f-4aff-ac3e-2303cdd824dc","taskType":"fetch_description","data":{"id":"eb0d94a8-f95f-4aff-ac3e-2303cdd824dc","type":"fetch_description","ms":50,"heapUsedMb":85,"heapDeltaMb":-10,"heapLimitMb":4144,"rssMb":149,"rssDeltaMb":11}}
{"t":"2026-09-29T17:08:17.786Z","level":"info","msg":"task start","taskId":"42e3b074-8149-48a1-9315-6f4c3fda3e3d","taskType":"fetch_description","data":{"id":"42e3b074-8149-48a1-9315-6f4c3fda3e3d","type":"fetch_description","attempt":1,"workerId":"test","commit":null,"readyWaitMs":161,"heapUsedMb":86,"heapLimitMb":4144,"rssMb":151}}
{"t":"2026-09-29T17:08:17.829Z","level":"info","msg":"task done","taskId":"42e3b074-8149-48a1-9315-6f4c3fda3e3d","taskType":"fetch_description","data":{"id":"42e3b074-8149-48a1-9315-6f4c3fda3e3d","type":"fetch_description","ms":43,"heapUsedMb":77,"heapDeltaMb":-9,"heapLimitMb":4144,"rssMb":152,"rssDeltaMb":1}}
{"t":"2026-09-29T17:08:17.831Z","level":"info","msg":"task start","taskId":"0f56fc76-40da-46c0-91f5-5897a06af26d","taskType":"discover","data":{"id":"0f56fc76-40da-46c0-91f5-5897a06af26d","type":"discover","attempt":1,"workerId":"test","commit":null,"readyWaitMs":521,"heapUsedMb":77,"heapLimitMb":4144,"rssMb":152}}
{"t":"2026-09-29T17:08:17.884Z","level":"warn","msg":"logo re-encode failed; the original is kept","taskId":"0f56fc76-40da-46c0-91f5-5897a06af26d","taskType":"discover","data":{"error":"Input buffer has corrupt header:","bytes":400}}
{"t":"2026-09-29T17:08:17.889Z","level":"info","msg":"logo captured","taskId":"0f56fc76-40da-46c0-91f5-5897a06af26d","taskType":"discover","data":{"company":"Acme Robotics","source":"site_icon","sourceUrl":"https://www.acme.example/favicon.png","bytes":400,"contentType":"image/png"}}
{"t":"2026-09-29T17:08:17.890Z","level":"info","msg":"task done","taskId":"0f56fc76-40da-46c0-91f5-5897a06af26d","taskType":"discover","data":{"id":"0f56fc76-40da-46c0-91f5-5897a06af26d","type":"discover","ms":59,"heapUsedMb":78,"heapDeltaMb":1,"heapLimitMb":4144,"rssMb":152,"rssDeltaMb":0}}
{"t":"2026-09-29T17:08:18.037Z","level":"info","msg":"source scanned","data":{"company":"acme.example","type":"greenhouse","status":"ok","postings":5,"new":1,"closed":0,"followers":1,"deferredDescriptions":0,"reusedListing":false,"claimFetchedBytes":1450,"claimRequests":3,"claimRevalidated":0,"heapUsedMb":80,"ms":144}}
{"t":"2026-09-29T17:08:18.309Z","level":"info","msg":"task start","taskId":"def7843a-6b1d-4322-aaad-509e050109a6","taskType":"discover","data":{"id":"def7843a-6b1d-4322-aaad-509e050109a6","type":"discover","attempt":1,"workerId":"test","commit":null,"readyWaitMs":15,"heapUsedMb":81,"heapLimitMb":4144,"rssMb":152}}
{"t":"2026-09-29T17:08:18.480Z","level":"info","msg":"discovery finished","taskId":"def7843a-6b1d-4322-aaad-509e050109a6","taskType":"discover","data":{"company":"acme.example","outcome":"resolved","fetches":3,"best":"ats_link"}}
{"t":"2026-09-29T17:08:18.482Z","level":"info","msg":"task done","taskId":"def7843a-6b1d-4322-aaad-509e050109a6","taskType":"discover","data":{"id":"def7843a-6b1d-4322-aaad-509e050109a6","type":"discover","ms":173,"heapUsedMb":84,"heapDeltaMb":3,"heapLimitMb":4144,"rssMb":152,"rssDeltaMb":0}}
{"t":"2026-09-29T17:08:18.483Z","level":"info","msg":"task start","taskId":"d3da72f1-2262-4c9d-aa3d-01267b2890ef","taskType":"scan_company","data":{"id":"d3da72f1-2262-4c9d-aa3d-01267b2890ef","type":"scan_company","attempt":1,"workerId":"test","commit":null,"readyWaitMs":10,"heapUsedMb":84,"heapLimitMb":4144,"rssMb":152}}
{"t":"2026-09-29T17:08:18.694Z","level":"info","msg":"source scanned","taskId":"d3da72f1-2262-4c9d-aa3d-01267b2890ef","taskType":"scan_company","data":{"company":"Acme Robotics","type":"greenhouse","status":"ok","postings":5,"new":5,"closed":0,"followers":1,"deferredDescriptions":0,"reusedListing":false,"claimFetchedBytes":1452,"claimRequests":3,"claimRevalidated":0,"heapUsedMb":87,"ms":206}}
{"t":"2026-09-29T17:08:18.705Z","level":"info","msg":"task done","taskId":"d3da72f1-2262-4c9d-aa3d-01267b2890ef","taskType":"scan_company","data":{"id":"d3da72f1-2262-4c9d-aa3d-01267b2890ef","type":"scan_company","ms":222,"heapUsedMb":87,"heapDeltaMb":3,"heapLimitMb":4144,"rssMb":151,"rssDeltaMb":-1}}
{"t":"2026-09-29T17:08:18.708Z","level":"info","msg":"task start","taskId":"9bb0ff47-aceb-4760-aaf1-fe3851d50f50","taskType":"fetch_description","data":{"id":"9bb0ff47-aceb-4760-aaf1-fe3851d50f50","type":"fetch_description","attempt":1,"workerId":"test","commit":null,"readyWaitMs":47,"heapUsedMb":87,"heapLimitMb":4144,"rssMb":151}}
{"t":"2026-09-29T17:08:18.741Z","level":"info","msg":"task done","taskId":"9bb0ff47-aceb-4760-aaf1-fe3851d50f50","taskType":"fetch_description","data":{"id":"9bb0ff47-aceb-4760-aaf1-fe3851d50f50","type":"fetch_description","ms":33,"heapUsedMb":88,"heapDeltaMb":1,"heapLimitMb":4144,"rssMb":151,"rssDeltaMb":0}}
{"t":"2026-09-29T17:08:18.743Z","level":"info","msg":"task start","taskId":"da168f20-54df-4327-a2df-46ede12bd710","taskType":"fetch_description","data":{"id":"da168f20-54df-4327-a2df-46ede12bd710","type":"fetch_description","attempt":1,"workerId":"test","commit":null,"readyWaitMs":82,"heapUsedMb":88,"heapLimitMb":4144,"rssMb":151}}
{"t":"2026-09-29T17:08:18.779Z","level":"info","msg":"task done","taskId":"da168f20-54df-4327-a2df-46ede12bd710","taskType":"fetch_description","data":{"id":"da168f20-54df-4327-a2df-46ede12bd710","type":"fetch_description","ms":36,"heapUsedMb":78,"heapDeltaMb":-10,"heapLimitMb":4144,"rssMb":151,"rssDeltaMb":0}}
{"t":"2026-09-29T17:08:18.780Z","level":"info","msg":"task start","taskId":"05808687-3280-4874-997d-cf618914f196","taskType":"fetch_description","data":{"id":"05808687-3280-4874-997d-cf618914f196","type":"fetch_description","attempt":1,"workerId":"test","commit":null,"readyWaitMs":119,"heapUsedMb":78,"heapLimitMb":4144,"rssMb":151}}
{"t":"2026-09-29T17:08:18.823Z","level":"info","msg":"task done","taskId":"05808687-3280-4874-997d-cf618914f196","taskType":"fetch_description","data":{"id":"05808687-3280-4874-997d-cf618914f196","type":"fetch_description","ms":43,"heapUsedMb":79,"heapDeltaMb":1,"heapLimitMb":4144,"rssMb":151,"rssDeltaMb":0}}
{"t":"2026-09-29T17:08:18.825Z","level":"info","msg":"task start","taskId":"c6e355c3-005b-4e44-9cbf-1638e98b2951","taskType":"fetch_description","data":{"id":"c6e355c3-005b-4e44-9cbf-1638e98b2951","type":"fetch_description","attempt":1,"workerId":"test","commit":null,"readyWaitMs":164,"heapUsedMb":79,"heapLimitMb":4144,"rssMb":151}}
{"t":"2026-09-29T17:08:18.872Z","level":"info","msg":"task done","taskId":"c6e355c3-005b-4e44-9cbf-1638e98b2951","taskType":"fetch_description","data":{"id":"c6e355c3-005b-4e44-9cbf-1638e98b2951","type":"fetch_description","ms":47,"heapUsedMb":80,"heapDeltaMb":1,"heapLimitMb":4144,"rssMb":151,"rssDeltaMb":0}}
{"t":"2026-09-29T17:08:18.873Z","level":"info","msg":"task start","taskId":"7261cdfb-0c16-4be9-bf19-d1ac6c8059a9","taskType":"discover","data":{"id":"7261cdfb-0c16-4be9-bf19-d1ac6c8059a9","type":"discover","attempt":1,"workerId":"test","commit":null,"readyWaitMs":561,"heapUsedMb":81,"heapLimitMb":4144,"rssMb":151}}
{"t":"2026-09-29T17:08:18.927Z","level":"warn","msg":"logo re-encode failed; the original is kept","taskId":"7261cdfb-0c16-4be9-bf19-d1ac6c8059a9","taskType":"discover","data":{"error":"Input buffer has corrupt header:","bytes":400}}
{"t":"2026-09-29T17:08:18.931Z","level":"info","msg":"logo captured","taskId":"7261cdfb-0c16-4be9-bf19-d1ac6c8059a9","taskType":"discover","data":{"company":"Acme Robotics","source":"site_icon","sourceUrl":"https://www.acme.example/favicon.png","bytes":400,"contentType":"image/png"}}
{"t":"2026-09-29T17:08:18.934Z","level":"info","msg":"task done","taskId":"7261cdfb-0c16-4be9-bf19-d1ac6c8059a9","taskType":"discover","data":{"id":"7261cdfb-0c16-4be9-bf19-d1ac6c8059a9","type":"discover","ms":61,"heapUsedMb":81,"heapDeltaMb":0,"heapLimitMb":4144,"rssMb":151,"rssDeltaMb":0}}
{"t":"2026-09-29T17:08:19.077Z","level":"info","msg":"source scanned","data":{"company":"acme.example","type":"greenhouse","status":"ok","postings":5,"new":0,"closed":0,"followers":1,"deferredDescriptions":0,"reusedListing":false,"claimFetchedBytes":1502,"claimRequests":3,"claimRevalidated":0,"heapUsedMb":84,"ms":136}}
{"t":"2026-09-29T17:08:19.497Z","level":"info","msg":"slow database query","data":{"durationMs":416,"statement":"truncate users, companies, career_sources, discovery_runs, scan_runs, scans, jobs, job_events, decisions, tasks, setting"}}
{"t":"2026-09-29T17:08:19.548Z","level":"info","msg":"task start","taskId":"7f5e3314-673d-4c75-87a7-ffd3023cb9e5","taskType":"discover","data":{"id":"7f5e3314-673d-4c75-87a7-ffd3023cb9e5","type":"discover","attempt":1,"workerId":"test","commit":null,"readyWaitMs":9,"heapUsedMb":85,"heapLimitMb":4144,"rssMb":147}}
{"t":"2026-09-29T17:08:19.728Z","level":"info","msg":"discovery finished","taskId":"7f5e3314-673d-4c75-87a7-ffd3023cb9e5","taskType":"discover","data":{"company":"acme.example","outcome":"resolved","fetches":3,"best":"ats_link"}}
{"t":"2026-09-29T17:08:19.730Z","level":"info","msg":"task done","taskId":"7f5e3314-673d-4c75-87a7-ffd3023cb9e5","taskType":"discover","data":{"id":"7f5e3314-673d-4c75-87a7-ffd3023cb9e5","type":"discover","ms":182,"heapUsedMb":88,"heapDeltaMb":3,"heapLimitMb":4144,"rssMb":150,"rssDeltaMb":3}}
{"t":"2026-09-29T17:08:19.730Z","level":"info","msg":"task start","taskId":"8bc6d950-a19b-4cdf-a4d0-57b21e23acfb","taskType":"scan_company","data":{"id":"8bc6d950-a19b-4cdf-a4d0-57b21e23acfb","type":"scan_company","attempt":1,"workerId":"test","commit":null,"readyWaitMs":10,"heapUsedMb":89,"heapLimitMb":4144,"rssMb":150}}
{"t":"2026-09-29T17:08:19.988Z","level":"info","msg":"source scanned","taskId":"8bc6d950-a19b-4cdf-a4d0-57b21e23acfb","taskType":"scan_company","data":{"company":"Acme Robotics","type":"greenhouse","status":"ok","postings":5,"new":5,"closed":0,"followers":1,"deferredDescriptions":0,"reusedListing":false,"claimFetchedBytes":1452,"claimRequests":3,"claimRevalidated":0,"heapUsedMb":81,"ms":252}}
{"t":"2026-09-29T17:08:20.006Z","level":"info","msg":"task done","taskId":"8bc6d950-a19b-4cdf-a4d0-57b21e23acfb","taskType":"scan_company","data":{"id":"8bc6d950-a19b-4cdf-a4d0-57b21e23acfb","type":"scan_company","ms":276,"heapUsedMb":81,"heapDeltaMb":-8,"heapLimitMb":4144,"rssMb":150,"rssDeltaMb":0}}
{"t":"2026-09-29T17:08:20.011Z","level":"info","msg":"task start","taskId":"60542284-6fa0-4b77-8cc4-bca4db264475","taskType":"fetch_description","data":{"id":"60542284-6fa0-4b77-8cc4-bca4db264475","type":"fetch_description","attempt":1,"workerId":"test","commit":null,"readyWaitMs":90,"heapUsedMb":81,"heapLimitMb":4144,"rssMb":150}}
{"t":"2026-09-29T17:08:20.045Z","level":"info","msg":"task done","taskId":"60542284-6fa0-4b77-8cc4-bca4db264475","taskType":"fetch_description","data":{"id":"60542284-6fa0-4b77-8cc4-bca4db264475","type":"fetch_description","ms":34,"heapUsedMb":82,"heapDeltaMb":1,"heapLimitMb":4144,"rssMb":149,"rssDeltaMb":-1}}
{"t":"2026-09-29T17:08:20.050Z","level":"info","msg":"task start","taskId":"bcabfff8-3840-4763-8d4b-5a91be20569f","taskType":"fetch_description","data":{"id":"bcabfff8-3840-4763-8d4b-5a91be20569f","type":"fetch_description","attempt":1,"workerId":"test","commit":null,"readyWaitMs":129,"heapUsedMb":82,"heapLimitMb":4144,"rssMb":149}}
{"t":"2026-09-29T17:08:20.098Z","level":"info","msg":"task done","taskId":"bcabfff8-3840-4763-8d4b-5a91be20569f","taskType":"fetch_description","data":{"id":"bcabfff8-3840-4763-8d4b-5a91be20569f","type":"fetch_description","ms":48,"heapUsedMb":83,"heapDeltaMb":1,"heapLimitMb":4144,"rssMb":149,"rssDeltaMb":0}}
{"t":"2026-09-29T17:08:20.101Z","level":"info","msg":"task start","taskId":"bed526c1-d1b3-4b26-8a05-f3a17c4710f4","taskType":"fetch_description","data":{"id":"bed526c1-d1b3-4b26-8a05-f3a17c4710f4","type":"fetch_description","attempt":1,"workerId":"test","commit":null,"readyWaitMs":180,"heapUsedMb":84,"heapLimitMb":4144,"rssMb":149}}
{"t":"2026-09-29T17:08:20.135Z","level":"info","msg":"task done","taskId":"bed526c1-d1b3-4b26-8a05-f3a17c4710f4","taskType":"fetch_description","data":{"id":"bed526c1-d1b3-4b26-8a05-f3a17c4710f4","type":"fetch_description","ms":34,"heapUsedMb":85,"heapDeltaMb":1,"heapLimitMb":4144,"rssMb":149,"rssDeltaMb":0}}
{"t":"2026-09-29T17:08:20.136Z","level":"info","msg":"task start","taskId":"f54a631e-1163-440d-be66-7ac155eb3dd4","taskType":"fetch_description","data":{"id":"f54a631e-1163-440d-be66-7ac155eb3dd4","type":"fetch_description","attempt":1,"workerId":"test","commit":null,"readyWaitMs":215,"heapUsedMb":85,"heapLimitMb":4144,"rssMb":149}}
{"t":"2026-09-29T17:08:20.183Z","level":"info","msg":"task done","taskId":"f54a631e-1163-440d-be66-7ac155eb3dd4","taskType":"fetch_description","data":{"id":"f54a631e-1163-440d-be66-7ac155eb3dd4","type":"fetch_description","ms":47,"heapUsedMb":86,"heapDeltaMb":1,"heapLimitMb":4144,"rssMb":149,"rssDeltaMb":0}}
{"t":"2026-09-29T17:08:20.185Z","level":"info","msg":"task start","taskId":"7b5d12f3-11f9-4a3a-a3b2-57a450818bcc","taskType":"discover","data":{"id":"7b5d12f3-11f9-4a3a-a3b2-57a450818bcc","type":"discover","attempt":1,"workerId":"test","commit":null,"readyWaitMs":634,"heapUsedMb":86,"heapLimitMb":4144,"rssMb":149}}
{"t":"2026-09-29T17:08:20.241Z","level":"warn","msg":"logo re-encode failed; the original is kept","taskId":"7b5d12f3-11f9-4a3a-a3b2-57a450818bcc","taskType":"discover","data":{"error":"Input buffer has corrupt header:","bytes":400}}
{"t":"2026-09-29T17:08:20.247Z","level":"info","msg":"logo captured","taskId":"7b5d12f3-11f9-4a3a-a3b2-57a450818bcc","taskType":"discover","data":{"company":"Acme Robotics","source":"site_icon","sourceUrl":"https://www.acme.example/favicon.png","bytes":400,"contentType":"image/png"}}
{"t":"2026-09-29T17:08:20.249Z","level":"info","msg":"task done","taskId":"7b5d12f3-11f9-4a3a-a3b2-57a450818bcc","taskType":"discover","data":{"id":"7b5d12f3-11f9-4a3a-a3b2-57a450818bcc","type":"discover","ms":64,"heapUsedMb":87,"heapDeltaMb":1,"heapLimitMb":4144,"rssMb":149,"rssDeltaMb":0}}
{"t":"2026-09-29T17:08:20.253Z","level":"info","msg":"task start","taskId":"c06b21fa-77e3-4cd9-a065-dcb1ff1d7d5c","taskType":"discover","data":{"id":"c06b21fa-77e3-4cd9-a065-dcb1ff1d7d5c","type":"discover","attempt":1,"workerId":"test","commit":null,"readyWaitMs":3,"heapUsedMb":87,"heapLimitMb":4144,"rssMb":149}}
{"t":"2026-09-29T17:08:20.454Z","level":"info","msg":"discovery finished","taskId":"c06b21fa-77e3-4cd9-a065-dcb1ff1d7d5c","taskType":"discover","data":{"company":"Acme Robotics","outcome":"needs_confirmation","fetches":3,"best":"ats_link"}}
{"t":"2026-09-29T17:08:20.458Z","level":"info","msg":"task done","taskId":"c06b21fa-77e3-4cd9-a065-dcb1ff1d7d5c","taskType":"discover","data":{"id":"c06b21fa-77e3-4cd9-a065-dcb1ff1d7d5c","type":"discover","ms":205,"heapUsedMb":90,"heapDeltaMb":3,"heapLimitMb":4144,"rssMb":148,"rssDeltaMb":-1}}
{"t":"2026-09-29T17:08:20.460Z","level":"info","msg":"task start","taskId":"8c6fe82f-97d4-4612-a0ad-d5267771916c","taskType":"discover","data":{"id":"8c6fe82f-97d4-4612-a0ad-d5267771916c","type":"discover","attempt":1,"workerId":"test","commit":null,"readyWaitMs":207,"heapUsedMb":90,"heapLimitMb":4144,"rssMb":148}}
{"t":"2026-09-29T17:08:20.518Z","level":"warn","msg":"logo re-encode failed; the original is kept","taskId":"8c6fe82f-97d4-4612-a0ad-d5267771916c","taskType":"discover","data":{"error":"Input buffer has corrupt header:","bytes":400}}
{"t":"2026-09-29T17:08:20.523Z","level":"info","msg":"logo captured","taskId":"8c6fe82f-97d4-4612-a0ad-d5267771916c","taskType":"discover","data":{"company":"Acme Robotics","source":"site_icon","sourceUrl":"https://www.acme.example/favicon.png","bytes":400,"contentType":"image/png"}}
{"t":"2026-09-29T17:08:20.526Z","level":"info","msg":"task done","taskId":"8c6fe82f-97d4-4612-a0ad-d5267771916c","taskType":"discover","data":{"id":"8c6fe82f-97d4-4612-a0ad-d5267771916c","type":"discover","ms":66,"heapUsedMb":91,"heapDeltaMb":1,"heapLimitMb":4144,"rssMb":149,"rssDeltaMb":1}}
{"t":"2026-09-29T17:08:20.779Z","level":"info","msg":"task start","taskId":"731da3a8-4ecb-43d1-9fb2-6e17c1d2b216","taskType":"discover","data":{"id":"731da3a8-4ecb-43d1-9fb2-6e17c1d2b216","type":"discover","attempt":1,"workerId":"test","commit":null,"readyWaitMs":6,"heapUsedMb":82,"heapLimitMb":4144,"rssMb":149}}
{"t":"2026-09-29T17:08:20.950Z","level":"info","msg":"discovery finished","taskId":"731da3a8-4ecb-43d1-9fb2-6e17c1d2b216","taskType":"discover","data":{"company":"acme.example","outcome":"resolved","fetches":3,"best":"ats_link"}}
{"t":"2026-09-29T17:08:20.953Z","level":"info","msg":"task done","taskId":"731da3a8-4ecb-43d1-9fb2-6e17c1d2b216","taskType":"discover","data":{"id":"731da3a8-4ecb-43d1-9fb2-6e17c1d2b216","type":"discover","ms":174,"heapUsedMb":85,"heapDeltaMb":3,"heapLimitMb":4144,"rssMb":149,"rssDeltaMb":0}}
{"t":"2026-09-29T17:08:20.956Z","level":"info","msg":"task start","taskId":"77b64927-ad04-4e07-9b82-3f9e9d52785c","taskType":"scan_company","data":{"id":"77b64927-ad04-4e07-9b82-3f9e9d52785c","type":"scan_company","attempt":1,"workerId":"test","commit":null,"readyWaitMs":14,"heapUsedMb":85,"heapLimitMb":4144,"rssMb":149}}
{"t":"2026-09-29T17:08:21.125Z","level":"info","msg":"source scanned","taskId":"77b64927-ad04-4e07-9b82-3f9e9d52785c","taskType":"scan_company","data":{"company":"Acme Robotics","type":"greenhouse","status":"ok","postings":5,"new":5,"closed":0,"followers":1,"deferredDescriptions":0,"reusedListing":false,"claimFetchedBytes":1452,"claimRequests":3,"claimRevalidated":0,"heapUsedMb":87,"ms":158}}
{"t":"2026-09-29T17:08:21.136Z","level":"info","msg":"task done","taskId":"77b64927-ad04-4e07-9b82-3f9e9d52785c","taskType":"scan_company","data":{"id":"77b64927-ad04-4e07-9b82-3f9e9d52785c","type":"scan_company","ms":180,"heapUsedMb":88,"heapDeltaMb":3,"heapLimitMb":4144,"rssMb":148,"rssDeltaMb":-1}}
{"t":"2026-09-29T17:08:21.139Z","level":"info","msg":"task start","taskId":"4851df4b-1889-4fdc-9054-eadead225204","taskType":"fetch_description","data":{"id":"4851df4b-1889-4fdc-9054-eadead225204","type":"fetch_description","attempt":1,"workerId":"test","commit":null,"readyWaitMs":36,"heapUsedMb":88,"heapLimitMb":4144,"rssMb":148}}
{"t":"2026-09-29T17:08:21.169Z","level":"info","msg":"task done","taskId":"4851df4b-1889-4fdc-9054-eadead225204","taskType":"fetch_description","data":{"id":"4851df4b-1889-4fdc-9054-eadead225204","type":"fetch_description","ms":30,"heapUsedMb":89,"heapDeltaMb":1,"heapLimitMb":4144,"rssMb":148,"rssDeltaMb":0}}
{"t":"2026-09-29T17:08:21.172Z","level":"info","msg":"task start","taskId":"5e64ef28-1744-4cb7-8b1d-6cafd8b6cf28","taskType":"fetch_description","data":{"id":"5e64ef28-1744-4cb7-8b1d-6cafd8b6cf28","type":"fetch_description","attempt":1,"workerId":"test","commit":null,"readyWaitMs":69,"heapUsedMb":89,"heapLimitMb":4144,"rssMb":148}}
{"t":"2026-09-29T17:08:21.208Z","level":"info","msg":"task done","taskId":"5e64ef28-1744-4cb7-8b1d-6cafd8b6cf28","taskType":"fetch_description","data":{"id":"5e64ef28-1744-4cb7-8b1d-6cafd8b6cf28","type":"fetch_description","ms":36,"heapUsedMb":90,"heapDeltaMb":1,"heapLimitMb":4144,"rssMb":148,"rssDeltaMb":0}}
{"t":"2026-09-29T17:08:21.210Z","level":"info","msg":"task start","taskId":"3ff51807-2f07-495e-8ed2-b62520ba1f52","taskType":"fetch_description","data":{"id":"3ff51807-2f07-495e-8ed2-b62520ba1f52","type":"fetch_description","attempt":1,"workerId":"test","commit":null,"readyWaitMs":107,"heapUsedMb":90,"heapLimitMb":4144,"rssMb":148}}
{"t":"2026-09-29T17:08:21.258Z","level":"info","msg":"task done","taskId":"3ff51807-2f07-495e-8ed2-b62520ba1f52","taskType":"fetch_description","data":{"id":"3ff51807-2f07-495e-8ed2-b62520ba1f52","type":"fetch_description","ms":48,"heapUsedMb":91,"heapDeltaMb":1,"heapLimitMb":4144,"rssMb":148,"rssDeltaMb":0}}
{"t":"2026-09-29T17:08:21.260Z","level":"info","msg":"task start","taskId":"5caafc4e-110e-48e3-a3f1-a7edeab92ed9","taskType":"fetch_description","data":{"id":"5caafc4e-110e-48e3-a3f1-a7edeab92ed9","type":"fetch_description","attempt":1,"workerId":"test","commit":null,"readyWaitMs":157,"heapUsedMb":91,"heapLimitMb":4144,"rssMb":148}}
{"t":"2026-09-29T17:08:21.310Z","level":"info","msg":"task done","taskId":"5caafc4e-110e-48e3-a3f1-a7edeab92ed9","taskType":"fetch_description","data":{"id":"5caafc4e-110e-48e3-a3f1-a7edeab92ed9","type":"fetch_description","ms":50,"heapUsedMb":93,"heapDeltaMb":2,"heapLimitMb":4144,"rssMb":148,"rssDeltaMb":0}}
{"t":"2026-09-29T17:08:21.312Z","level":"info","msg":"task start","taskId":"14706919-d140-4ac8-88d3-5cbf412703e7","taskType":"discover","data":{"id":"14706919-d140-4ac8-88d3-5cbf412703e7","type":"discover","attempt":1,"workerId":"test","commit":null,"readyWaitMs":532,"heapUsedMb":82,"heapLimitMb":4144,"rssMb":149}}
{"t":"2026-09-29T17:08:21.366Z","level":"warn","msg":"logo re-encode failed; the original is kept","taskId":"14706919-d140-4ac8-88d3-5cbf412703e7","taskType":"discover","data":{"error":"Input buffer has corrupt header:","bytes":400}}
{"t":"2026-09-29T17:08:21.375Z","level":"info","msg":"logo captured","taskId":"14706919-d140-4ac8-88d3-5cbf412703e7","taskType":"discover","data":{"company":"Acme Robotics","source":"site_icon","sourceUrl":"https://www.acme.example/favicon.png","bytes":400,"contentType":"image/png"}}
{"t":"2026-09-29T17:08:21.378Z","level":"info","msg":"task done","taskId":"14706919-d140-4ac8-88d3-5cbf412703e7","taskType":"discover","data":{"id":"14706919-d140-4ac8-88d3-5cbf412703e7","type":"discover","ms":66,"heapUsedMb":83,"heapDeltaMb":1,"heapLimitMb":4144,"rssMb":149,"rssDeltaMb":0}}
{"t":"2026-09-29T17:08:21.397Z","level":"info","msg":"daily run started","data":{"runId":"2effb85c-f7ce-4d11-bdf4-378e88220169","runDate":"2026-09-05","companies":2,"logosQueued":1,"retired":0}}
{"t":"2026-09-29T17:08:21.406Z","level":"info","msg":"task start","taskId":"d70c3c88-fb2e-462b-a53f-b2eb4b2ffc23","taskType":"scan_company","data":{"id":"d70c3c88-fb2e-462b-a53f-b2eb4b2ffc23","type":"scan_company","attempt":1,"workerId":"test","commit":null,"readyWaitMs":23,"heapUsedMb":84,"heapLimitMb":4144,"rssMb":149}}
{"t":"2026-09-29T17:08:21.542Z","level":"info","msg":"source scanned","taskId":"d70c3c88-fb2e-462b-a53f-b2eb4b2ffc23","taskType":"scan_company","data":{"company":"Acme Robotics","type":"greenhouse","status":"ok","postings":5,"new":0,"closed":0,"followers":1,"deferredDescriptions":0,"reusedListing":false,"claimFetchedBytes":1452,"claimRequests":3,"claimRevalidated":0,"heapUsedMb":86,"ms":132}}
{"t":"2026-09-29T17:08:21.553Z","level":"info","msg":"task done","taskId":"d70c3c88-fb2e-462b-a53f-b2eb4b2ffc23","taskType":"scan_company","data":{"id":"d70c3c88-fb2e-462b-a53f-b2eb4b2ffc23","type":"scan_company","ms":147,"heapUsedMb":86,"heapDeltaMb":2,"heapLimitMb":4144,"rssMb":149,"rssDeltaMb":0}}
{"t":"2026-09-29T17:08:21.555Z","level":"info","msg":"task start","taskId":"6aab69a5-9890-4852-918d-6168ef9ffd46","taskType":"scan_company","data":{"id":"6aab69a5-9890-4852-918d-6168ef9ffd46","type":"scan_company","attempt":1,"workerId":"test","commit":null,"readyWaitMs":172,"heapUsedMb":86,"heapLimitMb":4144,"rssMb":149}}
{"t":"2026-09-29T17:08:21.561Z","level":"warn","msg":"company has no active source","taskId":"6aab69a5-9890-4852-918d-6168ef9ffd46","taskType":"scan_company","data":{"company":"No source"}}
{"t":"2026-09-29T17:08:21.573Z","level":"info","msg":"scan run finalised","taskId":"6aab69a5-9890-4852-918d-6168ef9ffd46","taskType":"scan_company","data":{"runId":"2effb85c-f7ce-4d11-bdf4-378e88220169","ok":1,"failed":1,"newRoles":0}}
{"t":"2026-09-29T17:08:21.574Z","level":"info","msg":"task done","taskId":"6aab69a5-9890-4852-918d-6168ef9ffd46","taskType":"scan_company","data":{"id":"6aab69a5-9890-4852-918d-6168ef9ffd46","type":"scan_company","ms":19,"heapUsedMb":87,"heapDeltaMb":1,"heapLimitMb":4144,"rssMb":149,"rssDeltaMb":0}}
{"t":"2026-09-29T17:08:21.577Z","level":"info","msg":"task start","taskId":"426918b9-8029-45d3-90f1-679647ff39b5","taskType":"discover","data":{"id":"426918b9-8029-45d3-90f1-679647ff39b5","type":"discover","attempt":1,"workerId":"test","commit":null,"readyWaitMs":194,"heapUsedMb":87,"heapLimitMb":4144,"rssMb":149}}
{"t":"2026-09-29T17:08:21.588Z","level":"info","msg":"logo capture failed","taskId":"426918b9-8029-45d3-90f1-679647ff39b5","taskType":"discover","data":{"company":"No source","error":"No usable icon found for none.example","tried":4,"attempts":1,"nextAttemptAt":"2026-09-05T07:00:00.000Z"}}
{"t":"2026-09-29T17:08:21.591Z","level":"info","msg":"task done","taskId":"426918b9-8029-45d3-90f1-679647ff39b5","taskType":"discover","data":{"id":"426918b9-8029-45d3-90f1-679647ff39b5","type":"discover","ms":14,"heapUsedMb":88,"heapDeltaMb":1,"heapLimitMb":4144,"rssMb":149,"rssDeltaMb":0}}
{"t":"2026-09-29T17:08:21.593Z","level":"info","msg":"task start","taskId":"f6485697-1fcb-47ff-9e34-2de0ebf0ddc4","taskType":"suggest_from_scans","data":{"id":"f6485697-1fcb-47ff-9e34-2de0ebf0ddc4","type":"suggest_from_scans","attempt":1,"workerId":"test","commit":null,"readyWaitMs":29,"heapUsedMb":88,"heapLimitMb":4144,"rssMb":149}}
{"t":"2026-09-29T17:08:21.608Z","level":"info","msg":"scan suggestions filed","taskId":"f6485697-1fcb-47ff-9e34-2de0ebf0ddc4","taskType":"suggest_from_scans","data":{"userId":"03629f24-aad0-4d14-b6ac-43d1b014bb2c","titles":5,"unmatched":1,"inserted":0}}
{"t":"2026-09-29T17:08:21.611Z","level":"info","msg":"task done","taskId":"f6485697-1fcb-47ff-9e34-2de0ebf0ddc4","taskType":"suggest_from_scans","data":{"id":"f6485697-1fcb-47ff-9e34-2de0ebf0ddc4","type":"suggest_from_scans","ms":18,"heapUsedMb":88,"heapDeltaMb":0,"heapLimitMb":4144,"rssMb":150,"rssDeltaMb":1}}
{"t":"2026-09-29T17:08:21.892Z","level":"info","msg":"slow database query","taskId":"68d058a0-5fe8-404a-9cdf-be237644033d","taskType":"scan_company","data":{"durationMs":276,"statement":"truncate users, companies, career_sources, discovery_runs, scan_runs, scans, jobs, job_events, decisions, tasks, setting"}}
{"t":"2026-09-29T17:08:21.910Z","level":"info","msg":"task start","taskId":"f5c3849a-a14d-4835-835b-83d32e94037a","taskType":"discover","data":{"id":"f5c3849a-a14d-4835-835b-83d32e94037a","type":"discover","attempt":1,"workerId":"test","commit":null,"readyWaitMs":6,"heapUsedMb":90,"heapLimitMb":4144,"rssMb":150}}
{"t":"2026-09-29T17:08:22.082Z","level":"info","msg":"discovery finished","taskId":"f5c3849a-a14d-4835-835b-83d32e94037a","taskType":"discover","data":{"company":"acme.example","outcome":"resolved","fetches":3,"best":"ats_link"}}
{"t":"2026-09-29T17:08:22.086Z","level":"info","msg":"task done","taskId":"f5c3849a-a14d-4835-835b-83d32e94037a","taskType":"discover","data":{"id":"f5c3849a-a14d-4835-835b-83d32e94037a","type":"discover","ms":176,"heapUsedMb":93,"heapDeltaMb":3,"heapLimitMb":4144,"rssMb":149,"rssDeltaMb":-1}}
{"t":"2026-09-29T17:08:22.088Z","level":"info","msg":"task start","taskId":"26d3eb72-f323-4a8b-af7c-4dc8fe3556d9","taskType":"scan_company","data":{"id":"26d3eb72-f323-4a8b-af7c-4dc8fe3556d9","type":"scan_company","attempt":1,"workerId":"test","commit":null,"readyWaitMs":16,"heapUsedMb":93,"heapLimitMb":4144,"rssMb":149}}
{"t":"2026-09-29T17:08:22.249Z","level":"info","msg":"source scanned","taskId":"26d3eb72-f323-4a8b-af7c-4dc8fe3556d9","taskType":"scan_company","data":{"company":"Acme Robotics","type":"greenhouse","status":"ok","postings":5,"new":5,"closed":0,"followers":1,"deferredDescriptions":0,"reusedListing":false,"claimFetchedBytes":1452,"claimRequests":3,"claimRevalidated":0,"heapUsedMb":85,"ms":157}}
{"t":"2026-09-29T17:08:22.257Z","level":"info","msg":"task done","taskId":"26d3eb72-f323-4a8b-af7c-4dc8fe3556d9","taskType":"scan_company","data":{"id":"26d3eb72-f323-4a8b-af7c-4dc8fe3556d9","type":"scan_company","ms":169,"heapUsedMb":85,"heapDeltaMb":-8,"heapLimitMb":4144,"rssMb":150,"rssDeltaMb":1}}
{"t":"2026-09-29T17:08:22.260Z","level":"info","msg":"task start","taskId":"59eb3441-6f9a-4c8c-bd53-f7f73fb53813","taskType":"fetch_description","data":{"id":"59eb3441-6f9a-4c8c-bd53-f7f73fb53813","type":"fetch_description","attempt":1,"workerId":"test","commit":null,"readyWaitMs":29,"heapUsedMb":85,"heapLimitMb":4144,"rssMb":150}}
{"t":"2026-09-29T17:08:22.284Z","level":"info","msg":"task done","taskId":"59eb3441-6f9a-4c8c-bd53-f7f73fb53813","taskType":"fetch_description","data":{"id":"59eb3441-6f9a-4c8c-bd53-f7f73fb53813","type":"fetch_description","ms":24,"heapUsedMb":86,"heapDeltaMb":1,"heapLimitMb":4144,"rssMb":150,"rssDeltaMb":0}}
{"t":"2026-09-29T17:08:22.286Z","level":"info","msg":"task start","taskId":"a1bba487-5b4b-4c61-8999-661ad3052aa3","taskType":"fetch_description","data":{"id":"a1bba487-5b4b-4c61-8999-661ad3052aa3","type":"fetch_description","attempt":1,"workerId":"test","commit":null,"readyWaitMs":55,"heapUsedMb":86,"heapLimitMb":4144,"rssMb":150}}
{"t":"2026-09-29T17:08:22.339Z","level":"info","msg":"task done","taskId":"a1bba487-5b4b-4c61-8999-661ad3052aa3","taskType":"fetch_description","data":{"id":"a1bba487-5b4b-4c61-8999-661ad3052aa3","type":"fetch_description","ms":54,"heapUsedMb":87,"heapDeltaMb":1,"heapLimitMb":4144,"rssMb":150,"rssDeltaMb":0}}
{"t":"2026-09-29T17:08:22.340Z","level":"info","msg":"task start","taskId":"35e94c11-d96c-4cda-8cb6-0a3ef13c6789","taskType":"fetch_description","data":{"id":"35e94c11-d96c-4cda-8cb6-0a3ef13c6789","type":"fetch_description","attempt":1,"workerId":"test","commit":null,"readyWaitMs":109,"heapUsedMb":88,"heapLimitMb":4144,"rssMb":150}}
{"t":"2026-09-29T17:08:22.385Z","level":"info","msg":"task done","taskId":"35e94c11-d96c-4cda-8cb6-0a3ef13c6789","taskType":"fetch_description","data":{"id":"35e94c11-d96c-4cda-8cb6-0a3ef13c6789","type":"fetch_description","ms":45,"heapUsedMb":89,"heapDeltaMb":1,"heapLimitMb":4144,"rssMb":150,"rssDeltaMb":0}}
{"t":"2026-09-29T17:08:22.387Z","level":"info","msg":"task start","taskId":"38695e9f-e5e9-4ca6-8bea-9e57fe832521","taskType":"fetch_description","data":{"id":"38695e9f-e5e9-4ca6-8bea-9e57fe832521","type":"fetch_description","attempt":1,"workerId":"test","commit":null,"readyWaitMs":156,"heapUsedMb":89,"heapLimitMb":4144,"rssMb":150}}
{"t":"2026-09-29T17:08:22.459Z","level":"info","msg":"task done","taskId":"38695e9f-e5e9-4ca6-8bea-9e57fe832521","taskType":"fetch_description","data":{"id":"38695e9f-e5e9-4ca6-8bea-9e57fe832521","type":"fetch_description","ms":72,"heapUsedMb":90,"heapDeltaMb":1,"heapLimitMb":4144,"rssMb":148,"rssDeltaMb":-2}}
{"t":"2026-09-29T17:08:22.462Z","level":"info","msg":"task start","taskId":"48c4d587-96ae-498e-9135-fe6672a701f6","taskType":"discover","data":{"id":"48c4d587-96ae-498e-9135-fe6672a701f6","type":"discover","attempt":1,"workerId":"test","commit":null,"readyWaitMs":551,"heapUsedMb":90,"heapLimitMb":4144,"rssMb":148}}
{"t":"2026-09-29T17:08:22.517Z","level":"warn","msg":"logo re-encode failed; the original is kept","taskId":"48c4d587-96ae-498e-9135-fe6672a701f6","taskType":"discover","data":{"error":"Input buffer has corrupt header:","bytes":400}}
{"t":"2026-09-29T17:08:22.522Z","level":"info","msg":"logo captured","taskId":"48c4d587-96ae-498e-9135-fe6672a701f6","taskType":"discover","data":{"company":"Acme Robotics","source":"site_icon","sourceUrl":"https://www.acme.example/favicon.png","bytes":400,"contentType":"image/png"}}
{"t":"2026-09-29T17:08:22.525Z","level":"info","msg":"task done","taskId":"48c4d587-96ae-498e-9135-fe6672a701f6","taskType":"discover","data":{"id":"48c4d587-96ae-498e-9135-fe6672a701f6","type":"discover","ms":63,"heapUsedMb":91,"heapDeltaMb":1,"heapLimitMb":4144,"rssMb":148,"rssDeltaMb":0}}
{"t":"2026-09-29T17:08:22.803Z","level":"info","msg":"task start","taskId":"7132de6b-6213-4d8e-937e-bccc81693e7b","taskType":"discover","data":{"id":"7132de6b-6213-4d8e-937e-bccc81693e7b","type":"discover","attempt":1,"workerId":"test","commit":null,"readyWaitMs":4,"heapUsedMb":95,"heapLimitMb":4144,"rssMb":135}}
{"t":"2026-09-29T17:08:22.991Z","level":"info","msg":"discovery finished","taskId":"7132de6b-6213-4d8e-937e-bccc81693e7b","taskType":"discover","data":{"company":"acme.example","outcome":"resolved","fetches":3,"best":"ats_link"}}
{"t":"2026-09-29T17:08:22.997Z","level":"info","msg":"task done","taskId":"7132de6b-6213-4d8e-937e-bccc81693e7b","taskType":"discover","data":{"id":"7132de6b-6213-4d8e-937e-bccc81693e7b","type":"discover","ms":194,"heapUsedMb":77,"heapDeltaMb":-18,"heapLimitMb":4144,"rssMb":149,"rssDeltaMb":14}}
{"t":"2026-09-29T17:08:23.001Z","level":"info","msg":"task start","taskId":"6083c330-e546-442d-b6a3-1eb444f4f1f9","taskType":"scan_company","data":{"id":"6083c330-e546-442d-b6a3-1eb444f4f1f9","type":"scan_company","attempt":1,"workerId":"test","commit":null,"readyWaitMs":34,"heapUsedMb":78,"heapLimitMb":4144,"rssMb":149}}
{"t":"2026-09-29T17:08:23.146Z","level":"info","msg":"source scanned","taskId":"6083c330-e546-442d-b6a3-1eb444f4f1f9","taskType":"scan_company","data":{"company":"Acme Robotics","type":"greenhouse","status":"ok","postings":5,"new":5,"closed":0,"followers":1,"deferredDescriptions":0,"reusedListing":false,"claimFetchedBytes":1452,"claimRequests":3,"claimRevalidated":0,"heapUsedMb":80,"ms":137}}
{"t":"2026-09-29T17:08:23.153Z","level":"info","msg":"task done","taskId":"6083c330-e546-442d-b6a3-1eb444f4f1f9","taskType":"scan_company","data":{"id":"6083c330-e546-442d-b6a3-1eb444f4f1f9","type":"scan_company","ms":151,"heapUsedMb":81,"heapDeltaMb":3,"heapLimitMb":4144,"rssMb":149,"rssDeltaMb":0}}
{"t":"2026-09-29T17:08:23.156Z","level":"info","msg":"task start","taskId":"9afa3fe8-8e28-45fc-aa0e-98a96c8515fb","taskType":"fetch_description","data":{"id":"9afa3fe8-8e28-45fc-aa0e-98a96c8515fb","type":"fetch_description","attempt":1,"workerId":"test","commit":null,"readyWaitMs":30,"heapUsedMb":81,"heapLimitMb":4144,"rssMb":149}}
{"t":"2026-09-29T17:08:23.178Z","level":"info","msg":"task done","taskId":"9afa3fe8-8e28-45fc-aa0e-98a96c8515fb","taskType":"fetch_description","data":{"id":"9afa3fe8-8e28-45fc-aa0e-98a96c8515fb","type":"fetch_description","ms":23,"heapUsedMb":82,"heapDeltaMb":1,"heapLimitMb":4144,"rssMb":149,"rssDeltaMb":0}}
{"t":"2026-09-29T17:08:23.179Z","level":"info","msg":"task start","taskId":"ebdbc206-3459-4080-83f0-0810f1378585","taskType":"fetch_description","data":{"id":"ebdbc206-3459-4080-83f0-0810f1378585","type":"fetch_description","attempt":1,"workerId":"test","commit":null,"readyWaitMs":53,"heapUsedMb":82,"heapLimitMb":4144,"rssMb":149}}
{"t":"2026-09-29T17:08:23.239Z","level":"info","msg":"task done","taskId":"ebdbc206-3459-4080-83f0-0810f1378585","taskType":"fetch_description","data":{"id":"ebdbc206-3459-4080-83f0-0810f1378585","type":"fetch_description","ms":60,"heapUsedMb":83,"heapDeltaMb":1,"heapLimitMb":4144,"rssMb":149,"rssDeltaMb":0}}
{"t":"2026-09-29T17:08:23.242Z","level":"info","msg":"task start","taskId":"8abd5fc3-04f1-4623-a167-d132cc117dd1","taskType":"fetch_description","data":{"id":"8abd5fc3-04f1-4623-a167-d132cc117dd1","type":"fetch_description","attempt":1,"workerId":"test","commit":null,"readyWaitMs":116,"heapUsedMb":83,"heapLimitMb":4144,"rssMb":149}}
{"t":"2026-09-29T17:08:23.278Z","level":"info","msg":"task done","taskId":"8abd5fc3-04f1-4623-a167-d132cc117dd1","taskType":"fetch_description","data":{"id":"8abd5fc3-04f1-4623-a167-d132cc117dd1","type":"fetch_description","ms":36,"heapUsedMb":85,"heapDeltaMb":2,"heapLimitMb":4144,"rssMb":149,"rssDeltaMb":0}}
{"t":"2026-09-29T17:08:23.279Z","level":"info","msg":"task start","taskId":"c6900163-59b2-47ec-8460-1ad300584845","taskType":"fetch_description","data":{"id":"c6900163-59b2-47ec-8460-1ad300584845","type":"fetch_description","attempt":1,"workerId":"test","commit":null,"readyWaitMs":153,"heapUsedMb":85,"heapLimitMb":4144,"rssMb":149}}
{"t":"2026-09-29T17:08:23.326Z","level":"info","msg":"task done","taskId":"c6900163-59b2-47ec-8460-1ad300584845","taskType":"fetch_description","data":{"id":"c6900163-59b2-47ec-8460-1ad300584845","type":"fetch_description","ms":47,"heapUsedMb":86,"heapDeltaMb":1,"heapLimitMb":4144,"rssMb":149,"rssDeltaMb":0}}
{"t":"2026-09-29T17:08:23.329Z","level":"info","msg":"task start","taskId":"38398134-4520-46bf-b834-ecab70f92283","taskType":"discover","data":{"id":"38398134-4520-46bf-b834-ecab70f92283","type":"discover","attempt":1,"workerId":"test","commit":null,"readyWaitMs":525,"heapUsedMb":86,"heapLimitMb":4144,"rssMb":149}}
{"t":"2026-09-29T17:08:23.383Z","level":"warn","msg":"logo re-encode failed; the original is kept","taskId":"38398134-4520-46bf-b834-ecab70f92283","taskType":"discover","data":{"error":"Input buffer has corrupt header:","bytes":400}}
{"t":"2026-09-29T17:08:23.388Z","level":"info","msg":"logo captured","taskId":"38398134-4520-46bf-b834-ecab70f92283","taskType":"discover","data":{"company":"Acme Robotics","source":"site_icon","sourceUrl":"https://www.acme.example/favicon.png","bytes":400,"contentType":"image/png"}}
{"t":"2026-09-29T17:08:23.389Z","level":"info","msg":"task done","taskId":"38398134-4520-46bf-b834-ecab70f92283","taskType":"discover","data":{"id":"38398134-4520-46bf-b834-ecab70f92283","type":"discover","ms":61,"heapUsedMb":87,"heapDeltaMb":1,"heapLimitMb":4144,"rssMb":149,"rssDeltaMb":0}}
{"t":"2026-09-29T17:08:23.637Z","level":"info","msg":"task start","taskId":"dfa00710-4ee8-4b02-8b1d-d065680f54dd","taskType":"discover","data":{"id":"dfa00710-4ee8-4b02-8b1d-d065680f54dd","type":"discover","attempt":1,"workerId":"test","commit":null,"readyWaitMs":9,"heapUsedMb":79,"heapLimitMb":4144,"rssMb":151}}
{"t":"2026-09-29T17:08:23.821Z","level":"info","msg":"discovery finished","taskId":"dfa00710-4ee8-4b02-8b1d-d065680f54dd","taskType":"discover","data":{"company":"acme.example","outcome":"resolved","fetches":3,"best":"ats_link"}}
{"t":"2026-09-29T17:08:23.825Z","level":"info","msg":"task done","taskId":"dfa00710-4ee8-4b02-8b1d-d065680f54dd","taskType":"discover","data":{"id":"dfa00710-4ee8-4b02-8b1d-d065680f54dd","type":"discover","ms":188,"heapUsedMb":82,"heapDeltaMb":3,"heapLimitMb":4144,"rssMb":151,"rssDeltaMb":0}}
{"t":"2026-09-29T17:08:23.827Z","level":"info","msg":"task start","taskId":"0a53e7f1-fbee-4808-9f8e-dfa92df0ec6e","taskType":"scan_company","data":{"id":"0a53e7f1-fbee-4808-9f8e-dfa92df0ec6e","type":"scan_company","attempt":1,"workerId":"test","commit":null,"readyWaitMs":26,"heapUsedMb":82,"heapLimitMb":4144,"rssMb":151}}
{"t":"2026-09-29T17:08:24.003Z","level":"info","msg":"source scanned","taskId":"0a53e7f1-fbee-4808-9f8e-dfa92df0ec6e","taskType":"scan_company","data":{"company":"Acme Robotics","type":"greenhouse","status":"ok","postings":5,"new":5,"closed":0,"followers":1,"deferredDescriptions":0,"reusedListing":false,"claimFetchedBytes":1452,"claimRequests":3,"claimRevalidated":0,"heapUsedMb":85,"ms":170}}
{"t":"2026-09-29T17:08:24.012Z","level":"info","msg":"task done","taskId":"0a53e7f1-fbee-4808-9f8e-dfa92df0ec6e","taskType":"scan_company","data":{"id":"0a53e7f1-fbee-4808-9f8e-dfa92df0ec6e","type":"scan_company","ms":185,"heapUsedMb":85,"heapDeltaMb":3,"heapLimitMb":4144,"rssMb":151,"rssDeltaMb":0}}
{"t":"2026-09-29T17:08:24.016Z","level":"info","msg":"task start","taskId":"2b5f83fc-d2e0-40ac-8283-942bfb5c3ce5","taskType":"fetch_description","data":{"id":"2b5f83fc-d2e0-40ac-8283-942bfb5c3ce5","type":"fetch_description","attempt":1,"workerId":"test","commit":null,"readyWaitMs":46,"heapUsedMb":85,"heapLimitMb":4144,"rssMb":151}}
{"t":"2026-09-29T17:08:24.034Z","level":"info","msg":"task done","taskId":"2b5f83fc-d2e0-40ac-8283-942bfb5c3ce5","taskType":"fetch_description","data":{"id":"2b5f83fc-d2e0-40ac-8283-942bfb5c3ce5","type":"fetch_description","ms":19,"heapUsedMb":87,"heapDeltaMb":2,"heapLimitMb":4144,"rssMb":154,"rssDeltaMb":3}}
{"t":"2026-09-29T17:08:24.036Z","level":"info","msg":"task start","taskId":"55e18a56-8959-4031-9347-a697f822bc4f","taskType":"fetch_description","data":{"id":"55e18a56-8959-4031-9347-a697f822bc4f","type":"fetch_description","attempt":1,"workerId":"test","commit":null,"readyWaitMs":66,"heapUsedMb":87,"heapLimitMb":4144,"rssMb":154}}
{"t":"2026-09-29T17:08:24.082Z","level":"info","msg":"task done","taskId":"55e18a56-8959-4031-9347-a697f822bc4f","taskType":"fetch_description","data":{"id":"55e18a56-8959-4031-9347-a697f822bc4f","type":"fetch_description","ms":46,"heapUsedMb":88,"heapDeltaMb":1,"heapLimitMb":4144,"rssMb":154,"rssDeltaMb":0}}
{"t":"2026-09-29T17:08:24.084Z","level":"info","msg":"task start","taskId":"7e9ceb95-4299-4ff1-9eac-3c5d065cbde8","taskType":"fetch_description","data":{"id":"7e9ceb95-4299-4ff1-9eac-3c5d065cbde8","type":"fetch_description","attempt":1,"workerId":"test","commit":null,"readyWaitMs":114,"heapUsedMb":88,"heapLimitMb":4144,"rssMb":154}}
{"t":"2026-09-29T17:08:24.134Z","level":"info","msg":"task done","taskId":"7e9ceb95-4299-4ff1-9eac-3c5d065cbde8","taskType":"fetch_description","data":{"id":"7e9ceb95-4299-4ff1-9eac-3c5d065cbde8","type":"fetch_description","ms":50,"heapUsedMb":89,"heapDeltaMb":1,"heapLimitMb":4144,"rssMb":154,"rssDeltaMb":0}}
{"t":"2026-09-29T17:08:24.135Z","level":"info","msg":"task start","taskId":"ec7ad2ad-4b14-4dee-a342-6bf1de515254","taskType":"fetch_description","data":{"id":"ec7ad2ad-4b14-4dee-a342-6bf1de515254","type":"fetch_description","attempt":1,"workerId":"test","commit":null,"readyWaitMs":165,"heapUsedMb":89,"heapLimitMb":4144,"rssMb":154}}
{"t":"2026-09-29T17:08:24.181Z","level":"info","msg":"task done","taskId":"ec7ad2ad-4b14-4dee-a342-6bf1de515254","taskType":"fetch_description","data":{"id":"ec7ad2ad-4b14-4dee-a342-6bf1de515254","type":"fetch_description","ms":46,"heapUsedMb":80,"heapDeltaMb":-9,"heapLimitMb":4144,"rssMb":154,"rssDeltaMb":0}}
{"t":"2026-09-29T17:08:24.184Z","level":"info","msg":"task start","taskId":"2fa5820a-2cb9-4c83-9682-92b8914776c2","taskType":"discover","data":{"id":"2fa5820a-2cb9-4c83-9682-92b8914776c2","type":"discover","attempt":1,"workerId":"test","commit":null,"readyWaitMs":547,"heapUsedMb":80,"heapLimitMb":4144,"rssMb":154}}
{"t":"2026-09-29T17:08:24.237Z","level":"warn","msg":"logo re-encode failed; the original is kept","taskId":"2fa5820a-2cb9-4c83-9682-92b8914776c2","taskType":"discover","data":{"error":"Input buffer has corrupt header:","bytes":400}}
{"t":"2026-09-29T17:08:24.242Z","level":"info","msg":"logo captured","taskId":"2fa5820a-2cb9-4c83-9682-92b8914776c2","taskType":"discover","data":{"company":"Acme Robotics","source":"site_icon","sourceUrl":"https://www.acme.example/favicon.png","bytes":400,"contentType":"image/png"}}
{"t":"2026-09-29T17:08:24.244Z","level":"info","msg":"task done","taskId":"2fa5820a-2cb9-4c83-9682-92b8914776c2","taskType":"discover","data":{"id":"2fa5820a-2cb9-4c83-9682-92b8914776c2","type":"discover","ms":61,"heapUsedMb":81,"heapDeltaMb":1,"heapLimitMb":4144,"rssMb":154,"rssDeltaMb":0}}
{"t":"2026-09-29T17:08:24.371Z","level":"info","msg":"source scanned","data":{"company":"acme.example","type":"greenhouse","status":"ok","postings":5,"new":0,"closed":0,"followers":1,"deferredDescriptions":0,"reusedListing":false,"claimFetchedBytes":1452,"claimRequests":3,"claimRevalidated":0,"heapUsedMb":83,"ms":123}}
{"t":"2026-09-29T17:08:24.523Z","level":"info","msg":"source scanned","data":{"company":"acme.example","type":"greenhouse","status":"ok","postings":5,"new":0,"closed":0,"followers":1,"deferredDescriptions":0,"reusedListing":false,"claimFetchedBytes":1452,"claimRequests":3,"claimRevalidated":0,"heapUsedMb":85,"ms":146}}
{"t":"2026-09-29T17:08:24.761Z","level":"info","msg":"task start","taskId":"d360a163-baab-4667-8f99-a222e5ec5f71","taskType":"discover","data":{"id":"d360a163-baab-4667-8f99-a222e5ec5f71","type":"discover","attempt":1,"workerId":"test","commit":null,"readyWaitMs":6,"heapUsedMb":86,"heapLimitMb":4144,"rssMb":152}}
{"t":"2026-09-29T17:08:24.930Z","level":"info","msg":"discovery finished","taskId":"d360a163-baab-4667-8f99-a222e5ec5f71","taskType":"discover","data":{"company":"acme.example","outcome":"resolved","fetches":3,"best":"ats_link"}}
{"t":"2026-09-29T17:08:24.933Z","level":"info","msg":"task done","taskId":"d360a163-baab-4667-8f99-a222e5ec5f71","taskType":"discover","data":{"id":"d360a163-baab-4667-8f99-a222e5ec5f71","type":"discover","ms":172,"heapUsedMb":89,"heapDeltaMb":3,"heapLimitMb":4144,"rssMb":153,"rssDeltaMb":1}}
{"t":"2026-09-29T17:08:24.935Z","level":"info","msg":"task start","taskId":"0326fc67-cab0-497d-9b48-55c8a4789aa0","taskType":"scan_company","data":{"id":"0326fc67-cab0-497d-9b48-55c8a4789aa0","type":"scan_company","attempt":1,"workerId":"test","commit":null,"readyWaitMs":14,"heapUsedMb":89,"heapLimitMb":4144,"rssMb":153}}
{"t":"2026-09-29T17:08:25.109Z","level":"info","msg":"source scanned","taskId":"0326fc67-cab0-497d-9b48-55c8a4789aa0","taskType":"scan_company","data":{"company":"Acme Robotics","type":"greenhouse","status":"ok","postings":5,"new":5,"closed":0,"followers":1,"deferredDescriptions":0,"reusedListing":false,"claimFetchedBytes":1452,"claimRequests":3,"claimRevalidated":0,"heapUsedMb":82,"ms":170}}
{"t":"2026-09-29T17:08:25.120Z","level":"info","msg":"task done","taskId":"0326fc67-cab0-497d-9b48-55c8a4789aa0","taskType":"scan_company","data":{"id":"0326fc67-cab0-497d-9b48-55c8a4789aa0","type":"scan_company","ms":185,"heapUsedMb":82,"heapDeltaMb":-7,"heapLimitMb":4144,"rssMb":154,"rssDeltaMb":1}}
{"t":"2026-09-29T17:08:25.123Z","level":"info","msg":"task start","taskId":"f68ac386-bf56-4d15-b375-b4d8331b3ace","taskType":"fetch_description","data":{"id":"f68ac386-bf56-4d15-b375-b4d8331b3ace","type":"fetch_description","attempt":1,"workerId":"test","commit":null,"readyWaitMs":43,"heapUsedMb":82,"heapLimitMb":4144,"rssMb":154}}
{"t":"2026-09-29T17:08:25.145Z","level":"info","msg":"task done","taskId":"f68ac386-bf56-4d15-b375-b4d8331b3ace","taskType":"fetch_description","data":{"id":"f68ac386-bf56-4d15-b375-b4d8331b3ace","type":"fetch_description","ms":22,"heapUsedMb":83,"heapDeltaMb":1,"heapLimitMb":4144,"rssMb":154,"rssDeltaMb":0}}
{"t":"2026-09-29T17:08:25.146Z","level":"info","msg":"task start","taskId":"d77e7389-9c68-49fa-a48a-8e1d6dd592a3","taskType":"fetch_description","data":{"id":"d77e7389-9c68-49fa-a48a-8e1d6dd592a3","type":"fetch_description","attempt":1,"workerId":"test","commit":null,"readyWaitMs":66,"heapUsedMb":83,"heapLimitMb":4144,"rssMb":154}}
{"t":"2026-09-29T17:08:25.191Z","level":"info","msg":"task done","taskId":"d77e7389-9c68-49fa-a48a-8e1d6dd592a3","taskType":"fetch_description","data":{"id":"d77e7389-9c68-49fa-a48a-8e1d6dd592a3","type":"fetch_description","ms":45,"heapUsedMb":84,"heapDeltaMb":1,"heapLimitMb":4144,"rssMb":154,"rssDeltaMb":0}}
{"t":"2026-09-29T17:08:25.193Z","level":"info","msg":"task start","taskId":"0648cb79-59a5-497a-abf1-1ffaa2bbdeed","taskType":"fetch_description","data":{"id":"0648cb79-59a5-497a-abf1-1ffaa2bbdeed","type":"fetch_description","attempt":1,"workerId":"test","commit":null,"readyWaitMs":113,"heapUsedMb":85,"heapLimitMb":4144,"rssMb":154}}
{"t":"2026-09-29T17:08:25.253Z","level":"info","msg":"task done","taskId":"0648cb79-59a5-497a-abf1-1ffaa2bbdeed","taskType":"fetch_description","data":{"id":"0648cb79-59a5-497a-abf1-1ffaa2bbdeed","type":"fetch_description","ms":60,"heapUsedMb":86,"heapDeltaMb":1,"heapLimitMb":4144,"rssMb":154,"rssDeltaMb":0}}
{"t":"2026-09-29T17:08:25.255Z","level":"info","msg":"task start","taskId":"a1443582-54d2-4fb2-8f9d-d4f9de6afb0d","taskType":"fetch_description","data":{"id":"a1443582-54d2-4fb2-8f9d-d4f9de6afb0d","type":"fetch_description","attempt":1,"workerId":"test","commit":null,"readyWaitMs":175,"heapUsedMb":86,"heapLimitMb":4144,"rssMb":154}}
{"t":"2026-09-29T17:08:25.308Z","level":"info","msg":"task done","taskId":"a1443582-54d2-4fb2-8f9d-d4f9de6afb0d","taskType":"fetch_description","data":{"id":"a1443582-54d2-4fb2-8f9d-d4f9de6afb0d","type":"fetch_description","ms":53,"heapUsedMb":87,"heapDeltaMb":1,"heapLimitMb":4144,"rssMb":154,"rssDeltaMb":0}}
{"t":"2026-09-29T17:08:25.311Z","level":"info","msg":"task start","taskId":"64bab88f-0cf0-41af-b88c-a25ae6c991ed","taskType":"discover","data":{"id":"64bab88f-0cf0-41af-b88c-a25ae6c991ed","type":"discover","attempt":1,"workerId":"test","commit":null,"readyWaitMs":550,"heapUsedMb":87,"heapLimitMb":4144,"rssMb":154}}
{"t":"2026-09-29T17:08:25.370Z","level":"warn","msg":"logo re-encode failed; the original is kept","taskId":"64bab88f-0cf0-41af-b88c-a25ae6c991ed","taskType":"discover","data":{"error":"Input buffer has corrupt header:","bytes":400}}
{"t":"2026-09-29T17:08:25.385Z","level":"info","msg":"logo captured","taskId":"64bab88f-0cf0-41af-b88c-a25ae6c991ed","taskType":"discover","data":{"company":"Acme Robotics","source":"site_icon","sourceUrl":"https://www.acme.example/favicon.png","bytes":400,"contentType":"image/png"}}
{"t":"2026-09-29T17:08:25.389Z","level":"info","msg":"task done","taskId":"64bab88f-0cf0-41af-b88c-a25ae6c991ed","taskType":"discover","data":{"id":"64bab88f-0cf0-41af-b88c-a25ae6c991ed","type":"discover","ms":78,"heapUsedMb":88,"heapDeltaMb":1,"heapLimitMb":4144,"rssMb":154,"rssDeltaMb":0}}
{"t":"2026-09-29T17:08:25.722Z","level":"info","msg":"slow database query","data":{"durationMs":287,"statement":"truncate users, companies, career_sources, discovery_runs, scan_runs, scans, jobs, job_events, decisions, tasks, setting"}}
{"t":"2026-09-29T17:08:25.753Z","level":"info","msg":"source scanned","data":{"company":"Empty Co","type":"html","status":"ok","postings":0,"new":0,"closed":0,"followers":0,"deferredDescriptions":0,"reusedListing":false,"claimFetchedBytes":152,"claimRequests":1,"claimRevalidated":0,"heapUsedMb":92,"ms":18}}
{"t":"2026-09-29T17:08:26.048Z","level":"info","msg":"slow database query","data":{"durationMs":292,"statement":"truncate users, companies, career_sources, discovery_runs, scan_runs, scans, jobs, job_events, decisions, tasks, setting"}}
{"t":"2026-09-29T17:08:26.079Z","level":"info","msg":"source scanned","data":{"company":"Filtered Co","type":"html","status":"failed","postings":0,"new":0,"closed":0,"followers":0,"deferredDescriptions":0,"reusedListing":false,"claimFetchedBytes":61,"claimRequests":1,"claimRevalidated":0,"heapUsedMb":83,"ms":15}}
{"t":"2026-09-29T17:08:26.417Z","level":"info","msg":"slow database query","data":{"durationMs":334,"statement":"truncate users, companies, career_sources, discovery_runs, scan_runs, scans, jobs, job_events, decisions, tasks, setting"}}
{"t":"2026-09-29T17:08:27.574Z","level":"info","msg":"source scanned","data":{"company":"Acme","type":"html","status":"partial","postings":1,"new":1,"closed":0,"followers":0,"deferredDescriptions":0,"reusedListing":false,"claimFetchedBytes":159093,"claimRequests":1,"claimRevalidated":0,"heapUsedMb":97,"ms":1141}}
{"t":"2026-09-29T17:08:28.920Z","level":"info","msg":"source scanned","data":{"company":"Acme","type":"html","status":"partial","postings":1,"new":1,"closed":0,"followers":0,"deferredDescriptions":0,"reusedListing":false,"claimFetchedBytes":159131,"claimRequests":2,"claimRevalidated":0,"heapUsedMb":125,"ms":1106}}
{"t":"2026-09-29T17:08:29.939Z","level":"info","msg":"source scanned","data":{"company":"Acme","type":"html","status":"partial","postings":1,"new":0,"closed":0,"followers":0,"deferredDescriptions":0,"reusedListing":false,"claimFetchedBytes":159131,"claimRequests":2,"claimRevalidated":0,"heapUsedMb":148,"ms":1013}}
{"t":"2026-09-29T17:08:30.128Z","level":"info","msg":"source scanned","data":{"company":"Acme","type":"html","status":"ok","postings":2,"new":2,"closed":0,"followers":0,"deferredDescriptions":0,"reusedListing":false,"claimFetchedBytes":142,"claimRequests":2,"claimRevalidated":0,"heapUsedMb":138,"ms":15}}
{"t":"2026-09-29T17:08:30.171Z","level":"info","msg":"source scanned","data":{"company":"Acme","type":"html","status":"partial","postings":0,"new":0,"closed":0,"followers":0,"deferredDescriptions":0,"reusedListing":false,"claimFetchedBytes":96,"claimRequests":2,"claimRevalidated":0,"heapUsedMb":140,"ms":40}}
{"t":"2026-09-29T17:08:30.229Z","level":"info","msg":"source scanned","data":{"company":"Acme","type":"html","status":"partial","postings":1,"new":0,"closed":0,"followers":0,"deferredDescriptions":0,"reusedListing":false,"claimFetchedBytes":96,"claimRequests":2,"claimRevalidated":0,"heapUsedMb":142,"ms":55}}
{"t":"2026-09-29T17:08:30.282Z","level":"info","msg":"source scanned","data":{"company":"Acme","type":"html","status":"partial","postings":1,"new":0,"closed":0,"followers":0,"deferredDescriptions":0,"reusedListing":false,"claimFetchedBytes":129,"claimRequests":2,"claimRevalidated":0,"heapUsedMb":143,"ms":49}}
{"t":"2026-09-29T17:08:30.592Z","level":"info","msg":"source scanned","data":{"company":"Acme","type":"html","status":"ok","postings":3,"new":3,"closed":0,"followers":0,"deferredDescriptions":0,"reusedListing":false,"claimFetchedBytes":329,"claimRequests":5,"claimRevalidated":0,"heapUsedMb":147,"ms":122}}
{"t":"2026-09-29T17:08:30.723Z","level":"warn","msg":"HTML pagination incomplete","data":{"url":"https://www.acme.example/listing?page=3","error":"HTTP 404 from https://www.acme.example/listing?page=3"}}
{"t":"2026-09-29T17:08:30.737Z","level":"info","msg":"source scanned","data":{"company":"Acme","type":"html","status":"partial","postings":2,"new":0,"closed":0,"followers":0,"deferredDescriptions":0,"reusedListing":false,"claimFetchedBytes":280,"claimRequests":5,"claimRevalidated":0,"heapUsedMb":150,"ms":140}}
{"t":"2026-09-29T17:08:30.987Z","level":"info","msg":"source scanned","data":{"company":"Acme","type":"html","status":"ok","postings":3,"new":3,"closed":0,"followers":0,"deferredDescriptions":0,"reusedListing":false,"claimFetchedBytes":237,"claimRequests":3,"claimRevalidated":0,"heapUsedMb":143,"ms":67}}
{"t":"2026-09-29T17:08:31.345Z","level":"info","msg":"slow database query","data":{"durationMs":352,"statement":"truncate users, companies, career_sources, discovery_runs, scan_runs, scans, jobs, job_events, decisions, tasks, setting"}}
{"t":"2026-09-29T17:08:31.378Z","level":"info","msg":"source scanned","data":{"company":"Acme","type":"html","status":"ok","postings":2,"new":2,"closed":0,"followers":0,"deferredDescriptions":0,"reusedListing":false,"claimFetchedBytes":89,"claimRequests":2,"claimRevalidated":0,"heapUsedMb":146,"ms":18}}
{"t":"2026-09-29T17:08:31.429Z","level":"info","msg":"source scanned","data":{"company":"Acme","type":"html","status":"partial","postings":1,"new":0,"closed":0,"followers":0,"deferredDescriptions":0,"reusedListing":false,"claimFetchedBytes":89,"claimRequests":2,"claimRevalidated":0,"heapUsedMb":149,"ms":47}}
{"t":"2026-09-29T17:08:31.712Z","level":"info","msg":"source scanned","data":{"company":"Acme","type":"html","status":"partial","postings":2,"new":2,"closed":0,"followers":0,"deferredDescriptions":0,"reusedListing":false,"claimFetchedBytes":183,"claimRequests":2,"claimRevalidated":0,"heapUsedMb":152,"ms":17}}
{"t":"2026-09-29T17:08:31.981Z","level":"info","msg":"slow database query","data":{"durationMs":264,"statement":"truncate users, companies, career_sources, discovery_runs, scan_runs, scans, jobs, job_events, decisions, tasks, setting"}}
{"t":"2026-09-29T17:08:32.010Z","level":"info","msg":"source scanned","data":{"company":"Acme","type":"html","status":"ok","postings":1,"new":1,"closed":0,"followers":0,"deferredDescriptions":0,"reusedListing":false,"claimFetchedBytes":152,"claimRequests":2,"claimRevalidated":0,"heapUsedMb":145,"ms":16}}
{"t":"2026-09-29T17:08:32.329Z","level":"info","msg":"slow database query","data":{"durationMs":315,"statement":"truncate users, companies, career_sources, discovery_runs, scan_runs, scans, jobs, job_events, decisions, tasks, setting"}}
{"t":"2026-09-29T17:08:32.361Z","level":"info","msg":"source scanned","data":{"company":"Acme","type":"html","status":"partial","postings":1,"new":1,"closed":0,"followers":0,"deferredDescriptions":0,"reusedListing":false,"claimFetchedBytes":128,"claimRequests":1,"claimRevalidated":0,"heapUsedMb":148,"ms":16}}
{"t":"2026-09-29T17:08:32.544Z","level":"info","msg":"source scanned","data":{"company":"Acme","type":"html","status":"partial","postings":1,"new":1,"closed":0,"followers":0,"deferredDescriptions":0,"reusedListing":false,"claimFetchedBytes":156,"claimRequests":1,"claimRevalidated":0,"heapUsedMb":150,"ms":12}}
{"t":"2026-09-29T17:08:32.812Z","level":"info","msg":"source scanned","data":{"company":"Acme","type":"html","status":"partial","postings":1,"new":1,"closed":0,"followers":0,"deferredDescriptions":0,"reusedListing":false,"claimFetchedBytes":119,"claimRequests":1,"claimRevalidated":0,"heapUsedMb":153,"ms":27}}
{"t":"2026-09-29T17:08:32.852Z","level":"info","msg":"source scanned","data":{"company":"Acme","type":"html","status":"partial","postings":1,"new":0,"closed":0,"followers":0,"deferredDescriptions":0,"reusedListing":false,"claimFetchedBytes":238,"claimRequests":2,"claimRevalidated":0,"heapUsedMb":146,"ms":32}}
{"t":"2026-09-29T17:08:33.077Z","level":"info","msg":"source scanned","data":{"company":"Acme","type":"html","status":"ok","postings":2,"new":2,"closed":0,"followers":0,"deferredDescriptions":0,"reusedListing":false,"claimFetchedBytes":98,"claimRequests":1,"claimRevalidated":0,"heapUsedMb":149,"ms":29}}
{"t":"2026-09-29T17:08:33.125Z","level":"info","msg":"source scanned","data":{"company":"Acme","type":"html","status":"partial","postings":1,"new":0,"closed":0,"followers":0,"deferredDescriptions":0,"reusedListing":false,"claimFetchedBytes":114,"claimRequests":1,"claimRevalidated":0,"heapUsedMb":151,"ms":38}}
{"t":"2026-09-29T17:08:33.393Z","level":"info","msg":"source scanned","data":{"company":"Acme","type":"html","status":"ok","postings":2,"new":2,"closed":0,"followers":0,"deferredDescriptions":0,"reusedListing":false,"claimFetchedBytes":126,"claimRequests":2,"claimRevalidated":0,"heapUsedMb":154,"ms":67}}
{"t":"2026-09-29T17:08:33.490Z","level":"info","msg":"source scanned","data":{"company":"Acme","type":"html","status":"ok","postings":2,"new":0,"closed":0,"followers":0,"deferredDescriptions":0,"reusedListing":false,"claimFetchedBytes":126,"claimRequests":2,"claimRevalidated":0,"heapUsedMb":155,"ms":93}}
{"t":"2026-09-29T17:08:33.592Z","level":"info","msg":"source scanned","data":{"company":"Acme","type":"html","status":"ok","postings":2,"new":0,"closed":0,"followers":0,"deferredDescriptions":0,"reusedListing":false,"claimFetchedBytes":126,"claimRequests":2,"claimRevalidated":0,"heapUsedMb":146,"ms":98}}
{"t":"2026-09-29T17:08:33.693Z","level":"info","msg":"source scanned","data":{"company":"Acme","type":"html","status":"ok","postings":2,"new":0,"closed":0,"followers":0,"deferredDescriptions":0,"reusedListing":false,"claimFetchedBytes":126,"claimRequests":2,"claimRevalidated":0,"heapUsedMb":148,"ms":97}}
{"t":"2026-09-29T17:08:33.798Z","level":"info","msg":"source scanned","data":{"company":"Acme","type":"html","status":"ok","postings":2,"new":0,"closed":0,"followers":0,"deferredDescriptions":0,"reusedListing":false,"claimFetchedBytes":126,"claimRequests":2,"claimRevalidated":0,"heapUsedMb":150,"ms":89}}
{"t":"2026-09-29T17:08:34.057Z","level":"info","msg":"source scanned","data":{"company":"Acme","type":"html","status":"ok","postings":2,"new":2,"closed":0,"followers":0,"deferredDescriptions":0,"reusedListing":false,"claimFetchedBytes":126,"claimRequests":2,"claimRevalidated":0,"heapUsedMb":153,"ms":81}}
{"t":"2026-09-29T17:08:34.129Z","level":"warn","msg":"HTML pagination incomplete","data":{"url":"https://www.acme.example/listing?page=2","error":"HTTP 404 from https://www.acme.example/listing?page=2"}}
{"t":"2026-09-29T17:08:34.138Z","level":"info","msg":"source scanned","data":{"company":"Acme","type":"html","status":"partial","postings":1,"new":0,"closed":0,"followers":0,"deferredDescriptions":0,"reusedListing":false,"claimFetchedBytes":96,"claimRequests":2,"claimRevalidated":0,"heapUsedMb":155,"ms":77}}
{"t":"2026-09-29T17:08:34.229Z","level":"warn","msg":"HTML pagination incomplete","data":{"url":"https://www.acme.example/listing?page=2","error":"HTTP 404 from https://www.acme.example/listing?page=2"}}
{"t":"2026-09-29T17:08:34.239Z","level":"info","msg":"source scanned","data":{"company":"Acme","type":"html","status":"partial","postings":1,"new":0,"closed":0,"followers":0,"deferredDescriptions":0,"reusedListing":false,"claimFetchedBytes":96,"claimRequests":2,"claimRevalidated":0,"heapUsedMb":157,"ms":98}}
{"t":"2026-09-29T17:08:34.496Z","level":"info","msg":"slow database query","data":{"durationMs":254,"statement":"truncate users, companies, career_sources, discovery_runs, scan_runs, scans, jobs, job_events, decisions, tasks, setting"}}
{"t":"2026-09-29T17:08:34.527Z","level":"info","msg":"source scanned","data":{"company":"Acme","type":"html","status":"ok","postings":1,"new":1,"closed":0,"followers":0,"deferredDescriptions":0,"reusedListing":false,"claimFetchedBytes":45,"claimRequests":1,"claimRevalidated":0,"heapUsedMb":148,"ms":18}}
{"t":"2026-09-29T17:08:34.574Z","level":"info","msg":"source scanned","data":{"company":"Acme","type":"html","status":"ok","postings":1,"new":0,"closed":0,"followers":0,"deferredDescriptions":0,"reusedListing":false,"claimFetchedBytes":45,"claimRequests":1,"claimRevalidated":0,"heapUsedMb":150,"ms":44}}
{"t":"2026-09-29T17:08:34.910Z","level":"info","msg":"task start","taskId":"f45b767f-f2e6-407d-8272-7f635bd25b2e","taskType":"discover","data":{"id":"f45b767f-f2e6-407d-8272-7f635bd25b2e","type":"discover","attempt":1,"workerId":"test","commit":null,"readyWaitMs":6,"heapUsedMb":152,"heapLimitMb":4144,"rssMb":146}}
{"t":"2026-09-29T17:08:35.077Z","level":"info","msg":"discovery finished","taskId":"f45b767f-f2e6-407d-8272-7f635bd25b2e","taskType":"discover","data":{"company":"acme.example","outcome":"resolved","fetches":3,"best":"ats_link"}}
{"t":"2026-09-29T17:08:35.079Z","level":"info","msg":"task done","taskId":"f45b767f-f2e6-407d-8272-7f635bd25b2e","taskType":"discover","data":{"id":"f45b767f-f2e6-407d-8272-7f635bd25b2e","type":"discover","ms":169,"heapUsedMb":155,"heapDeltaMb":3,"heapLimitMb":4144,"rssMb":148,"rssDeltaMb":2}}
{"t":"2026-09-29T17:08:35.080Z","level":"info","msg":"task start","taskId":"577e6c75-045c-4806-ba10-a423bb966b2e","taskType":"scan_company","data":{"id":"577e6c75-045c-4806-ba10-a423bb966b2e","type":"scan_company","attempt":1,"workerId":"test","commit":null,"readyWaitMs":12,"heapUsedMb":155,"heapLimitMb":4144,"rssMb":148}}
{"t":"2026-09-29T17:08:35.254Z","level":"info","msg":"source scanned","taskId":"577e6c75-045c-4806-ba10-a423bb966b2e","taskType":"scan_company","data":{"company":"Acme Robotics","type":"greenhouse","status":"ok","postings":13,"new":13,"closed":0,"followers":1,"deferredDescriptions":0,"reusedListing":false,"claimFetchedBytes":3490,"claimRequests":3,"claimRevalidated":0,"heapUsedMb":158,"ms":168}}
{"t":"2026-09-29T17:08:35.262Z","level":"info","msg":"task done","taskId":"577e6c75-045c-4806-ba10-a423bb966b2e","taskType":"scan_company","data":{"id":"577e6c75-045c-4806-ba10-a423bb966b2e","type":"scan_company","ms":182,"heapUsedMb":159,"heapDeltaMb":4,"heapLimitMb":4144,"rssMb":147,"rssDeltaMb":-1}}
{"t":"2026-09-29T17:08:35.264Z","level":"info","msg":"task start","taskId":"376db932-dccb-4b07-9899-132a6162a560","taskType":"fetch_description","data":{"id":"376db932-dccb-4b07-9899-132a6162a560","type":"fetch_description","attempt":1,"workerId":"test","commit":null,"readyWaitMs":31,"heapUsedMb":159,"heapLimitMb":4144,"rssMb":147}}
{"t":"2026-09-29T17:08:35.278Z","level":"info","msg":"task done","taskId":"376db932-dccb-4b07-9899-132a6162a560","taskType":"fetch_description","data":{"id":"376db932-dccb-4b07-9899-132a6162a560","type":"fetch_description","ms":14,"heapUsedMb":149,"heapDeltaMb":-10,"heapLimitMb":4144,"rssMb":149,"rssDeltaMb":2}}
{"t":"2026-09-29T17:08:35.280Z","level":"info","msg":"task start","taskId":"27a3e096-a72b-4ba6-8514-2df04d33d6c0","taskType":"discover","data":{"id":"27a3e096-a72b-4ba6-8514-2df04d33d6c0","type":"discover","attempt":1,"workerId":"test","commit":null,"readyWaitMs":369,"heapUsedMb":149,"heapLimitMb":4144,"rssMb":149}}
{"t":"2026-09-29T17:08:35.333Z","level":"warn","msg":"logo re-encode failed; the original is kept","taskId":"27a3e096-a72b-4ba6-8514-2df04d33d6c0","taskType":"discover","data":{"error":"Input buffer has corrupt header:","bytes":400}}
{"t":"2026-09-29T17:08:35.337Z","level":"info","msg":"logo captured","taskId":"27a3e096-a72b-4ba6-8514-2df04d33d6c0","taskType":"discover","data":{"company":"Acme Robotics","source":"site_icon","sourceUrl":"https://www.acme.example/favicon.png","bytes":400,"contentType":"image/png"}}
{"t":"2026-09-29T17:08:35.338Z","level":"info","msg":"task done","taskId":"27a3e096-a72b-4ba6-8514-2df04d33d6c0","taskType":"discover","data":{"id":"27a3e096-a72b-4ba6-8514-2df04d33d6c0","type":"discover","ms":58,"heapUsedMb":150,"heapDeltaMb":1,"heapLimitMb":4144,"rssMb":150,"rssDeltaMb":1}}
{"t":"2026-09-29T17:08:35.344Z","level":"info","msg":"task start","taskId":"ab285850-bb5d-44c5-98ce-1732e956f436","taskType":"scan_company","data":{"id":"ab285850-bb5d-44c5-98ce-1732e956f436","type":"scan_company","attempt":1,"workerId":"test","commit":null,"readyWaitMs":5,"heapUsedMb":151,"heapLimitMb":4144,"rssMb":150}}
{"t":"2026-09-29T17:08:35.467Z","level":"info","msg":"source scanned","taskId":"ab285850-bb5d-44c5-98ce-1732e956f436","taskType":"scan_company","data":{"company":"Acme Robotics","type":"greenhouse","status":"partial","postings":3,"new":0,"closed":0,"followers":1,"deferredDescriptions":0,"reusedListing":false,"claimFetchedBytes":920,"claimRequests":3,"claimRevalidated":0,"heapUsedMb":153,"ms":120}}
{"t":"2026-09-29T17:08:35.472Z","level":"info","msg":"task done","taskId":"ab285850-bb5d-44c5-98ce-1732e956f436","taskType":"scan_company","data":{"id":"ab285850-bb5d-44c5-98ce-1732e956f436","type":"scan_company","ms":128,"heapUsedMb":153,"heapDeltaMb":2,"heapLimitMb":4144,"rssMb":151,"rssDeltaMb":1}}
{"t":"2026-09-29T17:08:35.476Z","level":"info","msg":"task start","taskId":"811e6443-f692-4698-abc5-b60ff08898fa","taskType":"scan_company","data":{"id":"811e6443-f692-4698-abc5-b60ff08898fa","type":"scan_company","attempt":1,"workerId":"test","commit":null,"readyWaitMs":3,"heapUsedMb":153,"heapLimitMb":4144,"rssMb":151}}
{"t":"2026-09-29T17:08:35.624Z","level":"info","msg":"source scanned","taskId":"811e6443-f692-4698-abc5-b60ff08898fa","taskType":"scan_company","data":{"company":"Acme Robotics","type":"greenhouse","status":"partial","postings":2,"new":0,"closed":0,"followers":1,"deferredDescriptions":0,"reusedListing":false,"claimFetchedBytes":667,"claimRequests":3,"claimRevalidated":0,"heapUsedMb":155,"ms":145}}
{"t":"2026-09-29T17:08:35.634Z","level":"info","msg":"task done","taskId":"811e6443-f692-4698-abc5-b60ff08898fa","taskType":"scan_company","data":{"id":"811e6443-f692-4698-abc5-b60ff08898fa","type":"scan_company","ms":158,"heapUsedMb":156,"heapDeltaMb":3,"heapLimitMb":4144,"rssMb":151,"rssDeltaMb":0}}
{"t":"2026-09-29T17:08:35.643Z","level":"info","msg":"task start","taskId":"7441f889-114f-4c20-8818-a9e3984fb681","taskType":"scan_company","data":{"id":"7441f889-114f-4c20-8818-a9e3984fb681","type":"scan_company","attempt":1,"workerId":"test","commit":null,"readyWaitMs":5,"heapUsedMb":156,"heapLimitMb":4144,"rssMb":151}}
{"t":"2026-09-29T17:08:35.775Z","level":"info","msg":"source scanned","taskId":"7441f889-114f-4c20-8818-a9e3984fb681","taskType":"scan_company","data":{"company":"Acme Robotics","type":"greenhouse","status":"partial","postings":1,"new":0,"closed":0,"followers":1,"deferredDescriptions":0,"reusedListing":false,"claimFetchedBytes":414,"claimRequests":3,"claimRevalidated":0,"heapUsedMb":158,"ms":124}}
{"t":"2026-09-29T17:08:35.780Z","level":"info","msg":"task done","taskId":"7441f889-114f-4c20-8818-a9e3984fb681","taskType":"scan_company","data":{"id":"7441f889-114f-4c20-8818-a9e3984fb681","type":"scan_company","ms":137,"heapUsedMb":158,"heapDeltaMb":2,"heapLimitMb":4144,"rssMb":151,"rssDeltaMb":0}}
{"t":"2026-09-29T17:08:35.781Z","level":"info","msg":"task start","taskId":"7d7b3b25-a8c5-48b0-94e4-4196f58763c8","taskType":"discover","data":{"id":"7d7b3b25-a8c5-48b0-94e4-4196f58763c8","type":"discover","attempt":1,"workerId":"test","commit":null,"readyWaitMs":20,"heapUsedMb":159,"heapLimitMb":4144,"rssMb":151}}
{"t":"2026-09-29T17:08:35.971Z","level":"info","msg":"discovery finished","taskId":"7d7b3b25-a8c5-48b0-94e4-4196f58763c8","taskType":"discover","data":{"company":"Acme Robotics","outcome":"resolved","fetches":3,"best":"ats_link"}}
{"t":"2026-09-29T17:08:35.977Z","level":"info","msg":"task done","taskId":"7d7b3b25-a8c5-48b0-94e4-4196f58763c8","taskType":"discover","data":{"id":"7d7b3b25-a8c5-48b0-94e4-4196f58763c8","type":"discover","ms":196,"heapUsedMb":151,"heapDeltaMb":-8,"heapLimitMb":4144,"rssMb":151,"rssDeltaMb":0}}
{"t":"2026-09-29T17:08:35.984Z","level":"info","msg":"task start","taskId":"cd40389d-9950-42be-b8de-d1ae57560e3e","taskType":"scan_company","data":{"id":"cd40389d-9950-42be-b8de-d1ae57560e3e","type":"scan_company","attempt":1,"workerId":"test","commit":null,"readyWaitMs":29,"heapUsedMb":151,"heapLimitMb":4144,"rssMb":151}}
{"t":"2026-09-29T17:08:36.004Z","level":"info","msg":"task done","taskId":"cd40389d-9950-42be-b8de-d1ae57560e3e","taskType":"scan_company","data":{"id":"cd40389d-9950-42be-b8de-d1ae57560e3e","type":"scan_company","ms":20,"heapUsedMb":152,"heapDeltaMb":1,"heapLimitMb":4144,"rssMb":151,"rssDeltaMb":0}}
{"t":"2026-09-29T17:08:36.009Z","level":"info","msg":"task start","taskId":"e64a911f-0d27-4ae9-a059-3da3d4632cf5","taskType":"discover","data":{"id":"e64a911f-0d27-4ae9-a059-3da3d4632cf5","type":"discover","attempt":1,"workerId":"test","commit":null,"readyWaitMs":227,"heapUsedMb":152,"heapLimitMb":4144,"rssMb":151}}
{"t":"2026-09-29T17:08:36.069Z","level":"warn","msg":"logo re-encode failed; the original is kept","taskId":"e64a911f-0d27-4ae9-a059-3da3d4632cf5","taskType":"discover","data":{"error":"Input buffer has corrupt header:","bytes":400}}
{"t":"2026-09-29T17:08:36.075Z","level":"info","msg":"logo captured","taskId":"e64a911f-0d27-4ae9-a059-3da3d4632cf5","taskType":"discover","data":{"company":"Acme Robotics","source":"site_icon","sourceUrl":"https://www.acme.example/favicon.png","bytes":400,"contentType":"image/png"}}
{"t":"2026-09-29T17:08:36.077Z","level":"info","msg":"task done","taskId":"e64a911f-0d27-4ae9-a059-3da3d4632cf5","taskType":"discover","data":{"id":"e64a911f-0d27-4ae9-a059-3da3d4632cf5","type":"discover","ms":68,"heapUsedMb":153,"heapDeltaMb":1,"heapLimitMb":4144,"rssMb":151,"rssDeltaMb":0}}
{"t":"2026-09-29T17:08:36.341Z","level":"info","msg":"slow database query","data":{"durationMs":260,"statement":"truncate users, companies, career_sources, discovery_runs, scan_runs, scans, jobs, job_events, decisions, tasks, setting"}}
{"t":"2026-09-29T17:08:36.362Z","level":"info","msg":"task start","taskId":"6bd1d008-089b-4a5c-8e48-c0a7a19ec010","taskType":"discover","data":{"id":"6bd1d008-089b-4a5c-8e48-c0a7a19ec010","type":"discover","attempt":1,"workerId":"test","commit":null,"readyWaitMs":7,"heapUsedMb":154,"heapLimitMb":4144,"rssMb":147}}
{"t":"2026-09-29T17:08:36.588Z","level":"info","msg":"discovery finished","taskId":"6bd1d008-089b-4a5c-8e48-c0a7a19ec010","taskType":"discover","data":{"company":"acme.example","outcome":"resolved","fetches":3,"best":"ats_link"}}
{"t":"2026-09-29T17:08:36.596Z","level":"info","msg":"task done","taskId":"6bd1d008-089b-4a5c-8e48-c0a7a19ec010","taskType":"discover","data":{"id":"6bd1d008-089b-4a5c-8e48-c0a7a19ec010","type":"discover","ms":234,"heapUsedMb":157,"heapDeltaMb":3,"heapLimitMb":4144,"rssMb":145,"rssDeltaMb":-2}}
{"t":"2026-09-29T17:08:36.602Z","level":"info","msg":"task start","taskId":"9deebac0-cebd-487a-9c36-acdecd5f4d1d","taskType":"scan_company","data":{"id":"9deebac0-cebd-487a-9c36-acdecd5f4d1d","type":"scan_company","attempt":1,"workerId":"test","commit":null,"readyWaitMs":66,"heapUsedMb":157,"heapLimitMb":4144,"rssMb":145}}
{"t":"2026-09-29T17:08:36.775Z","level":"info","msg":"source scanned","taskId":"9deebac0-cebd-487a-9c36-acdecd5f4d1d","taskType":"scan_company","data":{"company":"Acme Robotics","type":"greenhouse","status":"ok","postings":13,"new":13,"closed":0,"followers":1,"deferredDescriptions":0,"reusedListing":false,"claimFetchedBytes":3490,"claimRequests":3,"claimRevalidated":0,"heapUsedMb":160,"ms":152}}
{"t":"2026-09-29T17:08:36.785Z","level":"info","msg":"task done","taskId":"9deebac0-cebd-487a-9c36-acdecd5f4d1d","taskType":"scan_company","data":{"id":"9deebac0-cebd-487a-9c36-acdecd5f4d1d","type":"scan_company","ms":183,"heapUsedMb":160,"heapDeltaMb":3,"heapLimitMb":4144,"rssMb":146,"rssDeltaMb":1}}
{"t":"2026-09-29T17:08:36.790Z","level":"info","msg":"task start","taskId":"acab77b7-89bf-4b6e-b562-f5b1689b764d","taskType":"fetch_description","data":{"id":"acab77b7-89bf-4b6e-b562-f5b1689b764d","type":"fetch_description","attempt":1,"workerId":"test","commit":null,"readyWaitMs":45,"heapUsedMb":161,"heapLimitMb":4144,"rssMb":146}}
{"t":"2026-09-29T17:08:36.845Z","level":"info","msg":"task done","taskId":"acab77b7-89bf-4b6e-b562-f5b1689b764d","taskType":"fetch_description","data":{"id":"acab77b7-89bf-4b6e-b562-f5b1689b764d","type":"fetch_description","ms":55,"heapUsedMb":162,"heapDeltaMb":1,"heapLimitMb":4144,"rssMb":146,"rssDeltaMb":0}}
{"t":"2026-09-29T17:08:36.848Z","level":"info","msg":"task start","taskId":"6936423c-3273-48f4-a63f-6c3d8c1b7408","taskType":"discover","data":{"id":"6936423c-3273-48f4-a63f-6c3d8c1b7408","type":"discover","attempt":1,"workerId":"test","commit":null,"readyWaitMs":484,"heapUsedMb":162,"heapLimitMb":4144,"rssMb":146}}
{"t":"2026-09-29T17:08:36.905Z","level":"warn","msg":"logo re-encode failed; the original is kept","taskId":"6936423c-3273-48f4-a63f-6c3d8c1b7408","taskType":"discover","data":{"error":"Input buffer has corrupt header:","bytes":400}}
{"t":"2026-09-29T17:08:36.914Z","level":"info","msg":"logo captured","taskId":"6936423c-3273-48f4-a63f-6c3d8c1b7408","taskType":"discover","data":{"company":"Acme Robotics","source":"site_icon","sourceUrl":"https://www.acme.example/favicon.png","bytes":400,"contentType":"image/png"}}
{"t":"2026-09-29T17:08:36.918Z","level":"info","msg":"task done","taskId":"6936423c-3273-48f4-a63f-6c3d8c1b7408","taskType":"discover","data":{"id":"6936423c-3273-48f4-a63f-6c3d8c1b7408","type":"discover","ms":70,"heapUsedMb":152,"heapDeltaMb":-10,"heapLimitMb":4144,"rssMb":147,"rssDeltaMb":1}}
{"t":"2026-09-29T17:08:37.063Z","level":"info","msg":"source scanned","data":{"company":"acme.example","type":"greenhouse","status":"partial","postings":3,"new":0,"closed":0,"followers":1,"deferredDescriptions":0,"reusedListing":false,"claimFetchedBytes":920,"claimRequests":3,"claimRevalidated":0,"heapUsedMb":154,"ms":139}}
{"t":"2026-09-29T17:08:37.195Z","level":"info","msg":"source scanned","data":{"company":"acme.example","type":"greenhouse","status":"partial","postings":3,"new":0,"closed":0,"followers":1,"deferredDescriptions":0,"reusedListing":false,"claimFetchedBytes":920,"claimRequests":3,"claimRevalidated":0,"heapUsedMb":156,"ms":125}}
{"t":"2026-09-29T17:08:37.351Z","level":"info","msg":"source scanned","data":{"company":"acme.example","type":"greenhouse","status":"ok","postings":3,"new":0,"closed":0,"followers":1,"deferredDescriptions":0,"reusedListing":false,"claimFetchedBytes":920,"claimRequests":3,"claimRevalidated":0,"heapUsedMb":157,"ms":150}}
{"t":"2026-09-29T17:08:37.500Z","level":"info","msg":"source scanned","data":{"company":"acme.example","type":"greenhouse","status":"ok","postings":3,"new":0,"closed":10,"followers":1,"deferredDescriptions":0,"reusedListing":false,"claimFetchedBytes":920,"claimRequests":3,"claimRevalidated":0,"heapUsedMb":159,"ms":144}}
{"t":"2026-09-29T17:08:37.673Z","level":"info","msg":"task start","taskId":"3f70a255-4597-4af5-a5e4-fa583bc31eba","taskType":"discover","data":{"id":"3f70a255-4597-4af5-a5e4-fa583bc31eba","type":"discover","attempt":1,"workerId":"test","commit":null,"readyWaitMs":4,"heapUsedMb":161,"heapLimitMb":4144,"rssMb":147}}
{"t":"2026-09-29T17:08:37.842Z","level":"info","msg":"discovery finished","taskId":"3f70a255-4597-4af5-a5e4-fa583bc31eba","taskType":"discover","data":{"company":"acme.example","outcome":"resolved","fetches":3,"best":"ats_link"}}
{"t":"2026-09-29T17:08:37.844Z","level":"info","msg":"task done","taskId":"3f70a255-4597-4af5-a5e4-fa583bc31eba","taskType":"discover","data":{"id":"3f70a255-4597-4af5-a5e4-fa583bc31eba","type":"discover","ms":171,"heapUsedMb":164,"heapDeltaMb":3,"heapLimitMb":4144,"rssMb":148,"rssDeltaMb":1}}
{"t":"2026-09-29T17:08:37.845Z","level":"info","msg":"task start","taskId":"6ba10b27-81d4-4bfb-b575-c3f1f1b014c3","taskType":"scan_company","data":{"id":"6ba10b27-81d4-4bfb-b575-c3f1f1b014c3","type":"scan_company","attempt":1,"workerId":"test","commit":null,"readyWaitMs":12,"heapUsedMb":164,"heapLimitMb":4144,"rssMb":148}}
{"t":"2026-09-29T17:08:38.022Z","level":"info","msg":"source scanned","taskId":"6ba10b27-81d4-4bfb-b575-c3f1f1b014c3","taskType":"scan_company","data":{"company":"Acme Robotics","type":"greenhouse","status":"ok","postings":5,"new":5,"closed":0,"followers":1,"deferredDescriptions":0,"reusedListing":false,"claimFetchedBytes":1452,"claimRequests":3,"claimRevalidated":0,"heapUsedMb":156,"ms":170}}
{"t":"2026-09-29T17:08:38.033Z","level":"info","msg":"task done","taskId":"6ba10b27-81d4-4bfb-b575-c3f1f1b014c3","taskType":"scan_company","data":{"id":"6ba10b27-81d4-4bfb-b575-c3f1f1b014c3","type":"scan_company","ms":188,"heapUsedMb":156,"heapDeltaMb":-8,"heapLimitMb":4144,"rssMb":149,"rssDeltaMb":1}}
{"t":"2026-09-29T17:08:38.036Z","level":"info","msg":"task start","taskId":"cb9df8ed-8262-4c25-8daa-388a9b07a3bd","taskType":"fetch_description","data":{"id":"cb9df8ed-8262-4c25-8daa-388a9b07a3bd","type":"fetch_description","attempt":1,"workerId":"test","commit":null,"readyWaitMs":40,"heapUsedMb":156,"heapLimitMb":4144,"rssMb":149}}
{"t":"2026-09-29T17:08:38.059Z","level":"info","msg":"task done","taskId":"cb9df8ed-8262-4c25-8daa-388a9b07a3bd","taskType":"fetch_description","data":{"id":"cb9df8ed-8262-4c25-8daa-388a9b07a3bd","type":"fetch_description","ms":23,"heapUsedMb":157,"heapDeltaMb":1,"heapLimitMb":4144,"rssMb":147,"rssDeltaMb":-2}}
{"t":"2026-09-29T17:08:38.060Z","level":"info","msg":"task start","taskId":"303b92bb-b169-4c15-8918-00c92662ad12","taskType":"fetch_description","data":{"id":"303b92bb-b169-4c15-8918-00c92662ad12","type":"fetch_description","attempt":1,"workerId":"test","commit":null,"readyWaitMs":64,"heapUsedMb":157,"heapLimitMb":4144,"rssMb":148}}
{"t":"2026-09-29T17:08:38.106Z","level":"info","msg":"task done","taskId":"303b92bb-b169-4c15-8918-00c92662ad12","taskType":"fetch_description","data":{"id":"303b92bb-b169-4c15-8918-00c92662ad12","type":"fetch_description","ms":46,"heapUsedMb":158,"heapDeltaMb":1,"heapLimitMb":4144,"rssMb":148,"rssDeltaMb":0}}
{"t":"2026-09-29T17:08:38.108Z","level":"info","msg":"task start","taskId":"9f6f3d3f-86e2-4957-911a-fb99c670ff49","taskType":"fetch_description","data":{"id":"9f6f3d3f-86e2-4957-911a-fb99c670ff49","type":"fetch_description","attempt":1,"workerId":"test","commit":null,"readyWaitMs":112,"heapUsedMb":159,"heapLimitMb":4144,"rssMb":148}}
{"t":"2026-09-29T17:08:38.156Z","level":"info","msg":"task done","taskId":"9f6f3d3f-86e2-4957-911a-fb99c670ff49","taskType":"fetch_description","data":{"id":"9f6f3d3f-86e2-4957-911a-fb99c670ff49","type":"fetch_description","ms":48,"heapUsedMb":160,"heapDeltaMb":1,"heapLimitMb":4144,"rssMb":148,"rssDeltaMb":0}}
{"t":"2026-09-29T17:08:38.157Z","level":"info","msg":"task start","taskId":"08b643da-6291-4512-aa07-a38ef360a395","taskType":"fetch_description","data":{"id":"08b643da-6291-4512-aa07-a38ef360a395","type":"fetch_description","attempt":1,"workerId":"test","commit":null,"readyWaitMs":161,"heapUsedMb":160,"heapLimitMb":4144,"rssMb":148}}
{"t":"2026-09-29T17:08:38.204Z","level":"info","msg":"task done","taskId":"08b643da-6291-4512-aa07-a38ef360a395","taskType":"fetch_description","data":{"id":"08b643da-6291-4512-aa07-a38ef360a395","type":"fetch_description","ms":47,"heapUsedMb":161,"heapDeltaMb":1,"heapLimitMb":4144,"rssMb":148,"rssDeltaMb":0}}
{"t":"2026-09-29T17:08:38.206Z","level":"info","msg":"task start","taskId":"53e0370e-ad47-451d-9389-04b2c965ae18","taskType":"discover","data":{"id":"53e0370e-ad47-451d-9389-04b2c965ae18","type":"discover","attempt":1,"workerId":"test","commit":null,"readyWaitMs":532,"heapUsedMb":161,"heapLimitMb":4144,"rssMb":148}}
{"t":"2026-09-29T17:08:38.259Z","level":"warn","msg":"logo re-encode failed; the original is kept","taskId":"53e0370e-ad47-451d-9389-04b2c965ae18","taskType":"discover","data":{"error":"Input buffer has corrupt header:","bytes":400}}
{"t":"2026-09-29T17:08:38.267Z","level":"info","msg":"logo captured","taskId":"53e0370e-ad47-451d-9389-04b2c965ae18","taskType":"discover","data":{"company":"Acme Robotics","source":"site_icon","sourceUrl":"https://www.acme.example/favicon.png","bytes":400,"contentType":"image/png"}}
{"t":"2026-09-29T17:08:38.269Z","level":"info","msg":"task done","taskId":"53e0370e-ad47-451d-9389-04b2c965ae18","taskType":"discover","data":{"id":"53e0370e-ad47-451d-9389-04b2c965ae18","type":"discover","ms":63,"heapUsedMb":162,"heapDeltaMb":1,"heapLimitMb":4144,"rssMb":148,"rssDeltaMb":0}}
{"t":"2026-09-29T17:08:38.279Z","level":"info","msg":"source scanned","data":{"company":"acme.example","type":"greenhouse","status":"failed","postings":0,"new":0,"closed":0,"followers":1,"deferredDescriptions":0,"reusedListing":false,"claimFetchedBytes":16,"claimRequests":1,"claimRevalidated":0,"heapUsedMb":163,"ms":8}}
{"t":"2026-09-29T17:08:38.287Z","level":"info","msg":"daily run started","data":{"runId":"046cf4d7-1e35-4315-9c6e-3b1b689df631","runDate":"2026-09-07","companies":1,"logosQueued":0,"retired":0}}
{"t":"2026-09-29T17:08:38.484Z","level":"info","msg":"task start","taskId":"cdb86a36-d012-4a26-898b-ada8fdd8ab0a","taskType":"discover","data":{"id":"cdb86a36-d012-4a26-898b-ada8fdd8ab0a","type":"discover","attempt":1,"workerId":"test","commit":null,"readyWaitMs":7,"heapUsedMb":165,"heapLimitMb":4144,"rssMb":148}}
{"t":"2026-09-29T17:08:38.659Z","level":"info","msg":"discovery finished","taskId":"cdb86a36-d012-4a26-898b-ada8fdd8ab0a","taskType":"discover","data":{"company":"acme.example","outcome":"resolved","fetches":3,"best":"ats_link"}}
{"t":"2026-09-29T17:08:38.662Z","level":"info","msg":"task done","taskId":"cdb86a36-d012-4a26-898b-ada8fdd8ab0a","taskType":"discover","data":{"id":"cdb86a36-d012-4a26-898b-ada8fdd8ab0a","type":"discover","ms":178,"heapUsedMb":157,"heapDeltaMb":-8,"heapLimitMb":4144,"rssMb":149,"rssDeltaMb":1}}
{"t":"2026-09-29T17:08:38.663Z","level":"info","msg":"task start","taskId":"65ba5f83-638a-4498-be62-9d4e3de76863","taskType":"scan_company","data":{"id":"65ba5f83-638a-4498-be62-9d4e3de76863","type":"scan_company","attempt":1,"workerId":"test","commit":null,"readyWaitMs":17,"heapUsedMb":157,"heapLimitMb":4144,"rssMb":149}}
{"t":"2026-09-29T17:08:38.825Z","level":"info","msg":"source scanned","taskId":"65ba5f83-638a-4498-be62-9d4e3de76863","taskType":"scan_company","data":{"company":"Acme Robotics","type":"greenhouse","status":"ok","postings":2,"new":2,"closed":0,"followers":1,"deferredDescriptions":0,"reusedListing":false,"claimFetchedBytes":721,"claimRequests":3,"claimRevalidated":0,"heapUsedMb":159,"ms":156}}
{"t":"2026-09-29T17:08:38.831Z","level":"info","msg":"task done","taskId":"65ba5f83-638a-4498-be62-9d4e3de76863","taskType":"scan_company","data":{"id":"65ba5f83-638a-4498-be62-9d4e3de76863","type":"scan_company","ms":168,"heapUsedMb":159,"heapDeltaMb":2,"heapLimitMb":4144,"rssMb":149,"rssDeltaMb":0}}
{"t":"2026-09-29T17:08:38.832Z","level":"info","msg":"task start","taskId":"82a57743-4ae0-49b4-913f-e8b29d1093d7","taskType":"fetch_description","data":{"id":"82a57743-4ae0-49b4-913f-e8b29d1093d7","type":"fetch_description","attempt":1,"workerId":"test","commit":null,"readyWaitMs":23,"heapUsedMb":160,"heapLimitMb":4144,"rssMb":149}}
{"t":"2026-09-29T17:08:38.856Z","level":"info","msg":"task done","taskId":"82a57743-4ae0-49b4-913f-e8b29d1093d7","taskType":"fetch_description","data":{"id":"82a57743-4ae0-49b4-913f-e8b29d1093d7","type":"fetch_description","ms":24,"heapUsedMb":161,"heapDeltaMb":1,"heapLimitMb":4144,"rssMb":149,"rssDeltaMb":0}}
{"t":"2026-09-29T17:08:38.858Z","level":"info","msg":"task start","taskId":"dd9684b2-66aa-43b9-8ce1-34c32120af8c","taskType":"discover","data":{"id":"dd9684b2-66aa-43b9-8ce1-34c32120af8c","type":"discover","attempt":1,"workerId":"test","commit":null,"readyWaitMs":373,"heapUsedMb":161,"heapLimitMb":4144,"rssMb":149}}
{"t":"2026-09-29T17:08:38.912Z","level":"warn","msg":"logo re-encode failed; the original is kept","taskId":"dd9684b2-66aa-43b9-8ce1-34c32120af8c","taskType":"discover","data":{"error":"Input buffer has corrupt header:","bytes":400}}
{"t":"2026-09-29T17:08:38.916Z","level":"info","msg":"logo captured","taskId":"dd9684b2-66aa-43b9-8ce1-34c32120af8c","taskType":"discover","data":{"company":"Acme Robotics","source":"site_icon","sourceUrl":"https://www.acme.example/favicon.png","bytes":400,"contentType":"image/png"}}
{"t":"2026-09-29T17:08:38.917Z","level":"info","msg":"task done","taskId":"dd9684b2-66aa-43b9-8ce1-34c32120af8c","taskType":"discover","data":{"id":"dd9684b2-66aa-43b9-8ce1-34c32120af8c","type":"discover","ms":59,"heapUsedMb":162,"heapDeltaMb":1,"heapLimitMb":4144,"rssMb":149,"rssDeltaMb":0}}
{"t":"2026-09-29T17:08:38.932Z","level":"info","msg":"task start","taskId":"1fab6201-b26c-4e8c-b827-22aae289b95b","taskType":"scan_company","data":{"id":"1fab6201-b26c-4e8c-b827-22aae289b95b","type":"scan_company","attempt":1,"workerId":"test","commit":null,"readyWaitMs":4,"heapUsedMb":160,"heapLimitMb":4144,"rssMb":156}}
{"t":"2026-09-29T17:08:41.051Z","level":"info","msg":"source scanned","taskId":"1fab6201-b26c-4e8c-b827-22aae289b95b","taskType":"scan_company","data":{"company":"Acme Robotics","type":"greenhouse","status":"partial","postings":10000,"new":10000,"closed":0,"followers":1,"deferredDescriptions":0,"reusedListing":false,"claimFetchedBytes":2559055,"claimRequests":3,"claimRevalidated":0,"heapUsedMb":290,"ms":2115}}
{"t":"2026-09-29T17:08:41.062Z","level":"info","msg":"task done","taskId":"1fab6201-b26c-4e8c-b827-22aae289b95b","taskType":"scan_company","data":{"id":"1fab6201-b26c-4e8c-b827-22aae289b95b","type":"scan_company","ms":2130,"heapUsedMb":290,"heapDeltaMb":130,"heapLimitMb":4144,"rssMb":320,"rssDeltaMb":164}}
{"t":"2026-09-29T17:08:41.064Z","level":"info","msg":"task start","taskId":"020d6822-591d-4c5e-93e8-4b6c14013b62","taskType":"scan_company","data":{"id":"020d6822-591d-4c5e-93e8-4b6c14013b62","type":"scan_company","attempt":1,"workerId":"test","commit":null,"readyWaitMs":2,"heapUsedMb":291,"heapLimitMb":4144,"rssMb":320}}
{"t":"2026-09-29T17:08:41.512Z","level":"info","msg":"source scanned","taskId":"020d6822-591d-4c5e-93e8-4b6c14013b62","taskType":"scan_company","data":{"company":"Acme Robotics","type":"greenhouse","status":"partial","postings":10000,"new":0,"closed":0,"followers":1,"deferredDescriptions":0,"reusedListing":false,"claimFetchedBytes":2559055,"claimRequests":3,"claimRevalidated":0,"heapUsedMb":329,"ms":444}}
{"t":"2026-09-29T17:08:41.528Z","level":"info","msg":"task done","taskId":"020d6822-591d-4c5e-93e8-4b6c14013b62","taskType":"scan_company","data":{"id":"020d6822-591d-4c5e-93e8-4b6c14013b62","type":"scan_company","ms":463,"heapUsedMb":329,"heapDeltaMb":38,"heapLimitMb":4144,"rssMb":357,"rssDeltaMb":37}}
{"t":"2026-09-29T17:08:41.754Z","level":"info","msg":"task start","taskId":"dd1cdaf0-21fa-4da0-97aa-676460c45e6e","taskType":"discover","data":{"id":"dd1cdaf0-21fa-4da0-97aa-676460c45e6e","type":"discover","attempt":1,"workerId":"test","commit":null,"readyWaitMs":5,"heapUsedMb":331,"heapLimitMb":4144,"rssMb":339}}
{"t":"2026-09-29T17:08:41.920Z","level":"info","msg":"discovery finished","taskId":"dd1cdaf0-21fa-4da0-97aa-676460c45e6e","taskType":"discover","data":{"company":"acme.example","outcome":"resolved","fetches":3,"best":"ats_link"}}
{"t":"2026-09-29T17:08:41.922Z","level":"info","msg":"task done","taskId":"dd1cdaf0-21fa-4da0-97aa-676460c45e6e","taskType":"discover","data":{"id":"dd1cdaf0-21fa-4da0-97aa-676460c45e6e","type":"discover","ms":168,"heapUsedMb":321,"heapDeltaMb":-10,"heapLimitMb":4144,"rssMb":339,"rssDeltaMb":0}}
{"t":"2026-09-29T17:08:41.924Z","level":"info","msg":"task start","taskId":"c6259420-f9ce-4b06-82d6-4a7d3621de47","taskType":"scan_company","data":{"id":"c6259420-f9ce-4b06-82d6-4a7d3621de47","type":"scan_company","attempt":1,"workerId":"test","commit":null,"readyWaitMs":10,"heapUsedMb":322,"heapLimitMb":4144,"rssMb":339}}
{"t":"2026-09-29T17:08:42.092Z","level":"info","msg":"source scanned","taskId":"c6259420-f9ce-4b06-82d6-4a7d3621de47","taskType":"scan_company","data":{"company":"Acme Robotics","type":"greenhouse","status":"ok","postings":7,"new":7,"closed":0,"followers":1,"deferredDescriptions":0,"reusedListing":false,"claimFetchedBytes":2047,"claimRequests":3,"claimRevalidated":0,"heapUsedMb":324,"ms":162}}
{"t":"2026-09-29T17:08:42.098Z","level":"info","msg":"task done","taskId":"c6259420-f9ce-4b06-82d6-4a7d3621de47","taskType":"scan_company","data":{"id":"c6259420-f9ce-4b06-82d6-4a7d3621de47","type":"scan_company","ms":174,"heapUsedMb":324,"heapDeltaMb":2,"heapLimitMb":4144,"rssMb":317,"rssDeltaMb":-22}}
{"t":"2026-09-29T17:08:42.100Z","level":"info","msg":"task start","taskId":"0baed50b-5886-4f3b-989e-38d77fd1319e","taskType":"discover","data":{"id":"0baed50b-5886-4f3b-989e-38d77fd1319e","type":"discover","attempt":1,"workerId":"test","commit":null,"readyWaitMs":346,"heapUsedMb":324,"heapLimitMb":4144,"rssMb":317}}
{"t":"2026-09-29T17:08:42.155Z","level":"warn","msg":"logo re-encode failed; the original is kept","taskId":"0baed50b-5886-4f3b-989e-38d77fd1319e","taskType":"discover","data":{"error":"Input buffer has corrupt header:","bytes":400}}
{"t":"2026-09-29T17:08:42.161Z","level":"info","msg":"logo captured","taskId":"0baed50b-5886-4f3b-989e-38d77fd1319e","taskType":"discover","data":{"company":"Acme Robotics","source":"site_icon","sourceUrl":"https://www.acme.example/favicon.png","bytes":400,"contentType":"image/png"}}
{"t":"2026-09-29T17:08:42.162Z","level":"info","msg":"task done","taskId":"0baed50b-5886-4f3b-989e-38d77fd1319e","taskType":"discover","data":{"id":"0baed50b-5886-4f3b-989e-38d77fd1319e","type":"discover","ms":62,"heapUsedMb":325,"heapDeltaMb":1,"heapLimitMb":4144,"rssMb":311,"rssDeltaMb":-6}}
{"t":"2026-09-29T17:08:42.165Z","level":"info","msg":"task start","taskId":"dc4d0d39-0880-400c-b973-b6b3a38e7e18","taskType":"suggest_from_scans","data":{"id":"dc4d0d39-0880-400c-b973-b6b3a38e7e18","type":"suggest_from_scans","attempt":1,"workerId":"test","commit":null,"readyWaitMs":3,"heapUsedMb":326,"heapLimitMb":4144,"rssMb":311}}
{"t":"2026-09-29T17:08:42.179Z","level":"info","msg":"scan suggestions filed","taskId":"dc4d0d39-0880-400c-b973-b6b3a38e7e18","taskType":"suggest_from_scans","data":{"userId":"b523ce35-5ebb-4c60-8f64-3cc8d83af6ba","titles":7,"unmatched":7,"inserted":2}}
{"t":"2026-09-29T17:08:42.180Z","level":"info","msg":"task done","taskId":"dc4d0d39-0880-400c-b973-b6b3a38e7e18","taskType":"suggest_from_scans","data":{"id":"dc4d0d39-0880-400c-b973-b6b3a38e7e18","type":"suggest_from_scans","ms":15,"heapUsedMb":326,"heapDeltaMb":0,"heapLimitMb":4144,"rssMb":312,"rssDeltaMb":1}}
{"t":"2026-09-29T17:08:42.185Z","level":"info","msg":"task start","taskId":"6ab681f2-78be-46f9-b7ab-461158baec91","taskType":"suggest_from_scans","data":{"id":"6ab681f2-78be-46f9-b7ab-461158baec91","type":"suggest_from_scans","attempt":1,"workerId":"test","commit":null,"readyWaitMs":4,"heapUsedMb":327,"heapLimitMb":4144,"rssMb":312}}
{"t":"2026-09-29T17:08:42.188Z","level":"info","msg":"scan suggestions filed","taskId":"6ab681f2-78be-46f9-b7ab-461158baec91","taskType":"suggest_from_scans","data":{"userId":"b523ce35-5ebb-4c60-8f64-3cc8d83af6ba","titles":7,"unmatched":7,"inserted":0}}
{"t":"2026-09-29T17:08:42.189Z","level":"info","msg":"task done","taskId":"6ab681f2-78be-46f9-b7ab-461158baec91","taskType":"suggest_from_scans","data":{"id":"6ab681f2-78be-46f9-b7ab-461158baec91","type":"suggest_from_scans","ms":4,"heapUsedMb":327,"heapDeltaMb":0,"heapLimitMb":4144,"rssMb":312,"rssDeltaMb":0}}
{"t":"2026-09-29T17:08:42.389Z","level":"info","msg":"source scanned","data":{"company":"Acme","type":"html","status":"ok","postings":2,"new":2,"closed":0,"followers":0,"deferredDescriptions":0,"reusedListing":false,"claimFetchedBytes":162,"claimRequests":2,"claimRevalidated":0,"heapUsedMb":330,"ms":14}}
{"t":"2026-09-29T17:08:42.438Z","level":"info","msg":"source scanned","data":{"company":"Acme","type":"html","status":"ok","postings":3,"new":1,"closed":0,"followers":0,"deferredDescriptions":0,"reusedListing":false,"claimFetchedBytes":206,"claimRequests":2,"claimRevalidated":0,"heapUsedMb":322,"ms":46}}
{"t":"2026-09-29T17:08:42.484Z","level":"info","msg":"source scanned","data":{"company":"Acme","type":"html","status":"partial","postings":2,"new":0,"closed":0,"followers":0,"deferredDescriptions":0,"reusedListing":false,"claimFetchedBytes":167,"claimRequests":2,"claimRevalidated":0,"heapUsedMb":324,"ms":43}}
{"t":"2026-09-29T17:08:42.537Z","level":"info","msg":"source scanned","data":{"company":"Acme","type":"html","status":"partial","postings":2,"new":0,"closed":0,"followers":0,"deferredDescriptions":0,"reusedListing":false,"claimFetchedBytes":167,"claimRequests":2,"claimRevalidated":0,"heapUsedMb":326,"ms":51}}
{"t":"2026-09-29T17:08:42.736Z","level":"info","msg":"source scanned","data":{"company":"Acme","type":"html","status":"partial","postings":1,"new":1,"closed":0,"followers":0,"deferredDescriptions":0,"reusedListing":false,"claimFetchedBytes":149,"claimRequests":2,"claimRevalidated":0,"heapUsedMb":329,"ms":22}}
{"t":"2026-09-29T17:08:42.776Z","level":"info","msg":"source scanned","data":{"company":"Acme","type":"html","status":"partial","postings":1,"new":0,"closed":0,"followers":0,"deferredDescriptions":0,"reusedListing":false,"claimFetchedBytes":149,"claimRequests":2,"claimRevalidated":0,"heapUsedMb":331,"ms":37}}
{"t":"2026-09-29T17:08:42.827Z","level":"info","msg":"source scanned","data":{"company":"Acme","type":"html","status":"partial","postings":1,"new":0,"closed":0,"followers":0,"deferredDescriptions":0,"reusedListing":false,"claimFetchedBytes":94,"claimRequests":1,"claimRevalidated":0,"heapUsedMb":333,"ms":48}}
{"t":"2026-09-29T17:08:42.879Z","level":"info","msg":"source scanned","data":{"company":"Acme","type":"html","status":"partial","postings":1,"new":0,"closed":0,"followers":0,"deferredDescriptions":0,"reusedListing":false,"claimFetchedBytes":94,"claimRequests":1,"claimRevalidated":0,"heapUsedMb":323,"ms":50}}
{"t":"2026-09-29T17:08:43.083Z","level":"info","msg":"task start","taskId":"3e613d7d-6e1c-48a0-985c-55b4a2e1ec5e","taskType":"discover","data":{"id":"3e613d7d-6e1c-48a0-985c-55b4a2e1ec5e","type":"discover","attempt":1,"workerId":"test","commit":null,"readyWaitMs":5,"heapUsedMb":325,"heapLimitMb":4144,"rssMb":276}}
{"t":"2026-09-29T17:08:43.268Z","level":"info","msg":"discovery finished","taskId":"3e613d7d-6e1c-48a0-985c-55b4a2e1ec5e","taskType":"discover","data":{"company":"acme.example","outcome":"resolved","fetches":3,"best":"ats_link"}}
{"t":"2026-09-29T17:08:43.275Z","level":"info","msg":"task done","taskId":"3e613d7d-6e1c-48a0-985c-55b4a2e1ec5e","taskType":"discover","data":{"id":"3e613d7d-6e1c-48a0-985c-55b4a2e1ec5e","type":"discover","ms":191,"heapUsedMb":327,"heapDeltaMb":2,"heapLimitMb":4144,"rssMb":275,"rssDeltaMb":-1}}
{"t":"2026-09-29T17:08:43.280Z","level":"info","msg":"task start","taskId":"4a49a706-8326-4f76-8fbd-c81fd39d13a8","taskType":"scan_company","data":{"id":"4a49a706-8326-4f76-8fbd-c81fd39d13a8","type":"scan_company","attempt":1,"workerId":"test","commit":null,"readyWaitMs":34,"heapUsedMb":328,"heapLimitMb":4144,"rssMb":275}}
{"t":"2026-09-29T17:08:43.416Z","level":"info","msg":"source scanned","taskId":"4a49a706-8326-4f76-8fbd-c81fd39d13a8","taskType":"scan_company","data":{"company":"Acme Robotics","type":"greenhouse","status":"ok","postings":5,"new":5,"closed":0,"followers":1,"deferredDescriptions":0,"reusedListing":false,"claimFetchedBytes":1452,"claimRequests":3,"claimRevalidated":0,"heapUsedMb":330,"ms":125}}
{"t":"2026-09-29T17:08:43.422Z","level":"info","msg":"task done","taskId":"4a49a706-8326-4f76-8fbd-c81fd39d13a8","taskType":"scan_company","data":{"id":"4a49a706-8326-4f76-8fbd-c81fd39d13a8","type":"scan_company","ms":142,"heapUsedMb":331,"heapDeltaMb":3,"heapLimitMb":4144,"rssMb":274,"rssDeltaMb":-1}}
{"t":"2026-09-29T17:08:43.425Z","level":"info","msg":"task start","taskId":"3cda6d73-cdd6-4f50-8b10-77d69cd8cee5","taskType":"fetch_description","data":{"id":"3cda6d73-cdd6-4f50-8b10-77d69cd8cee5","type":"fetch_description","attempt":1,"workerId":"test","commit":null,"readyWaitMs":22,"heapUsedMb":331,"heapLimitMb":4144,"rssMb":274}}
{"t":"2026-09-29T17:08:43.455Z","level":"info","msg":"task done","taskId":"3cda6d73-cdd6-4f50-8b10-77d69cd8cee5","taskType":"fetch_description","data":{"id":"3cda6d73-cdd6-4f50-8b10-77d69cd8cee5","type":"fetch_description","ms":30,"heapUsedMb":332,"heapDeltaMb":1,"heapLimitMb":4144,"rssMb":275,"rssDeltaMb":1}}
{"t":"2026-09-29T17:08:43.456Z","level":"info","msg":"task start","taskId":"c2d00e32-73bc-401f-b5e0-6822e7008b48","taskType":"fetch_description","data":{"id":"c2d00e32-73bc-401f-b5e0-6822e7008b48","type":"fetch_description","attempt":1,"workerId":"test","commit":null,"readyWaitMs":53,"heapUsedMb":332,"heapLimitMb":4144,"rssMb":275}}
{"t":"2026-09-29T17:08:43.508Z","level":"info","msg":"task done","taskId":"c2d00e32-73bc-401f-b5e0-6822e7008b48","taskType":"fetch_description","data":{"id":"c2d00e32-73bc-401f-b5e0-6822e7008b48","type":"fetch_description","ms":52,"heapUsedMb":333,"heapDeltaMb":1,"heapLimitMb":4144,"rssMb":275,"rssDeltaMb":0}}
{"t":"2026-09-29T17:08:43.510Z","level":"info","msg":"task start","taskId":"e0746d18-7e4e-4408-91fa-8827e63f43d5","taskType":"fetch_description","data":{"id":"e0746d18-7e4e-4408-91fa-8827e63f43d5","type":"fetch_description","attempt":1,"workerId":"test","commit":null,"readyWaitMs":107,"heapUsedMb":333,"heapLimitMb":4144,"rssMb":275}}
{"t":"2026-09-29T17:08:43.560Z","level":"info","msg":"task done","taskId":"e0746d18-7e4e-4408-91fa-8827e63f43d5","taskType":"fetch_description","data":{"id":"e0746d18-7e4e-4408-91fa-8827e63f43d5","type":"fetch_description","ms":50,"heapUsedMb":334,"heapDeltaMb":1,"heapLimitMb":4144,"rssMb":275,"rssDeltaMb":0}}
{"t":"2026-09-29T17:08:43.563Z","level":"info","msg":"task start","taskId":"fc3ff9d1-ffea-4301-b36d-f56ba52adec5","taskType":"fetch_description","data":{"id":"fc3ff9d1-ffea-4301-b36d-f56ba52adec5","type":"fetch_description","attempt":1,"workerId":"test","commit":null,"readyWaitMs":160,"heapUsedMb":334,"heapLimitMb":4144,"rssMb":275}}
{"t":"2026-09-29T17:08:43.625Z","level":"info","msg":"task done","taskId":"fc3ff9d1-ffea-4301-b36d-f56ba52adec5","taskType":"fetch_description","data":{"id":"fc3ff9d1-ffea-4301-b36d-f56ba52adec5","type":"fetch_description","ms":62,"heapUsedMb":325,"heapDeltaMb":-9,"heapLimitMb":4144,"rssMb":276,"rssDeltaMb":1}}
{"t":"2026-09-29T17:08:43.628Z","level":"info","msg":"task start","taskId":"801b9702-9130-4655-a0c0-ad4f877ad012","taskType":"discover","data":{"id":"801b9702-9130-4655-a0c0-ad4f877ad012","type":"discover","attempt":1,"workerId":"test","commit":null,"readyWaitMs":543,"heapUsedMb":325,"heapLimitMb":4144,"rssMb":276}}
{"t":"2026-09-29T17:08:43.683Z","level":"warn","msg":"logo re-encode failed; the original is kept","taskId":"801b9702-9130-4655-a0c0-ad4f877ad012","taskType":"discover","data":{"error":"Input buffer has corrupt header:","bytes":400}}
{"t":"2026-09-29T17:08:43.691Z","level":"info","msg":"logo captured","taskId":"801b9702-9130-4655-a0c0-ad4f877ad012","taskType":"discover","data":{"company":"Acme Robotics","source":"site_icon","sourceUrl":"https://www.acme.example/favicon.png","bytes":400,"contentType":"image/png"}}
{"t":"2026-09-29T17:08:43.694Z","level":"info","msg":"task done","taskId":"801b9702-9130-4655-a0c0-ad4f877ad012","taskType":"discover","data":{"id":"801b9702-9130-4655-a0c0-ad4f877ad012","type":"discover","ms":66,"heapUsedMb":326,"heapDeltaMb":1,"heapLimitMb":4144,"rssMb":276,"rssDeltaMb":0}}
{"t":"2026-09-29T17:08:44.075Z","level":"info","msg":"slow database query","data":{"durationMs":262,"statement":"truncate users, companies, career_sources, discovery_runs, scan_runs, scans, jobs, job_events, decisions, tasks, setting"}}
{"t":"2026-09-29T17:08:44.963Z","level":"info","msg":"slow database query","data":{"durationMs":457,"statement":"truncate users, companies, career_sources, discovery_runs, scan_runs, scans, jobs, job_events, decisions, tasks, setting"}}
{"t":"2026-09-29T17:08:44.992Z","level":"info","msg":"task start","taskId":"d8eec31d-c132-4498-a72a-97455027765e","taskType":"discover","data":{"id":"d8eec31d-c132-4498-a72a-97455027765e","type":"discover","attempt":1,"workerId":"test","commit":null,"readyWaitMs":8,"heapUsedMb":332,"heapLimitMb":4144,"rssMb":159}}
{"t":"2026-09-29T17:08:45.156Z","level":"info","msg":"discovery finished","taskId":"d8eec31d-c132-4498-a72a-97455027765e","taskType":"discover","data":{"company":"acme.example","outcome":"resolved","fetches":3,"best":"ats_link"}}
{"t":"2026-09-29T17:08:45.158Z","level":"info","msg":"task done","taskId":"d8eec31d-c132-4498-a72a-97455027765e","taskType":"discover","data":{"id":"d8eec31d-c132-4498-a72a-97455027765e","type":"discover","ms":167,"heapUsedMb":335,"heapDeltaMb":3,"heapLimitMb":4144,"rssMb":162,"rssDeltaMb":3}}
{"t":"2026-09-29T17:08:45.159Z","level":"info","msg":"task start","taskId":"9e7bd8d9-c75e-4206-87af-d830b8661d84","taskType":"scan_company","data":{"id":"9e7bd8d9-c75e-4206-87af-d830b8661d84","type":"scan_company","attempt":1,"workerId":"test","commit":null,"readyWaitMs":10,"heapUsedMb":335,"heapLimitMb":4144,"rssMb":162}}
{"t":"2026-09-29T17:08:45.329Z","level":"info","msg":"source scanned","taskId":"9e7bd8d9-c75e-4206-87af-d830b8661d84","taskType":"scan_company","data":{"company":"Acme Robotics","type":"greenhouse","status":"ok","postings":5,"new":5,"closed":0,"followers":2,"deferredDescriptions":0,"reusedListing":false,"claimFetchedBytes":1452,"claimRequests":3,"claimRevalidated":0,"heapUsedMb":327,"ms":166}}
{"t":"2026-09-29T17:08:45.336Z","level":"info","msg":"task done","taskId":"9e7bd8d9-c75e-4206-87af-d830b8661d84","taskType":"scan_company","data":{"id":"9e7bd8d9-c75e-4206-87af-d830b8661d84","type":"scan_company","ms":177,"heapUsedMb":327,"heapDeltaMb":-8,"heapLimitMb":4144,"rssMb":169,"rssDeltaMb":7}}
{"t":"2026-09-29T17:08:45.338Z","level":"info","msg":"task start","taskId":"0d0c05a5-fbc5-4bd6-b147-0525e6adf723","taskType":"fetch_description","data":{"id":"0d0c05a5-fbc5-4bd6-b147-0525e6adf723","type":"fetch_description","attempt":1,"workerId":"test","commit":null,"readyWaitMs":27,"heapUsedMb":327,"heapLimitMb":4144,"rssMb":169}}
{"t":"2026-09-29T17:08:45.361Z","level":"info","msg":"task done","taskId":"0d0c05a5-fbc5-4bd6-b147-0525e6adf723","taskType":"fetch_description","data":{"id":"0d0c05a5-fbc5-4bd6-b147-0525e6adf723","type":"fetch_description","ms":24,"heapUsedMb":328,"heapDeltaMb":1,"heapLimitMb":4144,"rssMb":168,"rssDeltaMb":-1}}
{"t":"2026-09-29T17:08:45.363Z","level":"info","msg":"task start","taskId":"e2e9a41a-510e-40d8-9083-39e955130589","taskType":"fetch_description","data":{"id":"e2e9a41a-510e-40d8-9083-39e955130589","type":"fetch_description","attempt":1,"workerId":"test","commit":null,"readyWaitMs":52,"heapUsedMb":328,"heapLimitMb":4144,"rssMb":168}}
{"t":"2026-09-29T17:08:45.423Z","level":"info","msg":"task done","taskId":"e2e9a41a-510e-40d8-9083-39e955130589","taskType":"fetch_description","data":{"id":"e2e9a41a-510e-40d8-9083-39e955130589","type":"fetch_description","ms":60,"heapUsedMb":329,"heapDeltaMb":1,"heapLimitMb":4144,"rssMb":166,"rssDeltaMb":-2}}
{"t":"2026-09-29T17:08:45.425Z","level":"info","msg":"task start","taskId":"7e4bbe87-6e2b-457d-aca0-1c1740d06351","taskType":"fetch_description","data":{"id":"7e4bbe87-6e2b-457d-aca0-1c1740d06351","type":"fetch_description","attempt":1,"workerId":"test","commit":null,"readyWaitMs":114,"heapUsedMb":330,"heapLimitMb":4144,"rssMb":166}}
{"t":"2026-09-29T17:08:45.462Z","level":"info","msg":"task done","taskId":"7e4bbe87-6e2b-457d-aca0-1c1740d06351","taskType":"fetch_description","data":{"id":"7e4bbe87-6e2b-457d-aca0-1c1740d06351","type":"fetch_description","ms":37,"heapUsedMb":331,"heapDeltaMb":1,"heapLimitMb":4144,"rssMb":165,"rssDeltaMb":-1}}
{"t":"2026-09-29T17:08:45.463Z","level":"info","msg":"task start","taskId":"a2105279-0a5b-4682-bd26-ab43bbc697a7","taskType":"discover","data":{"id":"a2105279-0a5b-4682-bd26-ab43bbc697a7","type":"discover","attempt":1,"workerId":"test","commit":null,"readyWaitMs":471,"heapUsedMb":331,"heapLimitMb":4144,"rssMb":166}}
{"t":"2026-09-29T17:08:45.517Z","level":"warn","msg":"logo re-encode failed; the original is kept","taskId":"a2105279-0a5b-4682-bd26-ab43bbc697a7","taskType":"discover","data":{"error":"Input buffer has corrupt header:","bytes":400}}
{"t":"2026-09-29T17:08:45.521Z","level":"info","msg":"logo captured","taskId":"a2105279-0a5b-4682-bd26-ab43bbc697a7","taskType":"discover","data":{"company":"Acme Robotics","source":"site_icon","sourceUrl":"https://www.acme.example/favicon.png","bytes":400,"contentType":"image/png"}}
{"t":"2026-09-29T17:08:45.523Z","level":"info","msg":"task done","taskId":"a2105279-0a5b-4682-bd26-ab43bbc697a7","taskType":"discover","data":{"id":"a2105279-0a5b-4682-bd26-ab43bbc697a7","type":"discover","ms":60,"heapUsedMb":332,"heapDeltaMb":1,"heapLimitMb":4144,"rssMb":166,"rssDeltaMb":0}}
{"t":"2026-09-29T17:08:45.530Z","level":"info","msg":"task start","taskId":"fbd8ce8e-4d13-4335-88a2-1edb73d555e7","taskType":"run_daily","data":{"id":"fbd8ce8e-4d13-4335-88a2-1edb73d555e7","type":"run_daily","attempt":1,"workerId":"test","commit":null,"readyWaitMs":3,"heapUsedMb":333,"heapLimitMb":4144,"rssMb":166}}
{"t":"2026-09-29T17:08:45.539Z","level":"info","msg":"daily run started","taskId":"fbd8ce8e-4d13-4335-88a2-1edb73d555e7","taskType":"run_daily","data":{"runId":"a224503b-29e8-46d0-a31b-520064cc3622","runDate":"2026-09-05","companies":1,"logosQueued":0,"retired":0}}
{"t":"2026-09-29T17:08:45.544Z","level":"info","msg":"task done","taskId":"fbd8ce8e-4d13-4335-88a2-1edb73d555e7","taskType":"run_daily","data":{"id":"fbd8ce8e-4d13-4335-88a2-1edb73d555e7","type":"run_daily","ms":14,"heapUsedMb":333,"heapDeltaMb":0,"heapLimitMb":4144,"rssMb":167,"rssDeltaMb":1}}
{"t":"2026-09-29T17:08:45.545Z","level":"info","msg":"task start","taskId":"b2698aca-c4c9-41a8-857f-b6744ec0fcad","taskType":"scan_company","data":{"id":"b2698aca-c4c9-41a8-857f-b6744ec0fcad","type":"scan_company","attempt":1,"workerId":"test","commit":null,"readyWaitMs":15,"heapUsedMb":333,"heapLimitMb":4144,"rssMb":167}}
{"t":"2026-09-29T17:08:45.675Z","level":"info","msg":"source scanned","taskId":"b2698aca-c4c9-41a8-857f-b6744ec0fcad","taskType":"scan_company","data":{"company":"Acme Robotics","type":"greenhouse","status":"ok","postings":5,"new":0,"closed":0,"followers":2,"deferredDescriptions":0,"reusedListing":false,"claimFetchedBytes":1452,"claimRequests":3,"claimRevalidated":0,"heapUsedMb":335,"ms":126}}
{"t":"2026-09-29T17:08:45.686Z","level":"info","msg":"scan run finalised","taskId":"b2698aca-c4c9-41a8-857f-b6744ec0fcad","taskType":"scan_company","data":{"runId":"a224503b-29e8-46d0-a31b-520064cc3622","ok":1,"failed":0,"newRoles":0}}
{"t":"2026-09-29T17:08:45.687Z","level":"info","msg":"task done","taskId":"b2698aca-c4c9-41a8-857f-b6744ec0fcad","taskType":"scan_company","data":{"id":"b2698aca-c4c9-41a8-857f-b6744ec0fcad","type":"scan_company","ms":142,"heapUsedMb":336,"heapDeltaMb":3,"heapLimitMb":4144,"rssMb":167,"rssDeltaMb":0}}
{"t":"2026-09-29T17:08:45.688Z","level":"info","msg":"task start","taskId":"93c0a98e-f742-4d86-8d8b-2524dbd5d4f6","taskType":"suggest_from_scans","data":{"id":"93c0a98e-f742-4d86-8d8b-2524dbd5d4f6","type":"suggest_from_scans","attempt":1,"workerId":"test","commit":null,"readyWaitMs":8,"heapUsedMb":336,"heapLimitMb":4144,"rssMb":167}}
{"t":"2026-09-29T17:08:45.694Z","level":"info","msg":"scan suggestions filed","taskId":"93c0a98e-f742-4d86-8d8b-2524dbd5d4f6","taskType":"suggest_from_scans","data":{"userId":"59192d63-a707-455c-9471-2f43d7935648","titles":5,"unmatched":4,"inserted":1}}
{"t":"2026-09-29T17:08:45.695Z","level":"info","msg":"task done","taskId":"93c0a98e-f742-4d86-8d8b-2524dbd5d4f6","taskType":"suggest_from_scans","data":{"id":"93c0a98e-f742-4d86-8d8b-2524dbd5d4f6","type":"suggest_from_scans","ms":7,"heapUsedMb":337,"heapDeltaMb":1,"heapLimitMb":4144,"rssMb":167,"rssDeltaMb":0}}
{"t":"2026-09-29T17:08:45.697Z","level":"info","msg":"task start","taskId":"faa2554b-d598-4e1d-8aae-6c845bcd56b7","taskType":"suggest_from_scans","data":{"id":"faa2554b-d598-4e1d-8aae-6c845bcd56b7","type":"suggest_from_scans","attempt":1,"workerId":"test","commit":null,"readyWaitMs":17,"heapUsedMb":337,"heapLimitMb":4144,"rssMb":167}}
{"t":"2026-09-29T17:08:45.700Z","level":"info","msg":"scan suggestions filed","taskId":"faa2554b-d598-4e1d-8aae-6c845bcd56b7","taskType":"suggest_from_scans","data":{"userId":"645d3ee5-2c94-43f5-b41b-8c15ba5a4620","titles":5,"unmatched":1,"inserted":0}}
{"t":"2026-09-29T17:08:45.701Z","level":"info","msg":"task done","taskId":"faa2554b-d598-4e1d-8aae-6c845bcd56b7","taskType":"suggest_from_scans","data":{"id":"faa2554b-d598-4e1d-8aae-6c845bcd56b7","type":"suggest_from_scans","ms":4,"heapUsedMb":337,"heapDeltaMb":0,"heapLimitMb":4144,"rssMb":167,"rssDeltaMb":0}}
{"t":"2026-09-29T17:08:45.705Z","level":"info","msg":"task start","taskId":"0f728405-7e5e-463a-9489-1311ce6d0a31","taskType":"scan_company","data":{"id":"0f728405-7e5e-463a-9489-1311ce6d0a31","type":"scan_company","attempt":1,"workerId":"test","commit":null,"readyWaitMs":2,"heapUsedMb":338,"heapLimitMb":4144,"rssMb":167}}
{"t":"2026-09-29T17:08:45.712Z","level":"info","msg":"task done","taskId":"0f728405-7e5e-463a-9489-1311ce6d0a31","taskType":"scan_company","data":{"id":"0f728405-7e5e-463a-9489-1311ce6d0a31","type":"scan_company","ms":7,"heapUsedMb":328,"heapDeltaMb":-10,"heapLimitMb":4144,"rssMb":168,"rssDeltaMb":1}}
{"t":"2026-09-29T17:08:45.930Z","level":"info","msg":"task start","taskId":"d1ce52b7-2f50-4eb5-8303-4c45409f2ef5","taskType":"discover","data":{"id":"d1ce52b7-2f50-4eb5-8303-4c45409f2ef5","type":"discover","attempt":1,"workerId":"test","commit":null,"readyWaitMs":4,"heapUsedMb":330,"heapLimitMb":4144,"rssMb":166}}
{"t":"2026-09-29T17:08:46.131Z","level":"info","msg":"discovery finished","taskId":"d1ce52b7-2f50-4eb5-8303-4c45409f2ef5","taskType":"discover","data":{"company":"acme.example","outcome":"resolved","fetches":3,"best":"ats_link"}}
{"t":"2026-09-29T17:08:46.141Z","level":"info","msg":"task done","taskId":"d1ce52b7-2f50-4eb5-8303-4c45409f2ef5","taskType":"discover","data":{"id":"d1ce52b7-2f50-4eb5-8303-4c45409f2ef5","type":"discover","ms":211,"heapUsedMb":333,"heapDeltaMb":3,"heapLimitMb":4144,"rssMb":155,"rssDeltaMb":-11}}
{"t":"2026-09-29T17:08:46.145Z","level":"info","msg":"task start","taskId":"8097b5c3-bb1f-4906-afef-e246183674d6","taskType":"scan_company","data":{"id":"8097b5c3-bb1f-4906-afef-e246183674d6","type":"scan_company","attempt":1,"workerId":"test","commit":null,"readyWaitMs":45,"heapUsedMb":333,"heapLimitMb":4144,"rssMb":155}}
{"t":"2026-09-29T17:08:46.293Z","level":"info","msg":"source scanned","taskId":"8097b5c3-bb1f-4906-afef-e246183674d6","taskType":"scan_company","data":{"company":"Acme Robotics","type":"greenhouse","status":"ok","postings":5,"new":5,"closed":0,"followers":1,"deferredDescriptions":0,"reusedListing":false,"claimFetchedBytes":1452,"claimRequests":3,"claimRevalidated":0,"heapUsedMb":335,"ms":134}}
{"t":"2026-09-29T17:08:46.300Z","level":"info","msg":"task done","taskId":"8097b5c3-bb1f-4906-afef-e246183674d6","taskType":"scan_company","data":{"id":"8097b5c3-bb1f-4906-afef-e246183674d6","type":"scan_company","ms":155,"heapUsedMb":336,"heapDeltaMb":3,"heapLimitMb":4144,"rssMb":156,"rssDeltaMb":1}}
{"t":"2026-09-29T17:08:46.302Z","level":"info","msg":"task start","taskId":"e3e2cb9b-3bb4-4c30-bdf6-8990b17036f1","taskType":"fetch_description","data":{"id":"e3e2cb9b-3bb4-4c30-bdf6-8990b17036f1","type":"fetch_description","attempt":1,"workerId":"test","commit":null,"readyWaitMs":28,"heapUsedMb":336,"heapLimitMb":4144,"rssMb":156}}
{"t":"2026-09-29T17:08:46.346Z","level":"info","msg":"task done","taskId":"e3e2cb9b-3bb4-4c30-bdf6-8990b17036f1","taskType":"fetch_description","data":{"id":"e3e2cb9b-3bb4-4c30-bdf6-8990b17036f1","type":"fetch_description","ms":44,"heapUsedMb":337,"heapDeltaMb":1,"heapLimitMb":4144,"rssMb":156,"rssDeltaMb":0}}
{"t":"2026-09-29T17:08:46.353Z","level":"info","msg":"task start","taskId":"dd062f63-e095-4c38-b914-2f6fedeb2c44","taskType":"fetch_description","data":{"id":"dd062f63-e095-4c38-b914-2f6fedeb2c44","type":"fetch_description","attempt":1,"workerId":"test","commit":null,"readyWaitMs":79,"heapUsedMb":337,"heapLimitMb":4144,"rssMb":156}}
{"t":"2026-09-29T17:08:46.398Z","level":"info","msg":"task done","taskId":"dd062f63-e095-4c38-b914-2f6fedeb2c44","taskType":"fetch_description","data":{"id":"dd062f63-e095-4c38-b914-2f6fedeb2c44","type":"fetch_description","ms":45,"heapUsedMb":338,"heapDeltaMb":1,"heapLimitMb":4144,"rssMb":155,"rssDeltaMb":-1}}
{"t":"2026-09-29T17:08:46.403Z","level":"info","msg":"task start","taskId":"862ca7d2-0554-4484-8727-4fae9b5af339","taskType":"fetch_description","data":{"id":"862ca7d2-0554-4484-8727-4fae9b5af339","type":"fetch_description","attempt":1,"workerId":"test","commit":null,"readyWaitMs":129,"heapUsedMb":338,"heapLimitMb":4144,"rssMb":155}}
{"t":"2026-09-29T17:08:46.447Z","level":"info","msg":"task done","taskId":"862ca7d2-0554-4484-8727-4fae9b5af339","taskType":"fetch_description","data":{"id":"862ca7d2-0554-4484-8727-4fae9b5af339","type":"fetch_description","ms":44,"heapUsedMb":339,"heapDeltaMb":1,"heapLimitMb":4144,"rssMb":157,"rssDeltaMb":2}}
{"t":"2026-09-29T17:08:46.449Z","level":"info","msg":"task start","taskId":"9b5984d3-567e-4361-8727-a9a30a1baf52","taskType":"fetch_description","data":{"id":"9b5984d3-567e-4361-8727-a9a30a1baf52","type":"fetch_description","attempt":1,"workerId":"test","commit":null,"readyWaitMs":175,"heapUsedMb":339,"heapLimitMb":4144,"rssMb":157}}
{"t":"2026-09-29T17:08:46.484Z","level":"info","msg":"task done","taskId":"9b5984d3-567e-4361-8727-a9a30a1baf52","taskType":"fetch_description","data":{"id":"9b5984d3-567e-4361-8727-a9a30a1baf52","type":"fetch_description","ms":35,"heapUsedMb":330,"heapDeltaMb":-9,"heapLimitMb":4144,"rssMb":158,"rssDeltaMb":1}}
{"t":"2026-09-29T17:08:46.486Z","level":"info","msg":"task start","taskId":"a5bb4f6e-8117-458e-9165-1a30839cb534","taskType":"discover","data":{"id":"a5bb4f6e-8117-458e-9165-1a30839cb534","type":"discover","attempt":1,"workerId":"test","commit":null,"readyWaitMs":555,"heapUsedMb":330,"heapLimitMb":4144,"rssMb":158}}
{"t":"2026-09-29T17:08:46.539Z","level":"warn","msg":"logo re-encode failed; the original is kept","taskId":"a5bb4f6e-8117-458e-9165-1a30839cb534","taskType":"discover","data":{"error":"Input buffer has corrupt header:","bytes":400}}
{"t":"2026-09-29T17:08:46.546Z","level":"info","msg":"logo captured","taskId":"a5bb4f6e-8117-458e-9165-1a30839cb534","taskType":"discover","data":{"company":"Acme Robotics","source":"site_icon","sourceUrl":"https://www.acme.example/favicon.png","bytes":400,"contentType":"image/png"}}
{"t":"2026-09-29T17:08:46.547Z","level":"info","msg":"task done","taskId":"a5bb4f6e-8117-458e-9165-1a30839cb534","taskType":"discover","data":{"id":"a5bb4f6e-8117-458e-9165-1a30839cb534","type":"discover","ms":61,"heapUsedMb":331,"heapDeltaMb":1,"heapLimitMb":4144,"rssMb":158,"rssDeltaMb":0}}
{"t":"2026-09-29T17:08:46.857Z","level":"info","msg":"task start","taskId":"3baa68a2-91f5-4df7-b9e9-3622eafaf1fc","taskType":"discover","data":{"id":"3baa68a2-91f5-4df7-b9e9-3622eafaf1fc","type":"discover","attempt":1,"workerId":"test","commit":null,"readyWaitMs":16,"heapUsedMb":334,"heapLimitMb":4144,"rssMb":155}}
{"t":"2026-09-29T17:08:47.028Z","level":"info","msg":"discovery finished","taskId":"3baa68a2-91f5-4df7-b9e9-3622eafaf1fc","taskType":"discover","data":{"company":"acme.example","outcome":"resolved","fetches":3,"best":"ats_link"}}
{"t":"2026-09-29T17:08:47.030Z","level":"info","msg":"task done","taskId":"3baa68a2-91f5-4df7-b9e9-3622eafaf1fc","taskType":"discover","data":{"id":"3baa68a2-91f5-4df7-b9e9-3622eafaf1fc","type":"discover","ms":173,"heapUsedMb":337,"heapDeltaMb":3,"heapLimitMb":4144,"rssMb":154,"rssDeltaMb":-1}}
{"t":"2026-09-29T17:08:47.031Z","level":"info","msg":"task start","taskId":"ab6d8b11-3f85-4a82-9d72-df3bc9d3bb12","taskType":"scan_company","data":{"id":"ab6d8b11-3f85-4a82-9d72-df3bc9d3bb12","type":"scan_company","attempt":1,"workerId":"test","commit":null,"readyWaitMs":12,"heapUsedMb":337,"heapLimitMb":4144,"rssMb":154}}
{"t":"2026-09-29T17:08:47.238Z","level":"info","msg":"source scanned","taskId":"ab6d8b11-3f85-4a82-9d72-df3bc9d3bb12","taskType":"scan_company","data":{"company":"Acme Robotics","type":"greenhouse","status":"ok","postings":5,"new":5,"closed":0,"followers":2,"deferredDescriptions":0,"reusedListing":false,"claimFetchedBytes":1452,"claimRequests":3,"claimRevalidated":0,"heapUsedMb":340,"ms":200}}
{"t":"2026-09-29T17:08:47.255Z","level":"info","msg":"task done","taskId":"ab6d8b11-3f85-4a82-9d72-df3bc9d3bb12","taskType":"scan_company","data":{"id":"ab6d8b11-3f85-4a82-9d72-df3bc9d3bb12","type":"scan_company","ms":224,"heapUsedMb":340,"heapDeltaMb":3,"heapLimitMb":4144,"rssMb":152,"rssDeltaMb":-2}}
{"t":"2026-09-29T17:08:47.260Z","level":"info","msg":"task start","taskId":"0e7ab98e-1a8b-4184-b267-d70979be4048","taskType":"fetch_description","data":{"id":"0e7ab98e-1a8b-4184-b267-d70979be4048","type":"fetch_description","attempt":1,"workerId":"test","commit":null,"readyWaitMs":71,"heapUsedMb":340,"heapLimitMb":4144,"rssMb":152}}
{"t":"2026-09-29T17:08:47.292Z","level":"info","msg":"task done","taskId":"0e7ab98e-1a8b-4184-b267-d70979be4048","taskType":"fetch_description","data":{"id":"0e7ab98e-1a8b-4184-b267-d70979be4048","type":"fetch_description","ms":32,"heapUsedMb":341,"heapDeltaMb":1,"heapLimitMb":4144,"rssMb":153,"rssDeltaMb":1}}
{"t":"2026-09-29T17:08:47.296Z","level":"info","msg":"task start","taskId":"1d8bcdd7-6f70-40dd-b478-b539e072bf4d","taskType":"fetch_description","data":{"id":"1d8bcdd7-6f70-40dd-b478-b539e072bf4d","type":"fetch_description","attempt":1,"workerId":"test","commit":null,"readyWaitMs":107,"heapUsedMb":331,"heapLimitMb":4144,"rssMb":155}}
{"t":"2026-09-29T17:08:47.339Z","level":"info","msg":"task done","taskId":"1d8bcdd7-6f70-40dd-b478-b539e072bf4d","taskType":"fetch_description","data":{"id":"1d8bcdd7-6f70-40dd-b478-b539e072bf4d","type":"fetch_description","ms":43,"heapUsedMb":332,"heapDeltaMb":1,"heapLimitMb":4144,"rssMb":155,"rssDeltaMb":0}}
{"t":"2026-09-29T17:08:47.342Z","level":"info","msg":"task start","taskId":"0a8c944b-02b9-4c95-a78e-af37b1d07ace","taskType":"fetch_description","data":{"id":"0a8c944b-02b9-4c95-a78e-af37b1d07ace","type":"fetch_description","attempt":1,"workerId":"test","commit":null,"readyWaitMs":153,"heapUsedMb":332,"heapLimitMb":4144,"rssMb":155}}
{"t":"2026-09-29T17:08:47.397Z","level":"info","msg":"task done","taskId":"0a8c944b-02b9-4c95-a78e-af37b1d07ace","taskType":"fetch_description","data":{"id":"0a8c944b-02b9-4c95-a78e-af37b1d07ace","type":"fetch_description","ms":55,"heapUsedMb":333,"heapDeltaMb":1,"heapLimitMb":4144,"rssMb":155,"rssDeltaMb":0}}
{"t":"2026-09-29T17:08:47.401Z","level":"info","msg":"task start","taskId":"5343dc93-a410-4940-bd50-3ea0b4be76c2","taskType":"fetch_description","data":{"id":"5343dc93-a410-4940-bd50-3ea0b4be76c2","type":"fetch_description","attempt":1,"workerId":"test","commit":null,"readyWaitMs":212,"heapUsedMb":333,"heapLimitMb":4144,"rssMb":155}}
{"t":"2026-09-29T17:08:47.447Z","level":"info","msg":"task done","taskId":"5343dc93-a410-4940-bd50-3ea0b4be76c2","taskType":"fetch_description","data":{"id":"5343dc93-a410-4940-bd50-3ea0b4be76c2","type":"fetch_description","ms":46,"heapUsedMb":334,"heapDeltaMb":1,"heapLimitMb":4144,"rssMb":155,"rssDeltaMb":0}}
{"t":"2026-09-29T17:08:47.450Z","level":"info","msg":"task start","taskId":"8fecf956-c495-4c15-b91d-0b924dac16f5","taskType":"fetch_description","data":{"id":"8fecf956-c495-4c15-b91d-0b924dac16f5","type":"fetch_description","attempt":1,"workerId":"test","commit":null,"readyWaitMs":261,"heapUsedMb":334,"heapLimitMb":4144,"rssMb":155}}
{"t":"2026-09-29T17:08:47.495Z","level":"info","msg":"task done","taskId":"8fecf956-c495-4c15-b91d-0b924dac16f5","taskType":"fetch_description","data":{"id":"8fecf956-c495-4c15-b91d-0b924dac16f5","type":"fetch_description","ms":45,"heapUsedMb":335,"heapDeltaMb":1,"heapLimitMb":4144,"rssMb":155,"rssDeltaMb":0}}
{"t":"2026-09-29T17:08:47.498Z","level":"info","msg":"task start","taskId":"2aa2d46f-7e1b-4cbb-ac04-168ddd92a556","taskType":"discover","data":{"id":"2aa2d46f-7e1b-4cbb-ac04-168ddd92a556","type":"discover","attempt":1,"workerId":"test","commit":null,"readyWaitMs":640,"heapUsedMb":335,"heapLimitMb":4144,"rssMb":155}}
{"t":"2026-09-29T17:08:47.556Z","level":"warn","msg":"logo re-encode failed; the original is kept","taskId":"2aa2d46f-7e1b-4cbb-ac04-168ddd92a556","taskType":"discover","data":{"error":"Input buffer has corrupt header:","bytes":400}}
{"t":"2026-09-29T17:08:47.565Z","level":"info","msg":"logo captured","taskId":"2aa2d46f-7e1b-4cbb-ac04-168ddd92a556","taskType":"discover","data":{"company":"Acme Robotics","source":"site_icon","sourceUrl":"https://www.acme.example/favicon.png","bytes":400,"contentType":"image/png"}}
{"t":"2026-09-29T17:08:47.569Z","level":"info","msg":"task done","taskId":"2aa2d46f-7e1b-4cbb-ac04-168ddd92a556","taskType":"discover","data":{"id":"2aa2d46f-7e1b-4cbb-ac04-168ddd92a556","type":"discover","ms":71,"heapUsedMb":336,"heapDeltaMb":1,"heapLimitMb":4144,"rssMb":155,"rssDeltaMb":0}}
{"t":"2026-09-29T17:08:47.933Z","level":"info","msg":"slow database query","data":{"durationMs":291,"statement":"truncate users, companies, career_sources, discovery_runs, scan_runs, scans, jobs, job_events, decisions, tasks, setting"}}
{"t":"2026-09-29T17:08:47.981Z","level":"info","msg":"task start","taskId":"b0e16fb5-885c-4493-889c-9b75407cfbad","taskType":"discover","data":{"id":"b0e16fb5-885c-4493-889c-9b75407cfbad","type":"discover","attempt":1,"workerId":"test","commit":null,"readyWaitMs":18,"heapUsedMb":341,"heapLimitMb":4144,"rssMb":155}}
{"t":"2026-09-29T17:08:48.172Z","level":"info","msg":"discovery finished","taskId":"b0e16fb5-885c-4493-889c-9b75407cfbad","taskType":"discover","data":{"company":"acme.example","outcome":"resolved","fetches":3,"best":"ats_link"}}
{"t":"2026-09-29T17:08:48.177Z","level":"info","msg":"task done","taskId":"b0e16fb5-885c-4493-889c-9b75407cfbad","taskType":"discover","data":{"id":"b0e16fb5-885c-4493-889c-9b75407cfbad","type":"discover","ms":196,"heapUsedMb":333,"heapDeltaMb":-8,"heapLimitMb":4144,"rssMb":157,"rssDeltaMb":2}}
{"t":"2026-09-29T17:08:48.180Z","level":"info","msg":"task start","taskId":"8f884a2e-e13f-4c94-936c-e495ce2bbaed","taskType":"scan_company","data":{"id":"8f884a2e-e13f-4c94-936c-e495ce2bbaed","type":"scan_company","attempt":1,"workerId":"test","commit":null,"readyWaitMs":26,"heapUsedMb":333,"heapLimitMb":4144,"rssMb":157}}
{"t":"2026-09-29T17:08:48.353Z","level":"info","msg":"source scanned","taskId":"8f884a2e-e13f-4c94-936c-e495ce2bbaed","taskType":"scan_company","data":{"company":"Acme Robotics","type":"greenhouse","status":"ok","postings":5,"new":5,"closed":0,"followers":1,"deferredDescriptions":0,"reusedListing":false,"claimFetchedBytes":1452,"claimRequests":3,"claimRevalidated":0,"heapUsedMb":336,"ms":164}}
{"t":"2026-09-29T17:08:48.364Z","level":"info","msg":"task done","taskId":"8f884a2e-e13f-4c94-936c-e495ce2bbaed","taskType":"scan_company","data":{"id":"8f884a2e-e13f-4c94-936c-e495ce2bbaed","type":"scan_company","ms":184,"heapUsedMb":336,"heapDeltaMb":3,"heapLimitMb":4144,"rssMb":157,"rssDeltaMb":0}}
{"t":"2026-09-29T17:08:48.372Z","level":"info","msg":"task start","taskId":"b6d745d9-b790-40d2-ae3c-abd6956cd4ea","taskType":"fetch_description","data":{"id":"b6d745d9-b790-40d2-ae3c-abd6956cd4ea","type":"fetch_description","attempt":1,"workerId":"test","commit":null,"readyWaitMs":48,"heapUsedMb":336,"heapLimitMb":4144,"rssMb":157}}
{"t":"2026-09-29T17:08:48.395Z","level":"info","msg":"task done","taskId":"b6d745d9-b790-40d2-ae3c-abd6956cd4ea","taskType":"fetch_description","data":{"id":"b6d745d9-b790-40d2-ae3c-abd6956cd4ea","type":"fetch_description","ms":23,"heapUsedMb":337,"heapDeltaMb":1,"heapLimitMb":4144,"rssMb":157,"rssDeltaMb":0}}
{"t":"2026-09-29T17:08:48.398Z","level":"info","msg":"task start","taskId":"afed1fb7-b93f-4d3d-bb34-886deaa6b894","taskType":"discover","data":{"id":"afed1fb7-b93f-4d3d-bb34-886deaa6b894","type":"discover","attempt":1,"workerId":"test","commit":null,"readyWaitMs":412,"heapUsedMb":337,"heapLimitMb":4144,"rssMb":157}}
{"t":"2026-09-29T17:08:48.458Z","level":"warn","msg":"logo re-encode failed; the original is kept","taskId":"afed1fb7-b93f-4d3d-bb34-886deaa6b894","taskType":"discover","data":{"error":"Input buffer has corrupt header:","bytes":400}}
{"t":"2026-09-29T17:08:48.472Z","level":"info","msg":"logo captured","taskId":"afed1fb7-b93f-4d3d-bb34-886deaa6b894","taskType":"discover","data":{"company":"Acme Robotics","source":"site_icon","sourceUrl":"https://www.acme.example/favicon.png","bytes":400,"contentType":"image/png"}}
{"t":"2026-09-29T17:08:48.477Z","level":"info","msg":"task done","taskId":"afed1fb7-b93f-4d3d-bb34-886deaa6b894","taskType":"discover","data":{"id":"afed1fb7-b93f-4d3d-bb34-886deaa6b894","type":"discover","ms":79,"heapUsedMb":338,"heapDeltaMb":1,"heapLimitMb":4144,"rssMb":157,"rssDeltaMb":0}}
{"t":"2026-09-29T17:08:48.646Z","level":"info","msg":"source scanned","data":{"company":"acme.example","type":"greenhouse","status":"ok","postings":5,"new":0,"closed":0,"followers":1,"deferredDescriptions":0,"reusedListing":false,"claimFetchedBytes":1452,"claimRequests":3,"claimRevalidated":0,"heapUsedMb":341,"ms":162}}
{"t":"2026-09-29T17:08:48.999Z","level":"info","msg":"slow database query","data":{"durationMs":345,"statement":"truncate users, companies, career_sources, discovery_runs, scan_runs, scans, jobs, job_events, decisions, tasks, setting"}}
{"t":"2026-09-29T17:08:49.023Z","level":"info","msg":"task start","taskId":"147394b3-100c-49c4-bde8-3d2848adbb4c","taskType":"discover","data":{"id":"147394b3-100c-49c4-bde8-3d2848adbb4c","type":"discover","attempt":1,"workerId":"test","commit":null,"readyWaitMs":5,"heapUsedMb":342,"heapLimitMb":4144,"rssMb":148}}
{"t":"2026-09-29T17:08:49.200Z","level":"info","msg":"discovery finished","taskId":"147394b3-100c-49c4-bde8-3d2848adbb4c","taskType":"discover","data":{"company":"acme.example","outcome":"resolved","fetches":3,"best":"ats_link"}}
{"t":"2026-09-29T17:08:49.202Z","level":"info","msg":"task done","taskId":"147394b3-100c-49c4-bde8-3d2848adbb4c","taskType":"discover","data":{"id":"147394b3-100c-49c4-bde8-3d2848adbb4c","type":"discover","ms":179,"heapUsedMb":334,"heapDeltaMb":-8,"heapLimitMb":4144,"rssMb":152,"rssDeltaMb":4}}
{"t":"2026-09-29T17:08:49.204Z","level":"info","msg":"task start","taskId":"f4392093-4038-402a-9cb0-2eeeae4e09d3","taskType":"scan_company","data":{"id":"f4392093-4038-402a-9cb0-2eeeae4e09d3","type":"scan_company","attempt":1,"workerId":"test","commit":null,"readyWaitMs":14,"heapUsedMb":335,"heapLimitMb":4144,"rssMb":152}}
{"t":"2026-09-29T17:08:49.378Z","level":"info","msg":"source scanned","taskId":"f4392093-4038-402a-9cb0-2eeeae4e09d3","taskType":"scan_company","data":{"company":"Acme Robotics","type":"greenhouse","status":"ok","postings":5,"new":5,"closed":0,"followers":1,"deferredDescriptions":0,"reusedListing":false,"claimFetchedBytes":1452,"claimRequests":3,"claimRevalidated":0,"heapUsedMb":337,"ms":168}}
{"t":"2026-09-29T17:08:49.389Z","level":"info","msg":"task done","taskId":"f4392093-4038-402a-9cb0-2eeeae4e09d3","taskType":"scan_company","data":{"id":"f4392093-4038-402a-9cb0-2eeeae4e09d3","type":"scan_company","ms":185,"heapUsedMb":337,"heapDeltaMb":2,"heapLimitMb":4144,"rssMb":153,"rssDeltaMb":1}}
{"t":"2026-09-29T17:08:49.394Z","level":"info","msg":"task start","taskId":"b305045f-6377-46d0-877f-d4fa5e3ac31a","taskType":"fetch_description","data":{"id":"b305045f-6377-46d0-877f-d4fa5e3ac31a","type":"fetch_description","attempt":1,"workerId":"test","commit":null,"readyWaitMs":43,"heapUsedMb":338,"heapLimitMb":4144,"rssMb":153}}
{"t":"2026-09-29T17:08:49.417Z","level":"info","msg":"task done","taskId":"b305045f-6377-46d0-877f-d4fa5e3ac31a","taskType":"fetch_description","data":{"id":"b305045f-6377-46d0-877f-d4fa5e3ac31a","type":"fetch_description","ms":23,"heapUsedMb":339,"heapDeltaMb":1,"heapLimitMb":4144,"rssMb":153,"rssDeltaMb":0}}
{"t":"2026-09-29T17:08:49.421Z","level":"info","msg":"task start","taskId":"769802be-c699-453e-9e18-0d6fa819d3b0","taskType":"fetch_description","data":{"id":"769802be-c699-453e-9e18-0d6fa819d3b0","type":"fetch_description","attempt":1,"workerId":"test","commit":null,"readyWaitMs":70,"heapUsedMb":339,"heapLimitMb":4144,"rssMb":153}}
{"t":"2026-09-29T17:08:49.473Z","level":"info","msg":"task done","taskId":"769802be-c699-453e-9e18-0d6fa819d3b0","taskType":"fetch_description","data":{"id":"769802be-c699-453e-9e18-0d6fa819d3b0","type":"fetch_description","ms":52,"heapUsedMb":340,"heapDeltaMb":1,"heapLimitMb":4144,"rssMb":153,"rssDeltaMb":0}}
{"t":"2026-09-29T17:08:49.478Z","level":"info","msg":"task start","taskId":"750558e6-02e2-4073-90e5-b2f01806ff8c","taskType":"fetch_description","data":{"id":"750558e6-02e2-4073-90e5-b2f01806ff8c","type":"fetch_description","attempt":1,"workerId":"test","commit":null,"readyWaitMs":127,"heapUsedMb":340,"heapLimitMb":4144,"rssMb":153}}
{"t":"2026-09-29T17:08:49.529Z","level":"info","msg":"task done","taskId":"750558e6-02e2-4073-90e5-b2f01806ff8c","taskType":"fetch_description","data":{"id":"750558e6-02e2-4073-90e5-b2f01806ff8c","type":"fetch_description","ms":51,"heapUsedMb":341,"heapDeltaMb":1,"heapLimitMb":4144,"rssMb":154,"rssDeltaMb":1}}
{"t":"2026-09-29T17:08:49.533Z","level":"info","msg":"task start","taskId":"187dd7b7-4f47-431f-8987-18ff8909b7db","taskType":"fetch_description","data":{"id":"187dd7b7-4f47-431f-8987-18ff8909b7db","type":"fetch_description","attempt":1,"workerId":"test","commit":null,"readyWaitMs":182,"heapUsedMb":341,"heapLimitMb":4144,"rssMb":154}}
{"t":"2026-09-29T17:08:49.567Z","level":"info","msg":"task done","taskId":"187dd7b7-4f47-431f-8987-18ff8909b7db","taskType":"fetch_description","data":{"id":"187dd7b7-4f47-431f-8987-18ff8909b7db","type":"fetch_description","ms":35,"heapUsedMb":342,"heapDeltaMb":1,"heapLimitMb":4144,"rssMb":155,"rssDeltaMb":1}}
{"t":"2026-09-29T17:08:49.570Z","level":"info","msg":"task start","taskId":"7ca7cb5a-0c58-446c-8a43-b49b862507d6","taskType":"discover","data":{"id":"7ca7cb5a-0c58-446c-8a43-b49b862507d6","type":"discover","attempt":1,"workerId":"test","commit":null,"readyWaitMs":545,"heapUsedMb":342,"heapLimitMb":4144,"rssMb":155}}
{"t":"2026-09-29T17:08:49.626Z","level":"warn","msg":"logo re-encode failed; the original is kept","taskId":"7ca7cb5a-0c58-446c-8a43-b49b862507d6","taskType":"discover","data":{"error":"Input buffer has corrupt header:","bytes":400}}
{"t":"2026-09-29T17:08:49.637Z","level":"info","msg":"logo captured","taskId":"7ca7cb5a-0c58-446c-8a43-b49b862507d6","taskType":"discover","data":{"company":"Acme Robotics","source":"site_icon","sourceUrl":"https://www.acme.example/favicon.png","bytes":400,"contentType":"image/png"}}
{"t":"2026-09-29T17:08:49.641Z","level":"info","msg":"task done","taskId":"7ca7cb5a-0c58-446c-8a43-b49b862507d6","taskType":"discover","data":{"id":"7ca7cb5a-0c58-446c-8a43-b49b862507d6","type":"discover","ms":70,"heapUsedMb":343,"heapDeltaMb":1,"heapLimitMb":4144,"rssMb":155,"rssDeltaMb":0}}
{"t":"2026-09-29T17:08:49.795Z","level":"info","msg":"source scanned","data":{"company":"acme.example","type":"greenhouse","status":"ok","postings":5,"new":0,"closed":0,"followers":1,"deferredDescriptions":0,"reusedListing":false,"claimFetchedBytes":1452,"claimRequests":3,"claimRevalidated":0,"heapUsedMb":345,"ms":142}}
{"t":"2026-09-29T17:08:50.210Z","level":"info","msg":"slow database query","data":{"durationMs":404,"statement":"truncate users, companies, career_sources, discovery_runs, scan_runs, scans, jobs, job_events, decisions, tasks, setting"}}
{"t":"2026-09-29T17:08:50.373Z","level":"info","msg":"source scanned","data":{"company":"Acme Robotics","type":"greenhouse","status":"ok","postings":1,"new":1,"closed":0,"followers":1,"deferredDescriptions":0,"reusedListing":false,"claimFetchedBytes":351,"claimRequests":3,"claimRevalidated":0,"heapUsedMb":337,"ms":131}}
{"t":"2026-09-29T17:08:50.394Z","level":"info","msg":"http revalidated","data":{"host":"boards-api.greenhouse.io","durationMs":1,"bytes":0}}
{"t":"2026-09-29T17:08:50.444Z","level":"info","msg":"http revalidated","data":{"host":"boards-api.greenhouse.io","durationMs":1,"bytes":0}}
{"t":"2026-09-29T17:08:50.495Z","level":"info","msg":"http revalidated","data":{"host":"boards-api.greenhouse.io","durationMs":1,"bytes":0}}
{"t":"2026-09-29T17:08:50.513Z","level":"info","msg":"source scanned","data":{"company":"Acme Robotics","type":"greenhouse","status":"ok","postings":1,"new":0,"closed":0,"followers":1,"deferredDescriptions":0,"reusedListing":false,"claimFetchedBytes":0,"claimRequests":3,"claimRevalidated":3,"heapUsedMb":339,"ms":130}}
{"t":"2026-09-29T17:08:50.772Z","level":"info","msg":"slow database query","data":{"durationMs":255,"statement":"truncate users, companies, career_sources, discovery_runs, scan_runs, scans, jobs, job_events, decisions, tasks, setting"}}
{"t":"2026-09-29T17:08:50.803Z","level":"info","msg":"task start","taskId":"0632b55f-7108-4584-9133-0e402a0b7229","taskType":"discover","data":{"id":"0632b55f-7108-4584-9133-0e402a0b7229","type":"discover","attempt":1,"workerId":"test","commit":null,"readyWaitMs":8,"heapUsedMb":340,"heapLimitMb":4144,"rssMb":152}}
{"t":"2026-09-29T17:08:50.976Z","level":"info","msg":"discovery finished","taskId":"0632b55f-7108-4584-9133-0e402a0b7229","taskType":"discover","data":{"company":"acme.example","outcome":"resolved","fetches":3,"best":"ats_link"}}
{"t":"2026-09-29T17:08:50.978Z","level":"info","msg":"task done","taskId":"0632b55f-7108-4584-9133-0e402a0b7229","taskType":"discover","data":{"id":"0632b55f-7108-4584-9133-0e402a0b7229","type":"discover","ms":175,"heapUsedMb":343,"heapDeltaMb":3,"heapLimitMb":4144,"rssMb":153,"rssDeltaMb":1}}
{"t":"2026-09-29T17:08:50.979Z","level":"info","msg":"task start","taskId":"7204e87f-c23c-4c3f-81e6-533feee1c0f1","taskType":"scan_company","data":{"id":"7204e87f-c23c-4c3f-81e6-533feee1c0f1","type":"scan_company","attempt":1,"workerId":"test","commit":null,"readyWaitMs":10,"heapUsedMb":344,"heapLimitMb":4144,"rssMb":153}}
{"t":"2026-09-29T17:08:51.138Z","level":"info","msg":"source scanned","taskId":"7204e87f-c23c-4c3f-81e6-533feee1c0f1","taskType":"scan_company","data":{"company":"Acme Robotics","type":"greenhouse","status":"ok","postings":5,"new":5,"closed":0,"followers":1,"deferredDescriptions":0,"reusedListing":false,"claimFetchedBytes":1452,"claimRequests":3,"claimRevalidated":0,"heapUsedMb":346,"ms":155}}
{"t":"2026-09-29T17:08:51.146Z","level":"info","msg":"task done","taskId":"7204e87f-c23c-4c3f-81e6-533feee1c0f1","taskType":"scan_company","data":{"id":"7204e87f-c23c-4c3f-81e6-533feee1c0f1","type":"scan_company","ms":167,"heapUsedMb":346,"heapDeltaMb":2,"heapLimitMb":4144,"rssMb":153,"rssDeltaMb":0}}
{"t":"2026-09-29T17:08:51.148Z","level":"info","msg":"task start","taskId":"56cd6002-9fc3-46fb-ada7-aeb387e62625","taskType":"fetch_description","data":{"id":"56cd6002-9fc3-46fb-ada7-aeb387e62625","type":"fetch_description","attempt":1,"workerId":"test","commit":null,"readyWaitMs":24,"heapUsedMb":347,"heapLimitMb":4144,"rssMb":153}}
{"t":"2026-09-29T17:08:51.180Z","level":"info","msg":"task done","taskId":"56cd6002-9fc3-46fb-ada7-aeb387e62625","taskType":"fetch_description","data":{"id":"56cd6002-9fc3-46fb-ada7-aeb387e62625","type":"fetch_description","ms":32,"heapUsedMb":337,"heapDeltaMb":-10,"heapLimitMb":4144,"rssMb":154,"rssDeltaMb":1}}
{"t":"2026-09-29T17:08:51.182Z","level":"info","msg":"task start","taskId":"6cfac657-5705-44c3-b578-5f3992932694","taskType":"fetch_description","data":{"id":"6cfac657-5705-44c3-b578-5f3992932694","type":"fetch_description","attempt":1,"workerId":"test","commit":null,"readyWaitMs":58,"heapUsedMb":337,"heapLimitMb":4144,"rssMb":155}}
{"t":"2026-09-29T17:08:51.229Z","level":"info","msg":"task done","taskId":"6cfac657-5705-44c3-b578-5f3992932694","taskType":"fetch_description","data":{"id":"6cfac657-5705-44c3-b578-5f3992932694","type":"fetch_description","ms":47,"heapUsedMb":338,"heapDeltaMb":1,"heapLimitMb":4144,"rssMb":155,"rssDeltaMb":0}}
{"t":"2026-09-29T17:08:51.230Z","level":"info","msg":"task start","taskId":"a6f06177-8359-4f4d-8919-b7d7ccde9f82","taskType":"fetch_description","data":{"id":"a6f06177-8359-4f4d-8919-b7d7ccde9f82","type":"fetch_description","attempt":1,"workerId":"test","commit":null,"readyWaitMs":106,"heapUsedMb":338,"heapLimitMb":4144,"rssMb":155}}
{"t":"2026-09-29T17:08:51.278Z","level":"info","msg":"task done","taskId":"a6f06177-8359-4f4d-8919-b7d7ccde9f82","taskType":"fetch_description","data":{"id":"a6f06177-8359-4f4d-8919-b7d7ccde9f82","type":"fetch_description","ms":48,"heapUsedMb":339,"heapDeltaMb":1,"heapLimitMb":4144,"rssMb":155,"rssDeltaMb":0}}
{"t":"2026-09-29T17:08:51.279Z","level":"info","msg":"task start","taskId":"c1193cba-c951-4cd3-8b67-48def89ce527","taskType":"fetch_description","data":{"id":"c1193cba-c951-4cd3-8b67-48def89ce527","type":"fetch_description","attempt":1,"workerId":"test","commit":null,"readyWaitMs":155,"heapUsedMb":340,"heapLimitMb":4144,"rssMb":155}}
{"t":"2026-09-29T17:08:51.329Z","level":"info","msg":"task done","taskId":"c1193cba-c951-4cd3-8b67-48def89ce527","taskType":"fetch_description","data":{"id":"c1193cba-c951-4cd3-8b67-48def89ce527","type":"fetch_description","ms":50,"heapUsedMb":341,"heapDeltaMb":1,"heapLimitMb":4144,"rssMb":156,"rssDeltaMb":1}}
{"t":"2026-09-29T17:08:51.330Z","level":"info","msg":"task start","taskId":"d2040baf-6dc1-4b1e-b863-9b7af646999f","taskType":"discover","data":{"id":"d2040baf-6dc1-4b1e-b863-9b7af646999f","type":"discover","attempt":1,"workerId":"test","commit":null,"readyWaitMs":521,"heapUsedMb":341,"heapLimitMb":4144,"rssMb":156}}
{"t":"2026-09-29T17:08:51.383Z","level":"warn","msg":"logo re-encode failed; the original is kept","taskId":"d2040baf-6dc1-4b1e-b863-9b7af646999f","taskType":"discover","data":{"error":"Input buffer has corrupt header:","bytes":400}}
{"t":"2026-09-29T17:08:51.388Z","level":"info","msg":"logo captured","taskId":"d2040baf-6dc1-4b1e-b863-9b7af646999f","taskType":"discover","data":{"company":"Acme Robotics","source":"site_icon","sourceUrl":"https://www.acme.example/favicon.png","bytes":400,"contentType":"image/png"}}
{"t":"2026-09-29T17:08:51.389Z","level":"info","msg":"task done","taskId":"d2040baf-6dc1-4b1e-b863-9b7af646999f","taskType":"discover","data":{"id":"d2040baf-6dc1-4b1e-b863-9b7af646999f","type":"discover","ms":59,"heapUsedMb":342,"heapDeltaMb":1,"heapLimitMb":4144,"rssMb":156,"rssDeltaMb":0}}
{"t":"2026-09-29T17:08:51.404Z","level":"info","msg":"source scanned","data":{"company":"acme.example","type":"greenhouse","status":"failed","postings":0,"new":0,"closed":0,"followers":1,"deferredDescriptions":0,"reusedListing":false,"claimFetchedBytes":0,"claimRequests":1,"claimRevalidated":0,"heapUsedMb":343,"ms":11}}
{"t":"2026-09-29T17:08:51.528Z","level":"info","msg":"source scanned","data":{"company":"acme.example","type":"greenhouse","status":"ok","postings":5,"new":0,"closed":0,"followers":1,"deferredDescriptions":0,"reusedListing":false,"claimFetchedBytes":1452,"claimRequests":3,"claimRevalidated":0,"heapUsedMb":345,"ms":118}}
{"t":"2026-09-29T17:08:51.750Z","level":"info","msg":"task start","taskId":"976e3d96-e6bc-4cc3-9eb0-6e855b516dc6","taskType":"discover","data":{"id":"976e3d96-e6bc-4cc3-9eb0-6e855b516dc6","type":"discover","attempt":1,"workerId":"test","commit":null,"readyWaitMs":9,"heapUsedMb":346,"heapLimitMb":4144,"rssMb":157}}
{"t":"2026-09-29T17:08:51.952Z","level":"info","msg":"discovery finished","taskId":"976e3d96-e6bc-4cc3-9eb0-6e855b516dc6","taskType":"discover","data":{"company":"acme.example","outcome":"resolved","fetches":3,"best":"ats_link"}}
{"t":"2026-09-29T17:08:51.959Z","level":"info","msg":"task done","taskId":"976e3d96-e6bc-4cc3-9eb0-6e855b516dc6","taskType":"discover","data":{"id":"976e3d96-e6bc-4cc3-9eb0-6e855b516dc6","type":"discover","ms":208,"heapUsedMb":339,"heapDeltaMb":-7,"heapLimitMb":4144,"rssMb":187,"rssDeltaMb":30}}
{"t":"2026-09-29T17:08:51.964Z","level":"info","msg":"task start","taskId":"91a8557b-0483-4fa8-8871-5d40b0a98dd8","taskType":"scan_company","data":{"id":"91a8557b-0483-4fa8-8871-5d40b0a98dd8","type":"scan_company","attempt":1,"workerId":"test","commit":null,"readyWaitMs":44,"heapUsedMb":339,"heapLimitMb":4144,"rssMb":188}}
{"t":"2026-09-29T17:08:52.186Z","level":"info","msg":"source scanned","taskId":"91a8557b-0483-4fa8-8871-5d40b0a98dd8","taskType":"scan_company","data":{"company":"Acme Robotics","type":"greenhouse","status":"ok","postings":3,"new":3,"closed":0,"followers":1,"deferredDescriptions":0,"reusedListing":false,"claimFetchedBytes":992,"claimRequests":3,"claimRevalidated":0,"heapUsedMb":99,"ms":190}}
{"t":"2026-09-29T17:08:52.210Z","level":"info","msg":"task done","taskId":"91a8557b-0483-4fa8-8871-5d40b0a98dd8","taskType":"scan_company","data":{"id":"91a8557b-0483-4fa8-8871-5d40b0a98dd8","type":"scan_company","ms":246,"heapUsedMb":99,"heapDeltaMb":-240,"heapLimitMb":4144,"rssMb":210,"rssDeltaMb":22}}
{"t":"2026-09-29T17:08:52.217Z","level":"info","msg":"task start","taskId":"84bde482-b7d6-44a5-a74d-ef98d0aec8c0","taskType":"fetch_description","data":{"id":"84bde482-b7d6-44a5-a74d-ef98d0aec8c0","type":"fetch_description","attempt":1,"workerId":"test","commit":null,"readyWaitMs":97,"heapUsedMb":99,"heapLimitMb":4144,"rssMb":210}}
{"t":"2026-09-29T17:08:52.295Z","level":"info","msg":"task done","taskId":"84bde482-b7d6-44a5-a74d-ef98d0aec8c0","taskType":"fetch_description","data":{"id":"84bde482-b7d6-44a5-a74d-ef98d0aec8c0","type":"fetch_description","ms":78,"heapUsedMb":100,"heapDeltaMb":1,"heapLimitMb":4144,"rssMb":210,"rssDeltaMb":0}}
{"t":"2026-09-29T17:08:52.300Z","level":"info","msg":"task start","taskId":"0c155d02-4a24-4aea-85f1-0cb5ed46c711","taskType":"fetch_description","data":{"id":"0c155d02-4a24-4aea-85f1-0cb5ed46c711","type":"fetch_description","attempt":1,"workerId":"test","commit":null,"readyWaitMs":180,"heapUsedMb":101,"heapLimitMb":4144,"rssMb":210}}
{"t":"2026-09-29T17:08:52.323Z","level":"info","msg":"task done","taskId":"0c155d02-4a24-4aea-85f1-0cb5ed46c711","taskType":"fetch_description","data":{"id":"0c155d02-4a24-4aea-85f1-0cb5ed46c711","type":"fetch_description","ms":23,"heapUsedMb":102,"heapDeltaMb":1,"heapLimitMb":4144,"rssMb":210,"rssDeltaMb":0}}
{"t":"2026-09-29T17:08:52.326Z","level":"info","msg":"task start","taskId":"a90ef452-0fc1-470b-a026-742fe8ea547c","taskType":"discover","data":{"id":"a90ef452-0fc1-470b-a026-742fe8ea547c","type":"discover","attempt":1,"workerId":"test","commit":null,"readyWaitMs":573,"heapUsedMb":102,"heapLimitMb":4144,"rssMb":210}}
{"t":"2026-09-29T17:08:52.381Z","level":"warn","msg":"logo re-encode failed; the original is kept","taskId":"a90ef452-0fc1-470b-a026-742fe8ea547c","taskType":"discover","data":{"error":"Input buffer has corrupt header:","bytes":400}}
{"t":"2026-09-29T17:08:52.389Z","level":"info","msg":"logo captured","taskId":"a90ef452-0fc1-470b-a026-742fe8ea547c","taskType":"discover","data":{"company":"Acme Robotics","source":"site_icon","sourceUrl":"https://www.acme.example/favicon.png","bytes":400,"contentType":"image/png"}}
{"t":"2026-09-29T17:08:52.390Z","level":"info","msg":"task done","taskId":"a90ef452-0fc1-470b-a026-742fe8ea547c","taskType":"discover","data":{"id":"a90ef452-0fc1-470b-a026-742fe8ea547c","type":"discover","ms":64,"heapUsedMb":103,"heapDeltaMb":1,"heapLimitMb":4144,"rssMb":210,"rssDeltaMb":0}}
{"t":"2026-09-29T17:08:52.544Z","level":"info","msg":"source scanned","data":{"company":"acme.example","type":"greenhouse","status":"ok","postings":3,"new":0,"closed":0,"followers":1,"deferredDescriptions":0,"reusedListing":false,"claimFetchedBytes":992,"claimRequests":3,"claimRevalidated":0,"heapUsedMb":105,"ms":149}}
{"t":"2026-09-29T17:08:52.683Z","level":"info","msg":"source scanned","data":{"company":"acme.example","type":"greenhouse","status":"ok","postings":3,"new":0,"closed":0,"followers":1,"deferredDescriptions":0,"reusedListing":false,"claimFetchedBytes":992,"claimRequests":3,"claimRevalidated":0,"heapUsedMb":106,"ms":131}}
{"t":"2026-09-29T17:08:52.980Z","level":"info","msg":"slow database query","data":{"durationMs":292,"statement":"truncate users, companies, career_sources, discovery_runs, scan_runs, scans, jobs, job_events, decisions, tasks, setting"}}
{"t":"2026-09-29T17:08:53.063Z","level":"info","msg":"source scanned","data":{"company":"Orbital","type":"smartrecruiters","status":"ok","postings":3,"new":3,"closed":0,"followers":1,"deferredDescriptions":0,"reusedListing":false,"claimFetchedBytes":507,"claimRequests":1,"claimRevalidated":0,"heapUsedMb":109,"ms":54}}
{"t":"2026-09-29T17:08:53.075Z","level":"info","msg":"task start","taskId":"738322b2-97fa-4eac-a010-0db202def177","taskType":"fetch_description","data":{"id":"738322b2-97fa-4eac-a010-0db202def177","type":"fetch_description","attempt":1,"workerId":"test","commit":null,"readyWaitMs":56,"heapUsedMb":110,"heapLimitMb":4144,"rssMb":181}}
{"t":"2026-09-29T17:08:53.082Z","level":"warn","msg":"description fetch failed","taskId":"738322b2-97fa-4eac-a010-0db202def177","taskType":"fetch_description","data":{"jobId":"08c3dc9f-8a6e-419f-bd36-face2d60a529","url":"https://jobs.smartrecruiters.com/orbital/ops-1","error":"refusing to fetch jobs.smartrecruiters.com: not in the test host map"}}
{"t":"2026-09-29T17:08:53.099Z","level":"info","msg":"task done","taskId":"738322b2-97fa-4eac-a010-0db202def177","taskType":"fetch_description","data":{"id":"738322b2-97fa-4eac-a010-0db202def177","type":"fetch_description","ms":24,"heapUsedMb":99,"heapDeltaMb":-11,"heapLimitMb":4144,"rssMb":188,"rssDeltaMb":7}}
{"t":"2026-09-29T17:08:53.102Z","level":"info","msg":"task start","taskId":"5d2a7632-21a0-4e8b-a974-6c9fcedc1ad4","taskType":"fetch_description","data":{"id":"5d2a7632-21a0-4e8b-a974-6c9fcedc1ad4","type":"fetch_description","attempt":1,"workerId":"test","commit":null,"readyWaitMs":83,"heapUsedMb":99,"heapLimitMb":4144,"rssMb":188}}
{"t":"2026-09-29T17:08:53.130Z","level":"warn","msg":"description fetch failed","taskId":"5d2a7632-21a0-4e8b-a974-6c9fcedc1ad4","taskType":"fetch_description","data":{"jobId":"59a9185b-6661-4a17-8058-986762629d10","url":"https://jobs.smartrecruiters.com/orbital/ops-2","error":"refusing to fetch jobs.smartrecruiters.com: not in the test host map"}}
{"t":"2026-09-29T17:08:53.162Z","level":"info","msg":"task done","taskId":"5d2a7632-21a0-4e8b-a974-6c9fcedc1ad4","taskType":"fetch_description","data":{"id":"5d2a7632-21a0-4e8b-a974-6c9fcedc1ad4","type":"fetch_description","ms":60,"heapUsedMb":100,"heapDeltaMb":1,"heapLimitMb":4144,"rssMb":189,"rssDeltaMb":1}}
{"t":"2026-09-29T17:08:53.166Z","level":"info","msg":"task start","taskId":"adf45b7f-0289-4318-8155-821faff7ba74","taskType":"fetch_description","data":{"id":"adf45b7f-0289-4318-8155-821faff7ba74","type":"fetch_description","attempt":1,"workerId":"test","commit":null,"readyWaitMs":147,"heapUsedMb":100,"heapLimitMb":4144,"rssMb":189}}
{"t":"2026-09-29T17:08:53.179Z","level":"warn","msg":"description fetch failed","taskId":"adf45b7f-0289-4318-8155-821faff7ba74","taskType":"fetch_description","data":{"jobId":"d5da9104-55bb-4b2a-98dd-bfa167e56164","url":"https://jobs.smartrecruiters.com/orbital/ops-3","error":"refusing to fetch jobs.smartrecruiters.com: not in the test host map"}}
{"t":"2026-09-29T17:08:53.204Z","level":"info","msg":"task done","taskId":"adf45b7f-0289-4318-8155-821faff7ba74","taskType":"fetch_description","data":{"id":"adf45b7f-0289-4318-8155-821faff7ba74","type":"fetch_description","ms":38,"heapUsedMb":101,"heapDeltaMb":1,"heapLimitMb":4144,"rssMb":189,"rssDeltaMb":0}}
{"t":"2026-09-29T17:08:53.265Z","level":"info","msg":"source scanned","data":{"company":"Orbital","type":"smartrecruiters","status":"ok","postings":3,"new":0,"closed":0,"followers":1,"deferredDescriptions":0,"reusedListing":false,"claimFetchedBytes":507,"claimRequests":1,"claimRevalidated":0,"heapUsedMb":103,"ms":51}}
{"t":"2026-09-29T17:08:53.303Z","level":"info","msg":"source scanned","data":{"company":"Orbital","type":"smartrecruiters","status":"ok","postings":3,"new":0,"closed":0,"followers":1,"deferredDescriptions":0,"reusedListing":false,"claimFetchedBytes":507,"claimRequests":1,"claimRevalidated":0,"heapUsedMb":104,"ms":34}}
{"t":"2026-09-29T17:08:53.587Z","level":"info","msg":"slow database query","data":{"durationMs":271,"statement":"truncate users, companies, career_sources, discovery_runs, scan_runs, scans, jobs, job_events, decisions, tasks, setting"}}
{"t":"2026-09-29T17:08:53.971Z","level":"info","msg":"source scanned","data":{"company":"Acme Robotics","type":"greenhouse","status":"ok","postings":902,"new":902,"closed":0,"followers":1,"deferredDescriptions":0,"reusedListing":false,"claimFetchedBytes":735804,"claimRequests":3,"claimRevalidated":0,"heapUsedMb":104,"ms":349}}
{"t":"2026-09-29T17:08:53.980Z","level":"info","msg":"http revalidated","data":{"host":"boards-api.greenhouse.io","durationMs":0,"bytes":0,"validatorOnly":true}}
{"t":"2026-09-29T17:08:54.277Z","level":"info","msg":"source scanned","data":{"company":"Acme Robotics","type":"greenhouse","status":"ok","postings":902,"new":0,"closed":0,"followers":1,"deferredDescriptions":0,"reusedListing":false,"claimFetchedBytes":735804,"claimRequests":4,"claimRevalidated":1,"heapUsedMb":109,"ms":298}}
{"t":"2026-09-29T17:08:54.300Z","level":"info","msg":"http revalidated","data":{"host":"boards-api.greenhouse.io","durationMs":1,"bytes":0,"validatorOnly":true}}
{"t":"2026-09-29T17:08:54.509Z","level":"info","msg":"source scanned","data":{"company":"Acme Robotics","type":"greenhouse","status":"ok","postings":902,"new":0,"closed":0,"followers":1,"deferredDescriptions":0,"reusedListing":false,"claimFetchedBytes":735804,"claimRequests":4,"claimRevalidated":1,"heapUsedMb":111,"ms":212}}
{"t":"2026-09-29T17:08:54.690Z","level":"info","msg":"source scanned","data":{"company":"Acme Robotics","type":"greenhouse","status":"ok","postings":901,"new":0,"closed":0,"followers":1,"deferredDescriptions":0,"reusedListing":false,"claimFetchedBytes":735514,"claimRequests":3,"claimRevalidated":0,"heapUsedMb":117,"ms":171}}
{"t":"2026-09-29T17:08:54.698Z","level":"info","msg":"http revalidated","data":{"host":"boards-api.greenhouse.io","durationMs":1,"bytes":0,"validatorOnly":true}}
{"t":"2026-09-29T17:08:54.938Z","level":"info","msg":"source scanned","data":{"company":"Acme Robotics","type":"greenhouse","status":"ok","postings":901,"new":0,"closed":1,"followers":1,"deferredDescriptions":0,"reusedListing":false,"claimFetchedBytes":735514,"claimRequests":4,"claimRevalidated":1,"heapUsedMb":122,"ms":242}}
{"t":"2026-09-29T17:08:55.231Z","level":"info","msg":"source scanned","data":{"company":"Acme","type":"ashby","status":"ok","postings":2,"new":2,"closed":0,"followers":0,"deferredDescriptions":0,"reusedListing":false,"claimFetchedBytes":225,"claimRequests":1,"claimRevalidated":0,"heapUsedMb":112,"ms":20}}
{"t":"2026-09-29T17:08:55.279Z","level":"info","msg":"source scanned","data":{"company":"Acme","type":"ashby","status":"ok","postings":2,"new":0,"closed":0,"followers":0,"deferredDescriptions":0,"reusedListing":true,"claimFetchedBytes":0,"claimRequests":1,"claimRevalidated":1,"heapUsedMb":113,"ms":43}}
{"t":"2026-09-29T17:08:55.678Z","level":"info","msg":"slow database query","data":{"durationMs":392,"statement":"truncate users, companies, career_sources, discovery_runs, scan_runs, scans, jobs, job_events, decisions, tasks, setting"}}
{"t":"2026-09-29T17:08:55.709Z","level":"info","msg":"task start","taskId":"8c5ec6c8-ff4f-45bd-895e-9cca759e76c7","taskType":"discover","data":{"id":"8c5ec6c8-ff4f-45bd-895e-9cca759e76c7","type":"discover","attempt":1,"workerId":"test","commit":null,"readyWaitMs":12,"heapUsedMb":115,"heapLimitMb":4144,"rssMb":196}}
{"t":"2026-09-29T17:08:55.887Z","level":"info","msg":"discovery finished","taskId":"8c5ec6c8-ff4f-45bd-895e-9cca759e76c7","taskType":"discover","data":{"company":"acme.example","outcome":"resolved","fetches":3,"best":"ats_link"}}
{"t":"2026-09-29T17:08:55.889Z","level":"info","msg":"task done","taskId":"8c5ec6c8-ff4f-45bd-895e-9cca759e76c7","taskType":"discover","data":{"id":"8c5ec6c8-ff4f-45bd-895e-9cca759e76c7","type":"discover","ms":180,"heapUsedMb":118,"heapDeltaMb":3,"heapLimitMb":4144,"rssMb":196,"rssDeltaMb":0}}
{"t":"2026-09-29T17:08:55.891Z","level":"info","msg":"task start","taskId":"ff848ec2-0ebc-4bfd-819d-c62c10bf82ed","taskType":"scan_company","data":{"id":"ff848ec2-0ebc-4bfd-819d-c62c10bf82ed","type":"scan_company","attempt":1,"workerId":"test","commit":null,"readyWaitMs":13,"heapUsedMb":118,"heapLimitMb":4144,"rssMb":196}}
{"t":"2026-09-29T17:08:56.071Z","level":"info","msg":"source scanned","taskId":"ff848ec2-0ebc-4bfd-819d-c62c10bf82ed","taskType":"scan_company","data":{"company":"Acme Robotics","type":"greenhouse","status":"ok","postings":5,"new":5,"closed":0,"followers":1,"deferredDescriptions":0,"reusedListing":false,"claimFetchedBytes":1452,"claimRequests":3,"claimRevalidated":0,"heapUsedMb":121,"ms":174}}
{"t":"2026-09-29T17:08:56.089Z","level":"info","msg":"task done","taskId":"ff848ec2-0ebc-4bfd-819d-c62c10bf82ed","taskType":"scan_company","data":{"id":"ff848ec2-0ebc-4bfd-819d-c62c10bf82ed","type":"scan_company","ms":198,"heapUsedMb":121,"heapDeltaMb":3,"heapLimitMb":4144,"rssMb":195,"rssDeltaMb":-1}}
{"t":"2026-09-29T17:08:56.098Z","level":"info","msg":"task start","taskId":"569b57c2-2943-4bf4-8f96-b2935ca2b9da","taskType":"fetch_description","data":{"id":"569b57c2-2943-4bf4-8f96-b2935ca2b9da","type":"fetch_description","attempt":1,"workerId":"test","commit":null,"readyWaitMs":56,"heapUsedMb":121,"heapLimitMb":4144,"rssMb":195}}
{"t":"2026-09-29T17:08:56.256Z","level":"info","msg":"task done","taskId":"569b57c2-2943-4bf4-8f96-b2935ca2b9da","taskType":"fetch_description","data":{"id":"569b57c2-2943-4bf4-8f96-b2935ca2b9da","type":"fetch_description","ms":158,"heapUsedMb":122,"heapDeltaMb":1,"heapLimitMb":4144,"rssMb":186,"rssDeltaMb":-9}}
{"t":"2026-09-29T17:08:56.332Z","level":"info","msg":"task start","taskId":"1801bb4f-aeb7-4ffe-b52d-3187e8c85ad2","taskType":"fetch_description","data":{"id":"1801bb4f-aeb7-4ffe-b52d-3187e8c85ad2","type":"fetch_description","attempt":1,"workerId":"test","commit":null,"readyWaitMs":290,"heapUsedMb":122,"heapLimitMb":4144,"rssMb":184}}
{"t":"2026-09-29T17:08:56.445Z","level":"info","msg":"task done","taskId":"1801bb4f-aeb7-4ffe-b52d-3187e8c85ad2","taskType":"fetch_description","data":{"id":"1801bb4f-aeb7-4ffe-b52d-3187e8c85ad2","type":"fetch_description","ms":113,"heapUsedMb":113,"heapDeltaMb":-9,"heapLimitMb":4144,"rssMb":190,"rssDeltaMb":6}}
{"t":"2026-09-29T17:08:56.454Z","level":"info","msg":"task start","taskId":"a27a8bd4-89fa-4eb4-82df-2a35c53fc031","taskType":"fetch_description","data":{"id":"a27a8bd4-89fa-4eb4-82df-2a35c53fc031","type":"fetch_description","attempt":1,"workerId":"test","commit":null,"readyWaitMs":412,"heapUsedMb":113,"heapLimitMb":4144,"rssMb":189}}
{"t":"2026-09-29T17:08:56.495Z","level":"info","msg":"task done","taskId":"a27a8bd4-89fa-4eb4-82df-2a35c53fc031","taskType":"fetch_description","data":{"id":"a27a8bd4-89fa-4eb4-82df-2a35c53fc031","type":"fetch_description","ms":41,"heapUsedMb":114,"heapDeltaMb":1,"heapLimitMb":4144,"rssMb":190,"rssDeltaMb":1}}
{"t":"2026-09-29T17:08:56.497Z","level":"info","msg":"task start","taskId":"f5597c4e-95f7-41c5-b3a0-b3feaee7b429","taskType":"fetch_description","data":{"id":"f5597c4e-95f7-41c5-b3a0-b3feaee7b429","type":"fetch_description","attempt":1,"workerId":"test","commit":null,"readyWaitMs":455,"heapUsedMb":114,"heapLimitMb":4144,"rssMb":190}}
{"t":"2026-09-29T17:08:56.540Z","level":"info","msg":"task done","taskId":"f5597c4e-95f7-41c5-b3a0-b3feaee7b429","taskType":"fetch_description","data":{"id":"f5597c4e-95f7-41c5-b3a0-b3feaee7b429","type":"fetch_description","ms":43,"heapUsedMb":115,"heapDeltaMb":1,"heapLimitMb":4144,"rssMb":190,"rssDeltaMb":0}}
{"t":"2026-09-29T17:08:56.543Z","level":"info","msg":"task start","taskId":"86d8d5f4-10f3-4d66-8cd5-6a4936141bc9","taskType":"discover","data":{"id":"86d8d5f4-10f3-4d66-8cd5-6a4936141bc9","type":"discover","attempt":1,"workerId":"test","commit":null,"readyWaitMs":830,"heapUsedMb":115,"heapLimitMb":4144,"rssMb":190}}
{"t":"2026-09-29T17:08:56.611Z","level":"warn","msg":"logo re-encode failed; the original is kept","taskId":"86d8d5f4-10f3-4d66-8cd5-6a4936141bc9","taskType":"discover","data":{"error":"Input buffer has corrupt header:","bytes":400}}
{"t":"2026-09-29T17:08:56.616Z","level":"info","msg":"logo captured","taskId":"86d8d5f4-10f3-4d66-8cd5-6a4936141bc9","taskType":"discover","data":{"company":"Acme Robotics","source":"site_icon","sourceUrl":"https://www.acme.example/favicon.png","bytes":400,"contentType":"image/png"}}
{"t":"2026-09-29T17:08:56.618Z","level":"info","msg":"task done","taskId":"86d8d5f4-10f3-4d66-8cd5-6a4936141bc9","taskType":"discover","data":{"id":"86d8d5f4-10f3-4d66-8cd5-6a4936141bc9","type":"discover","ms":75,"heapUsedMb":116,"heapDeltaMb":1,"heapLimitMb":4144,"rssMb":188,"rssDeltaMb":-2}}
{"t":"2026-09-29T17:08:56.735Z","level":"info","msg":"source scanned","data":{"company":"acme.example","type":"greenhouse","status":"ok","postings":5,"new":0,"closed":0,"followers":1,"deferredDescriptions":0,"reusedListing":false,"claimFetchedBytes":1452,"claimRequests":3,"claimRevalidated":0,"heapUsedMb":118,"ms":114}}
{"t":"2026-09-29T17:08:56.907Z","level":"info","msg":"source scanned","data":{"company":"acme.example","type":"greenhouse","status":"ok","postings":5,"new":0,"closed":0,"followers":1,"deferredDescriptions":0,"reusedListing":false,"claimFetchedBytes":1459,"claimRequests":3,"claimRevalidated":0,"heapUsedMb":120,"ms":168}}
{"t":"2026-09-29T17:08:57.163Z","level":"info","msg":"slow database query","data":{"durationMs":250,"statement":"truncate users, companies, career_sources, discovery_runs, scan_runs, scans, jobs, job_events, decisions, tasks, setting"}}
{"t":"2026-09-29T17:08:57.188Z","level":"info","msg":"task start","taskId":"abc79b00-f747-4fcd-add2-477549f6504c","taskType":"discover","data":{"id":"abc79b00-f747-4fcd-add2-477549f6504c","type":"discover","attempt":1,"workerId":"test","commit":null,"readyWaitMs":11,"heapUsedMb":121,"heapLimitMb":4144,"rssMb":179}}
{"t":"2026-09-29T17:08:57.357Z","level":"info","msg":"discovery finished","taskId":"abc79b00-f747-4fcd-add2-477549f6504c","taskType":"discover","data":{"company":"acme.example","outcome":"resolved","fetches":3,"best":"ats_link"}}
{"t":"2026-09-29T17:08:57.361Z","level":"info","msg":"task done","taskId":"abc79b00-f747-4fcd-add2-477549f6504c","taskType":"discover","data":{"id":"abc79b00-f747-4fcd-add2-477549f6504c","type":"discover","ms":173,"heapUsedMb":124,"heapDeltaMb":3,"heapLimitMb":4144,"rssMb":180,"rssDeltaMb":1}}
{"t":"2026-09-29T17:08:57.363Z","level":"info","msg":"task start","taskId":"c5494d70-31ac-4ff5-884a-00dcc4bf4b65","taskType":"scan_company","data":{"id":"c5494d70-31ac-4ff5-884a-00dcc4bf4b65","type":"scan_company","attempt":1,"workerId":"test","commit":null,"readyWaitMs":13,"heapUsedMb":114,"heapLimitMb":4144,"rssMb":182}}
{"t":"2026-09-29T17:08:57.522Z","level":"info","msg":"source scanned","taskId":"c5494d70-31ac-4ff5-884a-00dcc4bf4b65","taskType":"scan_company","data":{"company":"Acme Robotics","type":"greenhouse","status":"ok","postings":5,"new":5,"closed":0,"followers":1,"deferredDescriptions":0,"reusedListing":false,"claimFetchedBytes":1452,"claimRequests":3,"claimRevalidated":0,"heapUsedMb":81,"ms":133}}
{"t":"2026-09-29T17:08:57.529Z","level":"info","msg":"task done","taskId":"c5494d70-31ac-4ff5-884a-00dcc4bf4b65","taskType":"scan_company","data":{"id":"c5494d70-31ac-4ff5-884a-00dcc4bf4b65","type":"scan_company","ms":166,"heapUsedMb":81,"heapDeltaMb":-33,"heapLimitMb":4144,"rssMb":183,"rssDeltaMb":1}}
{"t":"2026-09-29T17:08:57.531Z","level":"info","msg":"task start","taskId":"76348405-a051-4d36-a204-7e257d5873d7","taskType":"fetch_description","data":{"id":"76348405-a051-4d36-a204-7e257d5873d7","type":"fetch_description","attempt":1,"workerId":"test","commit":null,"readyWaitMs":25,"heapUsedMb":81,"heapLimitMb":4144,"rssMb":183}}
{"t":"2026-09-29T17:08:57.568Z","level":"info","msg":"task done","taskId":"76348405-a051-4d36-a204-7e257d5873d7","taskType":"fetch_description","data":{"id":"76348405-a051-4d36-a204-7e257d5873d7","type":"fetch_description","ms":37,"heapUsedMb":82,"heapDeltaMb":1,"heapLimitMb":4144,"rssMb":183,"rssDeltaMb":0}}
{"t":"2026-09-29T17:08:57.570Z","level":"info","msg":"task start","taskId":"7e073e5f-bc67-4e43-8703-c8229a090acd","taskType":"fetch_description","data":{"id":"7e073e5f-bc67-4e43-8703-c8229a090acd","type":"fetch_description","attempt":1,"workerId":"test","commit":null,"readyWaitMs":64,"heapUsedMb":82,"heapLimitMb":4144,"rssMb":183}}
{"t":"2026-09-29T17:08:57.624Z","level":"info","msg":"task done","taskId":"7e073e5f-bc67-4e43-8703-c8229a090acd","taskType":"fetch_description","data":{"id":"7e073e5f-bc67-4e43-8703-c8229a090acd","type":"fetch_description","ms":54,"heapUsedMb":83,"heapDeltaMb":1,"heapLimitMb":4144,"rssMb":183,"rssDeltaMb":0}}
{"t":"2026-09-29T17:08:57.627Z","level":"info","msg":"task start","taskId":"2e66bf99-01ce-40b4-b1c5-399006bfce78","taskType":"fetch_description","data":{"id":"2e66bf99-01ce-40b4-b1c5-399006bfce78","type":"fetch_description","attempt":1,"workerId":"test","commit":null,"readyWaitMs":121,"heapUsedMb":84,"heapLimitMb":4144,"rssMb":183}}
{"t":"2026-09-29T17:08:57.660Z","level":"info","msg":"task done","taskId":"2e66bf99-01ce-40b4-b1c5-399006bfce78","taskType":"fetch_description","data":{"id":"2e66bf99-01ce-40b4-b1c5-399006bfce78","type":"fetch_description","ms":33,"heapUsedMb":85,"heapDeltaMb":1,"heapLimitMb":4144,"rssMb":183,"rssDeltaMb":0}}
{"t":"2026-09-29T17:08:57.661Z","level":"info","msg":"task start","taskId":"a15277b5-a537-4526-a369-7523cfbfa134","taskType":"fetch_description","data":{"id":"a15277b5-a537-4526-a369-7523cfbfa134","type":"fetch_description","attempt":1,"workerId":"test","commit":null,"readyWaitMs":155,"heapUsedMb":85,"heapLimitMb":4144,"rssMb":183}}
{"t":"2026-09-29T17:08:57.713Z","level":"info","msg":"task done","taskId":"a15277b5-a537-4526-a369-7523cfbfa134","taskType":"fetch_description","data":{"id":"a15277b5-a537-4526-a369-7523cfbfa134","type":"fetch_description","ms":52,"heapUsedMb":86,"heapDeltaMb":1,"heapLimitMb":4144,"rssMb":183,"rssDeltaMb":0}}
{"t":"2026-09-29T17:08:57.714Z","level":"info","msg":"task start","taskId":"da5931e4-2408-4a04-822f-c93455b87051","taskType":"discover","data":{"id":"da5931e4-2408-4a04-822f-c93455b87051","type":"discover","attempt":1,"workerId":"test","commit":null,"readyWaitMs":525,"heapUsedMb":86,"heapLimitMb":4144,"rssMb":183}}
{"t":"2026-09-29T17:08:57.771Z","level":"warn","msg":"logo re-encode failed; the original is kept","taskId":"da5931e4-2408-4a04-822f-c93455b87051","taskType":"discover","data":{"error":"Input buffer has corrupt header:","bytes":400}}
{"t":"2026-09-29T17:08:57.780Z","level":"info","msg":"logo captured","taskId":"da5931e4-2408-4a04-822f-c93455b87051","taskType":"discover","data":{"company":"Acme Robotics","source":"site_icon","sourceUrl":"https://www.acme.example/favicon.png","bytes":400,"contentType":"image/png"}}
{"t":"2026-09-29T17:08:57.781Z","level":"info","msg":"task done","taskId":"da5931e4-2408-4a04-822f-c93455b87051","taskType":"discover","data":{"id":"da5931e4-2408-4a04-822f-c93455b87051","type":"discover","ms":67,"heapUsedMb":87,"heapDeltaMb":1,"heapLimitMb":4144,"rssMb":183,"rssDeltaMb":0}}
{"t":"2026-09-29T17:08:57.903Z","level":"info","msg":"source scanned","data":{"company":"acme.example","type":"greenhouse","status":"ok","postings":5,"new":0,"closed":0,"followers":1,"deferredDescriptions":0,"reusedListing":false,"claimFetchedBytes":1452,"claimRequests":3,"claimRevalidated":0,"heapUsedMb":89,"ms":118}}
{"t":"2026-09-29T17:08:58.112Z","level":"info","msg":"task start","taskId":"3d59cdc3-9c3c-4e2b-bd06-d32435acc69b","taskType":"discover","data":{"id":"3d59cdc3-9c3c-4e2b-bd06-d32435acc69b","type":"discover","attempt":1,"workerId":"test","commit":null,"readyWaitMs":4,"heapUsedMb":90,"heapLimitMb":4144,"rssMb":173}}
{"t":"2026-09-29T17:08:58.320Z","level":"info","msg":"discovery finished","taskId":"3d59cdc3-9c3c-4e2b-bd06-d32435acc69b","taskType":"discover","data":{"company":"acme.example","outcome":"resolved","fetches":3,"best":"ats_link"}}
{"t":"2026-09-29T17:08:58.324Z","level":"info","msg":"task done","taskId":"3d59cdc3-9c3c-4e2b-bd06-d32435acc69b","taskType":"discover","data":{"id":"3d59cdc3-9c3c-4e2b-bd06-d32435acc69b","type":"discover","ms":212,"heapUsedMb":82,"heapDeltaMb":-8,"heapLimitMb":4144,"rssMb":155,"rssDeltaMb":-18}}
{"t":"2026-09-29T17:08:58.328Z","level":"info","msg":"task start","taskId":"d227e2b1-d220-4b18-98e1-1e0f40cfeb6d","taskType":"scan_company","data":{"id":"d227e2b1-d220-4b18-98e1-1e0f40cfeb6d","type":"scan_company","attempt":1,"workerId":"test","commit":null,"readyWaitMs":20,"heapUsedMb":82,"heapLimitMb":4144,"rssMb":155}}
{"t":"2026-09-29T17:08:58.478Z","level":"info","msg":"source scanned","taskId":"d227e2b1-d220-4b18-98e1-1e0f40cfeb6d","taskType":"scan_company","data":{"company":"Acme Robotics","type":"greenhouse","status":"ok","postings":2,"new":2,"closed":0,"followers":1,"deferredDescriptions":2,"reusedListing":false,"claimFetchedBytes":721,"claimRequests":3,"claimRevalidated":0,"heapUsedMb":84,"ms":145}}
{"t":"2026-09-29T17:08:58.485Z","level":"info","msg":"task done","taskId":"d227e2b1-d220-4b18-98e1-1e0f40cfeb6d","taskType":"scan_company","data":{"id":"d227e2b1-d220-4b18-98e1-1e0f40cfeb6d","type":"scan_company","ms":157,"heapUsedMb":85,"heapDeltaMb":3,"heapLimitMb":4144,"rssMb":155,"rssDeltaMb":0}}
{"t":"2026-09-29T17:08:58.487Z","level":"info","msg":"task start","taskId":"50fa4b1d-1c1e-4592-b969-db3b6aa00090","taskType":"fetch_description","data":{"id":"50fa4b1d-1c1e-4592-b969-db3b6aa00090","type":"fetch_description","attempt":1,"workerId":"test","commit":null,"readyWaitMs":22,"heapUsedMb":85,"heapLimitMb":4144,"rssMb":155}}
{"t":"2026-09-29T17:08:58.516Z","level":"info","msg":"task done","taskId":"50fa4b1d-1c1e-4592-b969-db3b6aa00090","taskType":"fetch_description","data":{"id":"50fa4b1d-1c1e-4592-b969-db3b6aa00090","type":"fetch_description","ms":29,"heapUsedMb":86,"heapDeltaMb":1,"heapLimitMb":4144,"rssMb":155,"rssDeltaMb":0}}
{"t":"2026-09-29T17:08:58.517Z","level":"info","msg":"task start","taskId":"af846125-9847-4c3d-a880-4861a0e3b408","taskType":"fetch_description","data":{"id":"af846125-9847-4c3d-a880-4861a0e3b408","type":"fetch_description","attempt":1,"workerId":"test","commit":null,"readyWaitMs":52,"heapUsedMb":86,"heapLimitMb":4144,"rssMb":155}}
{"t":"2026-09-29T17:08:58.565Z","level":"info","msg":"task done","taskId":"af846125-9847-4c3d-a880-4861a0e3b408","taskType":"fetch_description","data":{"id":"af846125-9847-4c3d-a880-4861a0e3b408","type":"fetch_description","ms":48,"heapUsedMb":87,"heapDeltaMb":1,"heapLimitMb":4144,"rssMb":156,"rssDeltaMb":1}}
{"t":"2026-09-29T17:08:58.566Z","level":"info","msg":"task start","taskId":"b2874ef8-69a8-4f55-9a94-22a501aa8329","taskType":"discover","data":{"id":"b2874ef8-69a8-4f55-9a94-22a501aa8329","type":"discover","attempt":1,"workerId":"test","commit":null,"readyWaitMs":453,"heapUsedMb":87,"heapLimitMb":4144,"rssMb":156}}
{"t":"2026-09-29T17:08:58.620Z","level":"warn","msg":"logo re-encode failed; the original is kept","taskId":"b2874ef8-69a8-4f55-9a94-22a501aa8329","taskType":"discover","data":{"error":"Input buffer has corrupt header:","bytes":400}}
{"t":"2026-09-29T17:08:58.627Z","level":"info","msg":"logo captured","taskId":"b2874ef8-69a8-4f55-9a94-22a501aa8329","taskType":"discover","data":{"company":"Acme Robotics","source":"site_icon","sourceUrl":"https://www.acme.example/favicon.png","bytes":400,"contentType":"image/png"}}
{"t":"2026-09-29T17:08:58.629Z","level":"info","msg":"task done","taskId":"b2874ef8-69a8-4f55-9a94-22a501aa8329","taskType":"discover","data":{"id":"b2874ef8-69a8-4f55-9a94-22a501aa8329","type":"discover","ms":63,"heapUsedMb":88,"heapDeltaMb":1,"heapLimitMb":4144,"rssMb":156,"rssDeltaMb":0}}
{"t":"2026-09-29T17:08:58.770Z","level":"info","msg":"source scanned","data":{"company":"acme.example","type":"greenhouse","status":"ok","postings":3,"new":0,"closed":0,"followers":1,"deferredDescriptions":0,"reusedListing":false,"claimFetchedBytes":977,"claimRequests":3,"claimRevalidated":0,"heapUsedMb":84,"ms":124}}
{"t":"2026-09-29T17:08:59.312Z","level":"info","msg":"source scanned","data":{"company":"Pager","type":"jsonld","status":"ok","postings":300,"new":300,"closed":0,"followers":1,"deferredDescriptions":0,"reusedListing":false,"claimFetchedBytes":702010,"claimRequests":1,"claimRevalidated":0,"heapUsedMb":88,"ms":375}}
{"t":"2026-09-29T17:08:59.353Z","level":"info","msg":"http revalidated","data":{"host":"pager.example","durationMs":1,"bytes":0,"validatorOnly":true}}
{"t":"2026-09-29T17:08:59.415Z","level":"info","msg":"source scanned","data":{"company":"Pager","type":"jsonld","status":"ok","postings":300,"new":0,"closed":0,"followers":1,"deferredDescriptions":0,"reusedListing":true,"claimFetchedBytes":0,"claimRequests":1,"claimRevalidated":1,"heapUsedMb":81,"ms":68}}
{"t":"2026-09-29T17:08:59.802Z","level":"info","msg":"slow database query","data":{"durationMs":373,"statement":"truncate users, companies, career_sources, discovery_runs, scan_runs, scans, jobs, job_events, decisions, tasks, setting"}}
{"t":"2026-09-29T17:08:59.997Z","level":"info","msg":"source scanned","data":{"company":"Acme Robotics","type":"greenhouse","status":"ok","postings":5,"new":5,"closed":0,"followers":1,"deferredDescriptions":0,"reusedListing":false,"claimFetchedBytes":1452,"claimRequests":3,"claimRevalidated":0,"heapUsedMb":87,"ms":133}}
{"t":"2026-09-29T17:09:00.496Z","level":"info","msg":"slow database query","data":{"durationMs":308,"statement":"truncate users, companies, career_sources, discovery_runs, scan_runs, scans, jobs, job_events, decisions, tasks, setting"}}
{"t":"2026-09-29T17:09:00.723Z","level":"info","msg":"source scanned","data":{"company":"Pager","type":"html","status":"ok","postings":200,"new":200,"closed":0,"followers":1,"deferredDescriptions":0,"reusedListing":false,"claimFetchedBytes":14848,"claimRequests":1,"claimRevalidated":0,"heapUsedMb":93,"ms":202}}
{"t":"2026-09-29T17:09:08.295Z","level":"info","msg":"source scanned","data":{"company":"Pager","type":"html","status":"partial","postings":199,"new":0,"closed":0,"followers":1,"deferredDescriptions":0,"reusedListing":false,"claimFetchedBytes":161281,"claimRequests":150,"claimRevalidated":0,"heapUsedMb":83,"ms":7557}}
{"t":"2026-09-29T17:09:08.567Z","level":"info","msg":"task start","taskId":"be750083-27e2-4c8a-8f08-9c4001c28039","taskType":"discover","data":{"id":"be750083-27e2-4c8a-8f08-9c4001c28039","type":"discover","attempt":1,"workerId":"test","commit":null,"readyWaitMs":7,"heapUsedMb":86,"heapLimitMb":4144,"rssMb":156}}
{"t":"2026-09-29T17:09:08.752Z","level":"info","msg":"discovery finished","taskId":"be750083-27e2-4c8a-8f08-9c4001c28039","taskType":"discover","data":{"company":"acme.example","outcome":"resolved","fetches":3,"best":"ats_link"}}
{"t":"2026-09-29T17:09:08.756Z","level":"info","msg":"task done","taskId":"be750083-27e2-4c8a-8f08-9c4001c28039","taskType":"discover","data":{"id":"be750083-27e2-4c8a-8f08-9c4001c28039","type":"discover","ms":189,"heapUsedMb":89,"heapDeltaMb":3,"heapLimitMb":4144,"rssMb":156,"rssDeltaMb":0}}
{"t":"2026-09-29T17:09:08.759Z","level":"info","msg":"task start","taskId":"5c57c2b7-8c2d-4806-b7bc-b28cf275a284","taskType":"scan_company","data":{"id":"5c57c2b7-8c2d-4806-b7bc-b28cf275a284","type":"scan_company","attempt":1,"workerId":"test","commit":null,"readyWaitMs":20,"heapUsedMb":89,"heapLimitMb":4144,"rssMb":156}}
{"t":"2026-09-29T17:09:08.911Z","level":"info","msg":"source scanned","taskId":"5c57c2b7-8c2d-4806-b7bc-b28cf275a284","taskType":"scan_company","data":{"company":"Acme Robotics","type":"greenhouse","status":"ok","postings":5,"new":5,"closed":0,"followers":1,"deferredDescriptions":0,"reusedListing":false,"claimFetchedBytes":1452,"claimRequests":3,"claimRevalidated":0,"heapUsedMb":92,"ms":138}}
{"t":"2026-09-29T17:09:08.916Z","level":"info","msg":"task done","taskId":"5c57c2b7-8c2d-4806-b7bc-b28cf275a284","taskType":"scan_company","data":{"id":"5c57c2b7-8c2d-4806-b7bc-b28cf275a284","type":"scan_company","ms":157,"heapUsedMb":92,"heapDeltaMb":3,"heapLimitMb":4144,"rssMb":156,"rssDeltaMb":0}}
{"t":"2026-09-29T17:09:08.918Z","level":"info","msg":"task start","taskId":"3e5cc507-3946-4412-a9d2-1c132f96c9e5","taskType":"fetch_description","data":{"id":"3e5cc507-3946-4412-a9d2-1c132f96c9e5","type":"fetch_description","attempt":1,"workerId":"test","commit":null,"readyWaitMs":21,"heapUsedMb":92,"heapLimitMb":4144,"rssMb":156}}
{"t":"2026-09-29T17:09:08.947Z","level":"info","msg":"task done","taskId":"3e5cc507-3946-4412-a9d2-1c132f96c9e5","taskType":"fetch_description","data":{"id":"3e5cc507-3946-4412-a9d2-1c132f96c9e5","type":"fetch_description","ms":29,"heapUsedMb":94,"heapDeltaMb":2,"heapLimitMb":4144,"rssMb":156,"rssDeltaMb":0}}
{"t":"2026-09-29T17:09:08.948Z","level":"info","msg":"task start","taskId":"f7963df8-461e-48da-a1dd-34a20cb43788","taskType":"fetch_description","data":{"id":"f7963df8-461e-48da-a1dd-34a20cb43788","type":"fetch_description","attempt":1,"workerId":"test","commit":null,"readyWaitMs":51,"heapUsedMb":94,"heapLimitMb":4144,"rssMb":156}}
{"t":"2026-09-29T17:09:09.006Z","level":"info","msg":"task done","taskId":"f7963df8-461e-48da-a1dd-34a20cb43788","taskType":"fetch_description","data":{"id":"f7963df8-461e-48da-a1dd-34a20cb43788","type":"fetch_description","ms":58,"heapUsedMb":85,"heapDeltaMb":-9,"heapLimitMb":4144,"rssMb":157,"rssDeltaMb":1}}
{"t":"2026-09-29T17:09:09.009Z","level":"info","msg":"task start","taskId":"576f3665-2185-484b-8bff-9ecf3a2dfd02","taskType":"fetch_description","data":{"id":"576f3665-2185-484b-8bff-9ecf3a2dfd02","type":"fetch_description","attempt":1,"workerId":"test","commit":null,"readyWaitMs":112,"heapUsedMb":85,"heapLimitMb":4144,"rssMb":157}}
{"t":"2026-09-29T17:09:09.055Z","level":"info","msg":"task done","taskId":"576f3665-2185-484b-8bff-9ecf3a2dfd02","taskType":"fetch_description","data":{"id":"576f3665-2185-484b-8bff-9ecf3a2dfd02","type":"fetch_description","ms":46,"heapUsedMb":86,"heapDeltaMb":1,"heapLimitMb":4144,"rssMb":157,"rssDeltaMb":0}}
{"t":"2026-09-29T17:09:09.057Z","level":"info","msg":"task start","taskId":"a8b8cdae-208f-4544-ab95-cd8143252760","taskType":"fetch_description","data":{"id":"a8b8cdae-208f-4544-ab95-cd8143252760","type":"fetch_description","attempt":1,"workerId":"test","commit":null,"readyWaitMs":160,"heapUsedMb":87,"heapLimitMb":4144,"rssMb":157}}
{"t":"2026-09-29T17:09:09.098Z","level":"info","msg":"task done","taskId":"a8b8cdae-208f-4544-ab95-cd8143252760","taskType":"fetch_description","data":{"id":"a8b8cdae-208f-4544-ab95-cd8143252760","type":"fetch_description","ms":41,"heapUsedMb":88,"heapDeltaMb":1,"heapLimitMb":4144,"rssMb":157,"rssDeltaMb":0}}
{"t":"2026-09-29T17:09:09.101Z","level":"info","msg":"task start","taskId":"43d48c42-4b6e-4b2f-bc98-74d9b0b561b2","taskType":"discover","data":{"id":"43d48c42-4b6e-4b2f-bc98-74d9b0b561b2","type":"discover","attempt":1,"workerId":"test","commit":null,"readyWaitMs":533,"heapUsedMb":88,"heapLimitMb":4144,"rssMb":157}}
{"t":"2026-09-29T17:09:09.156Z","level":"warn","msg":"logo re-encode failed; the original is kept","taskId":"43d48c42-4b6e-4b2f-bc98-74d9b0b561b2","taskType":"discover","data":{"error":"Input buffer has corrupt header:","bytes":400}}
{"t":"2026-09-29T17:09:09.163Z","level":"info","msg":"logo captured","taskId":"43d48c42-4b6e-4b2f-bc98-74d9b0b561b2","taskType":"discover","data":{"company":"Acme Robotics","source":"site_icon","sourceUrl":"https://www.acme.example/favicon.png","bytes":400,"contentType":"image/png"}}
{"t":"2026-09-29T17:09:09.165Z","level":"info","msg":"task done","taskId":"43d48c42-4b6e-4b2f-bc98-74d9b0b561b2","taskType":"discover","data":{"id":"43d48c42-4b6e-4b2f-bc98-74d9b0b561b2","type":"discover","ms":64,"heapUsedMb":89,"heapDeltaMb":1,"heapLimitMb":4144,"rssMb":158,"rssDeltaMb":1}}
{"t":"2026-09-29T17:09:10.121Z","level":"info","msg":"slow database query","data":{"durationMs":527,"statement":"truncate users, companies, career_sources, discovery_runs, scan_runs, scans, jobs, job_events, decisions, tasks, setting"}}
{"t":"2026-09-29T17:09:10.153Z","level":"info","msg":"task start","taskId":"5303dc5a-a605-4426-8935-3a10d0b80d2c","taskType":"discover","data":{"id":"5303dc5a-a605-4426-8935-3a10d0b80d2c","type":"discover","attempt":1,"workerId":"test","commit":null,"readyWaitMs":8,"heapUsedMb":93,"heapLimitMb":4144,"rssMb":155}}
{"t":"2026-09-29T17:09:10.322Z","level":"info","msg":"discovery finished","taskId":"5303dc5a-a605-4426-8935-3a10d0b80d2c","taskType":"discover","data":{"company":"acme.example","outcome":"resolved","fetches":3,"best":"ats_link"}}
{"t":"2026-09-29T17:09:10.326Z","level":"info","msg":"task done","taskId":"5303dc5a-a605-4426-8935-3a10d0b80d2c","taskType":"discover","data":{"id":"5303dc5a-a605-4426-8935-3a10d0b80d2c","type":"discover","ms":174,"heapUsedMb":96,"heapDeltaMb":3,"heapLimitMb":4144,"rssMb":154,"rssDeltaMb":-1}}
{"t":"2026-09-29T17:09:10.328Z","level":"info","msg":"task start","taskId":"e08620ec-69d8-45b1-9b46-d9e5184b3dd7","taskType":"scan_company","data":{"id":"e08620ec-69d8-45b1-9b46-d9e5184b3dd7","type":"scan_company","attempt":1,"workerId":"test","commit":null,"readyWaitMs":14,"heapUsedMb":96,"heapLimitMb":4144,"rssMb":154}}
{"t":"2026-09-29T17:09:10.523Z","level":"info","msg":"source scanned","taskId":"e08620ec-69d8-45b1-9b46-d9e5184b3dd7","taskType":"scan_company","data":{"company":"Acme Robotics","type":"greenhouse","status":"ok","postings":5,"new":5,"closed":0,"followers":1,"deferredDescriptions":0,"reusedListing":false,"claimFetchedBytes":1452,"claimRequests":3,"claimRevalidated":0,"heapUsedMb":80,"ms":189}}
{"t":"2026-09-29T17:09:10.532Z","level":"info","msg":"task done","taskId":"e08620ec-69d8-45b1-9b46-d9e5184b3dd7","taskType":"scan_company","data":{"id":"e08620ec-69d8-45b1-9b46-d9e5184b3dd7","type":"scan_company","ms":204,"heapUsedMb":79,"heapDeltaMb":-17,"heapLimitMb":4144,"rssMb":131,"rssDeltaMb":-23}}
{"t":"2026-09-29T17:09:10.535Z","level":"info","msg":"task start","taskId":"71b490e5-8aaa-4b38-8efa-6705d21633fb","taskType":"fetch_description","data":{"id":"71b490e5-8aaa-4b38-8efa-6705d21633fb","type":"fetch_description","attempt":1,"workerId":"test","commit":null,"readyWaitMs":43,"heapUsedMb":79,"heapLimitMb":4144,"rssMb":131}}
{"t":"2026-09-29T17:09:10.553Z","level":"info","msg":"task done","taskId":"71b490e5-8aaa-4b38-8efa-6705d21633fb","taskType":"fetch_description","data":{"id":"71b490e5-8aaa-4b38-8efa-6705d21633fb","type":"fetch_description","ms":18,"heapUsedMb":80,"heapDeltaMb":1,"heapLimitMb":4144,"rssMb":132,"rssDeltaMb":1}}
{"t":"2026-09-29T17:09:10.555Z","level":"info","msg":"task start","taskId":"890ea623-1a56-449b-8ac5-cda0a48ced8f","taskType":"fetch_description","data":{"id":"890ea623-1a56-449b-8ac5-cda0a48ced8f","type":"fetch_description","attempt":1,"workerId":"test","commit":null,"readyWaitMs":63,"heapUsedMb":79,"heapLimitMb":4144,"rssMb":132}}
{"t":"2026-09-29T17:09:10.603Z","level":"info","msg":"task done","taskId":"890ea623-1a56-449b-8ac5-cda0a48ced8f","taskType":"fetch_description","data":{"id":"890ea623-1a56-449b-8ac5-cda0a48ced8f","type":"fetch_description","ms":48,"heapUsedMb":80,"heapDeltaMb":1,"heapLimitMb":4144,"rssMb":132,"rssDeltaMb":0}}
{"t":"2026-09-29T17:09:10.605Z","level":"info","msg":"task start","taskId":"8cffcb76-46eb-49fd-a47f-186204504462","taskType":"fetch_description","data":{"id":"8cffcb76-46eb-49fd-a47f-186204504462","type":"fetch_description","attempt":1,"workerId":"test","commit":null,"readyWaitMs":113,"heapUsedMb":80,"heapLimitMb":4144,"rssMb":132}}
{"t":"2026-09-29T17:09:10.655Z","level":"info","msg":"task done","taskId":"8cffcb76-46eb-49fd-a47f-186204504462","taskType":"fetch_description","data":{"id":"8cffcb76-46eb-49fd-a47f-186204504462","type":"fetch_description","ms":50,"heapUsedMb":80,"heapDeltaMb":0,"heapLimitMb":4144,"rssMb":132,"rssDeltaMb":0}}
{"t":"2026-09-29T17:09:10.658Z","level":"info","msg":"task start","taskId":"1c14ae9f-c1b1-4a8c-abfd-27e29beb743b","taskType":"fetch_description","data":{"id":"1c14ae9f-c1b1-4a8c-abfd-27e29beb743b","type":"fetch_description","attempt":1,"workerId":"test","commit":null,"readyWaitMs":166,"heapUsedMb":80,"heapLimitMb":4144,"rssMb":132}}
{"t":"2026-09-29T17:09:10.724Z","level":"info","msg":"task done","taskId":"1c14ae9f-c1b1-4a8c-abfd-27e29beb743b","taskType":"fetch_description","data":{"id":"1c14ae9f-c1b1-4a8c-abfd-27e29beb743b","type":"fetch_description","ms":66,"heapUsedMb":80,"heapDeltaMb":0,"heapLimitMb":4144,"rssMb":132,"rssDeltaMb":0}}
{"t":"2026-09-29T17:09:10.728Z","level":"info","msg":"task start","taskId":"ef6d47e4-017c-4c45-992b-a8d9b03fa963","taskType":"discover","data":{"id":"ef6d47e4-017c-4c45-992b-a8d9b03fa963","type":"discover","attempt":1,"workerId":"test","commit":null,"readyWaitMs":574,"heapUsedMb":80,"heapLimitMb":4144,"rssMb":132}}
{"t":"2026-09-29T17:09:10.784Z","level":"warn","msg":"logo re-encode failed; the original is kept","taskId":"ef6d47e4-017c-4c45-992b-a8d9b03fa963","taskType":"discover","data":{"error":"Input buffer has corrupt header:","bytes":400}}
{"t":"2026-09-29T17:09:10.790Z","level":"info","msg":"logo captured","taskId":"ef6d47e4-017c-4c45-992b-a8d9b03fa963","taskType":"discover","data":{"company":"Acme Robotics","source":"site_icon","sourceUrl":"https://www.acme.example/favicon.png","bytes":400,"contentType":"image/png"}}
{"t":"2026-09-29T17:09:10.792Z","level":"info","msg":"task done","taskId":"ef6d47e4-017c-4c45-992b-a8d9b03fa963","taskType":"discover","data":{"id":"ef6d47e4-017c-4c45-992b-a8d9b03fa963","type":"discover","ms":63,"heapUsedMb":80,"heapDeltaMb":0,"heapLimitMb":4144,"rssMb":132,"rssDeltaMb":0}}
{"t":"2026-09-29T17:09:11.057Z","level":"warn","msg":"model description anchors not found on the page; kept the page's own text","data":{"jobId":"5d80cb3c-0e87-40d0-96dc-2e9e3e74cefa","url":"https://www.acme.example/jobs/other"}}
{"t":"2026-09-29T17:09:11.365Z","level":"info","msg":"slow database query","data":{"durationMs":301,"statement":"truncate users, companies, career_sources, discovery_runs, scan_runs, scans, jobs, job_events, decisions, tasks, setting"}}
{"t":"2026-09-29T17:09:11.627Z","level":"info","msg":"task start","taskId":"d1d28f93-6080-44f2-b072-8bbe239db62b","taskType":"discover","data":{"id":"d1d28f93-6080-44f2-b072-8bbe239db62b","type":"discover","attempt":1,"workerId":"test","commit":null,"readyWaitMs":6,"heapUsedMb":81,"heapLimitMb":4144,"rssMb":134}}
{"t":"2026-09-29T17:09:11.794Z","level":"info","msg":"discovery finished","taskId":"d1d28f93-6080-44f2-b072-8bbe239db62b","taskType":"discover","data":{"company":"acme.example","outcome":"resolved","fetches":3,"best":"ats_link"}}
{"t":"2026-09-29T17:09:11.797Z","level":"info","msg":"task done","taskId":"d1d28f93-6080-44f2-b072-8bbe239db62b","taskType":"discover","data":{"id":"d1d28f93-6080-44f2-b072-8bbe239db62b","type":"discover","ms":170,"heapUsedMb":81,"heapDeltaMb":0,"heapLimitMb":4144,"rssMb":136,"rssDeltaMb":2}}
{"t":"2026-09-29T17:09:11.799Z","level":"info","msg":"task start","taskId":"43945e94-6c70-486f-aee4-985b92b21784","taskType":"scan_company","data":{"id":"43945e94-6c70-486f-aee4-985b92b21784","type":"scan_company","attempt":1,"workerId":"test","commit":null,"readyWaitMs":13,"heapUsedMb":81,"heapLimitMb":4144,"rssMb":136}}
{"t":"2026-09-29T17:09:11.963Z","level":"info","msg":"source scanned","taskId":"43945e94-6c70-486f-aee4-985b92b21784","taskType":"scan_company","data":{"company":"Acme Robotics","type":"greenhouse","status":"ok","postings":5,"new":5,"closed":0,"followers":1,"deferredDescriptions":0,"reusedListing":false,"claimFetchedBytes":1452,"claimRequests":3,"claimRevalidated":0,"heapUsedMb":82,"ms":158}}
{"t":"2026-09-29T17:09:11.970Z","level":"info","msg":"task done","taskId":"43945e94-6c70-486f-aee4-985b92b21784","taskType":"scan_company","data":{"id":"43945e94-6c70-486f-aee4-985b92b21784","type":"scan_company","ms":171,"heapUsedMb":82,"heapDeltaMb":1,"heapLimitMb":4144,"rssMb":138,"rssDeltaMb":2}}
{"t":"2026-09-29T17:09:11.973Z","level":"info","msg":"task start","taskId":"709f82ea-ed53-40c7-bb54-9f95aa152254","taskType":"fetch_description","data":{"id":"709f82ea-ed53-40c7-bb54-9f95aa152254","type":"fetch_description","attempt":1,"workerId":"test","commit":null,"readyWaitMs":27,"heapUsedMb":82,"heapLimitMb":4144,"rssMb":138}}
{"t":"2026-09-29T17:09:12.002Z","level":"info","msg":"task done","taskId":"709f82ea-ed53-40c7-bb54-9f95aa152254","taskType":"fetch_description","data":{"id":"709f82ea-ed53-40c7-bb54-9f95aa152254","type":"fetch_description","ms":30,"heapUsedMb":83,"heapDeltaMb":1,"heapLimitMb":4144,"rssMb":138,"rssDeltaMb":0}}
{"t":"2026-09-29T17:09:12.004Z","level":"info","msg":"task start","taskId":"3205e3c2-533d-44be-a213-f30a408bdd23","taskType":"fetch_description","data":{"id":"3205e3c2-533d-44be-a213-f30a408bdd23","type":"fetch_description","attempt":1,"workerId":"test","commit":null,"readyWaitMs":58,"heapUsedMb":83,"heapLimitMb":4144,"rssMb":138}}
{"t":"2026-09-29T17:09:12.051Z","level":"info","msg":"task done","taskId":"3205e3c2-533d-44be-a213-f30a408bdd23","taskType":"fetch_description","data":{"id":"3205e3c2-533d-44be-a213-f30a408bdd23","type":"fetch_description","ms":47,"heapUsedMb":84,"heapDeltaMb":1,"heapLimitMb":4144,"rssMb":138,"rssDeltaMb":0}}
{"t":"2026-09-29T17:09:12.054Z","level":"info","msg":"task start","taskId":"c08a36e4-657f-4f4b-b6fb-b29ad4ac0dd2","taskType":"fetch_description","data":{"id":"c08a36e4-657f-4f4b-b6fb-b29ad4ac0dd2","type":"fetch_description","attempt":1,"workerId":"test","commit":null,"readyWaitMs":108,"heapUsedMb":82,"heapLimitMb":4144,"rssMb":138}}
{"t":"2026-09-29T17:09:12.101Z","level":"info","msg":"task done","taskId":"c08a36e4-657f-4f4b-b6fb-b29ad4ac0dd2","taskType":"fetch_description","data":{"id":"c08a36e4-657f-4f4b-b6fb-b29ad4ac0dd2","type":"fetch_description","ms":47,"heapUsedMb":83,"heapDeltaMb":1,"heapLimitMb":4144,"rssMb":138,"rssDeltaMb":0}}
{"t":"2026-09-29T17:09:12.103Z","level":"info","msg":"task start","taskId":"e0baad85-5851-4afc-98a7-a327990d99f6","taskType":"fetch_description","data":{"id":"e0baad85-5851-4afc-98a7-a327990d99f6","type":"fetch_description","attempt":1,"workerId":"test","commit":null,"readyWaitMs":157,"heapUsedMb":83,"heapLimitMb":4144,"rssMb":138}}
{"t":"2026-09-29T17:09:12.150Z","level":"info","msg":"task done","taskId":"e0baad85-5851-4afc-98a7-a327990d99f6","taskType":"fetch_description","data":{"id":"e0baad85-5851-4afc-98a7-a327990d99f6","type":"fetch_description","ms":47,"heapUsedMb":84,"heapDeltaMb":1,"heapLimitMb":4144,"rssMb":138,"rssDeltaMb":0}}
{"t":"2026-09-29T17:09:12.152Z","level":"info","msg":"task start","taskId":"47a1e092-5dcd-4ae0-a44c-da2148937821","taskType":"discover","data":{"id":"47a1e092-5dcd-4ae0-a44c-da2148937821","type":"discover","attempt":1,"workerId":"test","commit":null,"readyWaitMs":524,"heapUsedMb":84,"heapLimitMb":4144,"rssMb":138}}
{"t":"2026-09-29T17:09:12.205Z","level":"warn","msg":"logo re-encode failed; the original is kept","taskId":"47a1e092-5dcd-4ae0-a44c-da2148937821","taskType":"discover","data":{"error":"Input buffer has corrupt header:","bytes":400}}
{"t":"2026-09-29T17:09:12.214Z","level":"info","msg":"logo captured","taskId":"47a1e092-5dcd-4ae0-a44c-da2148937821","taskType":"discover","data":{"company":"Acme Robotics","source":"site_icon","sourceUrl":"https://www.acme.example/favicon.png","bytes":400,"contentType":"image/png"}}
{"t":"2026-09-29T17:09:12.216Z","level":"info","msg":"task done","taskId":"47a1e092-5dcd-4ae0-a44c-da2148937821","taskType":"discover","data":{"id":"47a1e092-5dcd-4ae0-a44c-da2148937821","type":"discover","ms":64,"heapUsedMb":83,"heapDeltaMb":-1,"heapLimitMb":4144,"rssMb":138,"rssDeltaMb":0}}
{"t":"2026-09-29T17:09:12.227Z","level":"info","msg":"task start","taskId":"1bf27d2f-afdb-48ac-9c50-3b81ba468c41","taskType":"scan_company","data":{"id":"1bf27d2f-afdb-48ac-9c50-3b81ba468c41","type":"scan_company","attempt":1,"workerId":"test","commit":null,"readyWaitMs":4,"heapUsedMb":83,"heapLimitMb":4144,"rssMb":138}}
{"t":"2026-09-29T17:09:12.232Z","level":"info","msg":"host busy: source scan deferred","taskId":"1bf27d2f-afdb-48ac-9c50-3b81ba468c41","taskType":"scan_company","data":{"company":"Acme Robotics","url":"https://job-boards.greenhouse.io/acme","host":"boards-api.greenhouse.io","retryAt":"2026-09-29T18:09:12.223Z"}}
{"t":"2026-09-29T17:09:12.234Z","level":"info","msg":"host busy: sources put back","taskId":"1bf27d2f-afdb-48ac-9c50-3b81ba468c41","taskType":"scan_company","data":{"company":"Acme Robotics","sources":1,"retryAt":"2026-09-29T18:09:12.223Z"}}
{"t":"2026-09-29T17:09:12.237Z","level":"info","msg":"task done","taskId":"1bf27d2f-afdb-48ac-9c50-3b81ba468c41","taskType":"scan_company","data":{"id":"1bf27d2f-afdb-48ac-9c50-3b81ba468c41","type":"scan_company","ms":10,"heapUsedMb":84,"heapDeltaMb":1,"heapLimitMb":4144,"rssMb":138,"rssDeltaMb":0}}
{"t":"2026-09-29T17:09:12.242Z","level":"info","msg":"task start","taskId":"4753a7c3-9fb4-45c5-9f8b-fa987be41e40","taskType":"scan_company","data":{"id":"4753a7c3-9fb4-45c5-9f8b-fa987be41e40","type":"scan_company","attempt":1,"workerId":"test","commit":null,"readyWaitMs":2,"heapUsedMb":85,"heapLimitMb":4144,"rssMb":138}}
{"t":"2026-09-29T17:09:12.369Z","level":"info","msg":"source scanned","taskId":"4753a7c3-9fb4-45c5-9f8b-fa987be41e40","taskType":"scan_company","data":{"company":"Acme Robotics","type":"greenhouse","status":"ok","postings":5,"new":0,"closed":0,"followers":1,"deferredDescriptions":0,"reusedListing":false,"claimFetchedBytes":1452,"claimRequests":3,"claimRevalidated":0,"heapUsedMb":84,"ms":123}}
{"t":"2026-09-29T17:09:12.374Z","level":"info","msg":"task done","taskId":"4753a7c3-9fb4-45c5-9f8b-fa987be41e40","taskType":"scan_company","data":{"id":"4753a7c3-9fb4-45c5-9f8b-fa987be41e40","type":"scan_company","ms":132,"heapUsedMb":85,"heapDeltaMb":0,"heapLimitMb":4144,"rssMb":138,"rssDeltaMb":0}}
{"t":"2026-09-29T17:09:12.593Z","level":"info","msg":"task start","taskId":"5252e39b-3f41-40f6-843b-69cb894ee21b","taskType":"discover","data":{"id":"5252e39b-3f41-40f6-843b-69cb894ee21b","type":"discover","attempt":1,"workerId":"test","commit":null,"readyWaitMs":4,"heapUsedMb":83,"heapLimitMb":4144,"rssMb":138}}
{"t":"2026-09-29T17:09:12.762Z","level":"info","msg":"discovery finished","taskId":"5252e39b-3f41-40f6-843b-69cb894ee21b","taskType":"discover","data":{"company":"acme.example","outcome":"resolved","fetches":3,"best":"ats_link"}}
{"t":"2026-09-29T17:09:12.764Z","level":"info","msg":"task done","taskId":"5252e39b-3f41-40f6-843b-69cb894ee21b","taskType":"discover","data":{"id":"5252e39b-3f41-40f6-843b-69cb894ee21b","type":"discover","ms":171,"heapUsedMb":78,"heapDeltaMb":-5,"heapLimitMb":4144,"rssMb":139,"rssDeltaMb":1}}
{"t":"2026-09-29T17:09:12.767Z","level":"info","msg":"task start","taskId":"b157080d-caa1-49c7-98ba-9360a53eb66d","taskType":"scan_company","data":{"id":"b157080d-caa1-49c7-98ba-9360a53eb66d","type":"scan_company","attempt":1,"workerId":"test","commit":null,"readyWaitMs":14,"heapUsedMb":79,"heapLimitMb":4144,"rssMb":139}}
{"t":"2026-09-29T17:09:12.927Z","level":"info","msg":"source scanned","taskId":"b157080d-caa1-49c7-98ba-9360a53eb66d","taskType":"scan_company","data":{"company":"Acme Robotics","type":"greenhouse","status":"ok","postings":5,"new":5,"closed":0,"followers":1,"deferredDescriptions":0,"reusedListing":false,"claimFetchedBytes":1452,"claimRequests":3,"claimRevalidated":0,"heapUsedMb":81,"ms":156}}
{"t":"2026-09-29T17:09:12.936Z","level":"info","msg":"task done","taskId":"b157080d-caa1-49c7-98ba-9360a53eb66d","taskType":"scan_company","data":{"id":"b157080d-caa1-49c7-98ba-9360a53eb66d","type":"scan_company","ms":168,"heapUsedMb":82,"heapDeltaMb":3,"heapLimitMb":4144,"rssMb":140,"rssDeltaMb":1}}
{"t":"2026-09-29T17:09:12.938Z","level":"info","msg":"task start","taskId":"ee7df295-b689-4ee8-9249-b73a4ebca8c0","taskType":"fetch_description","data":{"id":"ee7df295-b689-4ee8-9249-b73a4ebca8c0","type":"fetch_description","attempt":1,"workerId":"test","commit":null,"readyWaitMs":26,"heapUsedMb":82,"heapLimitMb":4144,"rssMb":140}}
{"t":"2026-09-29T17:09:12.965Z","level":"info","msg":"task done","taskId":"ee7df295-b689-4ee8-9249-b73a4ebca8c0","taskType":"fetch_description","data":{"id":"ee7df295-b689-4ee8-9249-b73a4ebca8c0","type":"fetch_description","ms":27,"heapUsedMb":83,"heapDeltaMb":1,"heapLimitMb":4144,"rssMb":141,"rssDeltaMb":1}}
{"t":"2026-09-29T17:09:12.967Z","level":"info","msg":"task start","taskId":"91c2b88b-9ff3-4bad-986e-1edc02f13612","taskType":"fetch_description","data":{"id":"91c2b88b-9ff3-4bad-986e-1edc02f13612","type":"fetch_description","attempt":1,"workerId":"test","commit":null,"readyWaitMs":55,"heapUsedMb":83,"heapLimitMb":4144,"rssMb":141}}
{"t":"2026-09-29T17:09:13.016Z","level":"info","msg":"task done","taskId":"91c2b88b-9ff3-4bad-986e-1edc02f13612","taskType":"fetch_description","data":{"id":"91c2b88b-9ff3-4bad-986e-1edc02f13612","type":"fetch_description","ms":49,"heapUsedMb":78,"heapDeltaMb":-5,"heapLimitMb":4144,"rssMb":142,"rssDeltaMb":1}}
{"t":"2026-09-29T17:09:13.017Z","level":"info","msg":"task start","taskId":"8c92603a-0a21-4c5d-b142-d1052ebae95a","taskType":"fetch_description","data":{"id":"8c92603a-0a21-4c5d-b142-d1052ebae95a","type":"fetch_description","attempt":1,"workerId":"test","commit":null,"readyWaitMs":105,"heapUsedMb":79,"heapLimitMb":4144,"rssMb":142}}
{"t":"2026-09-29T17:09:13.069Z","level":"info","msg":"task done","taskId":"8c92603a-0a21-4c5d-b142-d1052ebae95a","taskType":"fetch_description","data":{"id":"8c92603a-0a21-4c5d-b142-d1052ebae95a","type":"fetch_description","ms":52,"heapUsedMb":80,"heapDeltaMb":1,"heapLimitMb":4144,"rssMb":142,"rssDeltaMb":0}}
{"t":"2026-09-29T17:09:13.070Z","level":"info","msg":"task start","taskId":"1fa2a2ba-e725-44a8-bfeb-a6d94dbe75f2","taskType":"fetch_description","data":{"id":"1fa2a2ba-e725-44a8-bfeb-a6d94dbe75f2","type":"fetch_description","attempt":1,"workerId":"test","commit":null,"readyWaitMs":158,"heapUsedMb":80,"heapLimitMb":4144,"rssMb":142}}
{"t":"2026-09-29T17:09:13.116Z","level":"info","msg":"task done","taskId":"1fa2a2ba-e725-44a8-bfeb-a6d94dbe75f2","taskType":"fetch_description","data":{"id":"1fa2a2ba-e725-44a8-bfeb-a6d94dbe75f2","type":"fetch_description","ms":46,"heapUsedMb":81,"heapDeltaMb":1,"heapLimitMb":4144,"rssMb":142,"rssDeltaMb":0}}
{"t":"2026-09-29T17:09:13.118Z","level":"info","msg":"task start","taskId":"b995d2c8-d6a0-40a2-aed1-5e129ea1ce9c","taskType":"discover","data":{"id":"b995d2c8-d6a0-40a2-aed1-5e129ea1ce9c","type":"discover","attempt":1,"workerId":"test","commit":null,"readyWaitMs":525,"heapUsedMb":81,"heapLimitMb":4144,"rssMb":142}}
{"t":"2026-09-29T17:09:13.171Z","level":"warn","msg":"logo re-encode failed; the original is kept","taskId":"b995d2c8-d6a0-40a2-aed1-5e129ea1ce9c","taskType":"discover","data":{"error":"Input buffer has corrupt header:","bytes":400}}
{"t":"2026-09-29T17:09:13.179Z","level":"info","msg":"logo captured","taskId":"b995d2c8-d6a0-40a2-aed1-5e129ea1ce9c","taskType":"discover","data":{"company":"Acme Robotics","source":"site_icon","sourceUrl":"https://www.acme.example/favicon.png","bytes":400,"contentType":"image/png"}}
{"t":"2026-09-29T17:09:13.182Z","level":"info","msg":"task done","taskId":"b995d2c8-d6a0-40a2-aed1-5e129ea1ce9c","taskType":"discover","data":{"id":"b995d2c8-d6a0-40a2-aed1-5e129ea1ce9c","type":"discover","ms":65,"heapUsedMb":82,"heapDeltaMb":1,"heapLimitMb":4144,"rssMb":143,"rssDeltaMb":1}}
{"t":"2026-09-29T17:09:13.213Z","level":"info","msg":"source scanned","data":{"company":"acme.example","type":"greenhouse","status":"failed","postings":0,"new":0,"closed":0,"followers":1,"deferredDescriptions":0,"reusedListing":false,"claimFetchedBytes":0,"claimRequests":1,"claimRevalidated":0,"heapUsedMb":83,"ms":25}}
{"t":"2026-09-29T17:09:23.615Z","level":"info","msg":"source scanned","data":{"company":"Acme","type":"workday","status":"ok","postings":3500,"new":3500,"closed":0,"followers":1,"deferredDescriptions":0,"reusedListing":false,"claimFetchedBytes":582920,"claimRequests":175,"claimRevalidated":0,"heapUsedMb":161,"ms":10188}}
{"t":"2026-09-29T17:09:33.250Z","level":"info","msg":"source scanned","data":{"company":"Acme","type":"workday","status":"ok","postings":3499,"new":0,"closed":0,"followers":1,"deferredDescriptions":0,"reusedListing":false,"claimFetchedBytes":582754,"claimRequests":175,"claimRevalidated":0,"heapUsedMb":105,"ms":9599}}
{"t":"2026-09-29T17:09:42.592Z","level":"info","msg":"source scanned","data":{"company":"Acme","type":"workday","status":"ok","postings":3499,"new":0,"closed":1,"followers":1,"deferredDescriptions":0,"reusedListing":false,"claimFetchedBytes":582754,"claimRequests":175,"claimRevalidated":0,"heapUsedMb":109,"ms":9327}}
{"t":"2026-09-29T17:09:42.819Z","level":"info","msg":"task start","taskId":"ee3f9156-2fff-4aca-93ab-3bc1e8e64144","taskType":"discover","data":{"id":"ee3f9156-2fff-4aca-93ab-3bc1e8e64144","type":"discover","attempt":1,"workerId":"test","commit":null,"readyWaitMs":5,"heapUsedMb":110,"heapLimitMb":4144,"rssMb":224}}
{"t":"2026-09-29T17:09:42.996Z","level":"info","msg":"discovery finished","taskId":"ee3f9156-2fff-4aca-93ab-3bc1e8e64144","taskType":"discover","data":{"company":"acme.example","outcome":"resolved","fetches":3,"best":"ats_link"}}
{"t":"2026-09-29T17:09:43.000Z","level":"info","msg":"task done","taskId":"ee3f9156-2fff-4aca-93ab-3bc1e8e64144","taskType":"discover","data":{"id":"ee3f9156-2fff-4aca-93ab-3bc1e8e64144","type":"discover","ms":181,"heapUsedMb":113,"heapDeltaMb":3,"heapLimitMb":4144,"rssMb":224,"rssDeltaMb":0}}
{"t":"2026-09-29T17:09:43.002Z","level":"info","msg":"task start","taskId":"4b2636d6-cd16-444c-9481-123f8510b472","taskType":"scan_company","data":{"id":"4b2636d6-cd16-444c-9481-123f8510b472","type":"scan_company","attempt":1,"workerId":"test","commit":null,"readyWaitMs":16,"heapUsedMb":114,"heapLimitMb":4144,"rssMb":224}}
{"t":"2026-09-29T17:09:43.168Z","level":"info","msg":"source scanned","taskId":"4b2636d6-cd16-444c-9481-123f8510b472","taskType":"scan_company","data":{"company":"Acme Robotics","type":"greenhouse","status":"ok","postings":5,"new":5,"closed":0,"followers":1,"deferredDescriptions":0,"reusedListing":false,"claimFetchedBytes":1452,"claimRequests":3,"claimRevalidated":0,"heapUsedMb":116,"ms":162}}
{"t":"2026-09-29T17:09:43.176Z","level":"info","msg":"task done","taskId":"4b2636d6-cd16-444c-9481-123f8510b472","taskType":"scan_company","data":{"id":"4b2636d6-cd16-444c-9481-123f8510b472","type":"scan_company","ms":174,"heapUsedMb":117,"heapDeltaMb":3,"heapLimitMb":4144,"rssMb":224,"rssDeltaMb":0}}
{"t":"2026-09-29T17:09:43.178Z","level":"info","msg":"task start","taskId":"f7026614-5c71-4086-a43a-b4e76648bff5","taskType":"fetch_description","data":{"id":"f7026614-5c71-4086-a43a-b4e76648bff5","type":"fetch_description","attempt":1,"workerId":"test","commit":null,"readyWaitMs":28,"heapUsedMb":117,"heapLimitMb":4144,"rssMb":224}}
{"t":"2026-09-29T17:09:43.205Z","level":"info","msg":"task done","taskId":"f7026614-5c71-4086-a43a-b4e76648bff5","taskType":"fetch_description","data":{"id":"f7026614-5c71-4086-a43a-b4e76648bff5","type":"fetch_description","ms":26,"heapUsedMb":118,"heapDeltaMb":1,"heapLimitMb":4144,"rssMb":224,"rssDeltaMb":0}}
{"t":"2026-09-29T17:09:43.206Z","level":"info","msg":"task start","taskId":"53e37340-4994-4182-a4ae-454307911f60","taskType":"fetch_description","data":{"id":"53e37340-4994-4182-a4ae-454307911f60","type":"fetch_description","attempt":1,"workerId":"test","commit":null,"readyWaitMs":56,"heapUsedMb":118,"heapLimitMb":4144,"rssMb":224}}
{"t":"2026-09-29T17:09:43.249Z","level":"info","msg":"task done","taskId":"53e37340-4994-4182-a4ae-454307911f60","taskType":"fetch_description","data":{"id":"53e37340-4994-4182-a4ae-454307911f60","type":"fetch_description","ms":43,"heapUsedMb":119,"heapDeltaMb":1,"heapLimitMb":4144,"rssMb":224,"rssDeltaMb":0}}
{"t":"2026-09-29T17:09:43.251Z","level":"info","msg":"task start","taskId":"b30c05d8-76fa-431e-989c-083065889032","taskType":"fetch_description","data":{"id":"b30c05d8-76fa-431e-989c-083065889032","type":"fetch_description","attempt":1,"workerId":"test","commit":null,"readyWaitMs":101,"heapUsedMb":119,"heapLimitMb":4144,"rssMb":224}}
{"t":"2026-09-29T17:09:43.297Z","level":"info","msg":"task done","taskId":"b30c05d8-76fa-431e-989c-083065889032","taskType":"fetch_description","data":{"id":"b30c05d8-76fa-431e-989c-083065889032","type":"fetch_description","ms":46,"heapUsedMb":120,"heapDeltaMb":1,"heapLimitMb":4144,"rssMb":224,"rssDeltaMb":0}}
{"t":"2026-09-29T17:09:43.298Z","level":"info","msg":"task start","taskId":"b497d3d9-f926-46b2-bb04-233b19c0d548","taskType":"fetch_description","data":{"id":"b497d3d9-f926-46b2-bb04-233b19c0d548","type":"fetch_description","attempt":1,"workerId":"test","commit":null,"readyWaitMs":148,"heapUsedMb":121,"heapLimitMb":4144,"rssMb":224}}
{"t":"2026-09-29T17:09:43.348Z","level":"info","msg":"task done","taskId":"b497d3d9-f926-46b2-bb04-233b19c0d548","taskType":"fetch_description","data":{"id":"b497d3d9-f926-46b2-bb04-233b19c0d548","type":"fetch_description","ms":49,"heapUsedMb":111,"heapDeltaMb":-10,"heapLimitMb":4144,"rssMb":224,"rssDeltaMb":0}}
{"t":"2026-09-29T17:09:43.349Z","level":"info","msg":"task start","taskId":"91de4f22-49ac-4335-b157-77b16ae6e61c","taskType":"discover","data":{"id":"91de4f22-49ac-4335-b157-77b16ae6e61c","type":"discover","attempt":1,"workerId":"test","commit":null,"readyWaitMs":529,"heapUsedMb":112,"heapLimitMb":4144,"rssMb":224}}
{"t":"2026-09-29T17:09:43.403Z","level":"warn","msg":"logo re-encode failed; the original is kept","taskId":"91de4f22-49ac-4335-b157-77b16ae6e61c","taskType":"discover","data":{"error":"Input buffer has corrupt header:","bytes":400}}
{"t":"2026-09-29T17:09:43.408Z","level":"info","msg":"logo captured","taskId":"91de4f22-49ac-4335-b157-77b16ae6e61c","taskType":"discover","data":{"company":"Acme Robotics","source":"site_icon","sourceUrl":"https://www.acme.example/favicon.png","bytes":400,"contentType":"image/png"}}
{"t":"2026-09-29T17:09:43.409Z","level":"info","msg":"task done","taskId":"91de4f22-49ac-4335-b157-77b16ae6e61c","taskType":"discover","data":{"id":"91de4f22-49ac-4335-b157-77b16ae6e61c","type":"discover","ms":60,"heapUsedMb":113,"heapDeltaMb":1,"heapLimitMb":4144,"rssMb":225,"rssDeltaMb":1}}
{"t":"2026-09-29T17:09:43.423Z","level":"info","msg":"daily run started","data":{"runId":"c5a40ab6-0902-4c64-9c9f-d569a70ba3bb","runDate":"2026-09-05","companies":1,"logosQueued":0,"retired":3}}
{"t":"2026-09-29T17:09:43.704Z","level":"info","msg":"slow database query","data":{"durationMs":275,"statement":"truncate users, companies, career_sources, discovery_runs, scan_runs, scans, jobs, job_events, decisions, tasks, setting"}}
{"t":"2026-09-29T17:09:43.729Z","level":"info","msg":"task start","taskId":"e16c0840-010a-4500-8f18-59dc68e9d412","taskType":"discover","data":{"id":"e16c0840-010a-4500-8f18-59dc68e9d412","type":"discover","attempt":1,"workerId":"test","commit":null,"readyWaitMs":8,"heapUsedMb":116,"heapLimitMb":4144,"rssMb":225}}
{"t":"2026-09-29T17:09:43.897Z","level":"info","msg":"discovery finished","taskId":"e16c0840-010a-4500-8f18-59dc68e9d412","taskType":"discover","data":{"company":"acme.example","outcome":"resolved","fetches":3,"best":"ats_link"}}
{"t":"2026-09-29T17:09:43.900Z","level":"info","msg":"task done","taskId":"e16c0840-010a-4500-8f18-59dc68e9d412","taskType":"discover","data":{"id":"e16c0840-010a-4500-8f18-59dc68e9d412","type":"discover","ms":171,"heapUsedMb":119,"heapDeltaMb":3,"heapLimitMb":4144,"rssMb":224,"rssDeltaMb":-1}}
{"t":"2026-09-29T17:09:43.902Z","level":"info","msg":"task start","taskId":"ede841e7-b4f5-42d9-8468-8d230604d9d7","taskType":"scan_company","data":{"id":"ede841e7-b4f5-42d9-8468-8d230604d9d7","type":"scan_company","attempt":1,"workerId":"test","commit":null,"readyWaitMs":11,"heapUsedMb":119,"heapLimitMb":4144,"rssMb":224}}
{"t":"2026-09-29T17:09:44.059Z","level":"info","msg":"source scanned","taskId":"ede841e7-b4f5-42d9-8468-8d230604d9d7","taskType":"scan_company","data":{"company":"Acme Robotics","type":"greenhouse","status":"ok","postings":5,"new":5,"closed":0,"followers":1,"deferredDescriptions":0,"reusedListing":false,"claimFetchedBytes":1452,"claimRequests":3,"claimRevalidated":0,"heapUsedMb":122,"ms":150}}
{"t":"2026-09-29T17:09:44.063Z","level":"info","msg":"task done","taskId":"ede841e7-b4f5-42d9-8468-8d230604d9d7","taskType":"scan_company","data":{"id":"ede841e7-b4f5-42d9-8468-8d230604d9d7","type":"scan_company","ms":161,"heapUsedMb":122,"heapDeltaMb":3,"heapLimitMb":4144,"rssMb":224,"rssDeltaMb":0}}
{"t":"2026-09-29T17:09:44.064Z","level":"info","msg":"task start","taskId":"606affa4-10cb-442d-8a5c-fc53f7bdaccd","taskType":"fetch_description","data":{"id":"606affa4-10cb-442d-8a5c-fc53f7bdaccd","type":"fetch_description","attempt":1,"workerId":"test","commit":null,"readyWaitMs":18,"heapUsedMb":122,"heapLimitMb":4144,"rssMb":224}}
{"t":"2026-09-29T17:09:44.103Z","level":"info","msg":"task done","taskId":"606affa4-10cb-442d-8a5c-fc53f7bdaccd","taskType":"fetch_description","data":{"id":"606affa4-10cb-442d-8a5c-fc53f7bdaccd","type":"fetch_description","ms":39,"heapUsedMb":112,"heapDeltaMb":-10,"heapLimitMb":4144,"rssMb":224,"rssDeltaMb":0}}
{"t":"2026-09-29T17:09:44.104Z","level":"info","msg":"task start","taskId":"1e7fe8da-5b56-4407-a203-d2e3733f0aff","taskType":"fetch_description","data":{"id":"1e7fe8da-5b56-4407-a203-d2e3733f0aff","type":"fetch_description","attempt":1,"workerId":"test","commit":null,"readyWaitMs":58,"heapUsedMb":113,"heapLimitMb":4144,"rssMb":224}}
{"t":"2026-09-29T17:09:44.162Z","level":"info","msg":"task done","taskId":"1e7fe8da-5b56-4407-a203-d2e3733f0aff","taskType":"fetch_description","data":{"id":"1e7fe8da-5b56-4407-a203-d2e3733f0aff","type":"fetch_description","ms":57,"heapUsedMb":114,"heapDeltaMb":1,"heapLimitMb":4144,"rssMb":224,"rssDeltaMb":0}}
{"t":"2026-09-29T17:09:44.163Z","level":"info","msg":"task start","taskId":"5c9fad66-7c2f-4f1d-813f-7ad39443157e","taskType":"fetch_description","data":{"id":"5c9fad66-7c2f-4f1d-813f-7ad39443157e","type":"fetch_description","attempt":1,"workerId":"test","commit":null,"readyWaitMs":117,"heapUsedMb":114,"heapLimitMb":4144,"rssMb":224}}
{"t":"2026-09-29T17:09:44.202Z","level":"info","msg":"task done","taskId":"5c9fad66-7c2f-4f1d-813f-7ad39443157e","taskType":"fetch_description","data":{"id":"5c9fad66-7c2f-4f1d-813f-7ad39443157e","type":"fetch_description","ms":39,"heapUsedMb":115,"heapDeltaMb":1,"heapLimitMb":4144,"rssMb":224,"rssDeltaMb":0}}
{"t":"2026-09-29T17:09:44.204Z","level":"info","msg":"task start","taskId":"9e0f53c3-f5a2-4014-9463-e362ee4b3192","taskType":"fetch_description","data":{"id":"9e0f53c3-f5a2-4014-9463-e362ee4b3192","type":"fetch_description","attempt":1,"workerId":"test","commit":null,"readyWaitMs":158,"heapUsedMb":115,"heapLimitMb":4144,"rssMb":224}}
{"t":"2026-09-29T17:09:44.249Z","level":"info","msg":"task done","taskId":"9e0f53c3-f5a2-4014-9463-e362ee4b3192","taskType":"fetch_description","data":{"id":"9e0f53c3-f5a2-4014-9463-e362ee4b3192","type":"fetch_description","ms":45,"heapUsedMb":116,"heapDeltaMb":1,"heapLimitMb":4144,"rssMb":224,"rssDeltaMb":0}}
{"t":"2026-09-29T17:09:44.251Z","level":"info","msg":"task start","taskId":"15a2a71a-dfed-40c2-9efd-978090447d3a","taskType":"discover","data":{"id":"15a2a71a-dfed-40c2-9efd-978090447d3a","type":"discover","attempt":1,"workerId":"test","commit":null,"readyWaitMs":522,"heapUsedMb":116,"heapLimitMb":4144,"rssMb":224}}
{"t":"2026-09-29T17:09:44.304Z","level":"warn","msg":"logo re-encode failed; the original is kept","taskId":"15a2a71a-dfed-40c2-9efd-978090447d3a","taskType":"discover","data":{"error":"Input buffer has corrupt header:","bytes":400}}
{"t":"2026-09-29T17:09:44.312Z","level":"info","msg":"logo captured","taskId":"15a2a71a-dfed-40c2-9efd-978090447d3a","taskType":"discover","data":{"company":"Acme Robotics","source":"site_icon","sourceUrl":"https://www.acme.example/favicon.png","bytes":400,"contentType":"image/png"}}
{"t":"2026-09-29T17:09:44.313Z","level":"info","msg":"task done","taskId":"15a2a71a-dfed-40c2-9efd-978090447d3a","taskType":"discover","data":{"id":"15a2a71a-dfed-40c2-9efd-978090447d3a","type":"discover","ms":62,"heapUsedMb":117,"heapDeltaMb":1,"heapLimitMb":4144,"rssMb":221,"rssDeltaMb":-3}}
{"t":"2026-09-29T17:09:44.326Z","level":"info","msg":"daily run started","data":{"runId":"1980c1db-e796-4591-9698-1bdcf25c8223","runDate":"2026-09-05","companies":1,"logosQueued":0,"retired":0}}
{"t":"2026-09-29T17:09:44.475Z","level":"info","msg":"source scanned","data":{"company":"Acme Robotics","type":"greenhouse","status":"ok","postings":5,"new":0,"closed":0,"followers":1,"deferredDescriptions":0,"reusedListing":false,"claimFetchedBytes":1452,"claimRequests":3,"claimRevalidated":0,"heapUsedMb":120,"ms":144}}
{"t":"2026-09-29T17:09:44.494Z","level":"info","msg":"scan run finalised","data":{"runId":"1980c1db-e796-4591-9698-1bdcf25c8223","ok":1,"failed":0,"newRoles":0}}
{"t":"2026-09-29T17:09:44.514Z","level":"info","msg":"scan suggestions filed","data":{"userId":"17787713-13d1-4d42-83f6-ed01f8f9d10b","titles":5,"unmatched":1,"inserted":0}}
{"t":"2026-09-29T17:09:44.525Z","level":"info","msg":"scan suggestions filed","data":{"userId":"17787713-13d1-4d42-83f6-ed01f8f9d10b","titles":5,"unmatched":1,"inserted":0}}
{"t":"2026-09-29T17:09:44.546Z","level":"info","msg":"daily run started","data":{"runId":"62a7e0df-7951-4e0c-91cc-fcd5e343e0b0","runDate":"2026-09-06","companies":1,"logosQueued":0,"retired":0}}
{"t":"2026-09-29T17:09:44.681Z","level":"info","msg":"source scanned","data":{"company":"Acme Robotics","type":"greenhouse","status":"ok","postings":5,"new":0,"closed":0,"followers":1,"deferredDescriptions":0,"reusedListing":false,"claimFetchedBytes":1452,"claimRequests":3,"claimRevalidated":0,"heapUsedMb":124,"ms":118}}
{"t":"2026-09-29T17:09:44.689Z","level":"info","msg":"scan run finalised","data":{"runId":"62a7e0df-7951-4e0c-91cc-fcd5e343e0b0","ok":1,"failed":0,"newRoles":0}}
{"t":"2026-09-29T17:09:44.889Z","level":"info","msg":"task start","taskId":"f4f9a5fc-ef57-4ca8-9045-03014a500650","taskType":"discover","data":{"id":"f4f9a5fc-ef57-4ca8-9045-03014a500650","type":"discover","attempt":1,"workerId":"test","commit":null,"readyWaitMs":13,"heapUsedMb":115,"heapLimitMb":4144,"rssMb":201}}
{"t":"2026-09-29T17:09:45.065Z","level":"info","msg":"discovery finished","taskId":"f4f9a5fc-ef57-4ca8-9045-03014a500650","taskType":"discover","data":{"company":"acme.example","outcome":"resolved","fetches":3,"best":"ats_link"}}
{"t":"2026-09-29T17:09:45.068Z","level":"info","msg":"task done","taskId":"f4f9a5fc-ef57-4ca8-9045-03014a500650","taskType":"discover","data":{"id":"f4f9a5fc-ef57-4ca8-9045-03014a500650","type":"discover","ms":179,"heapUsedMb":118,"heapDeltaMb":3,"heapLimitMb":4144,"rssMb":200,"rssDeltaMb":-1}}
{"t":"2026-09-29T17:09:45.069Z","level":"info","msg":"task start","taskId":"1c20a918-d3e3-43cc-acdc-1e0e03915e1b","taskType":"scan_company","data":{"id":"1c20a918-d3e3-43cc-acdc-1e0e03915e1b","type":"scan_company","attempt":1,"workerId":"test","commit":null,"readyWaitMs":16,"heapUsedMb":119,"heapLimitMb":4144,"rssMb":200}}
{"t":"2026-09-29T17:09:45.237Z","level":"info","msg":"source scanned","taskId":"1c20a918-d3e3-43cc-acdc-1e0e03915e1b","taskType":"scan_company","data":{"company":"Acme Robotics","type":"greenhouse","status":"ok","postings":5,"new":5,"closed":0,"followers":2,"deferredDescriptions":0,"reusedListing":false,"claimFetchedBytes":1452,"claimRequests":3,"claimRevalidated":0,"heapUsedMb":121,"ms":162}}
{"t":"2026-09-29T17:09:45.243Z","level":"info","msg":"task done","taskId":"1c20a918-d3e3-43cc-acdc-1e0e03915e1b","taskType":"scan_company","data":{"id":"1c20a918-d3e3-43cc-acdc-1e0e03915e1b","type":"scan_company","ms":174,"heapUsedMb":122,"heapDeltaMb":3,"heapLimitMb":4144,"rssMb":200,"rssDeltaMb":0}}
{"t":"2026-09-29T17:09:45.245Z","level":"info","msg":"task start","taskId":"4a81ad9c-9661-438b-b495-d919067e10c1","taskType":"fetch_description","data":{"id":"4a81ad9c-9661-438b-b495-d919067e10c1","type":"fetch_description","attempt":1,"workerId":"test","commit":null,"readyWaitMs":32,"heapUsedMb":122,"heapLimitMb":4144,"rssMb":200}}
{"t":"2026-09-29T17:09:45.271Z","level":"info","msg":"task done","taskId":"4a81ad9c-9661-438b-b495-d919067e10c1","taskType":"fetch_description","data":{"id":"4a81ad9c-9661-438b-b495-d919067e10c1","type":"fetch_description","ms":26,"heapUsedMb":123,"heapDeltaMb":1,"heapLimitMb":4144,"rssMb":200,"rssDeltaMb":0}}
{"t":"2026-09-29T17:09:45.272Z","level":"info","msg":"task start","taskId":"fbefae07-c0c9-4d51-a5ba-ec1ad3c43e27","taskType":"fetch_description","data":{"id":"fbefae07-c0c9-4d51-a5ba-ec1ad3c43e27","type":"fetch_description","attempt":1,"workerId":"test","commit":null,"readyWaitMs":59,"heapUsedMb":123,"heapLimitMb":4144,"rssMb":200}}
{"t":"2026-09-29T17:09:45.314Z","level":"info","msg":"task done","taskId":"fbefae07-c0c9-4d51-a5ba-ec1ad3c43e27","taskType":"fetch_description","data":{"id":"fbefae07-c0c9-4d51-a5ba-ec1ad3c43e27","type":"fetch_description","ms":42,"heapUsedMb":124,"heapDeltaMb":1,"heapLimitMb":4144,"rssMb":200,"rssDeltaMb":0}}
{"t":"2026-09-29T17:09:45.315Z","level":"info","msg":"task start","taskId":"4503c8ff-dd46-4479-b392-d1a321228459","taskType":"fetch_description","data":{"id":"4503c8ff-dd46-4479-b392-d1a321228459","type":"fetch_description","attempt":1,"workerId":"test","commit":null,"readyWaitMs":102,"heapUsedMb":124,"heapLimitMb":4144,"rssMb":200}}
{"t":"2026-09-29T17:09:45.366Z","level":"info","msg":"task done","taskId":"4503c8ff-dd46-4479-b392-d1a321228459","taskType":"fetch_description","data":{"id":"4503c8ff-dd46-4479-b392-d1a321228459","type":"fetch_description","ms":51,"heapUsedMb":125,"heapDeltaMb":1,"heapLimitMb":4144,"rssMb":200,"rssDeltaMb":0}}
{"t":"2026-09-29T17:09:45.368Z","level":"info","msg":"task start","taskId":"934b9236-a705-47cb-8972-7daa4a307699","taskType":"fetch_description","data":{"id":"934b9236-a705-47cb-8972-7daa4a307699","type":"fetch_description","attempt":1,"workerId":"test","commit":null,"readyWaitMs":155,"heapUsedMb":125,"heapLimitMb":4144,"rssMb":200}}
{"t":"2026-09-29T17:09:45.437Z","level":"info","msg":"task done","taskId":"934b9236-a705-47cb-8972-7daa4a307699","taskType":"fetch_description","data":{"id":"934b9236-a705-47cb-8972-7daa4a307699","type":"fetch_description","ms":69,"heapUsedMb":116,"heapDeltaMb":-9,"heapLimitMb":4144,"rssMb":198,"rssDeltaMb":-2}}
{"t":"2026-09-29T17:09:45.438Z","level":"info","msg":"task start","taskId":"47220c7a-9b70-487e-8283-dc1866fa15a7","taskType":"fetch_description","data":{"id":"47220c7a-9b70-487e-8283-dc1866fa15a7","type":"fetch_description","attempt":1,"workerId":"test","commit":null,"readyWaitMs":225,"heapUsedMb":116,"heapLimitMb":4144,"rssMb":198}}
{"t":"2026-09-29T17:09:45.464Z","level":"info","msg":"task done","taskId":"47220c7a-9b70-487e-8283-dc1866fa15a7","taskType":"fetch_description","data":{"id":"47220c7a-9b70-487e-8283-dc1866fa15a7","type":"fetch_description","ms":26,"heapUsedMb":117,"heapDeltaMb":1,"heapLimitMb":4144,"rssMb":198,"rssDeltaMb":0}}
{"t":"2026-09-29T17:09:45.466Z","level":"info","msg":"task start","taskId":"8b4ce326-295a-4b7e-ab09-2e13cdd1cbc9","taskType":"discover","data":{"id":"8b4ce326-295a-4b7e-ab09-2e13cdd1cbc9","type":"discover","attempt":1,"workerId":"test","commit":null,"readyWaitMs":574,"heapUsedMb":117,"heapLimitMb":4144,"rssMb":198}}
{"t":"2026-09-29T17:09:45.519Z","level":"warn","msg":"logo re-encode failed; the original is kept","taskId":"8b4ce326-295a-4b7e-ab09-2e13cdd1cbc9","taskType":"discover","data":{"error":"Input buffer has corrupt header:","bytes":400}}
{"t":"2026-09-29T17:09:45.523Z","level":"info","msg":"logo captured","taskId":"8b4ce326-295a-4b7e-ab09-2e13cdd1cbc9","taskType":"discover","data":{"company":"Acme Robotics","source":"site_icon","sourceUrl":"https://www.acme.example/favicon.png","bytes":400,"contentType":"image/png"}}
{"t":"2026-09-29T17:09:45.525Z","level":"info","msg":"task done","taskId":"8b4ce326-295a-4b7e-ab09-2e13cdd1cbc9","taskType":"discover","data":{"id":"8b4ce326-295a-4b7e-ab09-2e13cdd1cbc9","type":"discover","ms":59,"heapUsedMb":118,"heapDeltaMb":1,"heapLimitMb":4144,"rssMb":198,"rssDeltaMb":0}}
{"t":"2026-09-29T17:09:45.529Z","level":"info","msg":"scan suggestions filed","data":{"userId":"24ff269d-15bd-436e-9040-b03547564d54","titles":5,"unmatched":1,"inserted":0}}
{"t":"2026-09-29T17:09:45.532Z","level":"info","msg":"scan suggestions filed","data":{"userId":"67d9c70f-fa1d-40b1-85bc-f80537b21d43","titles":5,"unmatched":4,"inserted":1}}
{"t":"2026-09-29T17:09:45.935Z","level":"info","msg":"source scanned","data":{"company":"Pager","type":"html","status":"ok","postings":25,"new":25,"closed":0,"followers":0,"deferredDescriptions":0,"reusedListing":false,"claimFetchedBytes":1309,"claimRequests":7,"claimRevalidated":0,"heapUsedMb":125,"ms":49}}
{"t":"2026-09-29T17:09:45.951Z","level":"info","msg":"scan run finalised","data":{"runId":"e29002b4-0dec-4f9c-b2c7-edd60b577c64","ok":1,"failed":0,"newRoles":25}}
{"t":"2026-09-29T17:09:46.379Z","level":"info","msg":"source scanned","data":{"company":"Pager","type":"html","status":"ok","postings":25,"new":25,"closed":0,"followers":0,"deferredDescriptions":0,"reusedListing":false,"claimFetchedBytes":1309,"claimRequests":7,"claimRevalidated":0,"heapUsedMb":131,"ms":42}}
{"t":"2026-09-29T17:09:46.756Z","level":"info","msg":"slow database query","data":{"durationMs":368,"statement":"truncate users, companies, career_sources, discovery_runs, scan_runs, scans, jobs, job_events, decisions, tasks, setting"}}
{"t":"2026-09-29T17:09:46.817Z","level":"info","msg":"source scanned","data":{"company":"Pager","type":"html","status":"ok","postings":1,"new":1,"closed":0,"followers":0,"deferredDescriptions":0,"reusedListing":false,"claimFetchedBytes":86,"claimRequests":1,"claimRevalidated":0,"heapUsedMb":125,"ms":32}}
{"t":"2026-09-29T17:09:46.929Z","level":"info","msg":"source scanned","data":{"company":"Pager","type":"html","status":"ok","postings":25,"new":25,"closed":0,"followers":0,"deferredDescriptions":0,"reusedListing":false,"claimFetchedBytes":1309,"claimRequests":7,"claimRevalidated":0,"heapUsedMb":129,"ms":29}}
{"t":"2026-09-29T17:09:47.231Z","level":"info","msg":"source scanned","data":{"company":"Pager","type":"html","status":"ok","postings":25,"new":25,"closed":0,"followers":0,"deferredDescriptions":0,"reusedListing":false,"claimFetchedBytes":1309,"claimRequests":7,"claimRevalidated":0,"heapUsedMb":134,"ms":40}}
{"t":"2026-09-29T17:09:47.548Z","level":"info","msg":"source scanned","data":{"company":"Pager","type":"html","status":"ok","postings":1,"new":1,"closed":0,"followers":0,"deferredDescriptions":0,"reusedListing":false,"claimFetchedBytes":110,"claimRequests":1,"claimRevalidated":0,"heapUsedMb":133,"ms":18}}
{"t":"2026-09-29T17:09:48.148Z","level":"info","msg":"source scanned","data":{"company":"Pager","type":"html","status":"ok","postings":25,"new":25,"closed":0,"followers":0,"deferredDescriptions":0,"reusedListing":false,"claimFetchedBytes":1428,"claimRequests":7,"claimRevalidated":0,"heapUsedMb":139,"ms":130}}
{"t":"2026-09-29T17:09:48.672Z","level":"info","msg":"source scanned","data":{"company":"Pager","type":"html","status":"ok","postings":25,"new":0,"closed":0,"followers":0,"deferredDescriptions":0,"reusedListing":false,"claimFetchedBytes":1316,"claimRequests":7,"claimRevalidated":0,"heapUsedMb":150,"ms":33}}
{"t":"2026-09-29T17:09:48.953Z","level":"info","msg":"source scanned","data":{"company":"Pager","type":"html","status":"partial","postings":3,"new":3,"closed":0,"followers":0,"deferredDescriptions":0,"reusedListing":false,"claimFetchedBytes":520,"claimRequests":3,"claimRevalidated":0,"heapUsedMb":145,"ms":26}}
{"t":"2026-09-29T17:09:49.363Z","level":"info","msg":"source scanned","data":{"company":"Pager","type":"html","status":"ok","postings":1,"new":1,"closed":0,"followers":0,"deferredDescriptions":0,"reusedListing":false,"claimFetchedBytes":145,"claimRequests":2,"claimRevalidated":0,"heapUsedMb":151,"ms":20}}
{"t":"2026-09-29T17:09:49.698Z","level":"info","msg":"source scanned","data":{"company":"Pager","type":"html","status":"partial","postings":20,"new":20,"closed":0,"followers":0,"deferredDescriptions":0,"reusedListing":false,"claimFetchedBytes":0,"claimRequests":0,"claimRevalidated":0,"heapUsedMb":151,"ms":25}}
{"t":"2026-09-29T17:09:49.925Z","level":"info","msg":"source scanned","data":{"company":"Pager","type":"html","status":"partial","postings":2,"new":2,"closed":0,"followers":0,"deferredDescriptions":0,"reusedListing":false,"claimFetchedBytes":570,"claimRequests":3,"claimRevalidated":0,"heapUsedMb":146,"ms":26}}
{"t":"2026-09-29T17:09:50.174Z","level":"info","msg":"source scanned","data":{"company":"Pager","type":"html","status":"partial","postings":3,"new":3,"closed":0,"followers":0,"deferredDescriptions":0,"reusedListing":false,"claimFetchedBytes":548,"claimRequests":3,"claimRevalidated":0,"heapUsedMb":151,"ms":29}}
{"t":"2026-09-29T17:09:52.143Z","level":"info","msg":"slow database query","data":{"durationMs":276,"statement":"truncate tasks, companies, career_sources, jobs, user_jobs, decisions, settings, user_settings, ai_calls, ai_reservation"}}
{"t":"2026-09-29T17:09:52.865Z","level":"info","msg":"slow database query","data":{"durationMs":533,"statement":"truncate tasks, companies, career_sources, jobs, user_jobs, decisions, settings, user_settings, ai_calls, ai_reservation"}}
{"t":"2026-09-29T17:09:53.395Z","level":"info","msg":"slow database query","data":{"durationMs":269,"statement":"truncate tasks, companies, career_sources, jobs, user_jobs, decisions, settings, user_settings, ai_calls, ai_reservation"}}
{"t":"2026-09-29T17:09:56.102Z","level":"warn","msg":"logo re-encode failed; the original is kept","data":{"error":"Input buffer has corrupt header:","bytes":400}}
{"t":"2026-09-29T17:09:56.111Z","level":"info","msg":"logo captured","data":{"company":"Logo Ltd","source":"site_icon","sourceUrl":"https://www.logo.test/touch.png","bytes":400,"contentType":"image/png"}}
{"t":"2026-09-29T17:09:56.533Z","level":"info","msg":"slow database query","data":{"durationMs":414,"statement":"truncate users, companies, company_logos, career_sources, scan_runs, tasks, resource_leases, settings restart identity c"}}
{"t":"2026-09-29T17:09:56.839Z","level":"info","msg":"logo capture failed","data":{"company":"Logo Ltd","error":"No usable icon found for blank.test","tried":4,"attempts":1,"nextAttemptAt":"2026-09-19T10:00:00.000Z"}}
{"t":"2026-09-29T17:09:57.115Z","level":"info","msg":"slow database query","data":{"durationMs":264,"statement":"truncate users, companies, company_logos, career_sources, scan_runs, tasks, resource_leases, settings restart identity c"}}
{"t":"2026-09-29T17:09:57.372Z","level":"info","msg":"slow database query","data":{"durationMs":250,"statement":"truncate users, companies, company_logos, career_sources, scan_runs, tasks, resource_leases, settings restart identity c"}}
{"t":"2026-09-29T17:09:57.415Z","level":"info","msg":"daily run started","data":{"runId":"198186fe-8cd6-46d7-82d0-a46cbce355e6","runDate":"2026-09-19","companies":4,"logosQueued":2,"retired":0}}
{"t":"2026-09-29T17:09:57.434Z","level":"info","msg":"daily run started","data":{"runId":"70cf466a-286f-4b8c-84f9-2ec34e69785d","runDate":"2026-09-19","companies":4,"logosQueued":0,"retired":0}}
{"t":"2026-09-29T17:09:57.455Z","level":"info","msg":"daily run started","data":{"runId":"64814e68-3a08-4c9e-826d-de91cd1a1b48","runDate":"2026-09-19","companies":4,"logosQueued":1,"retired":0}}
{"t":"2026-09-29T17:09:58.112Z","level":"info","msg":"http revalidated","data":{"host":"cache.test","durationMs":3,"bytes":0}}
{"t":"2026-09-29T17:09:58.138Z","level":"info","msg":"http robots denied","data":{"host":"www.example.test","url":"https://www.example.test/private/secret"}}
{"t":"2026-09-29T17:09:58.153Z","level":"info","msg":"browser robots denied","data":{"host":"www.example.test","url":"https://www.example.test/private/secret"}}
{"t":"2026-09-29T17:09:58.749Z","level":"info","msg":"http robots denied","data":{"host":"www.example.test","url":"https://www.example.test/private/secret"}}
{"t":"2026-09-29T17:09:58.835Z","level":"info","msg":"http robots denied","data":{"host":"changing.test","url":"https://changing.test/jobs"}}
{"t":"2026-09-29T17:09:58.838Z","level":"info","msg":"http robots denied","data":{"host":"flaky.test","url":"https://flaky.test/jobs"}}
{"t":"2026-09-29T17:09:59.241Z","level":"info","msg":"http revalidated","data":{"host":"large.test","durationMs":1,"bytes":0,"validatorOnly":true}}
{"t":"2026-09-29T17:09:59.297Z","level":"info","msg":"http revalidated","data":{"host":"traffic.test","durationMs":0,"bytes":0}}
{"t":"2026-09-29T17:09:59.413Z","level":"info","msg":"http robots denied","data":{"host":"www.example.test","url":"https://www.example.test/private/secret"}}
{"t":"2026-09-29T17:09:59.452Z","level":"warn","msg":"http refused a private address","data":{"host":"10.9.8.7","url":"http://10.9.8.7/admin"}}
{"t":"2026-09-29T17:09:59.459Z","level":"info","msg":"http revalidated","data":{"host":"traffic.test","durationMs":1,"bytes":0}}
{"t":"2026-09-29T17:09:59.572Z","level":"info","msg":"http revalidated","data":{"host":"traffic.test","durationMs":1,"bytes":0}}
{"t":"2026-09-29T17:09:59.686Z","level":"warn","msg":"http refused a private address","data":{"host":"127.0.0.1","url":"http://127.0.0.1:57777/secret"}}
{"t":"2026-09-29T17:09:59.686Z","level":"warn","msg":"http refused a private address","data":{"host":"127.0.0.1","url":"http://2130706433:57777/secret"}}
{"t":"2026-09-29T17:09:59.687Z","level":"warn","msg":"http refused a private address","data":{"host":"[::ffff:7f00:1]","url":"http://[::ffff:127.0.0.1]:57777/"}}
{"t":"2026-09-29T17:09:59.687Z","level":"warn","msg":"http refused a private address","data":{"host":"169.254.169.254","url":"http://169.254.169.254/latest/meta-data/"}}
{"t":"2026-09-29T17:09:59.688Z","level":"warn","msg":"http refused a private address","data":{"host":"[::1]","url":"http://[::1]/"}}
{"t":"2026-09-29T17:09:59.688Z","level":"warn","msg":"http refused a private address","data":{"host":"10.0.0.5","url":"http://10.0.0.5:8080/"}}
{"t":"2026-09-29T17:09:59.688Z","level":"warn","msg":"http refused a private address","data":{"host":"127.0.0.1","url":"http://127.0.0.1:57777/favicon.ico"}}
{"t":"2026-09-29T17:09:59.689Z","level":"warn","msg":"http refused a private address","data":{"host":"","url":"file:///etc/passwd"}}
{"t":"2026-09-29T17:09:59.689Z","level":"warn","msg":"http refused a private address","data":{"host":"","url":"data:text/html,<title>x</title>"}}
{"t":"2026-09-29T17:09:59.689Z","level":"warn","msg":"http refused a private address","data":{"host":"localhost","url":"http://localhost:8080/"}}
{"t":"2026-09-29T17:09:59.689Z","level":"warn","msg":"http refused a private address","data":{"host":"metadata.google.internal","url":"http://metadata.google.internal/computeMetadata/v1/"}}
{"t":"2026-09-29T17:09:59.689Z","level":"warn","msg":"http refused a private address","data":{"host":"ava-worker","url":"http://ava-worker:8080/healthz"}}
{"t":"2026-09-29T17:09:59.689Z","level":"warn","msg":"http refused a private address","data":{"host":"intranet.example.com","url":"https://intranet.example.com/careers"}}
{"t":"2026-09-29T17:09:59.690Z","level":"warn","msg":"http refused a private address","data":{"host":"split.example.com","url":"https://split.example.com/careers"}}
{"t":"2026-09-29T17:09:59.690Z","level":"warn","msg":"http refused a private address","data":{"host":"rebound.example.com","url":"https://rebound.example.com/careers"}}
{"t":"2026-09-29T17:09:59.694Z","level":"warn","msg":"http refused a private address","data":{"host":"127.0.0.1","url":"http://127.0.0.1:57778/secret"}}
{"t":"2026-09-29T17:09:59.695Z","level":"warn","msg":"http refused a private address","data":{"host":"169.254.169.254","url":"http://169.254.169.254/latest/meta-data/"}}
{"t":"2026-09-29T17:09:59.696Z","level":"warn","msg":"http refused a private address","data":{"host":"localhost","url":"http://localhost/admin"}}
{"t":"2026-09-29T17:09:59.697Z","level":"warn","msg":"http refused a private address","data":{"host":"127.0.0.1","url":"http://127.0.0.1:57778/secret"}}
{"t":"2026-09-29T17:09:59.699Z","level":"warn","msg":"http refused a private address","data":{"host":"127.0.0.2","url":"http://127.0.0.2:9/secret"}}
{"t":"2026-09-29T17:09:59.706Z","level":"info","msg":"http robots denied","data":{"host":"www.careers.test","url":"https://www.careers.test/private/list"}}
{"t":"2026-09-29T17:10:03.093Z","level":"info","msg":"analysed tables after a bulk write","data":{"tables":["user_jobs"],"reason":"reevaluate_gate","ms":2}}
{"t":"2026-09-29T17:10:04.999Z","level":"info","msg":"gate semantics changed; re-evaluating every account","data":{"version":1,"accounts":8}}
{"t":"2026-09-29T17:10:05.010Z","level":"info","msg":"gate semantics changed; re-evaluating every account","data":{"version":2,"accounts":8}}
{"t":"2026-09-29T17:10:05.047Z","level":"info","msg":"gate semantics changed; re-evaluating every account","data":{"version":1,"accounts":8}}
{"t":"2026-09-29T17:10:05.097Z","level":"info","msg":"gate semantics changed; re-evaluating every account","data":{"version":1,"accounts":8}}
{"t":"2026-09-29T17:10:05.150Z","level":"info","msg":"gate semantics changed; re-evaluating every account","data":{"version":1,"accounts":8}}
{"t":"2026-09-29T17:10:05.272Z","level":"warn","msg":"model unreachable with this key","data":{"model":"claude-opus-5","status":404,"message":"404 model: claude-opus-5"}}
{"t":"2026-09-29T17:10:05.276Z","level":"warn","msg":"model probe failed","data":{"name":"Error","message":"offline","stack":"Error: offline\n    at Object.probeModel (/Users/h_dryden/Documents/New project/christopher-jtbd-review/apps/worker/src/boot.test.ts:123:54)\n    at probeConfiguredModels (/Users/h_dryden/Documents/New project/christopher-jtbd-review/apps/worker/src/boot.ts:45:35)\n    at processTicksAndRejections (node:internal/process/task_queues:105:5)\n    at /Users/h_dryden/Documents/New project/christopher-jtbd-review/apps/worker/src/boot.test.ts:124:12\n    at file:///Users/h_dryden/Documents/New%20project/christopher-jtbd-review/node_modules/.pnpm/vitest@5.0.0_@opentelemetry+api@1.9.1_@types+node@26.4.1_jsdom@26.1.0_vite@8.2.2_@types_c344cf73f7ea71631ab4cfb754e2c176/node_modules/vitest/dist/chunks/run.CQOUYP-x.js:2783:20"}}
{"t":"2026-09-29T17:10:08.727Z","level":"error","msg":"ai usage unrecorded","data":{"userId":"98cc43d0-58f7-4606-8381-3908ecb89b15","callSite":"CV","model":"claude-sonnet-5","inputTokens":100,"outputTokens":50,"cacheReadTokens":0,"cacheWriteTokens":0,"costUsd":0.5,"durationMs":10,"ok":true,"refType":"cv","refId":"draft-1","stage":"author","id":"47489f80-75dc-471a-b12c-43cfb224f435","error":"timeout exceeded when trying to connect"}}
{"t":"2026-09-29T17:10:08.781Z","level":"error","msg":"ai usage unrecorded","data":{"userId":"6828b14f-cde1-4c3f-9f07-3571fad28d59","callSite":"CV","model":"claude-sonnet-5","inputTokens":100,"outputTokens":50,"cacheReadTokens":0,"cacheWriteTokens":0,"costUsd":2,"durationMs":10,"ok":true,"refType":"cv","refId":"draft-1","stage":"author","id":"a76af95f-12e5-4a67-b15c-8c5062ef9213","error":"lock timeout"}}
{"t":"2026-09-29T17:10:13.750Z","level":"warn","msg":"CV stage hold could not be released","data":{"stage":"rubric","error":"release failed"}}

⎯⎯⎯⎯⎯⎯⎯ Failed Tests 1 ⎯⎯⎯⎯⎯⎯⎯

 FAIL  src/import-posting.test.ts > puts an import back for when a host that asked us to wait will be read again
AssertionError: expected [] to have a length of 1 but got +0

- Expected
+ Received

- 1
+ 0

 ❯ src/import-posting.test.ts:271:49
    269|     await db.update(schema.tasks).set({ runAfter: new Date() }).where(…
    270|     await queue.drain();
    271|     expect(await db.select().from(schema.jobs)).toHaveLength(1);
       |                                                 ^
    272|     expect((await viewsFor(importer)).filter(v => v.inTable)).toHaveLe…
    273|   } finally {

⎯⎯⎯⎯⎯⎯⎯⎯⎯⎯⎯⎯⎯⎯⎯⎯⎯⎯⎯⎯⎯⎯⎯⎯[1/1]⎯


 Test Files  1 failed | 55 passed (56)
      Tests  1 failed | 728 passed (729)
   Start at  18:04:08
   Duration  367.25s (tests 92%, import 7%)

/Users/h_dryden/Documents/New project/christopher-jtbd-review/apps/worker:
 ERR_PNPM_RECURSIVE_RUN_FIRST_FAIL  @ava/worker@0.1.0 test: `vitest run`
Exit status 1
