
> @ava/worker@0.1.0 test /Users/h_dryden/Documents/New project/christopher-jtbd-review/apps/worker
> vitest run


 RUN  v5.0.0 /Users/h_dryden/Documents/New project/christopher-jtbd-review/apps/worker

{"t":"2026-10-01T16:16:51.345Z","level":"warn","msg":"render failed","data":{"url":"https://www.acmeind.example/big","error":"Rendered page exceeds 5000 bytes; refusing truncated content"}}
{"t":"2026-10-01T16:16:55.508Z","level":"info","msg":"closing the idle browser","data":{"idleMs":500}}
{"t":"2026-10-01T16:17:02.831Z","level":"warn","msg":"render abandoned","data":{"url":"https://www.acmeind.example/hang","error":"render of https://www.acmeind.example/hang passed its 5 s deadline"}}
{"t":"2026-10-01T16:17:04.135Z","level":"warn","msg":"render failed","data":{"url":"http://127.0.0.1:64311/start","error":"robots.txt disallows http://127.0.0.1:64311/private"}}
{"t":"2026-10-01T16:17:05.266Z","level":"warn","msg":"render failed","data":{"url":"http://127.0.0.1:64311/client","error":"robots.txt disallows http://127.0.0.1:64311/private"}}
{"t":"2026-10-01T16:17:13.987Z","level":"info","msg":"render continuation blocked after a listing capture","data":{"url":"http://127.0.0.1:64311/client-pagination","error":"robots.txt disallows http://127.0.0.1:64311/private"}}
{"t":"2026-10-01T16:17:14.234Z","level":"info","msg":"render refused a request","data":{"url":"http://[::1]:64321/frame","error":"refusing to fetch http://[::1]:64321/frame: ::1 is a private or local network address"}}
{"t":"2026-10-01T16:17:14.236Z","level":"info","msg":"render refused a websocket","data":{"url":"ws://[::1]:64321/socket","error":"refusing to fetch http://[::1]:64321/socket: ::1 is a private or local network address"}}
{"t":"2026-10-01T16:17:14.236Z","level":"info","msg":"render refused a request","data":{"url":"http://[::1]:64321/fetched","error":"refusing to fetch http://[::1]:64321/fetched: ::1 is a private or local network address"}}
{"t":"2026-10-01T16:17:15.315Z","level":"warn","msg":"render failed","data":{"url":"http://127.0.0.1:64322/redirect","error":"refusing to fetch http://[::1]:64321/redirected: ::1 is a private or local network address"}}
{"t":"2026-10-01T16:17:17.041Z","level":"info","msg":"slow database query","data":{"durationMs":449,"statement":"truncate tasks, scan_runs, scans, companies, career_sources, jobs, settings, user_settings, ai_reservations restart iden"}}
{"t":"2026-10-01T16:17:17.643Z","level":"info","msg":"slow database query","data":{"durationMs":252,"statement":"truncate tasks, scan_runs, scans, companies, career_sources, jobs, settings, user_settings, ai_reservations restart iden"}}
{"t":"2026-10-01T16:17:17.993Z","level":"warn","msg":"task requeued on shutdown","data":{"id":"52266a72-ae3a-4192-8a13-d7f123d5a416","type":"review_library"}}
{"t":"2026-10-01T16:17:18.609Z","level":"info","msg":"task start","taskId":"2dd33e32-024c-4d61-9976-d0d1d5651fbb","taskType":"discover","data":{"id":"2dd33e32-024c-4d61-9976-d0d1d5651fbb","type":"discover","attempt":1,"workerId":"test","commit":null,"readyWaitMs":11,"heapUsedMb":98,"heapLimitMb":4144,"rssMb":143}}
{"t":"2026-10-01T16:17:18.612Z","level":"warn","msg":"task failed","taskId":"2dd33e32-024c-4d61-9976-d0d1d5651fbb","taskType":"discover","data":{"id":"2dd33e32-024c-4d61-9976-d0d1d5651fbb","type":"discover","error":"handler exploded","ms":3,"heapUsedMb":98,"heapDeltaMb":0,"heapLimitMb":4144,"rssMb":143,"rssDeltaMb":0}}
{"t":"2026-10-01T16:17:18.618Z","level":"info","msg":"task start","taskId":"659727f4-a7e8-4583-a04e-085f15bb422a","taskType":"reevaluate_gate","data":{"id":"659727f4-a7e8-4583-a04e-085f15bb422a","type":"reevaluate_gate","attempt":1,"workerId":"test","commit":null,"readyWaitMs":17,"heapUsedMb":99,"heapLimitMb":4144,"rssMb":143}}
{"t":"2026-10-01T16:17:18.619Z","level":"info","msg":"task done","taskId":"659727f4-a7e8-4583-a04e-085f15bb422a","taskType":"reevaluate_gate","data":{"id":"659727f4-a7e8-4583-a04e-085f15bb422a","type":"reevaluate_gate","ms":1,"heapUsedMb":99,"heapDeltaMb":0,"heapLimitMb":4144,"rssMb":143,"rssDeltaMb":0}}
{"t":"2026-10-01T16:17:18.747Z","level":"warn","msg":"task failed","taskId":"8ee679db-7564-406c-91eb-38192909946a","taskType":"discover","data":{"id":"8ee679db-7564-406c-91eb-38192909946a","type":"discover","error":"no handler for task type discover","ms":1,"heapUsedMb":100,"heapDeltaMb":0,"heapLimitMb":4144,"rssMb":143,"rssDeltaMb":0}}
{"t":"2026-10-01T16:17:18.957Z","level":"info","msg":"scheduled daily run","data":{"ymd":"2026-09-05","scanTime":"06:00","tz":"UTC"}}
{"t":"2026-10-01T16:17:19.080Z","level":"info","msg":"scheduled daily run","data":{"ymd":"2026-09-05","scanTime":"06:00","tz":"UTC"}}
{"t":"2026-10-01T16:17:19.195Z","level":"info","msg":"scan run finalised","data":{"runId":"c32c0aa0-0e24-4d46-b4f3-bf8ca70dc9ef","ok":0,"failed":0,"newRoles":0}}
{"t":"2026-10-01T16:17:19.424Z","level":"info","msg":"scheduled daily run","data":{"ymd":"2026-09-05","scanTime":"06:00","tz":"Europe/London"}}
{"t":"2026-10-01T16:17:19.591Z","level":"info","msg":"scheduled daily run","data":{"ymd":"2026-09-06","scanTime":"06:00","tz":"UTC"}}
{"t":"2026-10-01T16:17:19.604Z","level":"info","msg":"scheduled weekly jobs","data":{"ymd":"2026-09-06","accounts":31,"queued":93,"suggestionsSkipped":0}}
{"t":"2026-10-01T16:17:19.646Z","level":"info","msg":"scheduled daily run","data":{"ymd":"2026-09-06","scanTime":"06:00","tz":"UTC"}}
{"t":"2026-10-01T16:17:19.810Z","level":"info","msg":"scheduled daily run","data":{"ymd":"2026-09-05","scanTime":"06:00","tz":"Europe/London"}}
{"t":"2026-10-01T16:17:19.848Z","level":"warn","msg":"monitor sample needs attention","data":{"levels":{"oldestReady":"fail"}}}
{"t":"2026-10-01T16:17:20.121Z","level":"info","msg":"scheduled daily run","data":{"ymd":"2026-09-06","scanTime":"06:00","tz":"UTC"}}
{"t":"2026-10-01T16:17:20.134Z","level":"info","msg":"scheduled weekly jobs","data":{"ymd":"2026-09-06","accounts":31,"queued":62,"suggestionsSkipped":0}}
{"t":"2026-10-01T16:17:21.004Z","level":"info","msg":"daily run started","data":{"runId":"a8a478ff-0594-4faf-9710-e33f1a0f7ce4","runDate":"2026-09-05","companies":1,"logosQueued":2,"retired":0}}
{"t":"2026-10-01T16:17:21.148Z","level":"info","msg":"daily run started","data":{"runId":"2a65992a-55f2-4356-be3d-32c94fcd9192","runDate":"2026-09-05","companies":1,"logosQueued":1,"retired":0}}
{"t":"2026-10-01T16:17:21.388Z","level":"info","msg":"task start","taskId":"42941fef-9ed0-480c-9a10-05c01a6cf801","taskType":"generate_cv","data":{"id":"42941fef-9ed0-480c-9a10-05c01a6cf801","type":"generate_cv","attempt":1,"workerId":"fallthrough","commit":null,"readyWaitMs":26,"heapUsedMb":112,"heapLimitMb":4144,"rssMb":115}}
{"t":"2026-10-01T16:17:21.395Z","level":"info","msg":"task start","taskId":"48ae84c7-142d-4c9e-86c0-09378a04e551","taskType":"generate_cv","data":{"id":"48ae84c7-142d-4c9e-86c0-09378a04e551","type":"generate_cv","attempt":1,"workerId":"fallthrough","commit":null,"readyWaitMs":26,"heapUsedMb":113,"heapLimitMb":4144,"rssMb":115}}
{"t":"2026-10-01T16:17:21.400Z","level":"info","msg":"task start","taskId":"bfbaaf7e-f6ce-4dd4-9fc6-4394d60f36c1","taskType":"generate_cv","data":{"id":"bfbaaf7e-f6ce-4dd4-9fc6-4394d60f36c1","type":"generate_cv","attempt":1,"workerId":"fallthrough","commit":null,"readyWaitMs":25,"heapUsedMb":103,"heapLimitMb":4144,"rssMb":117}}
{"t":"2026-10-01T16:17:21.402Z","level":"warn","msg":"task requeued on shutdown","data":{"id":"42941fef-9ed0-480c-9a10-05c01a6cf801","type":"generate_cv"}}
{"t":"2026-10-01T16:17:21.404Z","level":"warn","msg":"task requeued on shutdown","data":{"id":"48ae84c7-142d-4c9e-86c0-09378a04e551","type":"generate_cv"}}
{"t":"2026-10-01T16:17:21.405Z","level":"warn","msg":"task requeued on shutdown","data":{"id":"bfbaaf7e-f6ce-4dd4-9fc6-4394d60f36c1","type":"generate_cv"}}
{"t":"2026-10-01T16:17:21.543Z","level":"info","msg":"task start","taskId":"55c4fd49-c3fa-4f23-bb1b-09e14ed5a827","taskType":"reevaluate_gate","data":{"id":"55c4fd49-c3fa-4f23-bb1b-09e14ed5a827","type":"reevaluate_gate","attempt":1,"workerId":"bounded-verification","commit":null,"readyWaitMs":9,"heapUsedMb":104,"heapLimitMb":4144,"rssMb":118}}
{"t":"2026-10-01T16:17:21.546Z","level":"info","msg":"task done","taskId":"55c4fd49-c3fa-4f23-bb1b-09e14ed5a827","taskType":"reevaluate_gate","data":{"id":"55c4fd49-c3fa-4f23-bb1b-09e14ed5a827","type":"reevaluate_gate","ms":3,"heapUsedMb":104,"heapDeltaMb":0,"heapLimitMb":4144,"rssMb":118,"rssDeltaMb":0}}
{"t":"2026-10-01T16:17:21.548Z","level":"info","msg":"task start","taskId":"8abd74dd-f735-4781-94a1-53f5113fafe4","taskType":"verify_company","data":{"id":"8abd74dd-f735-4781-94a1-53f5113fafe4","type":"verify_company","attempt":1,"workerId":"bounded-verification","commit":null,"readyWaitMs":18,"heapUsedMb":104,"heapLimitMb":4144,"rssMb":118}}
{"t":"2026-10-01T16:17:21.552Z","level":"info","msg":"task done","taskId":"8abd74dd-f735-4781-94a1-53f5113fafe4","taskType":"verify_company","data":{"id":"8abd74dd-f735-4781-94a1-53f5113fafe4","type":"verify_company","ms":4,"heapUsedMb":105,"heapDeltaMb":1,"heapLimitMb":4144,"rssMb":118,"rssDeltaMb":0}}
{"t":"2026-10-01T16:17:21.557Z","level":"info","msg":"task start","taskId":"92b902a2-c3bf-49e9-964f-dfae24f8ff88","taskType":"verify_company","data":{"id":"92b902a2-c3bf-49e9-964f-dfae24f8ff88","type":"verify_company","attempt":1,"workerId":"bounded-verification","commit":null,"readyWaitMs":24,"heapUsedMb":105,"heapLimitMb":4144,"rssMb":118}}
{"t":"2026-10-01T16:17:21.560Z","level":"warn","msg":"task requeued on shutdown","data":{"id":"92b902a2-c3bf-49e9-964f-dfae24f8ff88","type":"verify_company"}}
{"t":"2026-10-01T16:17:21.697Z","level":"info","msg":"task start","taskId":"7adedc60-8f1b-42c2-ab84-4e7ee5d61470","taskType":"generate_cv","data":{"id":"7adedc60-8f1b-42c2-ab84-4e7ee5d61470","type":"generate_cv","attempt":1,"workerId":"capped-builds","commit":null,"readyWaitMs":16,"heapUsedMb":106,"heapLimitMb":4144,"rssMb":118}}
{"t":"2026-10-01T16:17:21.701Z","level":"info","msg":"task start","taskId":"388f246b-26c1-45f9-aee0-c7939449fec2","taskType":"generate_cv","data":{"id":"388f246b-26c1-45f9-aee0-c7939449fec2","type":"generate_cv","attempt":1,"workerId":"capped-builds","commit":null,"readyWaitMs":17,"heapUsedMb":107,"heapLimitMb":4144,"rssMb":118}}
{"t":"2026-10-01T16:17:21.705Z","level":"info","msg":"task start","taskId":"8dd115f5-cd7a-4e38-b8ad-50d5414c4dce","taskType":"discover","data":{"id":"8dd115f5-cd7a-4e38-b8ad-50d5414c4dce","type":"discover","attempt":1,"workerId":"capped-builds","commit":null,"readyWaitMs":5,"heapUsedMb":107,"heapLimitMb":4144,"rssMb":118}}
{"t":"2026-10-01T16:17:21.707Z","level":"info","msg":"task done","taskId":"8dd115f5-cd7a-4e38-b8ad-50d5414c4dce","taskType":"discover","data":{"id":"8dd115f5-cd7a-4e38-b8ad-50d5414c4dce","type":"discover","ms":2,"heapUsedMb":107,"heapDeltaMb":0,"heapLimitMb":4144,"rssMb":118,"rssDeltaMb":0}}
{"t":"2026-10-01T16:17:21.810Z","level":"warn","msg":"task requeued on shutdown","data":{"id":"7adedc60-8f1b-42c2-ab84-4e7ee5d61470","type":"generate_cv"}}
{"t":"2026-10-01T16:17:21.811Z","level":"warn","msg":"task requeued on shutdown","taskId":"388f246b-26c1-45f9-aee0-c7939449fec2","taskType":"generate_cv","data":{"id":"388f246b-26c1-45f9-aee0-c7939449fec2","type":"generate_cv"}}
{"t":"2026-10-01T16:17:21.954Z","level":"info","msg":"task start","taskId":"9e85ed18-7075-4963-a3b3-4af7acfc9471","taskType":"verify_company","data":{"id":"9e85ed18-7075-4963-a3b3-4af7acfc9471","type":"verify_company","attempt":1,"workerId":"failed-verification","commit":null,"readyWaitMs":12,"heapUsedMb":110,"heapLimitMb":4144,"rssMb":119}}
{"t":"2026-10-01T16:17:21.957Z","level":"warn","msg":"task failed","taskId":"9e85ed18-7075-4963-a3b3-4af7acfc9471","taskType":"verify_company","data":{"id":"9e85ed18-7075-4963-a3b3-4af7acfc9471","type":"verify_company","error":"first verification failed","ms":3,"heapUsedMb":111,"heapDeltaMb":1,"heapLimitMb":4144,"rssMb":119,"rssDeltaMb":0}}
{"t":"2026-10-01T16:17:21.961Z","level":"info","msg":"task start","taskId":"b63ee934-aeec-4899-8a09-ae0cfafd785a","taskType":"verify_company","data":{"id":"b63ee934-aeec-4899-8a09-ae0cfafd785a","type":"verify_company","attempt":1,"workerId":"failed-verification","commit":null,"readyWaitMs":15,"heapUsedMb":111,"heapLimitMb":4144,"rssMb":120}}
{"t":"2026-10-01T16:17:21.964Z","level":"warn","msg":"task requeued on shutdown","data":{"id":"b63ee934-aeec-4899-8a09-ae0cfafd785a","type":"verify_company"}}
{"t":"2026-10-01T16:17:22.135Z","level":"info","msg":"task start","taskId":"1014975c-69b0-4ea4-b0f7-2030fb62410a","taskType":"reevaluate_gate","data":{"id":"1014975c-69b0-4ea4-b0f7-2030fb62410a","type":"reevaluate_gate","attempt":1,"workerId":"timed-out-verification","commit":null,"readyWaitMs":8,"heapUsedMb":112,"heapLimitMb":4144,"rssMb":120}}
{"t":"2026-10-01T16:17:22.137Z","level":"info","msg":"task done","taskId":"1014975c-69b0-4ea4-b0f7-2030fb62410a","taskType":"reevaluate_gate","data":{"id":"1014975c-69b0-4ea4-b0f7-2030fb62410a","type":"reevaluate_gate","ms":2,"heapUsedMb":112,"heapDeltaMb":0,"heapLimitMb":4144,"rssMb":120,"rssDeltaMb":0}}
{"t":"2026-10-01T16:17:22.142Z","level":"info","msg":"task start","taskId":"23f086b5-3b31-46d1-887c-b9e26550e964","taskType":"verify_company","data":{"id":"23f086b5-3b31-46d1-887c-b9e26550e964","type":"verify_company","attempt":1,"workerId":"timed-out-verification","commit":null,"readyWaitMs":27,"heapUsedMb":112,"heapLimitMb":4144,"rssMb":120}}
{"t":"2026-10-01T16:17:22.173Z","level":"warn","msg":"task failed","taskId":"23f086b5-3b31-46d1-887c-b9e26550e964","taskType":"verify_company","data":{"id":"23f086b5-3b31-46d1-887c-b9e26550e964","type":"verify_company","error":"verify_company exceeded its 0s deadline after 0s and was abandoned","ms":31,"heapUsedMb":114,"heapDeltaMb":2,"heapLimitMb":4144,"rssMb":121,"rssDeltaMb":1}}
{"t":"2026-10-01T16:17:22.236Z","level":"warn","msg":"abandoned task finished after its deadline","taskId":"23f086b5-3b31-46d1-887c-b9e26550e964","taskType":"verify_company","data":{"id":"23f086b5-3b31-46d1-887c-b9e26550e964","type":"verify_company"}}
{"t":"2026-10-01T16:17:22.238Z","level":"info","msg":"task start","taskId":"833de44e-9eb4-457a-a885-227164768d98","taskType":"verify_company","data":{"id":"833de44e-9eb4-457a-a885-227164768d98","type":"verify_company","attempt":1,"workerId":"timed-out-verification","commit":null,"readyWaitMs":115,"heapUsedMb":108,"heapLimitMb":4144,"rssMb":122}}
{"t":"2026-10-01T16:17:22.239Z","level":"warn","msg":"task requeued on shutdown","data":{"id":"833de44e-9eb4-457a-a885-227164768d98","type":"verify_company"}}
{"t":"2026-10-01T16:17:22.351Z","level":"info","msg":"task start","taskId":"12f2cbfc-c32f-4c52-917d-2d2a0ddc7b9a","taskType":"discover","data":{"id":"12f2cbfc-c32f-4c52-917d-2d2a0ddc7b9a","type":"discover","attempt":1,"workerId":"deadline","commit":null,"readyWaitMs":5,"heapUsedMb":109,"heapLimitMb":4144,"rssMb":122}}
{"t":"2026-10-01T16:17:22.415Z","level":"warn","msg":"task failed","taskId":"12f2cbfc-c32f-4c52-917d-2d2a0ddc7b9a","taskType":"discover","data":{"id":"12f2cbfc-c32f-4c52-917d-2d2a0ddc7b9a","type":"discover","error":"discover exceeded its 0s deadline after 0s and was abandoned","ms":64,"heapUsedMb":109,"heapDeltaMb":0,"heapLimitMb":4144,"rssMb":122,"rssDeltaMb":0}}
{"t":"2026-10-01T16:17:22.418Z","level":"warn","msg":"abandoned task finished after its deadline","taskId":"12f2cbfc-c32f-4c52-917d-2d2a0ddc7b9a","taskType":"discover","data":{"id":"12f2cbfc-c32f-4c52-917d-2d2a0ddc7b9a","type":"discover"}}
{"t":"2026-10-01T16:17:22.820Z","level":"info","msg":"slow database query","taskId":"48ae84c7-142d-4c9e-86c0-09378a04e551","taskType":"generate_cv","data":{"durationMs":291,"statement":"truncate tasks, scan_runs, scans, companies, career_sources, jobs, settings, user_settings, ai_reservations restart iden"}}
{"t":"2026-10-01T16:17:22.859Z","level":"info","msg":"task start","taskId":"00e5ee6c-4bc3-4842-9212-af5af98df75a","taskType":"generate_cv","data":{"id":"00e5ee6c-4bc3-4842-9212-af5af98df75a","type":"generate_cv","attempt":1,"workerId":"retiring","commit":null,"readyWaitMs":13,"heapUsedMb":110,"heapLimitMb":4144,"rssMb":105}}
{"t":"2026-10-01T16:17:22.861Z","level":"warn","msg":"task requeued on shutdown","data":{"id":"00e5ee6c-4bc3-4842-9212-af5af98df75a","type":"generate_cv"}}
{"t":"2026-10-01T16:17:22.916Z","level":"warn","msg":"released ai reservations on shutdown","data":{"workerId":"retiring","count":1,"amountUsd":1}}
{"t":"2026-10-01T16:17:23.120Z","level":"info","msg":"task start","taskId":"296da031-85e4-415e-b1bd-a6c0f278e1f3","taskType":"generate_cv","data":{"id":"296da031-85e4-415e-b1bd-a6c0f278e1f3","type":"generate_cv","attempt":1,"workerId":"deploying","commit":null,"readyWaitMs":6,"heapUsedMb":111,"heapLimitMb":4144,"rssMb":97}}
{"t":"2026-10-01T16:17:23.122Z","level":"warn","msg":"task requeued on shutdown","data":{"id":"296da031-85e4-415e-b1bd-a6c0f278e1f3","type":"generate_cv"}}
{"t":"2026-10-01T16:17:23.318Z","level":"info","msg":"task start","taskId":"b319a8d0-1cb2-4bd8-8328-6bb2cc8637b9","taskType":"generate_cv","data":{"id":"b319a8d0-1cb2-4bd8-8328-6bb2cc8637b9","type":"generate_cv","attempt":1,"workerId":"settling","commit":null,"readyWaitMs":11,"heapUsedMb":112,"heapLimitMb":4144,"rssMb":98}}
{"t":"2026-10-01T16:17:23.321Z","level":"warn","msg":"task requeued on shutdown","data":{"id":"b319a8d0-1cb2-4bd8-8328-6bb2cc8637b9","type":"generate_cv"}}
{"t":"2026-10-01T16:17:23.525Z","level":"info","msg":"task handed back on shutdown","taskId":"b319a8d0-1cb2-4bd8-8328-6bb2cc8637b9","taskType":"generate_cv","data":{"id":"b319a8d0-1cb2-4bd8-8328-6bb2cc8637b9","type":"generate_cv","error":"worker shutting down"}}
{"t":"2026-10-01T16:17:23.534Z","level":"warn","msg":"released ai reservations on shutdown","data":{"workerId":"settling","count":1,"amountUsd":1}}
{"t":"2026-10-01T16:17:23.685Z","level":"info","msg":"task start","taskId":"f5f4ba09-4f48-4549-a254-8716e640844d","taskType":"scan_company","data":{"id":"f5f4ba09-4f48-4549-a254-8716e640844d","type":"scan_company","attempt":1,"workerId":"crashing","commit":null,"readyWaitMs":6,"heapUsedMb":114,"heapLimitMb":4144,"rssMb":99}}
{"t":"2026-10-01T16:17:23.687Z","level":"warn","msg":"released ai reservations on shutdown","data":{"workerId":"crashing","count":1,"amountUsd":1}}
{"t":"2026-10-01T16:17:23.692Z","level":"warn","msg":"task completion discarded: lease lost","taskId":"f5f4ba09-4f48-4549-a254-8716e640844d","taskType":"scan_company","data":{"id":"f5f4ba09-4f48-4549-a254-8716e640844d"}}
{"t":"2026-10-01T16:17:24.294Z","level":"info","msg":"task start","taskId":"70d9e4a8-27fe-4454-ac79-ccb398568931","taskType":"scan_company","data":{"id":"70d9e4a8-27fe-4454-ac79-ccb398568931","type":"scan_company","attempt":1,"workerId":"slow","commit":null,"readyWaitMs":9,"heapUsedMb":69,"heapLimitMb":4144,"rssMb":102}}
{"t":"2026-10-01T16:17:24.319Z","level":"warn","msg":"task retry","taskId":"70d9e4a8-27fe-4454-ac79-ccb398568931","taskType":"scan_company","data":{"id":"70d9e4a8-27fe-4454-ac79-ccb398568931","type":"scan_company","error":"scan_company exceeded its 0s deadline after 0s and was abandoned","ms":25,"heapUsedMb":69,"heapDeltaMb":0,"heapLimitMb":4144,"rssMb":102,"rssDeltaMb":0}}
{"t":"2026-10-01T16:17:24.332Z","level":"info","msg":"task start","taskId":"70d9e4a8-27fe-4454-ac79-ccb398568931","taskType":"scan_company","data":{"id":"70d9e4a8-27fe-4454-ac79-ccb398568931","type":"scan_company","attempt":3,"workerId":"retiring","commit":null,"readyWaitMs":6,"heapUsedMb":70,"heapLimitMb":4144,"rssMb":103}}
{"t":"2026-10-01T16:17:24.333Z","level":"warn","msg":"task requeued on shutdown","data":{"id":"70d9e4a8-27fe-4454-ac79-ccb398568931","type":"scan_company"}}
{"t":"2026-10-01T16:17:24.388Z","level":"warn","msg":"abandoned task finished after its deadline","taskId":"70d9e4a8-27fe-4454-ac79-ccb398568931","taskType":"scan_company","data":{"id":"70d9e4a8-27fe-4454-ac79-ccb398568931","type":"scan_company"}}
{"t":"2026-10-01T16:17:24.825Z","level":"info","msg":"slow database query","taskId":"48ae84c7-142d-4c9e-86c0-09378a04e551","taskType":"generate_cv","data":{"durationMs":278,"statement":"truncate tasks, scan_runs, scans, companies, career_sources, jobs, settings, user_settings, ai_reservations restart iden"}}
{"t":"2026-10-01T16:17:25.311Z","level":"info","msg":"slow database query","taskId":"48ae84c7-142d-4c9e-86c0-09378a04e551","taskType":"generate_cv","data":{"durationMs":303,"statement":"truncate tasks, scan_runs, scans, companies, career_sources, jobs, settings, user_settings, ai_reservations restart iden"}}
{"t":"2026-10-01T16:17:25.924Z","level":"warn","msg":"task abandoned","data":{"id":"740ee7a5-0363-4ad6-b526-af416a068711","type":"scan_company","attempts":3,"lockedBy":"pod-3#0","error":"worker lost while running this task (attempt 3 of 3); not retried"}}
{"t":"2026-10-01T16:17:26.064Z","level":"warn","msg":"task abandoned","data":{"id":"70b758ff-4bd5-437d-a80a-53c9df3e8ff5","type":"discover","attempts":2,"lockedBy":null,"error":"out of attempts (2 of 2 spent); not retried"}}
{"t":"2026-10-01T16:17:26.257Z","level":"warn","msg":"task abandoned","data":{"id":"803bfe28-4c11-463e-841a-3cb897232954","type":"discover","attempts":1,"lockedBy":null,"error":"out of attempts (1 of 1 spent); not retried"}}
{"t":"2026-10-01T16:17:26.259Z","level":"warn","msg":"failed queued tasks that had spent every attempt","data":{"spent":1,"workerId":"spent-pod"}}
{"t":"2026-10-01T16:17:26.265Z","level":"info","msg":"scheduled daily run","data":{"ymd":"2026-09-05","scanTime":"06:00","tz":"Europe/London"}}
{"t":"2026-10-01T16:17:26.276Z","level":"warn","msg":"task abandoned","data":{"id":"498587c5-e991-4bb3-811a-ac7e0ce03ea4","type":"discover","attempts":1,"lockedBy":null,"error":"out of attempts (1 of 1 spent); not retried"}}
{"t":"2026-10-01T16:17:26.278Z","level":"warn","msg":"failed queued tasks that had spent every attempt","data":{"spent":1}}
{"t":"2026-10-01T16:17:26.860Z","level":"info","msg":"task start","taskId":"60cb84f5-b674-4df8-b31d-542c9fd7039c","taskType":"discover","data":{"id":"60cb84f5-b674-4df8-b31d-542c9fd7039c","type":"discover","attempt":1,"workerId":"flaky","commit":null,"readyWaitMs":4,"heapUsedMb":72,"heapLimitMb":4144,"rssMb":89}}
{"t":"2026-10-01T16:17:26.860Z","level":"error","msg":"failTask failed; leaving the task for the stale sweep","taskId":"60cb84f5-b674-4df8-b31d-542c9fd7039c","taskType":"discover","data":{"id":"60cb84f5-b674-4df8-b31d-542c9fd7039c","type":"discover","attempt":1,"error":"handler failed","failure":"connection terminated unexpectedly"}}
{"t":"2026-10-01T16:17:26.863Z","level":"warn","msg":"task abandoned","data":{"id":"60cb84f5-b674-4df8-b31d-542c9fd7039c","type":"discover","attempts":1,"lockedBy":"flaky","error":"worker lost while running this task (attempt 1 of 1); not retried"}}
{"t":"2026-10-01T16:17:27.049Z","level":"warn","msg":"task abandoned","data":{"id":"38a29246-75b9-490c-befd-b15fea8689d0","type":"generate_cv","attempts":3,"lockedBy":"pod-a#0","error":"worker lost while running this task (attempt 3 of 3); not retried"}}
{"t":"2026-10-01T16:17:27.062Z","level":"warn","msg":"cv draft failed by the worker that gave up on its task","data":{"draftId":"f3686ac4-8b72-4a14-83e0-c9f73b1c68e2","taskId":"38a29246-75b9-490c-befd-b15fea8689d0","userId":"40060533-8bc0-4323-bb96-17f5fc809c66"}}
{"t":"2026-10-01T16:17:27.062Z","level":"warn","msg":"released the abandoned build's AI holds","data":{"draftId":"f3686ac4-8b72-4a14-83e0-c9f73b1c68e2","userId":"40060533-8bc0-4323-bb96-17f5fc809c66","count":1,"amountUsd":3.06}}
{"t":"2026-10-01T16:17:27.276Z","level":"warn","msg":"task abandoned","data":{"id":"24040e04-2591-44da-880a-6f21bcbbcfa5","type":"generate_cv","attempts":3,"lockedBy":"pod-a#0","error":"worker lost while running this task (attempt 3 of 3); not retried"}}
{"t":"2026-10-01T16:17:27.288Z","level":"warn","msg":"cv draft failed by the worker that gave up on its task","data":{"draftId":"8c57a4a3-0b7f-4011-b142-1d66ae38d108","taskId":"24040e04-2591-44da-880a-6f21bcbbcfa5","userId":"719b00ef-f96d-4dad-9d68-c4973ca03991"}}
{"t":"2026-10-01T16:17:27.288Z","level":"warn","msg":"released the abandoned build's AI holds","data":{"draftId":"8c57a4a3-0b7f-4011-b142-1d66ae38d108","userId":"719b00ef-f96d-4dad-9d68-c4973ca03991","count":1,"amountUsd":3.06}}
{"t":"2026-10-01T16:17:27.641Z","level":"warn","msg":"worker recovered after an unclean exit","data":{"workerId":"pod-x","running":2,"likely":{"id":"a63226cb-b27a-4407-bd7e-2024959b27d8","type":"generate_cv","attempts":3,"lockedBy":"pod-x#0","lockedAt":"2026-10-01T15:17:27.627Z","subject":"generate_cv:62d58b90-273d-478d-993d-cc35d3989473"},"vitals":{"heapUsedMb":74,"heapLimitMb":4144,"heapFraction":0.02,"rssMb":93,"externalMb":7,"uptimeSeconds":12,"eventLoopLagP99Ms":13,"slowQueries":5,"db":{"total":4,"idle":4,"waiting":0,"errors":0}}}}
{"t":"2026-10-01T16:17:27.642Z","level":"warn","msg":"released ai holds left behind by an unclean exit","data":{"workerId":"pod-x","count":1,"amountUsd":3.06}}
{"t":"2026-10-01T16:17:27.646Z","level":"warn","msg":"task abandoned","data":{"id":"a63226cb-b27a-4407-bd7e-2024959b27d8","type":"generate_cv","attempts":3,"lockedBy":"pod-x#0","error":"worker lost while running this task (attempt 3 of 3); not retried"}}
{"t":"2026-10-01T16:17:27.664Z","level":"warn","msg":"cv draft failed by the worker that gave up on its task","data":{"draftId":"62d58b90-273d-478d-993d-cc35d3989473","taskId":"a63226cb-b27a-4407-bd7e-2024959b27d8","userId":"257fb2bf-85fe-429c-b63e-8bd434dc7559"}}
{"t":"2026-10-01T16:17:27.667Z","level":"warn","msg":"recovered tasks from a previous incarnation","data":{"requeued":1,"failed":1,"workerId":"pod-x"}}
{"t":"2026-10-01T16:17:28.157Z","level":"warn","msg":"failed a CV draft no task was building","data":{"draftId":"a00f5846-9429-40f9-a54c-837afc889d37","userId":"9bdd8d65-dc9a-4ccd-a56a-23789659f541","holdsReleased":1}}
{"t":"2026-10-01T16:17:28.163Z","level":"warn","msg":"failed a CV draft no task was building","data":{"draftId":"a23440c8-6315-40cf-abf1-0beed47d4b26","userId":"2398dd88-dc9a-4d87-98ff-5c38d0091b9d","holdsReleased":1}}
{"t":"2026-10-01T16:17:28.314Z","level":"warn","msg":"released CV holds with no build behind them","data":{"count":1,"amountUsd":3.06}}
{"t":"2026-10-01T16:17:28.628Z","level":"info","msg":"task start","taskId":"e9e1c06f-45ce-45d9-8edb-c0463ef62f04","taskType":"generate_cv","data":{"id":"e9e1c06f-45ce-45d9-8edb-c0463ef62f04","type":"generate_cv","attempt":1,"workerId":"stolen","commit":null,"readyWaitMs":6,"heapUsedMb":75,"heapLimitMb":4144,"rssMb":93}}
{"t":"2026-10-01T16:17:28.657Z","level":"warn","msg":"task heartbeat lost the task","taskId":"e9e1c06f-45ce-45d9-8edb-c0463ef62f04","taskType":"generate_cv","data":{"id":"e9e1c06f-45ce-45d9-8edb-c0463ef62f04","type":"generate_cv"}}
{"t":"2026-10-01T16:17:28.658Z","level":"warn","msg":"task completion discarded: lease lost","taskId":"e9e1c06f-45ce-45d9-8edb-c0463ef62f04","taskType":"generate_cv","data":{"id":"e9e1c06f-45ce-45d9-8edb-c0463ef62f04"}}
{"t":"2026-10-01T16:17:28.958Z","level":"info","msg":"task start","taskId":"4d36374c-3316-4527-9da4-938b1c53f490","taskType":"discover","data":{"id":"4d36374c-3316-4527-9da4-938b1c53f490","type":"discover","attempt":1,"workerId":"zombie","commit":null,"readyWaitMs":8,"heapUsedMb":70,"heapLimitMb":4144,"rssMb":108}}
{"t":"2026-10-01T16:17:30.961Z","level":"warn","msg":"task retry","taskId":"4d36374c-3316-4527-9da4-938b1c53f490","taskType":"discover","data":{"id":"4d36374c-3316-4527-9da4-938b1c53f490","type":"discover","error":"discover exceeded its 2s deadline after 2s and was abandoned","ms":2003,"heapUsedMb":73,"heapDeltaMb":3,"heapLimitMb":4144,"rssMb":104,"rssDeltaMb":-4}}
{"t":"2026-10-01T16:17:31.120Z","level":"warn","msg":"abandoned task finished after its deadline","taskId":"4d36374c-3316-4527-9da4-938b1c53f490","taskType":"discover","data":{"id":"4d36374c-3316-4527-9da4-938b1c53f490","type":"discover"}}
{"t":"2026-10-01T16:17:33.386Z","level":"info","msg":"slow database query","data":{"durationMs":2005,"statement":"update \"tasks\" set \"locked_at\" = $1 where (\"tasks\".\"id\" = $2 and \"tasks\".\"status\" = $3 and \"tasks\".\"attempts\" = $4 and \""}}
{"t":"2026-10-01T16:17:33.541Z","level":"info","msg":"task start","taskId":"f9ce451d-6b29-4d89-998c-45c3fc14ef06","taskType":"generate_cv","data":{"id":"f9ce451d-6b29-4d89-998c-45c3fc14ef06","type":"generate_cv","attempt":1,"workerId":"hung","commit":null,"readyWaitMs":6,"heapUsedMb":73,"heapLimitMb":4144,"rssMb":100}}
{"t":"2026-10-01T16:17:33.602Z","level":"warn","msg":"task heartbeat timed out","taskId":"f9ce451d-6b29-4d89-998c-45c3fc14ef06","taskType":"generate_cv","data":{"id":"f9ce451d-6b29-4d89-998c-45c3fc14ef06","type":"generate_cv"}}
{"t":"2026-10-01T16:17:33.632Z","level":"warn","msg":"task heartbeat timed out","taskId":"f9ce451d-6b29-4d89-998c-45c3fc14ef06","taskType":"generate_cv","data":{"id":"f9ce451d-6b29-4d89-998c-45c3fc14ef06","type":"generate_cv"}}
{"t":"2026-10-01T16:17:33.662Z","level":"warn","msg":"task heartbeat timed out","taskId":"f9ce451d-6b29-4d89-998c-45c3fc14ef06","taskType":"generate_cv","data":{"id":"f9ce451d-6b29-4d89-998c-45c3fc14ef06","type":"generate_cv"}}
{"t":"2026-10-01T16:17:33.694Z","level":"warn","msg":"task heartbeat timed out","taskId":"f9ce451d-6b29-4d89-998c-45c3fc14ef06","taskType":"generate_cv","data":{"id":"f9ce451d-6b29-4d89-998c-45c3fc14ef06","type":"generate_cv"}}
{"t":"2026-10-01T16:17:33.725Z","level":"warn","msg":"task heartbeat timed out","taskId":"f9ce451d-6b29-4d89-998c-45c3fc14ef06","taskType":"generate_cv","data":{"id":"f9ce451d-6b29-4d89-998c-45c3fc14ef06","type":"generate_cv"}}
{"t":"2026-10-01T16:17:33.757Z","level":"warn","msg":"task heartbeat timed out","taskId":"f9ce451d-6b29-4d89-998c-45c3fc14ef06","taskType":"generate_cv","data":{"id":"f9ce451d-6b29-4d89-998c-45c3fc14ef06","type":"generate_cv"}}
{"t":"2026-10-01T16:17:33.789Z","level":"warn","msg":"task heartbeat timed out","taskId":"f9ce451d-6b29-4d89-998c-45c3fc14ef06","taskType":"generate_cv","data":{"id":"f9ce451d-6b29-4d89-998c-45c3fc14ef06","type":"generate_cv"}}
{"t":"2026-10-01T16:17:33.793Z","level":"info","msg":"task done","taskId":"f9ce451d-6b29-4d89-998c-45c3fc14ef06","taskType":"generate_cv","data":{"id":"f9ce451d-6b29-4d89-998c-45c3fc14ef06","type":"generate_cv","ms":252,"heapUsedMb":73,"heapDeltaMb":0,"heapLimitMb":4144,"rssMb":100,"rssDeltaMb":0}}
{"t":"2026-10-01T16:17:34.611Z","level":"info","msg":"task start","taskId":"51929e49-ee63-4c7e-91b0-b87a97187878","taskType":"generate_cv","data":{"id":"51929e49-ee63-4c7e-91b0-b87a97187878","type":"generate_cv","attempt":1,"workerId":"cv-tailoring","commit":null,"readyWaitMs":11,"heapUsedMb":82,"heapLimitMb":4144,"rssMb":187}}
{"t":"2026-10-01T16:17:34.744Z","level":"info","msg":"task done","taskId":"51929e49-ee63-4c7e-91b0-b87a97187878","taskType":"generate_cv","data":{"id":"51929e49-ee63-4c7e-91b0-b87a97187878","type":"generate_cv","ms":133,"heapUsedMb":82,"heapDeltaMb":0,"heapLimitMb":4144,"rssMb":192,"rssDeltaMb":5}}
{"t":"2026-10-01T16:17:34.791Z","level":"info","msg":"task start","taskId":"867226d1-ec71-4d7b-9d1c-98793f47a1e0","taskType":"generate_cv","data":{"id":"867226d1-ec71-4d7b-9d1c-98793f47a1e0","type":"generate_cv","attempt":1,"workerId":"cv-tailoring","commit":null,"readyWaitMs":3,"heapUsedMb":83,"heapLimitMb":4144,"rssMb":192}}
{"t":"2026-10-01T16:17:34.978Z","level":"info","msg":"task done","taskId":"867226d1-ec71-4d7b-9d1c-98793f47a1e0","taskType":"generate_cv","data":{"id":"867226d1-ec71-4d7b-9d1c-98793f47a1e0","type":"generate_cv","ms":187,"heapUsedMb":93,"heapDeltaMb":10,"heapLimitMb":4144,"rssMb":194,"rssDeltaMb":2}}
{"t":"2026-10-01T16:17:35.026Z","level":"info","msg":"task start","taskId":"de5d480f-cda6-464a-a200-46e918395f9d","taskType":"generate_cv","data":{"id":"de5d480f-cda6-464a-a200-46e918395f9d","type":"generate_cv","attempt":1,"workerId":"cv-tailoring","commit":null,"readyWaitMs":3,"heapUsedMb":94,"heapLimitMb":4144,"rssMb":195}}
{"t":"2026-10-01T16:17:35.204Z","level":"info","msg":"task done","taskId":"de5d480f-cda6-464a-a200-46e918395f9d","taskType":"generate_cv","data":{"id":"de5d480f-cda6-464a-a200-46e918395f9d","type":"generate_cv","ms":178,"heapUsedMb":90,"heapDeltaMb":-4,"heapLimitMb":4144,"rssMb":197,"rssDeltaMb":2}}
{"t":"2026-10-01T16:17:35.264Z","level":"info","msg":"task start","taskId":"08ac5799-e1ff-4cf6-afe3-77abb95ee4cd","taskType":"generate_cv","data":{"id":"08ac5799-e1ff-4cf6-afe3-77abb95ee4cd","type":"generate_cv","attempt":1,"workerId":"cv-tailoring","commit":null,"readyWaitMs":3,"heapUsedMb":93,"heapLimitMb":4144,"rssMb":197}}
{"t":"2026-10-01T16:17:35.398Z","level":"info","msg":"task done","taskId":"08ac5799-e1ff-4cf6-afe3-77abb95ee4cd","taskType":"generate_cv","data":{"id":"08ac5799-e1ff-4cf6-afe3-77abb95ee4cd","type":"generate_cv","ms":134,"heapUsedMb":96,"heapDeltaMb":3,"heapLimitMb":4144,"rssMb":192,"rssDeltaMb":-5}}
{"t":"2026-10-01T16:17:35.456Z","level":"info","msg":"task start","taskId":"276dc005-76ae-430d-af7e-c992bcea7d20","taskType":"generate_cv","data":{"id":"276dc005-76ae-430d-af7e-c992bcea7d20","type":"generate_cv","attempt":1,"workerId":"cv-tailoring","commit":null,"readyWaitMs":3,"heapUsedMb":97,"heapLimitMb":4144,"rssMb":192}}
{"t":"2026-10-01T16:17:35.625Z","level":"info","msg":"task done","taskId":"276dc005-76ae-430d-af7e-c992bcea7d20","taskType":"generate_cv","data":{"id":"276dc005-76ae-430d-af7e-c992bcea7d20","type":"generate_cv","ms":169,"heapUsedMb":93,"heapDeltaMb":-4,"heapLimitMb":4144,"rssMb":149,"rssDeltaMb":-43}}
{"t":"2026-10-01T16:17:35.671Z","level":"info","msg":"task start","taskId":"9244a8bd-aca2-4940-a009-101450eb7cbb","taskType":"generate_cv","data":{"id":"9244a8bd-aca2-4940-a009-101450eb7cbb","type":"generate_cv","attempt":1,"workerId":"cv-tailoring","commit":null,"readyWaitMs":3,"heapUsedMb":94,"heapLimitMb":4144,"rssMb":149}}
{"t":"2026-10-01T16:17:36.094Z","level":"info","msg":"task done","taskId":"9244a8bd-aca2-4940-a009-101450eb7cbb","taskType":"generate_cv","data":{"id":"9244a8bd-aca2-4940-a009-101450eb7cbb","type":"generate_cv","ms":423,"heapUsedMb":100,"heapDeltaMb":6,"heapLimitMb":4144,"rssMb":145,"rssDeltaMb":-4}}
{"t":"2026-10-01T16:17:36.151Z","level":"info","msg":"task start","taskId":"db22f9bd-6bb0-4b45-996b-7d79ddc7b661","taskType":"generate_cv","data":{"id":"db22f9bd-6bb0-4b45-996b-7d79ddc7b661","type":"generate_cv","attempt":1,"workerId":"cv-tailoring","commit":null,"readyWaitMs":5,"heapUsedMb":101,"heapLimitMb":4144,"rssMb":145}}
{"t":"2026-10-01T16:17:36.302Z","level":"info","msg":"task done","taskId":"db22f9bd-6bb0-4b45-996b-7d79ddc7b661","taskType":"generate_cv","data":{"id":"db22f9bd-6bb0-4b45-996b-7d79ddc7b661","type":"generate_cv","ms":151,"heapUsedMb":103,"heapDeltaMb":2,"heapLimitMb":4144,"rssMb":146,"rssDeltaMb":1}}
{"t":"2026-10-01T16:17:36.355Z","level":"info","msg":"task start","taskId":"67bb9a47-5edb-4cf4-865f-b3beb8016c52","taskType":"generate_cv","data":{"id":"67bb9a47-5edb-4cf4-865f-b3beb8016c52","type":"generate_cv","attempt":1,"workerId":"cv-tailoring","commit":null,"readyWaitMs":3,"heapUsedMb":104,"heapLimitMb":4144,"rssMb":146}}
{"t":"2026-10-01T16:17:36.467Z","level":"info","msg":"task done","taskId":"67bb9a47-5edb-4cf4-865f-b3beb8016c52","taskType":"generate_cv","data":{"id":"67bb9a47-5edb-4cf4-865f-b3beb8016c52","type":"generate_cv","ms":112,"heapUsedMb":106,"heapDeltaMb":2,"heapLimitMb":4144,"rssMb":148,"rssDeltaMb":2}}
{"t":"2026-10-01T16:17:36.518Z","level":"info","msg":"task start","taskId":"5373ed69-ddd0-48a2-a23c-df87285c8901","taskType":"generate_cv","data":{"id":"5373ed69-ddd0-48a2-a23c-df87285c8901","type":"generate_cv","attempt":1,"workerId":"cv-tailoring","commit":null,"readyWaitMs":4,"heapUsedMb":96,"heapLimitMb":4144,"rssMb":149}}
{"t":"2026-10-01T16:17:36.639Z","level":"info","msg":"task done","taskId":"5373ed69-ddd0-48a2-a23c-df87285c8901","taskType":"generate_cv","data":{"id":"5373ed69-ddd0-48a2-a23c-df87285c8901","type":"generate_cv","ms":121,"heapUsedMb":99,"heapDeltaMb":3,"heapLimitMb":4144,"rssMb":151,"rssDeltaMb":2}}
{"t":"2026-10-01T16:17:36.694Z","level":"info","msg":"task start","taskId":"24cb051d-a3cf-4778-a061-752030500bcf","taskType":"generate_cv","data":{"id":"24cb051d-a3cf-4778-a061-752030500bcf","type":"generate_cv","attempt":1,"workerId":"cv-tailoring","commit":null,"readyWaitMs":4,"heapUsedMb":100,"heapLimitMb":4144,"rssMb":151}}
{"t":"2026-10-01T16:17:36.785Z","level":"info","msg":"task done","taskId":"24cb051d-a3cf-4778-a061-752030500bcf","taskType":"generate_cv","data":{"id":"24cb051d-a3cf-4778-a061-752030500bcf","type":"generate_cv","ms":92,"heapUsedMb":107,"heapDeltaMb":7,"heapLimitMb":4144,"rssMb":150,"rssDeltaMb":-1}}
{"t":"2026-10-01T16:17:36.859Z","level":"info","msg":"task start","taskId":"e039587a-fd1a-4533-b0ba-ab0336dd4da2","taskType":"generate_cv","data":{"id":"e039587a-fd1a-4533-b0ba-ab0336dd4da2","type":"generate_cv","attempt":1,"workerId":"cv-tailoring","commit":null,"readyWaitMs":7,"heapUsedMb":107,"heapLimitMb":4144,"rssMb":150}}
{"t":"2026-10-01T16:17:36.972Z","level":"info","msg":"task done","taskId":"e039587a-fd1a-4533-b0ba-ab0336dd4da2","taskType":"generate_cv","data":{"id":"e039587a-fd1a-4533-b0ba-ab0336dd4da2","type":"generate_cv","ms":113,"heapUsedMb":109,"heapDeltaMb":2,"heapLimitMb":4144,"rssMb":152,"rssDeltaMb":2}}
{"t":"2026-10-01T16:17:38.882Z","level":"warn","msg":"CV build will be retried","data":{"draftId":"7cabefef-ca61-4316-89ee-cdd7ad4be7d6","kind":"stalled","attempt":1,"maxAttempts":3}}
{"t":"2026-10-01T16:17:40.286Z","level":"info","msg":"task start","taskId":"d63f8fb6-21d5-4bb8-93b5-8fc17cbb7b3f","taskType":"generate_cv","data":{"id":"d63f8fb6-21d5-4bb8-93b5-8fc17cbb7b3f","type":"generate_cv","attempt":1,"workerId":"cv-tailoring","commit":null,"readyWaitMs":14,"heapUsedMb":108,"heapLimitMb":4144,"rssMb":76}}
{"t":"2026-10-01T16:17:40.635Z","level":"info","msg":"task done","taskId":"d63f8fb6-21d5-4bb8-93b5-8fc17cbb7b3f","taskType":"generate_cv","data":{"id":"d63f8fb6-21d5-4bb8-93b5-8fc17cbb7b3f","type":"generate_cv","ms":349,"heapUsedMb":112,"heapDeltaMb":4,"heapLimitMb":4144,"rssMb":110,"rssDeltaMb":34}}
{"t":"2026-10-01T16:17:40.705Z","level":"info","msg":"task start","taskId":"a844e4d6-b36c-4bce-8cc2-3a3fc3133a89","taskType":"generate_cv","data":{"id":"a844e4d6-b36c-4bce-8cc2-3a3fc3133a89","type":"generate_cv","attempt":1,"workerId":"cv-tailoring","commit":null,"readyWaitMs":4,"heapUsedMb":113,"heapLimitMb":4144,"rssMb":110}}
{"t":"2026-10-01T16:17:40.867Z","level":"warn","msg":"CV build will be retried","taskId":"a844e4d6-b36c-4bce-8cc2-3a3fc3133a89","taskType":"generate_cv","data":{"draftId":"44ab27ff-9bb4-461a-a1e5-c986c3d1a8b0","kind":"rate_limited","attempt":1,"maxAttempts":3}}
{"t":"2026-10-01T16:17:40.876Z","level":"warn","msg":"task retry","taskId":"a844e4d6-b36c-4bce-8cc2-3a3fc3133a89","taskType":"generate_cv","data":{"id":"a844e4d6-b36c-4bce-8cc2-3a3fc3133a89","type":"generate_cv","error":"The model provider asked us to slow down while writing the CV.","ms":171,"heapUsedMb":108,"heapDeltaMb":-5,"heapLimitMb":4144,"rssMb":117,"rssDeltaMb":7}}
{"t":"2026-10-01T16:17:40.887Z","level":"info","msg":"task start","taskId":"a844e4d6-b36c-4bce-8cc2-3a3fc3133a89","taskType":"generate_cv","data":{"id":"a844e4d6-b36c-4bce-8cc2-3a3fc3133a89","type":"generate_cv","attempt":2,"workerId":"cv-tailoring","commit":null,"readyWaitMs":5,"heapUsedMb":108,"heapLimitMb":4144,"rssMb":117}}
{"t":"2026-10-01T16:17:42.100Z","level":"info","msg":"task done","taskId":"a844e4d6-b36c-4bce-8cc2-3a3fc3133a89","taskType":"generate_cv","data":{"id":"a844e4d6-b36c-4bce-8cc2-3a3fc3133a89","type":"generate_cv","ms":1213,"heapUsedMb":113,"heapDeltaMb":5,"heapLimitMb":4144,"rssMb":118,"rssDeltaMb":1}}
{"t":"2026-10-01T16:17:42.175Z","level":"info","msg":"task start","taskId":"cb51fbcf-c9c7-4550-83bd-a4705a400425","taskType":"generate_cv","data":{"id":"cb51fbcf-c9c7-4550-83bd-a4705a400425","type":"generate_cv","attempt":1,"workerId":"cv-tailoring","commit":null,"readyWaitMs":5,"heapUsedMb":114,"heapLimitMb":4144,"rssMb":118}}
{"t":"2026-10-01T16:17:42.317Z","level":"warn","msg":"CV build will be retried","taskId":"cb51fbcf-c9c7-4550-83bd-a4705a400425","taskType":"generate_cv","data":{"draftId":"ca547b12-d212-4c17-81e4-70dc5b0b8f6e","kind":"rate_limited","attempt":1,"maxAttempts":3}}
{"t":"2026-10-01T16:17:42.324Z","level":"warn","msg":"task retry","taskId":"cb51fbcf-c9c7-4550-83bd-a4705a400425","taskType":"generate_cv","data":{"id":"cb51fbcf-c9c7-4550-83bd-a4705a400425","type":"generate_cv","error":"The model provider asked us to slow down while writing the CV.","ms":149,"heapUsedMb":109,"heapDeltaMb":-5,"heapLimitMb":4144,"rssMb":119,"rssDeltaMb":1}}
{"t":"2026-10-01T16:17:42.328Z","level":"info","msg":"task start","taskId":"cb51fbcf-c9c7-4550-83bd-a4705a400425","taskType":"generate_cv","data":{"id":"cb51fbcf-c9c7-4550-83bd-a4705a400425","type":"generate_cv","attempt":2,"workerId":"cv-tailoring","commit":null,"readyWaitMs":2,"heapUsedMb":109,"heapLimitMb":4144,"rssMb":119}}
{"t":"2026-10-01T16:17:43.770Z","level":"info","msg":"task done","taskId":"cb51fbcf-c9c7-4550-83bd-a4705a400425","taskType":"generate_cv","data":{"id":"cb51fbcf-c9c7-4550-83bd-a4705a400425","type":"generate_cv","ms":1442,"heapUsedMb":116,"heapDeltaMb":7,"heapLimitMb":4144,"rssMb":119,"rssDeltaMb":0}}
{"t":"2026-10-01T16:17:43.817Z","level":"info","msg":"task start","taskId":"d63d2c08-0a18-4f68-a24a-4570753357ca","taskType":"generate_cv","data":{"id":"d63d2c08-0a18-4f68-a24a-4570753357ca","type":"generate_cv","attempt":1,"workerId":"cv-tailoring","commit":null,"readyWaitMs":4,"heapUsedMb":117,"heapLimitMb":4144,"rssMb":120}}
{"t":"2026-10-01T16:17:43.995Z","level":"info","msg":"task done","taskId":"d63d2c08-0a18-4f68-a24a-4570753357ca","taskType":"generate_cv","data":{"id":"d63d2c08-0a18-4f68-a24a-4570753357ca","type":"generate_cv","ms":179,"heapUsedMb":110,"heapDeltaMb":-7,"heapLimitMb":4144,"rssMb":121,"rssDeltaMb":1}}
{"t":"2026-10-01T16:17:44.038Z","level":"info","msg":"task start","taskId":"1d3d860f-e025-441b-b591-baed97fd13df","taskType":"generate_cv","data":{"id":"1d3d860f-e025-441b-b591-baed97fd13df","type":"generate_cv","attempt":1,"workerId":"cv-tailoring","commit":null,"readyWaitMs":3,"heapUsedMb":111,"heapLimitMb":4144,"rssMb":122}}
{"t":"2026-10-01T16:17:44.174Z","level":"info","msg":"task done","taskId":"1d3d860f-e025-441b-b591-baed97fd13df","taskType":"generate_cv","data":{"id":"1d3d860f-e025-441b-b591-baed97fd13df","type":"generate_cv","ms":136,"heapUsedMb":113,"heapDeltaMb":2,"heapLimitMb":4144,"rssMb":125,"rssDeltaMb":3}}
{"t":"2026-10-01T16:17:44.213Z","level":"info","msg":"task start","taskId":"2af2497a-24de-41ed-a0f8-99752304744b","taskType":"generate_cv","data":{"id":"2af2497a-24de-41ed-a0f8-99752304744b","type":"generate_cv","attempt":1,"workerId":"cv-tailoring","commit":null,"readyWaitMs":3,"heapUsedMb":114,"heapLimitMb":4144,"rssMb":125}}
{"t":"2026-10-01T16:17:44.342Z","level":"info","msg":"task done","taskId":"2af2497a-24de-41ed-a0f8-99752304744b","taskType":"generate_cv","data":{"id":"2af2497a-24de-41ed-a0f8-99752304744b","type":"generate_cv","ms":129,"heapUsedMb":115,"heapDeltaMb":1,"heapLimitMb":4144,"rssMb":126,"rssDeltaMb":1}}
{"t":"2026-10-01T16:17:44.347Z","level":"info","msg":"task start","taskId":"912121ce-ac0d-4643-8341-3e42c26eef5e","taskType":"generate_cv","data":{"id":"912121ce-ac0d-4643-8341-3e42c26eef5e","type":"generate_cv","attempt":1,"workerId":"cv-tailoring","commit":null,"readyWaitMs":3,"heapUsedMb":115,"heapLimitMb":4144,"rssMb":126}}
{"t":"2026-10-01T16:17:44.402Z","level":"info","msg":"task done","taskId":"912121ce-ac0d-4643-8341-3e42c26eef5e","taskType":"generate_cv","data":{"id":"912121ce-ac0d-4643-8341-3e42c26eef5e","type":"generate_cv","ms":55,"heapUsedMb":122,"heapDeltaMb":7,"heapLimitMb":4144,"rssMb":126,"rssDeltaMb":0}}
{"t":"2026-10-01T16:17:44.406Z","level":"info","msg":"task start","taskId":"ce47ecd1-77e5-4087-b139-8e3e45a17c4e","taskType":"generate_cv","data":{"id":"ce47ecd1-77e5-4087-b139-8e3e45a17c4e","type":"generate_cv","attempt":1,"workerId":"cv-tailoring","commit":null,"readyWaitMs":2,"heapUsedMb":123,"heapLimitMb":4144,"rssMb":126}}
{"t":"2026-10-01T16:17:44.463Z","level":"info","msg":"task done","taskId":"ce47ecd1-77e5-4087-b139-8e3e45a17c4e","taskType":"generate_cv","data":{"id":"ce47ecd1-77e5-4087-b139-8e3e45a17c4e","type":"generate_cv","ms":57,"heapUsedMb":117,"heapDeltaMb":-6,"heapLimitMb":4144,"rssMb":128,"rssDeltaMb":2}}
{"t":"2026-10-01T16:17:44.500Z","level":"info","msg":"task start","taskId":"0789c43a-8f6c-41cf-a4b8-538170150e07","taskType":"generate_cv","data":{"id":"0789c43a-8f6c-41cf-a4b8-538170150e07","type":"generate_cv","attempt":1,"workerId":"cv-tailoring","commit":null,"readyWaitMs":3,"heapUsedMb":118,"heapLimitMb":4144,"rssMb":128}}
{"t":"2026-10-01T16:17:44.651Z","level":"info","msg":"task done","taskId":"0789c43a-8f6c-41cf-a4b8-538170150e07","taskType":"generate_cv","data":{"id":"0789c43a-8f6c-41cf-a4b8-538170150e07","type":"generate_cv","ms":151,"heapUsedMb":116,"heapDeltaMb":-2,"heapLimitMb":4144,"rssMb":129,"rssDeltaMb":1}}
{"t":"2026-10-01T16:17:45.459Z","level":"info","msg":"discovery finished","data":{"company":"Acme","outcome":"not_found","fetches":15}}
{"t":"2026-10-01T16:17:45.699Z","level":"info","msg":"discovery finished","data":{"company":"Acme","outcome":"not_found","fetches":15}}
{"t":"2026-10-01T16:17:45.880Z","level":"info","msg":"discovery finished","data":{"company":"Acme","outcome":"needs_confirmation","fetches":1,"best":"ats_link"}}
{"t":"2026-10-01T16:17:46.373Z","level":"info","msg":"discovery finished","data":{"company":"Acme","outcome":"not_found","fetches":0}}
{"t":"2026-10-01T16:17:46.565Z","level":"info","msg":"discovery finished","data":{"company":"Acme","outcome":"not_found","fetches":15}}
{"t":"2026-10-01T16:17:46.569Z","level":"warn","msg":"discovery runs failed by an abandoned task","data":{"taskId":"00000000-0000-4000-8000-000000000001","companyId":"7eb5c2bc-4b2b-40c8-a47d-e3ff81c6e90e","failed":1}}
{"t":"2026-10-01T16:17:47.856Z","level":"info","msg":"task start","taskId":"03db0ceb-c142-4a1d-bea8-a0b317a1b196","taskType":"generate_cv","data":{"id":"03db0ceb-c142-4a1d-bea8-a0b317a1b196","type":"generate_cv","attempt":1,"workerId":"cv-pod","commit":null,"readyWaitMs":10,"heapUsedMb":93,"heapLimitMb":4144,"rssMb":193}}
{"t":"2026-10-01T16:17:48.014Z","level":"info","msg":"task done","taskId":"03db0ceb-c142-4a1d-bea8-a0b317a1b196","taskType":"generate_cv","data":{"id":"03db0ceb-c142-4a1d-bea8-a0b317a1b196","type":"generate_cv","ms":158,"heapUsedMb":93,"heapDeltaMb":0,"heapLimitMb":4144,"rssMb":202,"rssDeltaMb":9}}
{"t":"2026-10-01T16:17:48.064Z","level":"info","msg":"task start","taskId":"18e5ba7b-7e97-4c63-9cc0-4a932163afde","taskType":"generate_cv","data":{"id":"18e5ba7b-7e97-4c63-9cc0-4a932163afde","type":"generate_cv","attempt":1,"workerId":"cv-pod","commit":null,"readyWaitMs":5,"heapUsedMb":94,"heapLimitMb":4144,"rssMb":202}}
{"t":"2026-10-01T16:17:48.119Z","level":"warn","msg":"CV build will be retried","taskId":"18e5ba7b-7e97-4c63-9cc0-4a932163afde","taskType":"generate_cv","data":{"draftId":"28664da4-72ba-4311-9663-d91d1af2de8c","kind":"rate_limited","attempt":1,"maxAttempts":3}}
{"t":"2026-10-01T16:17:48.122Z","level":"warn","msg":"task retry","taskId":"18e5ba7b-7e97-4c63-9cc0-4a932163afde","taskType":"generate_cv","data":{"id":"18e5ba7b-7e97-4c63-9cc0-4a932163afde","type":"generate_cv","error":"The model provider asked us to slow down while writing the CV.","ms":58,"heapUsedMb":100,"heapDeltaMb":6,"heapLimitMb":4144,"rssMb":202,"rssDeltaMb":0}}
{"t":"2026-10-01T16:17:48.127Z","level":"info","msg":"task start","taskId":"18e5ba7b-7e97-4c63-9cc0-4a932163afde","taskType":"generate_cv","data":{"id":"18e5ba7b-7e97-4c63-9cc0-4a932163afde","type":"generate_cv","attempt":2,"workerId":"cv-pod","commit":null,"readyWaitMs":3,"heapUsedMb":101,"heapLimitMb":4144,"rssMb":202}}
{"t":"2026-10-01T16:17:49.493Z","level":"info","msg":"task done","taskId":"18e5ba7b-7e97-4c63-9cc0-4a932163afde","taskType":"generate_cv","data":{"id":"18e5ba7b-7e97-4c63-9cc0-4a932163afde","type":"generate_cv","ms":1366,"heapUsedMb":100,"heapDeltaMb":-1,"heapLimitMb":4144,"rssMb":135,"rssDeltaMb":-67}}
{"t":"2026-10-01T16:17:49.569Z","level":"info","msg":"task start","taskId":"b7cfc1a7-5a3e-45de-a5d3-daed4157a684","taskType":"generate_cv","data":{"id":"b7cfc1a7-5a3e-45de-a5d3-daed4157a684","type":"generate_cv","attempt":1,"workerId":"cv-pod","commit":null,"readyWaitMs":5,"heapUsedMb":101,"heapLimitMb":4144,"rssMb":135}}
{"t":"2026-10-01T16:17:49.760Z","level":"warn","msg":"CV build will be retried","taskId":"b7cfc1a7-5a3e-45de-a5d3-daed4157a684","taskType":"generate_cv","data":{"draftId":"ffb3ce83-8ab0-4150-80d8-d24247efc1ff","kind":"refused","attempt":1,"maxAttempts":3}}
{"t":"2026-10-01T16:17:49.775Z","level":"warn","msg":"task retry","taskId":"b7cfc1a7-5a3e-45de-a5d3-daed4157a684","taskType":"generate_cv","data":{"id":"b7cfc1a7-5a3e-45de-a5d3-daed4157a684","type":"generate_cv","error":"The model declined to answer while writing the CV (attempt 1 of 3).","ms":205,"heapUsedMb":95,"heapDeltaMb":-6,"heapLimitMb":4144,"rssMb":139,"rssDeltaMb":4}}
{"t":"2026-10-01T16:17:49.787Z","level":"info","msg":"task start","taskId":"b7cfc1a7-5a3e-45de-a5d3-daed4157a684","taskType":"generate_cv","data":{"id":"b7cfc1a7-5a3e-45de-a5d3-daed4157a684","type":"generate_cv","attempt":2,"workerId":"cv-pod","commit":null,"readyWaitMs":7,"heapUsedMb":95,"heapLimitMb":4144,"rssMb":139}}
{"t":"2026-10-01T16:17:49.930Z","level":"warn","msg":"CV generation failed","taskId":"b7cfc1a7-5a3e-45de-a5d3-daed4157a684","taskType":"generate_cv","data":{"draftId":"ffb3ce83-8ab0-4150-80d8-d24247efc1ff","kind":"refused","resolvedBy":"user","attempt":2}}
{"t":"2026-10-01T16:17:49.943Z","level":"info","msg":"task done","taskId":"b7cfc1a7-5a3e-45de-a5d3-daed4157a684","taskType":"generate_cv","data":{"id":"b7cfc1a7-5a3e-45de-a5d3-daed4157a684","type":"generate_cv","ms":157,"heapUsedMb":99,"heapDeltaMb":4,"heapLimitMb":4144,"rssMb":139,"rssDeltaMb":0}}
{"t":"2026-10-01T16:17:50.041Z","level":"info","msg":"task start","taskId":"a5eeb92d-414b-4d6f-8aa6-7d3e72c6c57a","taskType":"generate_cv","data":{"id":"a5eeb92d-414b-4d6f-8aa6-7d3e72c6c57a","type":"generate_cv","attempt":1,"workerId":"cv-pod","commit":null,"readyWaitMs":6,"heapUsedMb":100,"heapLimitMb":4144,"rssMb":139}}
{"t":"2026-10-01T16:17:50.177Z","level":"warn","msg":"CV build will be retried","taskId":"a5eeb92d-414b-4d6f-8aa6-7d3e72c6c57a","taskType":"generate_cv","data":{"draftId":"03cd3c14-39c8-4e76-b1b1-8e790116b6b8","kind":"output_limit","attempt":1,"maxAttempts":3}}
{"t":"2026-10-01T16:17:50.191Z","level":"warn","msg":"task retry","taskId":"a5eeb92d-414b-4d6f-8aa6-7d3e72c6c57a","taskType":"generate_cv","data":{"id":"a5eeb92d-414b-4d6f-8aa6-7d3e72c6c57a","type":"generate_cv","error":"The model ran out of room for its answer while writing the CV (attempt 1 of 3).","ms":150,"heapUsedMb":94,"heapDeltaMb":-6,"heapLimitMb":4144,"rssMb":141,"rssDeltaMb":2}}
{"t":"2026-10-01T16:17:50.197Z","level":"info","msg":"task start","taskId":"a5eeb92d-414b-4d6f-8aa6-7d3e72c6c57a","taskType":"generate_cv","data":{"id":"a5eeb92d-414b-4d6f-8aa6-7d3e72c6c57a","type":"generate_cv","attempt":2,"workerId":"cv-pod","commit":null,"readyWaitMs":5,"heapUsedMb":95,"heapLimitMb":4144,"rssMb":141}}
{"t":"2026-10-01T16:17:50.329Z","level":"warn","msg":"CV generation failed","taskId":"a5eeb92d-414b-4d6f-8aa6-7d3e72c6c57a","taskType":"generate_cv","data":{"draftId":"03cd3c14-39c8-4e76-b1b1-8e790116b6b8","kind":"output_limit","resolvedBy":"user","attempt":2}}
{"t":"2026-10-01T16:17:50.339Z","level":"info","msg":"task done","taskId":"a5eeb92d-414b-4d6f-8aa6-7d3e72c6c57a","taskType":"generate_cv","data":{"id":"a5eeb92d-414b-4d6f-8aa6-7d3e72c6c57a","type":"generate_cv","ms":142,"heapUsedMb":99,"heapDeltaMb":4,"heapLimitMb":4144,"rssMb":141,"rssDeltaMb":0}}
{"t":"2026-10-01T16:17:50.421Z","level":"info","msg":"task start","taskId":"90ec5922-50af-48ab-9869-cc637de90dd5","taskType":"generate_cv","data":{"id":"90ec5922-50af-48ab-9869-cc637de90dd5","type":"generate_cv","attempt":1,"workerId":"cv-pod","commit":null,"readyWaitMs":4,"heapUsedMb":100,"heapLimitMb":4144,"rssMb":141}}
{"t":"2026-10-01T16:17:50.782Z","level":"info","msg":"task done","taskId":"90ec5922-50af-48ab-9869-cc637de90dd5","taskType":"generate_cv","data":{"id":"90ec5922-50af-48ab-9869-cc637de90dd5","type":"generate_cv","ms":360,"heapUsedMb":101,"heapDeltaMb":1,"heapLimitMb":4144,"rssMb":142,"rssDeltaMb":1}}
{"t":"2026-10-01T16:17:50.838Z","level":"info","msg":"task start","taskId":"3e8f48a9-90bb-4102-aef3-2cf89089ecab","taskType":"generate_cv","data":{"id":"3e8f48a9-90bb-4102-aef3-2cf89089ecab","type":"generate_cv","attempt":1,"workerId":"cv-pod","commit":null,"readyWaitMs":3,"heapUsedMb":102,"heapLimitMb":4144,"rssMb":142}}
{"t":"2026-10-01T16:17:50.875Z","level":"warn","msg":"CV generation failed","taskId":"3e8f48a9-90bb-4102-aef3-2cf89089ecab","taskType":"generate_cv","data":{"draftId":"e978767a-6cb9-4bac-a5a6-cb2d7e74f3e7","kind":"budget_exhausted","resolvedBy":"user","attempt":1}}
{"t":"2026-10-01T16:17:50.881Z","level":"info","msg":"task done","taskId":"3e8f48a9-90bb-4102-aef3-2cf89089ecab","taskType":"generate_cv","data":{"id":"3e8f48a9-90bb-4102-aef3-2cf89089ecab","type":"generate_cv","ms":43,"heapUsedMb":104,"heapDeltaMb":2,"heapLimitMb":4144,"rssMb":142,"rssDeltaMb":0}}
{"t":"2026-10-01T16:17:50.948Z","level":"info","msg":"task start","taskId":"68fe5751-5dce-4c4a-b2b2-0f8856e9f8c2","taskType":"generate_cv","data":{"id":"68fe5751-5dce-4c4a-b2b2-0f8856e9f8c2","type":"generate_cv","attempt":1,"workerId":"cv-pod","commit":null,"readyWaitMs":5,"heapUsedMb":105,"heapLimitMb":4144,"rssMb":142}}
{"t":"2026-10-01T16:17:51.347Z","level":"warn","msg":"CV generation failed","taskId":"68fe5751-5dce-4c4a-b2b2-0f8856e9f8c2","taskType":"generate_cv","data":{"draftId":"5cb2d5c6-dd86-4c0b-a9c1-bc5c3017da3c","kind":"page_limit_unfittable","resolvedBy":"user","attempt":1}}
{"t":"2026-10-01T16:17:51.359Z","level":"info","msg":"task done","taskId":"68fe5751-5dce-4c4a-b2b2-0f8856e9f8c2","taskType":"generate_cv","data":{"id":"68fe5751-5dce-4c4a-b2b2-0f8856e9f8c2","type":"generate_cv","ms":411,"heapUsedMb":105,"heapDeltaMb":0,"heapLimitMb":4144,"rssMb":148,"rssDeltaMb":6}}
{"t":"2026-10-01T16:17:51.433Z","level":"info","msg":"task start","taskId":"deb07960-5433-4fd6-b13b-110551733740","taskType":"generate_cv","data":{"id":"deb07960-5433-4fd6-b13b-110551733740","type":"generate_cv","attempt":1,"workerId":"cv-pod","commit":null,"readyWaitMs":5,"heapUsedMb":106,"heapLimitMb":4144,"rssMb":148}}
{"t":"2026-10-01T16:17:51.631Z","level":"warn","msg":"CV build will be retried","taskId":"deb07960-5433-4fd6-b13b-110551733740","taskType":"generate_cv","data":{"draftId":"b00de704-a90e-4ff5-907e-022fb8789175","kind":"overloaded","attempt":1,"maxAttempts":3}}
{"t":"2026-10-01T16:17:51.637Z","level":"warn","msg":"task retry","taskId":"deb07960-5433-4fd6-b13b-110551733740","taskType":"generate_cv","data":{"id":"deb07960-5433-4fd6-b13b-110551733740","type":"generate_cv","error":"The model provider was overloaded while checking the CV against your evidence (HTTP 529).","ms":204,"heapUsedMb":103,"heapDeltaMb":-3,"heapLimitMb":4144,"rssMb":148,"rssDeltaMb":0}}
{"t":"2026-10-01T16:17:51.646Z","level":"info","msg":"task start","taskId":"deb07960-5433-4fd6-b13b-110551733740","taskType":"generate_cv","data":{"id":"deb07960-5433-4fd6-b13b-110551733740","type":"generate_cv","attempt":2,"workerId":"cv-pod","commit":null,"readyWaitMs":4,"heapUsedMb":103,"heapLimitMb":4144,"rssMb":148}}
{"t":"2026-10-01T16:17:52.755Z","level":"info","msg":"task done","taskId":"deb07960-5433-4fd6-b13b-110551733740","taskType":"generate_cv","data":{"id":"deb07960-5433-4fd6-b13b-110551733740","type":"generate_cv","ms":1109,"heapUsedMb":110,"heapDeltaMb":7,"heapLimitMb":4144,"rssMb":148,"rssDeltaMb":0}}
{"t":"2026-10-01T16:17:52.819Z","level":"info","msg":"task start","taskId":"39d74b98-6398-41d9-8af1-b0e6d06a9db5","taskType":"generate_cv","data":{"id":"39d74b98-6398-41d9-8af1-b0e6d06a9db5","type":"generate_cv","attempt":2,"workerId":"cv-pod","commit":null,"readyWaitMs":5,"heapUsedMb":111,"heapLimitMb":4144,"rssMb":148}}
{"t":"2026-10-01T16:17:52.886Z","level":"info","msg":"task done","taskId":"39d74b98-6398-41d9-8af1-b0e6d06a9db5","taskType":"generate_cv","data":{"id":"39d74b98-6398-41d9-8af1-b0e6d06a9db5","type":"generate_cv","ms":67,"heapUsedMb":104,"heapDeltaMb":-7,"heapLimitMb":4144,"rssMb":148,"rssDeltaMb":0}}
{"t":"2026-10-01T16:17:52.972Z","level":"warn","msg":"task abandoned","data":{"id":"2a947916-f2b9-4214-b97c-cfda774af56f","type":"generate_cv","attempts":3,"lockedBy":"dead-pod#0","error":"worker lost while running this task (attempt 3 of 3); not retried"}}
{"t":"2026-10-01T16:17:52.979Z","level":"warn","msg":"cv draft failed by the worker that gave up on its task","data":{"draftId":"3e79fed5-50d1-47de-a9b2-d34ec45b2709","taskId":"2a947916-f2b9-4214-b97c-cfda774af56f","userId":"58dead8f-5852-431b-801d-6f634da55a79"}}
{"t":"2026-10-01T16:17:52.979Z","level":"warn","msg":"released the abandoned build's AI holds","data":{"draftId":"3e79fed5-50d1-47de-a9b2-d34ec45b2709","userId":"58dead8f-5852-431b-801d-6f634da55a79","count":1,"amountUsd":3.06}}
{"t":"2026-10-01T16:17:53.092Z","level":"warn","msg":"task abandoned","data":{"id":"ca41f5fc-ffe0-4063-aa69-ac8436a6e6d7","type":"generate_cv","attempts":3,"lockedBy":"dead-pod#0","error":"worker lost while running this task (attempt 3 of 3); not retried"}}
{"t":"2026-10-01T16:17:53.098Z","level":"warn","msg":"cv draft failed by the worker that gave up on its task","data":{"draftId":"2934c6a5-fe46-44d8-91a8-42d736bd4eee","taskId":"ca41f5fc-ffe0-4063-aa69-ac8436a6e6d7","userId":"58dead8f-5852-431b-801d-6f634da55a79"}}
{"t":"2026-10-01T16:17:53.099Z","level":"warn","msg":"released the abandoned build's AI holds","data":{"draftId":"2934c6a5-fe46-44d8-91a8-42d736bd4eee","userId":"58dead8f-5852-431b-801d-6f634da55a79","count":1,"amountUsd":3}}
{"t":"2026-10-01T16:17:53.170Z","level":"info","msg":"task start","taskId":"7e62e264-d5eb-4e3a-9079-c41916b48586","taskType":"generate_cv","data":{"id":"7e62e264-d5eb-4e3a-9079-c41916b48586","type":"generate_cv","attempt":1,"workerId":"cv-pod","commit":null,"readyWaitMs":4,"heapUsedMb":108,"heapLimitMb":4144,"rssMb":148}}
{"t":"2026-10-01T16:17:53.295Z","level":"info","msg":"task done","taskId":"7e62e264-d5eb-4e3a-9079-c41916b48586","taskType":"generate_cv","data":{"id":"7e62e264-d5eb-4e3a-9079-c41916b48586","type":"generate_cv","ms":125,"heapUsedMb":108,"heapDeltaMb":0,"heapLimitMb":4144,"rssMb":149,"rssDeltaMb":1}}
{"t":"2026-10-01T16:17:53.546Z","level":"warn","msg":"CV build journal stopped","data":{"draftId":"62fe214b-cd54-42bd-948b-1b5b3d7f3ce8","attempt":1,"loss":"hold"}}
{"t":"2026-10-01T16:17:53.549Z","level":"warn","msg":"CV build journal stopped","data":{"draftId":"62fe214b-cd54-42bd-948b-1b5b3d7f3ce8","attempt":1,"loss":"fenced"}}
{"t":"2026-10-01T16:17:53.558Z","level":"warn","msg":"CV build step could not be opened","data":{"draftId":"62fe214b-cd54-42bd-948b-1b5b3d7f3ce8","motion":"measure","error":"Failed query: insert into \"cv_build_steps\" (\"id\", \"draft_id\", \"user_id\", \"task_id\", \"attempt\", \"seq\", \"stage\", \"motion\", \"title\", \"status\", \"started_at\", \"finished_at\", \"ms\", \"detail\", \"error\", \"failure\") values (default, $1, $2, $3, $4, coalesce((select max(seq) from cv_build_steps where draft_id = $5), 0) + 1, $6, $7, $8, $9, default, default, default, $10, default, default) returning \"id\"\nparams: 62fe214b-cd54-42bd-948b-1b5b3d7f3ce8,58dead8f-5852-431b-801d-6f634da55a79,,1,62fe214b-cd54-42bd-948b-1b5b3d7f3ce8,fitting,measure,Measuring the PDF against your page limit,running,{\"pages\":3,\"maxPages\":3}"}}
{"t":"2026-10-01T16:17:53.559Z","level":"warn","msg":"CV build journal stopped","data":{"draftId":"62fe214b-cd54-42bd-948b-1b5b3d7f3ce8","attempt":1,"loss":"deleted"}}
{"t":"2026-10-01T16:17:53.658Z","level":"info","msg":"task start","taskId":"48151fa0-41dc-4461-b996-6225ef0b9a72","taskType":"generate_cv","data":{"id":"48151fa0-41dc-4461-b996-6225ef0b9a72","type":"generate_cv","attempt":1,"workerId":"cv-pod","commit":null,"readyWaitMs":3,"heapUsedMb":105,"heapLimitMb":4144,"rssMb":151}}
{"t":"2026-10-01T16:17:54.165Z","level":"warn","msg":"task retry","taskId":"48151fa0-41dc-4461-b996-6225ef0b9a72","taskType":"generate_cv","data":{"id":"48151fa0-41dc-4461-b996-6225ef0b9a72","type":"generate_cv","error":"generate_cv exceeded its 1s deadline after 1s and was abandoned","ms":507,"heapUsedMb":109,"heapDeltaMb":4,"heapLimitMb":4144,"rssMb":151,"rssDeltaMb":0}}
{"t":"2026-10-01T16:17:54.167Z","level":"warn","msg":"CV build journal stopped","taskId":"48151fa0-41dc-4461-b996-6225ef0b9a72","taskType":"generate_cv","data":{"draftId":"5d1bcf37-cce6-4cfc-b32f-86d6657ea587","attempt":1,"loss":"fenced"}}
{"t":"2026-10-01T16:17:54.167Z","level":"warn","msg":"CV build will be retried","taskId":"48151fa0-41dc-4461-b996-6225ef0b9a72","taskType":"generate_cv","data":{"draftId":"5d1bcf37-cce6-4cfc-b32f-86d6657ea587","kind":"worker_interrupted","attempt":1,"maxAttempts":3}}
{"t":"2026-10-01T16:17:54.169Z","level":"warn","msg":"abandoned task failed after its deadline","taskId":"48151fa0-41dc-4461-b996-6225ef0b9a72","taskType":"generate_cv","data":{"id":"48151fa0-41dc-4461-b996-6225ef0b9a72","type":"generate_cv","error":"Run was stopped; refusing its writes"}}
{"t":"2026-10-01T16:17:54.173Z","level":"warn","msg":"cv build interrupted; the queue will run it again","taskId":"48151fa0-41dc-4461-b996-6225ef0b9a72","taskType":"generate_cv","data":{"draftId":"5d1bcf37-cce6-4cfc-b32f-86d6657ea587","taskId":"48151fa0-41dc-4461-b996-6225ef0b9a72","attempt":1,"maxAttempts":3,"retryAt":"2026-10-01T16:18:54.167Z"}}
{"t":"2026-10-01T16:17:54.220Z","level":"info","msg":"task start","taskId":"d1a5fe94-2644-4647-8d74-d69bc2878e20","taskType":"generate_cv","data":{"id":"d1a5fe94-2644-4647-8d74-d69bc2878e20","type":"generate_cv","attempt":1,"workerId":"cv-pod","commit":null,"readyWaitMs":4,"heapUsedMb":111,"heapLimitMb":4144,"rssMb":151}}
{"t":"2026-10-01T16:17:54.321Z","level":"info","msg":"task done","taskId":"d1a5fe94-2644-4647-8d74-d69bc2878e20","taskType":"generate_cv","data":{"id":"d1a5fe94-2644-4647-8d74-d69bc2878e20","type":"generate_cv","ms":101,"heapUsedMb":112,"heapDeltaMb":1,"heapLimitMb":4144,"rssMb":153,"rssDeltaMb":2}}
{"t":"2026-10-01T16:17:54.370Z","level":"info","msg":"task start","taskId":"26605e9b-0df8-4e3f-a2c7-07f289b90a39","taskType":"generate_cv","data":{"id":"26605e9b-0df8-4e3f-a2c7-07f289b90a39","type":"generate_cv","attempt":1,"workerId":"cv-pod","commit":null,"readyWaitMs":7,"heapUsedMb":113,"heapLimitMb":4144,"rssMb":153}}
{"t":"2026-10-01T16:17:54.487Z","level":"info","msg":"task done","taskId":"26605e9b-0df8-4e3f-a2c7-07f289b90a39","taskType":"generate_cv","data":{"id":"26605e9b-0df8-4e3f-a2c7-07f289b90a39","type":"generate_cv","ms":117,"heapUsedMb":112,"heapDeltaMb":-1,"heapLimitMb":4144,"rssMb":155,"rssDeltaMb":2}}
{"t":"2026-10-01T16:17:54.540Z","level":"info","msg":"task start","taskId":"d22cdca2-126c-499e-a209-29ed12362749","taskType":"generate_cv","data":{"id":"d22cdca2-126c-499e-a209-29ed12362749","type":"generate_cv","attempt":1,"workerId":"cv-pod","commit":null,"readyWaitMs":6,"heapUsedMb":113,"heapLimitMb":4144,"rssMb":155}}
{"t":"2026-10-01T16:17:54.762Z","level":"warn","msg":"CV build will be retried","taskId":"d22cdca2-126c-499e-a209-29ed12362749","taskType":"generate_cv","data":{"draftId":"2be76d8e-fb0f-47a2-8ac1-cd775999afb1","kind":"overloaded","attempt":1,"maxAttempts":3}}
{"t":"2026-10-01T16:17:54.764Z","level":"warn","msg":"task retry","taskId":"d22cdca2-126c-499e-a209-29ed12362749","taskType":"generate_cv","data":{"id":"d22cdca2-126c-499e-a209-29ed12362749","type":"generate_cv","error":"The model provider was overloaded while checking the CV against your evidence (HTTP 529).","ms":224,"heapUsedMb":112,"heapDeltaMb":-1,"heapLimitMb":4144,"rssMb":129,"rssDeltaMb":-26}}
{"t":"2026-10-01T16:17:54.768Z","level":"info","msg":"task start","taskId":"d22cdca2-126c-499e-a209-29ed12362749","taskType":"generate_cv","data":{"id":"d22cdca2-126c-499e-a209-29ed12362749","type":"generate_cv","attempt":2,"workerId":"cv-pod","commit":null,"readyWaitMs":3,"heapUsedMb":112,"heapLimitMb":4144,"rssMb":129}}
{"t":"2026-10-01T16:17:55.888Z","level":"info","msg":"task done","taskId":"d22cdca2-126c-499e-a209-29ed12362749","taskType":"generate_cv","data":{"id":"d22cdca2-126c-499e-a209-29ed12362749","type":"generate_cv","ms":1120,"heapUsedMb":119,"heapDeltaMb":7,"heapLimitMb":4144,"rssMb":122,"rssDeltaMb":-7}}
{"t":"2026-10-01T16:17:56.040Z","level":"info","msg":"task start","taskId":"249069b5-d0f8-42ee-a561-8dc9339fa2ed","taskType":"score_job","data":{"id":"249069b5-d0f8-42ee-a561-8dc9339fa2ed","type":"score_job","attempt":1,"workerId":"lanes-pod","commit":null,"readyWaitMs":6,"heapUsedMb":111,"heapLimitMb":4144,"rssMb":123}}
{"t":"2026-10-01T16:17:56.043Z","level":"info","msg":"task start","taskId":"83eaec60-9711-4345-9158-3be6d9a745c2","taskType":"generate_cv","data":{"id":"83eaec60-9711-4345-9158-3be6d9a745c2","type":"generate_cv","attempt":1,"workerId":"lanes-pod","commit":null,"readyWaitMs":11,"heapUsedMb":111,"heapLimitMb":4144,"rssMb":123}}
{"t":"2026-10-01T16:17:56.043Z","level":"info","msg":"task done","taskId":"249069b5-d0f8-42ee-a561-8dc9339fa2ed","taskType":"score_job","data":{"id":"249069b5-d0f8-42ee-a561-8dc9339fa2ed","type":"score_job","ms":3,"heapUsedMb":111,"heapDeltaMb":0,"heapLimitMb":4144,"rssMb":123,"rssDeltaMb":0}}
{"t":"2026-10-01T16:17:56.045Z","level":"info","msg":"task done","taskId":"83eaec60-9711-4345-9158-3be6d9a745c2","taskType":"generate_cv","data":{"id":"83eaec60-9711-4345-9158-3be6d9a745c2","type":"generate_cv","ms":2,"heapUsedMb":111,"heapDeltaMb":0,"heapLimitMb":4144,"rssMb":123,"rssDeltaMb":0}}
{"t":"2026-10-01T16:17:56.124Z","level":"warn","msg":"CV build journal stopped","data":{"draftId":"8be6644d-4723-43e5-8b2c-785cc6e47c78","attempt":1,"loss":"fenced"}}
{"t":"2026-10-01T16:17:56.187Z","level":"info","msg":"task start","taskId":"b55b27ac-f513-4409-b064-a776e6397bd0","taskType":"generate_cv","data":{"id":"b55b27ac-f513-4409-b064-a776e6397bd0","type":"generate_cv","attempt":1,"workerId":"cv-pod","commit":null,"readyWaitMs":7,"heapUsedMb":112,"heapLimitMb":4144,"rssMb":123}}
{"t":"2026-10-01T16:17:56.190Z","level":"info","msg":"closed the steps an interrupted improvement left open","taskId":"b55b27ac-f513-4409-b064-a776e6397bd0","taskType":"generate_cv","data":{"draftId":"838b01fa-5ed6-44e2-b4da-c80bce0da8d4","closed":1}}
{"t":"2026-10-01T16:17:56.192Z","level":"info","msg":"task done","taskId":"b55b27ac-f513-4409-b064-a776e6397bd0","taskType":"generate_cv","data":{"id":"b55b27ac-f513-4409-b064-a776e6397bd0","type":"generate_cv","ms":5,"heapUsedMb":113,"heapDeltaMb":1,"heapLimitMb":4144,"rssMb":123,"rssDeltaMb":0}}
{"t":"2026-10-01T16:17:57.277Z","level":"warn","msg":"operation lease lost","data":{"key":"lost-operation-1790871477250"}}
{"t":"2026-10-01T16:18:02.315Z","level":"info","event":"slow_database_query","durationMs":2009,"statement":"update resource_leases set expires_at = now() + interval '5 minutes' where key = $1 and owner = $2 returning key"}
{"t":"2026-10-01T16:18:02.316Z","level":"warn","msg":"operation lease renewal failed","data":{"key":"held-operation-1790871477299","error":"Failed query: update resource_leases set expires_at = now() + interval '5 minutes'\n      where key = $1 and owner = $2 returning key\nparams: held-operation-1790871477299,8d950f27-a90b-4c4a-a1eb-5264bb25995f"}}
{"t":"2026-10-01T16:18:04.478Z","level":"info","event":"slow_database_query","durationMs":1171,"statement":"update resource_leases set expires_at = now() + interval '5 minutes' where key = $1 and owner = $2 returning key"}
{"t":"2026-10-01T16:18:05.409Z","level":"info","msg":"task start","taskId":"fb8584ee-0259-4aad-9bbf-6eef9d019b8d","taskType":"discover","data":{"id":"fb8584ee-0259-4aad-9bbf-6eef9d019b8d","type":"discover","attempt":1,"workerId":"test","commit":null,"readyWaitMs":9,"heapUsedMb":106,"heapLimitMb":4144,"rssMb":209}}
{"t":"2026-10-01T16:18:05.585Z","level":"warn","msg":"logo re-encode failed; the original is kept","taskId":"fb8584ee-0259-4aad-9bbf-6eef9d019b8d","taskType":"discover","data":{"error":"Input buffer has corrupt header:","bytes":400}}
{"t":"2026-10-01T16:18:05.591Z","level":"info","msg":"logo captured","taskId":"fb8584ee-0259-4aad-9bbf-6eef9d019b8d","taskType":"discover","data":{"company":"Acme","source":"site_icon","sourceUrl":"https://www.acme.example/favicon.png","bytes":400,"contentType":"image/png"}}
{"t":"2026-10-01T16:18:05.592Z","level":"info","msg":"task done","taskId":"fb8584ee-0259-4aad-9bbf-6eef9d019b8d","taskType":"discover","data":{"id":"fb8584ee-0259-4aad-9bbf-6eef9d019b8d","type":"discover","ms":183,"heapUsedMb":109,"heapDeltaMb":3,"heapLimitMb":4144,"rssMb":239,"rssDeltaMb":30}}
{"t":"2026-10-01T16:18:05.603Z","level":"info","msg":"task start","taskId":"be95bc85-43ab-4c21-b7ad-e3d2978c01ee","taskType":"discover","data":{"id":"be95bc85-43ab-4c21-b7ad-e3d2978c01ee","type":"discover","attempt":1,"workerId":"test","commit":null,"readyWaitMs":5,"heapUsedMb":111,"heapLimitMb":4144,"rssMb":239}}
{"t":"2026-10-01T16:18:05.606Z","level":"info","msg":"task done","taskId":"be95bc85-43ab-4c21-b7ad-e3d2978c01ee","taskType":"discover","data":{"id":"be95bc85-43ab-4c21-b7ad-e3d2978c01ee","type":"discover","ms":3,"heapUsedMb":111,"heapDeltaMb":0,"heapLimitMb":4144,"rssMb":239,"rssDeltaMb":0}}
{"t":"2026-10-01T16:18:05.826Z","level":"info","msg":"task start","taskId":"8c8ec4d9-3b01-4520-8fcc-5b2e3b51af65","taskType":"discover","data":{"id":"8c8ec4d9-3b01-4520-8fcc-5b2e3b51af65","type":"discover","attempt":1,"workerId":"test","commit":null,"readyWaitMs":8,"heapUsedMb":106,"heapLimitMb":4144,"rssMb":239}}
{"t":"2026-10-01T16:18:05.896Z","level":"info","msg":"discovery finished","taskId":"8c8ec4d9-3b01-4520-8fcc-5b2e3b51af65","taskType":"discover","data":{"company":"Acme","outcome":"resolved","fetches":0,"best":"pasted_ats"}}
{"t":"2026-10-01T16:18:05.899Z","level":"info","msg":"task done","taskId":"8c8ec4d9-3b01-4520-8fcc-5b2e3b51af65","taskType":"discover","data":{"id":"8c8ec4d9-3b01-4520-8fcc-5b2e3b51af65","type":"discover","ms":73,"heapUsedMb":108,"heapDeltaMb":2,"heapLimitMb":4144,"rssMb":236,"rssDeltaMb":-3}}
{"t":"2026-10-01T16:18:05.904Z","level":"info","msg":"task start","taskId":"1b6ce37d-3da0-46dc-be2c-2bdc67d8d8a8","taskType":"discover","data":{"id":"1b6ce37d-3da0-46dc-be2c-2bdc67d8d8a8","type":"discover","attempt":1,"workerId":"test","commit":null,"readyWaitMs":83,"heapUsedMb":108,"heapLimitMb":4144,"rssMb":236}}
{"t":"2026-10-01T16:18:05.990Z","level":"info","msg":"discovery finished","taskId":"1b6ce37d-3da0-46dc-be2c-2bdc67d8d8a8","taskType":"discover","data":{"company":"Acme Robotics Ltd","outcome":"resolved","fetches":0,"best":"pasted_ats"}}
{"t":"2026-10-01T16:18:05.992Z","level":"info","msg":"task done","taskId":"1b6ce37d-3da0-46dc-be2c-2bdc67d8d8a8","taskType":"discover","data":{"id":"1b6ce37d-3da0-46dc-be2c-2bdc67d8d8a8","type":"discover","ms":88,"heapUsedMb":110,"heapDeltaMb":2,"heapLimitMb":4144,"rssMb":236,"rssDeltaMb":0}}
{"t":"2026-10-01T16:18:05.994Z","level":"info","msg":"task start","taskId":"c18b5388-73ea-45db-8d07-7609f028ebad","taskType":"scan_company","data":{"id":"c18b5388-73ea-45db-8d07-7609f028ebad","type":"scan_company","attempt":1,"workerId":"test","commit":null,"readyWaitMs":111,"heapUsedMb":110,"heapLimitMb":4144,"rssMb":236}}
{"t":"2026-10-01T16:18:06.158Z","level":"info","msg":"source scanned","taskId":"c18b5388-73ea-45db-8d07-7609f028ebad","taskType":"scan_company","data":{"company":"Acme Robotics","type":"greenhouse","status":"ok","postings":5,"new":5,"closed":0,"followers":0,"deferredDescriptions":0,"reusedListing":false,"claimFetchedBytes":1452,"claimRequests":3,"claimRevalidated":0,"heapUsedMb":113,"ms":157}}
{"t":"2026-10-01T16:18:06.167Z","level":"info","msg":"task done","taskId":"c18b5388-73ea-45db-8d07-7609f028ebad","taskType":"scan_company","data":{"id":"c18b5388-73ea-45db-8d07-7609f028ebad","type":"scan_company","ms":173,"heapUsedMb":113,"heapDeltaMb":3,"heapLimitMb":4144,"rssMb":237,"rssDeltaMb":1}}
{"t":"2026-10-01T16:18:06.172Z","level":"info","msg":"task start","taskId":"7e19c3a7-dac9-4e7e-86d8-495d1a60dd9f","taskType":"scan_company","data":{"id":"7e19c3a7-dac9-4e7e-86d8-495d1a60dd9f","type":"scan_company","attempt":1,"workerId":"test","commit":null,"readyWaitMs":190,"heapUsedMb":114,"heapLimitMb":4144,"rssMb":237}}
{"t":"2026-10-01T16:18:06.311Z","level":"info","msg":"source scanned","taskId":"7e19c3a7-dac9-4e7e-86d8-495d1a60dd9f","taskType":"scan_company","data":{"company":"Acme Robotics Ltd","type":"greenhouse","status":"ok","postings":5,"new":5,"closed":0,"followers":0,"deferredDescriptions":0,"reusedListing":false,"claimFetchedBytes":1452,"claimRequests":3,"claimRevalidated":0,"heapUsedMb":116,"ms":135}}
{"t":"2026-10-01T16:18:06.318Z","level":"info","msg":"task done","taskId":"7e19c3a7-dac9-4e7e-86d8-495d1a60dd9f","taskType":"scan_company","data":{"id":"7e19c3a7-dac9-4e7e-86d8-495d1a60dd9f","type":"scan_company","ms":146,"heapUsedMb":116,"heapDeltaMb":2,"heapLimitMb":4144,"rssMb":237,"rssDeltaMb":0}}
{"t":"2026-10-01T16:18:06.319Z","level":"info","msg":"task start","taskId":"630f6917-e4de-40e8-8821-2a4690c817d9","taskType":"discover","data":{"id":"630f6917-e4de-40e8-8821-2a4690c817d9","type":"discover","attempt":1,"workerId":"test","commit":null,"readyWaitMs":493,"heapUsedMb":117,"heapLimitMb":4144,"rssMb":237}}
{"t":"2026-10-01T16:18:06.374Z","level":"warn","msg":"logo re-encode failed; the original is kept","taskId":"630f6917-e4de-40e8-8821-2a4690c817d9","taskType":"discover","data":{"error":"Input buffer has corrupt header:","bytes":400}}
{"t":"2026-10-01T16:18:06.383Z","level":"info","msg":"logo captured","taskId":"630f6917-e4de-40e8-8821-2a4690c817d9","taskType":"discover","data":{"company":"Acme Robotics","source":"site_icon","sourceUrl":"https://www.acme.example/favicon.png","bytes":400,"contentType":"image/png"}}
{"t":"2026-10-01T16:18:06.385Z","level":"info","msg":"task done","taskId":"630f6917-e4de-40e8-8821-2a4690c817d9","taskType":"discover","data":{"id":"630f6917-e4de-40e8-8821-2a4690c817d9","type":"discover","ms":66,"heapUsedMb":118,"heapDeltaMb":1,"heapLimitMb":4144,"rssMb":237,"rssDeltaMb":0}}
{"t":"2026-10-01T16:18:06.387Z","level":"info","msg":"task start","taskId":"45176026-9748-43ae-a5b6-c015e45674ce","taskType":"discover","data":{"id":"45176026-9748-43ae-a5b6-c015e45674ce","type":"discover","attempt":1,"workerId":"test","commit":null,"readyWaitMs":481,"heapUsedMb":118,"heapLimitMb":4144,"rssMb":237}}
{"t":"2026-10-01T16:18:06.392Z","level":"info","msg":"logo capture failed","taskId":"45176026-9748-43ae-a5b6-c015e45674ce","taskType":"discover","data":{"company":"Acme Robotics Ltd","error":"No usable icon found for acme-named.example","tried":4,"attempts":1,"nextAttemptAt":"2026-09-05T07:00:00.000Z"}}
{"t":"2026-10-01T16:18:06.394Z","level":"info","msg":"task done","taskId":"45176026-9748-43ae-a5b6-c015e45674ce","taskType":"discover","data":{"id":"45176026-9748-43ae-a5b6-c015e45674ce","type":"discover","ms":7,"heapUsedMb":118,"heapDeltaMb":0,"heapLimitMb":4144,"rssMb":237,"rssDeltaMb":0}}
{"t":"2026-10-01T16:18:06.596Z","level":"info","msg":"task start","taskId":"3d282819-30f0-4740-b2ce-ae43d2989cea","taskType":"discover","data":{"id":"3d282819-30f0-4740-b2ce-ae43d2989cea","type":"discover","attempt":1,"workerId":"test","commit":null,"readyWaitMs":6,"heapUsedMb":109,"heapLimitMb":4144,"rssMb":182}}
{"t":"2026-10-01T16:18:06.771Z","level":"info","msg":"discovery finished","taskId":"3d282819-30f0-4740-b2ce-ae43d2989cea","taskType":"discover","data":{"company":"acme.example","outcome":"resolved","fetches":3,"best":"ats_link"}}
{"t":"2026-10-01T16:18:06.773Z","level":"info","msg":"task done","taskId":"3d282819-30f0-4740-b2ce-ae43d2989cea","taskType":"discover","data":{"id":"3d282819-30f0-4740-b2ce-ae43d2989cea","type":"discover","ms":177,"heapUsedMb":113,"heapDeltaMb":4,"heapLimitMb":4144,"rssMb":183,"rssDeltaMb":1}}
{"t":"2026-10-01T16:18:06.775Z","level":"info","msg":"task start","taskId":"61104521-40de-41dc-b3c0-baa028803412","taskType":"scan_company","data":{"id":"61104521-40de-41dc-b3c0-baa028803412","type":"scan_company","attempt":1,"workerId":"test","commit":null,"readyWaitMs":12,"heapUsedMb":114,"heapLimitMb":4144,"rssMb":183}}
{"t":"2026-10-01T16:18:06.971Z","level":"info","msg":"source scanned","taskId":"61104521-40de-41dc-b3c0-baa028803412","taskType":"scan_company","data":{"company":"Acme Robotics","type":"greenhouse","status":"ok","postings":5,"new":5,"closed":0,"followers":1,"deferredDescriptions":0,"reusedListing":false,"claimFetchedBytes":1452,"claimRequests":3,"claimRevalidated":0,"heapUsedMb":117,"ms":192}}
{"t":"2026-10-01T16:18:06.987Z","level":"info","msg":"task done","taskId":"61104521-40de-41dc-b3c0-baa028803412","taskType":"scan_company","data":{"id":"61104521-40de-41dc-b3c0-baa028803412","type":"scan_company","ms":212,"heapUsedMb":117,"heapDeltaMb":3,"heapLimitMb":4144,"rssMb":183,"rssDeltaMb":0}}
{"t":"2026-10-01T16:18:06.993Z","level":"info","msg":"task start","taskId":"4771cbe3-d964-4963-ab03-9c44c96736cb","taskType":"fetch_description","data":{"id":"4771cbe3-d964-4963-ab03-9c44c96736cb","type":"fetch_description","attempt":1,"workerId":"test","commit":null,"readyWaitMs":64,"heapUsedMb":117,"heapLimitMb":4144,"rssMb":183}}
{"t":"2026-10-01T16:18:07.037Z","level":"info","msg":"task done","taskId":"4771cbe3-d964-4963-ab03-9c44c96736cb","taskType":"fetch_description","data":{"id":"4771cbe3-d964-4963-ab03-9c44c96736cb","type":"fetch_description","ms":44,"heapUsedMb":118,"heapDeltaMb":1,"heapLimitMb":4144,"rssMb":183,"rssDeltaMb":0}}
{"t":"2026-10-01T16:18:07.041Z","level":"info","msg":"task start","taskId":"697beec7-20ea-43c8-a8dc-044cd24a209b","taskType":"fetch_description","data":{"id":"697beec7-20ea-43c8-a8dc-044cd24a209b","type":"fetch_description","attempt":1,"workerId":"test","commit":null,"readyWaitMs":112,"heapUsedMb":119,"heapLimitMb":4144,"rssMb":183}}
{"t":"2026-10-01T16:18:07.087Z","level":"info","msg":"task done","taskId":"697beec7-20ea-43c8-a8dc-044cd24a209b","taskType":"fetch_description","data":{"id":"697beec7-20ea-43c8-a8dc-044cd24a209b","type":"fetch_description","ms":46,"heapUsedMb":120,"heapDeltaMb":1,"heapLimitMb":4144,"rssMb":183,"rssDeltaMb":0}}
{"t":"2026-10-01T16:18:07.090Z","level":"info","msg":"task start","taskId":"a8202a03-ca5a-45b3-a5c9-b3d8a166316c","taskType":"fetch_description","data":{"id":"a8202a03-ca5a-45b3-a5c9-b3d8a166316c","type":"fetch_description","attempt":1,"workerId":"test","commit":null,"readyWaitMs":161,"heapUsedMb":120,"heapLimitMb":4144,"rssMb":183}}
{"t":"2026-10-01T16:18:07.145Z","level":"info","msg":"task done","taskId":"a8202a03-ca5a-45b3-a5c9-b3d8a166316c","taskType":"fetch_description","data":{"id":"a8202a03-ca5a-45b3-a5c9-b3d8a166316c","type":"fetch_description","ms":55,"heapUsedMb":111,"heapDeltaMb":-9,"heapLimitMb":4144,"rssMb":179,"rssDeltaMb":-4}}
{"t":"2026-10-01T16:18:07.151Z","level":"info","msg":"task start","taskId":"dc0fbe9f-b6f7-43d9-a913-0ad02254dbee","taskType":"fetch_description","data":{"id":"dc0fbe9f-b6f7-43d9-a913-0ad02254dbee","type":"fetch_description","attempt":1,"workerId":"test","commit":null,"readyWaitMs":222,"heapUsedMb":111,"heapLimitMb":4144,"rssMb":179}}
{"t":"2026-10-01T16:18:07.190Z","level":"info","msg":"task done","taskId":"dc0fbe9f-b6f7-43d9-a913-0ad02254dbee","taskType":"fetch_description","data":{"id":"dc0fbe9f-b6f7-43d9-a913-0ad02254dbee","type":"fetch_description","ms":39,"heapUsedMb":112,"heapDeltaMb":1,"heapLimitMb":4144,"rssMb":179,"rssDeltaMb":0}}
{"t":"2026-10-01T16:18:07.195Z","level":"info","msg":"task start","taskId":"859c46db-22d8-43fb-8ad6-02ca0e94d319","taskType":"discover","data":{"id":"859c46db-22d8-43fb-8ad6-02ca0e94d319","type":"discover","attempt":1,"workerId":"test","commit":null,"readyWaitMs":598,"heapUsedMb":112,"heapLimitMb":4144,"rssMb":179}}
{"t":"2026-10-01T16:18:07.261Z","level":"warn","msg":"logo re-encode failed; the original is kept","taskId":"859c46db-22d8-43fb-8ad6-02ca0e94d319","taskType":"discover","data":{"error":"Input buffer has corrupt header:","bytes":400}}
{"t":"2026-10-01T16:18:07.279Z","level":"info","msg":"logo captured","taskId":"859c46db-22d8-43fb-8ad6-02ca0e94d319","taskType":"discover","data":{"company":"Acme Robotics","source":"site_icon","sourceUrl":"https://www.acme.example/favicon.png","bytes":400,"contentType":"image/png"}}
{"t":"2026-10-01T16:18:07.285Z","level":"info","msg":"task done","taskId":"859c46db-22d8-43fb-8ad6-02ca0e94d319","taskType":"discover","data":{"id":"859c46db-22d8-43fb-8ad6-02ca0e94d319","type":"discover","ms":90,"heapUsedMb":113,"heapDeltaMb":1,"heapLimitMb":4144,"rssMb":178,"rssDeltaMb":-1}}
{"t":"2026-10-01T16:18:07.550Z","level":"info","msg":"slow database query","taskId":"c18b5388-73ea-45db-8d07-7609f028ebad","taskType":"scan_company","data":{"durationMs":257,"statement":"truncate users, companies, career_sources, discovery_runs, scan_runs, scans, jobs, job_events, decisions, tasks, setting"}}
{"t":"2026-10-01T16:18:07.564Z","level":"info","msg":"task start","taskId":"38e47eb2-373d-49fe-a1bc-c709c791214a","taskType":"discover","data":{"id":"38e47eb2-373d-49fe-a1bc-c709c791214a","type":"discover","attempt":1,"workerId":"test","commit":null,"readyWaitMs":6,"heapUsedMb":115,"heapLimitMb":4144,"rssMb":179}}
{"t":"2026-10-01T16:18:07.729Z","level":"info","msg":"discovery finished","taskId":"38e47eb2-373d-49fe-a1bc-c709c791214a","taskType":"discover","data":{"company":"acme.example","outcome":"resolved","fetches":3,"best":"ats_link"}}
{"t":"2026-10-01T16:18:07.731Z","level":"info","msg":"task done","taskId":"38e47eb2-373d-49fe-a1bc-c709c791214a","taskType":"discover","data":{"id":"38e47eb2-373d-49fe-a1bc-c709c791214a","type":"discover","ms":167,"heapUsedMb":118,"heapDeltaMb":3,"heapLimitMb":4144,"rssMb":179,"rssDeltaMb":0}}
{"t":"2026-10-01T16:18:07.732Z","level":"info","msg":"task start","taskId":"cab2c751-ae91-4c68-82d5-2af50452f651","taskType":"scan_company","data":{"id":"cab2c751-ae91-4c68-82d5-2af50452f651","type":"scan_company","attempt":1,"workerId":"test","commit":null,"readyWaitMs":11,"heapUsedMb":118,"heapLimitMb":4144,"rssMb":179}}
{"t":"2026-10-01T16:18:07.918Z","level":"info","msg":"source scanned","taskId":"cab2c751-ae91-4c68-82d5-2af50452f651","taskType":"scan_company","data":{"company":"Acme Robotics","type":"greenhouse","status":"ok","postings":5,"new":5,"closed":0,"followers":1,"deferredDescriptions":0,"reusedListing":false,"claimFetchedBytes":1452,"claimRequests":3,"claimRevalidated":0,"heapUsedMb":121,"ms":183}}
{"t":"2026-10-01T16:18:07.934Z","level":"info","msg":"task done","taskId":"cab2c751-ae91-4c68-82d5-2af50452f651","taskType":"scan_company","data":{"id":"cab2c751-ae91-4c68-82d5-2af50452f651","type":"scan_company","ms":202,"heapUsedMb":122,"heapDeltaMb":4,"heapLimitMb":4144,"rssMb":177,"rssDeltaMb":-2}}
{"t":"2026-10-01T16:18:07.939Z","level":"info","msg":"task start","taskId":"10ca0dd0-6e28-4791-b9ff-4c277df22ed5","taskType":"fetch_description","data":{"id":"10ca0dd0-6e28-4791-b9ff-4c277df22ed5","type":"fetch_description","attempt":1,"workerId":"test","commit":null,"readyWaitMs":54,"heapUsedMb":122,"heapLimitMb":4144,"rssMb":177}}
{"t":"2026-10-01T16:18:07.965Z","level":"info","msg":"task done","taskId":"10ca0dd0-6e28-4791-b9ff-4c277df22ed5","taskType":"fetch_description","data":{"id":"10ca0dd0-6e28-4791-b9ff-4c277df22ed5","type":"fetch_description","ms":26,"heapUsedMb":113,"heapDeltaMb":-9,"heapLimitMb":4144,"rssMb":178,"rssDeltaMb":1}}
{"t":"2026-10-01T16:18:07.967Z","level":"info","msg":"task start","taskId":"13d007ba-66f5-4082-9ca6-4b43ec855fdc","taskType":"fetch_description","data":{"id":"13d007ba-66f5-4082-9ca6-4b43ec855fdc","type":"fetch_description","attempt":1,"workerId":"test","commit":null,"readyWaitMs":82,"heapUsedMb":113,"heapLimitMb":4144,"rssMb":178}}
{"t":"2026-10-01T16:18:08.015Z","level":"info","msg":"task done","taskId":"13d007ba-66f5-4082-9ca6-4b43ec855fdc","taskType":"fetch_description","data":{"id":"13d007ba-66f5-4082-9ca6-4b43ec855fdc","type":"fetch_description","ms":48,"heapUsedMb":114,"heapDeltaMb":1,"heapLimitMb":4144,"rssMb":177,"rssDeltaMb":-1}}
{"t":"2026-10-01T16:18:08.018Z","level":"info","msg":"task start","taskId":"022e2e84-b4c0-4f04-a6e2-801e7295976b","taskType":"fetch_description","data":{"id":"022e2e84-b4c0-4f04-a6e2-801e7295976b","type":"fetch_description","attempt":1,"workerId":"test","commit":null,"readyWaitMs":133,"heapUsedMb":114,"heapLimitMb":4144,"rssMb":177}}
{"t":"2026-10-01T16:18:08.062Z","level":"info","msg":"task done","taskId":"022e2e84-b4c0-4f04-a6e2-801e7295976b","taskType":"fetch_description","data":{"id":"022e2e84-b4c0-4f04-a6e2-801e7295976b","type":"fetch_description","ms":44,"heapUsedMb":116,"heapDeltaMb":2,"heapLimitMb":4144,"rssMb":177,"rssDeltaMb":0}}
{"t":"2026-10-01T16:18:08.064Z","level":"info","msg":"task start","taskId":"c3abbfc1-cdbc-4837-a569-49e9383c2895","taskType":"fetch_description","data":{"id":"c3abbfc1-cdbc-4837-a569-49e9383c2895","type":"fetch_description","attempt":1,"workerId":"test","commit":null,"readyWaitMs":179,"heapUsedMb":116,"heapLimitMb":4144,"rssMb":177}}
{"t":"2026-10-01T16:18:08.115Z","level":"info","msg":"task done","taskId":"c3abbfc1-cdbc-4837-a569-49e9383c2895","taskType":"fetch_description","data":{"id":"c3abbfc1-cdbc-4837-a569-49e9383c2895","type":"fetch_description","ms":51,"heapUsedMb":117,"heapDeltaMb":1,"heapLimitMb":4144,"rssMb":177,"rssDeltaMb":0}}
{"t":"2026-10-01T16:18:08.117Z","level":"info","msg":"task start","taskId":"a28d694c-cc92-40ed-8280-7b2b9bd459e9","taskType":"discover","data":{"id":"a28d694c-cc92-40ed-8280-7b2b9bd459e9","type":"discover","attempt":1,"workerId":"test","commit":null,"readyWaitMs":553,"heapUsedMb":117,"heapLimitMb":4144,"rssMb":177}}
{"t":"2026-10-01T16:18:08.173Z","level":"warn","msg":"logo re-encode failed; the original is kept","taskId":"a28d694c-cc92-40ed-8280-7b2b9bd459e9","taskType":"discover","data":{"error":"Input buffer has corrupt header:","bytes":400}}
{"t":"2026-10-01T16:18:08.182Z","level":"info","msg":"logo captured","taskId":"a28d694c-cc92-40ed-8280-7b2b9bd459e9","taskType":"discover","data":{"company":"Acme Robotics","source":"site_icon","sourceUrl":"https://www.acme.example/favicon.png","bytes":400,"contentType":"image/png"}}
{"t":"2026-10-01T16:18:08.187Z","level":"info","msg":"task done","taskId":"a28d694c-cc92-40ed-8280-7b2b9bd459e9","taskType":"discover","data":{"id":"a28d694c-cc92-40ed-8280-7b2b9bd459e9","type":"discover","ms":70,"heapUsedMb":118,"heapDeltaMb":1,"heapLimitMb":4144,"rssMb":177,"rssDeltaMb":0}}
{"t":"2026-10-01T16:18:08.370Z","level":"info","msg":"task start","taskId":"3a56b5a8-701e-4efa-94fc-5cb269a6b227","taskType":"discover","data":{"id":"3a56b5a8-701e-4efa-94fc-5cb269a6b227","type":"discover","attempt":1,"workerId":"test","commit":null,"readyWaitMs":6,"heapUsedMb":120,"heapLimitMb":4144,"rssMb":175}}
{"t":"2026-10-01T16:18:08.537Z","level":"info","msg":"discovery finished","taskId":"3a56b5a8-701e-4efa-94fc-5cb269a6b227","taskType":"discover","data":{"company":"acme.example","outcome":"resolved","fetches":3,"best":"ats_link"}}
{"t":"2026-10-01T16:18:08.539Z","level":"info","msg":"task done","taskId":"3a56b5a8-701e-4efa-94fc-5cb269a6b227","taskType":"discover","data":{"id":"3a56b5a8-701e-4efa-94fc-5cb269a6b227","type":"discover","ms":169,"heapUsedMb":123,"heapDeltaMb":3,"heapLimitMb":4144,"rssMb":175,"rssDeltaMb":0}}
{"t":"2026-10-01T16:18:08.541Z","level":"info","msg":"task start","taskId":"82bf34ec-c349-4e27-a9c9-5b1a45fb0155","taskType":"scan_company","data":{"id":"82bf34ec-c349-4e27-a9c9-5b1a45fb0155","type":"scan_company","attempt":1,"workerId":"test","commit":null,"readyWaitMs":12,"heapUsedMb":123,"heapLimitMb":4144,"rssMb":175}}
{"t":"2026-10-01T16:18:08.782Z","level":"info","msg":"source scanned","taskId":"82bf34ec-c349-4e27-a9c9-5b1a45fb0155","taskType":"scan_company","data":{"company":"Acme Robotics","type":"greenhouse","status":"ok","postings":5,"new":5,"closed":0,"followers":1,"deferredDescriptions":0,"reusedListing":false,"claimFetchedBytes":1452,"claimRequests":3,"claimRevalidated":0,"heapUsedMb":116,"ms":236}}
{"t":"2026-10-01T16:18:08.795Z","level":"info","msg":"task done","taskId":"82bf34ec-c349-4e27-a9c9-5b1a45fb0155","taskType":"scan_company","data":{"id":"82bf34ec-c349-4e27-a9c9-5b1a45fb0155","type":"scan_company","ms":254,"heapUsedMb":117,"heapDeltaMb":-6,"heapLimitMb":4144,"rssMb":176,"rssDeltaMb":1}}
{"t":"2026-10-01T16:18:08.797Z","level":"info","msg":"task start","taskId":"d0f2a50a-9a79-401e-bed9-3088c686df87","taskType":"fetch_description","data":{"id":"d0f2a50a-9a79-401e-bed9-3088c686df87","type":"fetch_description","attempt":1,"workerId":"test","commit":null,"readyWaitMs":104,"heapUsedMb":117,"heapLimitMb":4144,"rssMb":176}}
{"t":"2026-10-01T16:18:08.811Z","level":"info","msg":"task done","taskId":"d0f2a50a-9a79-401e-bed9-3088c686df87","taskType":"fetch_description","data":{"id":"d0f2a50a-9a79-401e-bed9-3088c686df87","type":"fetch_description","ms":14,"heapUsedMb":118,"heapDeltaMb":1,"heapLimitMb":4144,"rssMb":176,"rssDeltaMb":0}}
{"t":"2026-10-01T16:18:08.814Z","level":"info","msg":"task start","taskId":"7ccde55c-c0f8-45a3-a0f1-23da0c88181d","taskType":"fetch_description","data":{"id":"7ccde55c-c0f8-45a3-a0f1-23da0c88181d","type":"fetch_description","attempt":1,"workerId":"test","commit":null,"readyWaitMs":121,"heapUsedMb":118,"heapLimitMb":4144,"rssMb":176}}
{"t":"2026-10-01T16:18:08.871Z","level":"info","msg":"task done","taskId":"7ccde55c-c0f8-45a3-a0f1-23da0c88181d","taskType":"fetch_description","data":{"id":"7ccde55c-c0f8-45a3-a0f1-23da0c88181d","type":"fetch_description","ms":57,"heapUsedMb":119,"heapDeltaMb":1,"heapLimitMb":4144,"rssMb":177,"rssDeltaMb":1}}
{"t":"2026-10-01T16:18:08.873Z","level":"info","msg":"task start","taskId":"a22d0672-67fe-40c8-bcb0-185ef379271c","taskType":"discover","data":{"id":"a22d0672-67fe-40c8-bcb0-185ef379271c","type":"discover","attempt":1,"workerId":"test","commit":null,"readyWaitMs":503,"heapUsedMb":120,"heapLimitMb":4144,"rssMb":177}}
{"t":"2026-10-01T16:18:08.928Z","level":"warn","msg":"logo re-encode failed; the original is kept","taskId":"a22d0672-67fe-40c8-bcb0-185ef379271c","taskType":"discover","data":{"error":"Input buffer has corrupt header:","bytes":400}}
{"t":"2026-10-01T16:18:08.939Z","level":"info","msg":"logo captured","taskId":"a22d0672-67fe-40c8-bcb0-185ef379271c","taskType":"discover","data":{"company":"Acme Robotics","source":"site_icon","sourceUrl":"https://www.acme.example/favicon.png","bytes":400,"contentType":"image/png"}}
{"t":"2026-10-01T16:18:08.940Z","level":"info","msg":"task done","taskId":"a22d0672-67fe-40c8-bcb0-185ef379271c","taskType":"discover","data":{"id":"a22d0672-67fe-40c8-bcb0-185ef379271c","type":"discover","ms":67,"heapUsedMb":121,"heapDeltaMb":1,"heapLimitMb":4144,"rssMb":177,"rssDeltaMb":0}}
{"t":"2026-10-01T16:18:09.142Z","level":"info","msg":"task start","taskId":"f672a75b-2b27-4b56-bc56-eb2b49bf8df0","taskType":"discover","data":{"id":"f672a75b-2b27-4b56-bc56-eb2b49bf8df0","type":"discover","attempt":1,"workerId":"test","commit":null,"readyWaitMs":8,"heapUsedMb":122,"heapLimitMb":4144,"rssMb":175}}
{"t":"2026-10-01T16:18:09.309Z","level":"info","msg":"discovery finished","taskId":"f672a75b-2b27-4b56-bc56-eb2b49bf8df0","taskType":"discover","data":{"company":"acme.example","outcome":"resolved","fetches":3,"best":"ats_link"}}
{"t":"2026-10-01T16:18:09.311Z","level":"info","msg":"task done","taskId":"f672a75b-2b27-4b56-bc56-eb2b49bf8df0","taskType":"discover","data":{"id":"f672a75b-2b27-4b56-bc56-eb2b49bf8df0","type":"discover","ms":169,"heapUsedMb":125,"heapDeltaMb":3,"heapLimitMb":4144,"rssMb":175,"rssDeltaMb":0}}
{"t":"2026-10-01T16:18:09.312Z","level":"info","msg":"task start","taskId":"4d40430e-c7ad-40d9-8e13-f59e9cae958e","taskType":"scan_company","data":{"id":"4d40430e-c7ad-40d9-8e13-f59e9cae958e","type":"scan_company","attempt":1,"workerId":"test","commit":null,"readyWaitMs":11,"heapUsedMb":125,"heapLimitMb":4144,"rssMb":175}}
{"t":"2026-10-01T16:18:09.490Z","level":"info","msg":"source scanned","taskId":"4d40430e-c7ad-40d9-8e13-f59e9cae958e","taskType":"scan_company","data":{"company":"Acme Robotics","type":"greenhouse","status":"ok","postings":5,"new":5,"closed":0,"followers":1,"deferredDescriptions":0,"reusedListing":false,"claimFetchedBytes":1452,"claimRequests":3,"claimRevalidated":0,"heapUsedMb":118,"ms":174}}
{"t":"2026-10-01T16:18:09.500Z","level":"info","msg":"task done","taskId":"4d40430e-c7ad-40d9-8e13-f59e9cae958e","taskType":"scan_company","data":{"id":"4d40430e-c7ad-40d9-8e13-f59e9cae958e","type":"scan_company","ms":188,"heapUsedMb":119,"heapDeltaMb":-6,"heapLimitMb":4144,"rssMb":177,"rssDeltaMb":2}}
{"t":"2026-10-01T16:18:09.503Z","level":"info","msg":"task start","taskId":"19d7b332-8644-484b-b0d3-84dcebd2d0fa","taskType":"fetch_description","data":{"id":"19d7b332-8644-484b-b0d3-84dcebd2d0fa","type":"fetch_description","attempt":1,"workerId":"test","commit":null,"readyWaitMs":37,"heapUsedMb":119,"heapLimitMb":4144,"rssMb":177}}
{"t":"2026-10-01T16:18:09.523Z","level":"info","msg":"task done","taskId":"19d7b332-8644-484b-b0d3-84dcebd2d0fa","taskType":"fetch_description","data":{"id":"19d7b332-8644-484b-b0d3-84dcebd2d0fa","type":"fetch_description","ms":20,"heapUsedMb":120,"heapDeltaMb":1,"heapLimitMb":4144,"rssMb":177,"rssDeltaMb":0}}
{"t":"2026-10-01T16:18:09.524Z","level":"info","msg":"task start","taskId":"42d9a4b2-d812-467a-a4a9-24442b173143","taskType":"fetch_description","data":{"id":"42d9a4b2-d812-467a-a4a9-24442b173143","type":"fetch_description","attempt":1,"workerId":"test","commit":null,"readyWaitMs":58,"heapUsedMb":120,"heapLimitMb":4144,"rssMb":177}}
{"t":"2026-10-01T16:18:09.567Z","level":"info","msg":"task done","taskId":"42d9a4b2-d812-467a-a4a9-24442b173143","taskType":"fetch_description","data":{"id":"42d9a4b2-d812-467a-a4a9-24442b173143","type":"fetch_description","ms":43,"heapUsedMb":121,"heapDeltaMb":1,"heapLimitMb":4144,"rssMb":177,"rssDeltaMb":0}}
{"t":"2026-10-01T16:18:09.568Z","level":"info","msg":"task start","taskId":"a51e4e43-102f-40d6-8864-a8c92348c27e","taskType":"fetch_description","data":{"id":"a51e4e43-102f-40d6-8864-a8c92348c27e","type":"fetch_description","attempt":1,"workerId":"test","commit":null,"readyWaitMs":102,"heapUsedMb":121,"heapLimitMb":4144,"rssMb":177}}
{"t":"2026-10-01T16:18:09.616Z","level":"info","msg":"task done","taskId":"a51e4e43-102f-40d6-8864-a8c92348c27e","taskType":"fetch_description","data":{"id":"a51e4e43-102f-40d6-8864-a8c92348c27e","type":"fetch_description","ms":48,"heapUsedMb":122,"heapDeltaMb":1,"heapLimitMb":4144,"rssMb":177,"rssDeltaMb":0}}
{"t":"2026-10-01T16:18:09.617Z","level":"info","msg":"task start","taskId":"f65cf641-db31-4045-8c0f-885d58d84897","taskType":"fetch_description","data":{"id":"f65cf641-db31-4045-8c0f-885d58d84897","type":"fetch_description","attempt":1,"workerId":"test","commit":null,"readyWaitMs":151,"heapUsedMb":122,"heapLimitMb":4144,"rssMb":177}}
{"t":"2026-10-01T16:18:09.667Z","level":"info","msg":"task done","taskId":"f65cf641-db31-4045-8c0f-885d58d84897","taskType":"fetch_description","data":{"id":"f65cf641-db31-4045-8c0f-885d58d84897","type":"fetch_description","ms":50,"heapUsedMb":124,"heapDeltaMb":2,"heapLimitMb":4144,"rssMb":177,"rssDeltaMb":0}}
{"t":"2026-10-01T16:18:09.669Z","level":"info","msg":"task start","taskId":"a7ed1635-fb75-4427-924b-1ba71c1ea5d1","taskType":"discover","data":{"id":"a7ed1635-fb75-4427-924b-1ba71c1ea5d1","type":"discover","attempt":1,"workerId":"test","commit":null,"readyWaitMs":526,"heapUsedMb":124,"heapLimitMb":4144,"rssMb":177}}
{"t":"2026-10-01T16:18:09.721Z","level":"warn","msg":"logo re-encode failed; the original is kept","taskId":"a7ed1635-fb75-4427-924b-1ba71c1ea5d1","taskType":"discover","data":{"error":"Input buffer has corrupt header:","bytes":400}}
{"t":"2026-10-01T16:18:09.726Z","level":"info","msg":"logo captured","taskId":"a7ed1635-fb75-4427-924b-1ba71c1ea5d1","taskType":"discover","data":{"company":"Acme Robotics","source":"site_icon","sourceUrl":"https://www.acme.example/favicon.png","bytes":400,"contentType":"image/png"}}
{"t":"2026-10-01T16:18:09.728Z","level":"info","msg":"task done","taskId":"a7ed1635-fb75-4427-924b-1ba71c1ea5d1","taskType":"discover","data":{"id":"a7ed1635-fb75-4427-924b-1ba71c1ea5d1","type":"discover","ms":59,"heapUsedMb":125,"heapDeltaMb":1,"heapLimitMb":4144,"rssMb":177,"rssDeltaMb":0}}
{"t":"2026-10-01T16:18:09.732Z","level":"info","msg":"task start","taskId":"9d200d4d-a500-457b-9399-1415834eda3f","taskType":"reevaluate_gate","data":{"id":"9d200d4d-a500-457b-9399-1415834eda3f","type":"reevaluate_gate","attempt":1,"workerId":"test","commit":null,"readyWaitMs":4,"heapUsedMb":125,"heapLimitMb":4144,"rssMb":177}}
{"t":"2026-10-01T16:18:09.800Z","level":"info","msg":"task done","taskId":"9d200d4d-a500-457b-9399-1415834eda3f","taskType":"reevaluate_gate","data":{"id":"9d200d4d-a500-457b-9399-1415834eda3f","type":"reevaluate_gate","ms":68,"heapUsedMb":126,"heapDeltaMb":1,"heapLimitMb":4144,"rssMb":178,"rssDeltaMb":1}}
{"t":"2026-10-01T16:18:10.038Z","level":"info","msg":"task start","taskId":"f4e48205-1d19-4e73-946d-b95ed326e17b","taskType":"discover","data":{"id":"f4e48205-1d19-4e73-946d-b95ed326e17b","type":"discover","attempt":1,"workerId":"test","commit":null,"readyWaitMs":9,"heapUsedMb":128,"heapLimitMb":4144,"rssMb":177}}
{"t":"2026-10-01T16:18:10.207Z","level":"info","msg":"discovery finished","taskId":"f4e48205-1d19-4e73-946d-b95ed326e17b","taskType":"discover","data":{"company":"acme.example","outcome":"resolved","fetches":3,"best":"ats_link"}}
{"t":"2026-10-01T16:18:10.211Z","level":"info","msg":"task done","taskId":"f4e48205-1d19-4e73-946d-b95ed326e17b","taskType":"discover","data":{"id":"f4e48205-1d19-4e73-946d-b95ed326e17b","type":"discover","ms":173,"heapUsedMb":121,"heapDeltaMb":-7,"heapLimitMb":4144,"rssMb":178,"rssDeltaMb":1}}
{"t":"2026-10-01T16:18:10.213Z","level":"info","msg":"task start","taskId":"3bdebf9d-1569-400b-bfc1-f2a0870ee6f9","taskType":"scan_company","data":{"id":"3bdebf9d-1569-400b-bfc1-f2a0870ee6f9","type":"scan_company","attempt":1,"workerId":"test","commit":null,"readyWaitMs":15,"heapUsedMb":121,"heapLimitMb":4144,"rssMb":178}}
{"t":"2026-10-01T16:18:10.400Z","level":"info","msg":"source scanned","taskId":"3bdebf9d-1569-400b-bfc1-f2a0870ee6f9","taskType":"scan_company","data":{"company":"Acme Robotics","type":"greenhouse","status":"ok","postings":5,"new":5,"closed":0,"followers":1,"deferredDescriptions":0,"reusedListing":false,"claimFetchedBytes":1452,"claimRequests":3,"claimRevalidated":0,"heapUsedMb":123,"ms":182}}
{"t":"2026-10-01T16:18:10.414Z","level":"info","msg":"task done","taskId":"3bdebf9d-1569-400b-bfc1-f2a0870ee6f9","taskType":"scan_company","data":{"id":"3bdebf9d-1569-400b-bfc1-f2a0870ee6f9","type":"scan_company","ms":201,"heapUsedMb":124,"heapDeltaMb":3,"heapLimitMb":4144,"rssMb":179,"rssDeltaMb":1}}
{"t":"2026-10-01T16:18:10.417Z","level":"info","msg":"task start","taskId":"35e9d379-c421-4fde-90e9-f1ea52c601dd","taskType":"fetch_description","data":{"id":"35e9d379-c421-4fde-90e9-f1ea52c601dd","type":"fetch_description","attempt":1,"workerId":"test","commit":null,"readyWaitMs":57,"heapUsedMb":124,"heapLimitMb":4144,"rssMb":179}}
{"t":"2026-10-01T16:18:10.437Z","level":"info","msg":"task done","taskId":"35e9d379-c421-4fde-90e9-f1ea52c601dd","taskType":"fetch_description","data":{"id":"35e9d379-c421-4fde-90e9-f1ea52c601dd","type":"fetch_description","ms":20,"heapUsedMb":125,"heapDeltaMb":1,"heapLimitMb":4144,"rssMb":179,"rssDeltaMb":0}}
{"t":"2026-10-01T16:18:10.439Z","level":"info","msg":"task start","taskId":"fabeafbb-512d-4448-9098-9d727243267e","taskType":"fetch_description","data":{"id":"fabeafbb-512d-4448-9098-9d727243267e","type":"fetch_description","attempt":1,"workerId":"test","commit":null,"readyWaitMs":79,"heapUsedMb":125,"heapLimitMb":4144,"rssMb":179}}
{"t":"2026-10-01T16:18:10.499Z","level":"info","msg":"task done","taskId":"fabeafbb-512d-4448-9098-9d727243267e","taskType":"fetch_description","data":{"id":"fabeafbb-512d-4448-9098-9d727243267e","type":"fetch_description","ms":60,"heapUsedMb":126,"heapDeltaMb":1,"heapLimitMb":4144,"rssMb":179,"rssDeltaMb":0}}
{"t":"2026-10-01T16:18:10.502Z","level":"info","msg":"task start","taskId":"5311adb2-c77b-47e2-b7a9-b64f9917425c","taskType":"fetch_description","data":{"id":"5311adb2-c77b-47e2-b7a9-b64f9917425c","type":"fetch_description","attempt":1,"workerId":"test","commit":null,"readyWaitMs":142,"heapUsedMb":126,"heapLimitMb":4144,"rssMb":179}}
{"t":"2026-10-01T16:18:10.544Z","level":"info","msg":"task done","taskId":"5311adb2-c77b-47e2-b7a9-b64f9917425c","taskType":"fetch_description","data":{"id":"5311adb2-c77b-47e2-b7a9-b64f9917425c","type":"fetch_description","ms":42,"heapUsedMb":128,"heapDeltaMb":2,"heapLimitMb":4144,"rssMb":179,"rssDeltaMb":0}}
{"t":"2026-10-01T16:18:10.547Z","level":"info","msg":"task start","taskId":"2cbfc7b4-9908-4d0b-8032-3775bf21d1b1","taskType":"fetch_description","data":{"id":"2cbfc7b4-9908-4d0b-8032-3775bf21d1b1","type":"fetch_description","attempt":1,"workerId":"test","commit":null,"readyWaitMs":187,"heapUsedMb":128,"heapLimitMb":4144,"rssMb":179}}
{"t":"2026-10-01T16:18:10.589Z","level":"info","msg":"task done","taskId":"2cbfc7b4-9908-4d0b-8032-3775bf21d1b1","taskType":"fetch_description","data":{"id":"2cbfc7b4-9908-4d0b-8032-3775bf21d1b1","type":"fetch_description","ms":42,"heapUsedMb":129,"heapDeltaMb":1,"heapLimitMb":4144,"rssMb":179,"rssDeltaMb":0}}
{"t":"2026-10-01T16:18:10.593Z","level":"info","msg":"task start","taskId":"4638feb5-4d97-4d2e-a8fe-23317a2ecd0b","taskType":"discover","data":{"id":"4638feb5-4d97-4d2e-a8fe-23317a2ecd0b","type":"discover","attempt":1,"workerId":"test","commit":null,"readyWaitMs":555,"heapUsedMb":129,"heapLimitMb":4144,"rssMb":179}}
{"t":"2026-10-01T16:18:10.648Z","level":"warn","msg":"logo re-encode failed; the original is kept","taskId":"4638feb5-4d97-4d2e-a8fe-23317a2ecd0b","taskType":"discover","data":{"error":"Input buffer has corrupt header:","bytes":400}}
{"t":"2026-10-01T16:18:10.656Z","level":"info","msg":"logo captured","taskId":"4638feb5-4d97-4d2e-a8fe-23317a2ecd0b","taskType":"discover","data":{"company":"Acme Robotics","source":"site_icon","sourceUrl":"https://www.acme.example/favicon.png","bytes":400,"contentType":"image/png"}}
{"t":"2026-10-01T16:18:10.658Z","level":"info","msg":"task done","taskId":"4638feb5-4d97-4d2e-a8fe-23317a2ecd0b","taskType":"discover","data":{"id":"4638feb5-4d97-4d2e-a8fe-23317a2ecd0b","type":"discover","ms":66,"heapUsedMb":130,"heapDeltaMb":1,"heapLimitMb":4144,"rssMb":179,"rssDeltaMb":0}}
{"t":"2026-10-01T16:18:10.920Z","level":"info","msg":"slow database query","taskId":"c18b5388-73ea-45db-8d07-7609f028ebad","taskType":"scan_company","data":{"durationMs":259,"statement":"truncate users, companies, career_sources, discovery_runs, scan_runs, scans, jobs, job_events, decisions, tasks, setting"}}
{"t":"2026-10-01T16:18:10.959Z","level":"info","msg":"task start","taskId":"12062704-59fd-4d94-9a5c-ed9a14fc4ded","taskType":"discover","data":{"id":"12062704-59fd-4d94-9a5c-ed9a14fc4ded","type":"discover","attempt":1,"workerId":"test","commit":null,"readyWaitMs":12,"heapUsedMb":121,"heapLimitMb":4144,"rssMb":179}}
{"t":"2026-10-01T16:18:11.150Z","level":"info","msg":"discovery finished","taskId":"12062704-59fd-4d94-9a5c-ed9a14fc4ded","taskType":"discover","data":{"company":"acme.example","outcome":"resolved","fetches":3,"best":"ats_link"}}
{"t":"2026-10-01T16:18:11.158Z","level":"info","msg":"task done","taskId":"12062704-59fd-4d94-9a5c-ed9a14fc4ded","taskType":"discover","data":{"id":"12062704-59fd-4d94-9a5c-ed9a14fc4ded","type":"discover","ms":199,"heapUsedMb":125,"heapDeltaMb":4,"heapLimitMb":4144,"rssMb":176,"rssDeltaMb":-3}}
{"t":"2026-10-01T16:18:11.163Z","level":"info","msg":"task start","taskId":"dc57f057-6f86-4004-9dde-612c75d53ce9","taskType":"scan_company","data":{"id":"dc57f057-6f86-4004-9dde-612c75d53ce9","type":"scan_company","attempt":1,"workerId":"test","commit":null,"readyWaitMs":26,"heapUsedMb":125,"heapLimitMb":4144,"rssMb":176}}
{"t":"2026-10-01T16:18:11.355Z","level":"info","msg":"source scanned","taskId":"dc57f057-6f86-4004-9dde-612c75d53ce9","taskType":"scan_company","data":{"company":"Acme Robotics","type":"greenhouse","status":"ok","postings":5,"new":5,"closed":0,"followers":1,"deferredDescriptions":0,"reusedListing":false,"claimFetchedBytes":1452,"claimRequests":3,"claimRevalidated":0,"heapUsedMb":127,"ms":176}}
{"t":"2026-10-01T16:18:11.377Z","level":"info","msg":"task done","taskId":"dc57f057-6f86-4004-9dde-612c75d53ce9","taskType":"scan_company","data":{"id":"dc57f057-6f86-4004-9dde-612c75d53ce9","type":"scan_company","ms":215,"heapUsedMb":128,"heapDeltaMb":3,"heapLimitMb":4144,"rssMb":168,"rssDeltaMb":-8}}
{"t":"2026-10-01T16:18:11.385Z","level":"info","msg":"task start","taskId":"5805f01c-10b3-44a6-bbe6-10841b2cc2a2","taskType":"fetch_description","data":{"id":"5805f01c-10b3-44a6-bbe6-10841b2cc2a2","type":"fetch_description","attempt":1,"workerId":"test","commit":null,"readyWaitMs":77,"heapUsedMb":128,"heapLimitMb":4144,"rssMb":168}}
{"t":"2026-10-01T16:18:11.425Z","level":"info","msg":"task done","taskId":"5805f01c-10b3-44a6-bbe6-10841b2cc2a2","taskType":"fetch_description","data":{"id":"5805f01c-10b3-44a6-bbe6-10841b2cc2a2","type":"fetch_description","ms":40,"heapUsedMb":129,"heapDeltaMb":1,"heapLimitMb":4144,"rssMb":168,"rssDeltaMb":0}}
{"t":"2026-10-01T16:18:11.431Z","level":"info","msg":"task start","taskId":"cd3329ad-2f8e-4e9e-b5b7-767d5d237b6b","taskType":"fetch_description","data":{"id":"cd3329ad-2f8e-4e9e-b5b7-767d5d237b6b","type":"fetch_description","attempt":1,"workerId":"test","commit":null,"readyWaitMs":123,"heapUsedMb":129,"heapLimitMb":4144,"rssMb":167}}
{"t":"2026-10-01T16:18:11.471Z","level":"info","msg":"task done","taskId":"cd3329ad-2f8e-4e9e-b5b7-767d5d237b6b","taskType":"fetch_description","data":{"id":"cd3329ad-2f8e-4e9e-b5b7-767d5d237b6b","type":"fetch_description","ms":41,"heapUsedMb":130,"heapDeltaMb":1,"heapLimitMb":4144,"rssMb":167,"rssDeltaMb":0}}
{"t":"2026-10-01T16:18:11.475Z","level":"info","msg":"task start","taskId":"6631e345-4a01-4d59-9651-0d843ed134c8","taskType":"fetch_description","data":{"id":"6631e345-4a01-4d59-9651-0d843ed134c8","type":"fetch_description","attempt":1,"workerId":"test","commit":null,"readyWaitMs":167,"heapUsedMb":130,"heapLimitMb":4144,"rssMb":167}}
{"t":"2026-10-01T16:18:11.523Z","level":"info","msg":"task done","taskId":"6631e345-4a01-4d59-9651-0d843ed134c8","taskType":"fetch_description","data":{"id":"6631e345-4a01-4d59-9651-0d843ed134c8","type":"fetch_description","ms":48,"heapUsedMb":131,"heapDeltaMb":1,"heapLimitMb":4144,"rssMb":165,"rssDeltaMb":-2}}
{"t":"2026-10-01T16:18:11.528Z","level":"info","msg":"task start","taskId":"7700e3b9-a84a-4ce6-adb4-704e43c8930d","taskType":"fetch_description","data":{"id":"7700e3b9-a84a-4ce6-adb4-704e43c8930d","type":"fetch_description","attempt":1,"workerId":"test","commit":null,"readyWaitMs":220,"heapUsedMb":132,"heapLimitMb":4144,"rssMb":165}}
{"t":"2026-10-01T16:18:11.559Z","level":"info","msg":"task done","taskId":"7700e3b9-a84a-4ce6-adb4-704e43c8930d","taskType":"fetch_description","data":{"id":"7700e3b9-a84a-4ce6-adb4-704e43c8930d","type":"fetch_description","ms":31,"heapUsedMb":123,"heapDeltaMb":-9,"heapLimitMb":4144,"rssMb":166,"rssDeltaMb":1}}
{"t":"2026-10-01T16:18:11.561Z","level":"info","msg":"task start","taskId":"f29d088c-33cd-4f05-b31b-349815dc8028","taskType":"discover","data":{"id":"f29d088c-33cd-4f05-b31b-349815dc8028","type":"discover","attempt":1,"workerId":"test","commit":null,"readyWaitMs":599,"heapUsedMb":123,"heapLimitMb":4144,"rssMb":166}}
{"t":"2026-10-01T16:18:11.615Z","level":"warn","msg":"logo re-encode failed; the original is kept","taskId":"f29d088c-33cd-4f05-b31b-349815dc8028","taskType":"discover","data":{"error":"Input buffer has corrupt header:","bytes":400}}
{"t":"2026-10-01T16:18:11.622Z","level":"info","msg":"logo captured","taskId":"f29d088c-33cd-4f05-b31b-349815dc8028","taskType":"discover","data":{"company":"Acme Robotics","source":"site_icon","sourceUrl":"https://www.acme.example/favicon.png","bytes":400,"contentType":"image/png"}}
{"t":"2026-10-01T16:18:11.625Z","level":"info","msg":"task done","taskId":"f29d088c-33cd-4f05-b31b-349815dc8028","taskType":"discover","data":{"id":"f29d088c-33cd-4f05-b31b-349815dc8028","type":"discover","ms":64,"heapUsedMb":124,"heapDeltaMb":1,"heapLimitMb":4144,"rssMb":166,"rssDeltaMb":0}}
{"t":"2026-10-01T16:18:11.630Z","level":"info","msg":"task start","taskId":"eb1d3349-91dc-4909-80ec-cdb03c25d175","taskType":"scan_company","data":{"id":"eb1d3349-91dc-4909-80ec-cdb03c25d175","type":"scan_company","attempt":1,"workerId":"test","commit":null,"readyWaitMs":5,"heapUsedMb":124,"heapLimitMb":4144,"rssMb":166}}
{"t":"2026-10-01T16:18:11.757Z","level":"info","msg":"source scanned","taskId":"eb1d3349-91dc-4909-80ec-cdb03c25d175","taskType":"scan_company","data":{"company":"Acme Robotics","type":"greenhouse","status":"ok","postings":4,"new":0,"closed":0,"followers":1,"deferredDescriptions":0,"reusedListing":false,"claimFetchedBytes":1162,"claimRequests":3,"claimRevalidated":0,"heapUsedMb":126,"ms":120}}
{"t":"2026-10-01T16:18:11.762Z","level":"info","msg":"task done","taskId":"eb1d3349-91dc-4909-80ec-cdb03c25d175","taskType":"scan_company","data":{"id":"eb1d3349-91dc-4909-80ec-cdb03c25d175","type":"scan_company","ms":132,"heapUsedMb":127,"heapDeltaMb":3,"heapLimitMb":4144,"rssMb":167,"rssDeltaMb":1}}
{"t":"2026-10-01T16:18:11.766Z","level":"info","msg":"task start","taskId":"6b3495ec-aa2c-48b1-a3a3-a81aeb404c88","taskType":"scan_company","data":{"id":"6b3495ec-aa2c-48b1-a3a3-a81aeb404c88","type":"scan_company","attempt":1,"workerId":"test","commit":null,"readyWaitMs":4,"heapUsedMb":127,"heapLimitMb":4144,"rssMb":167}}
{"t":"2026-10-01T16:18:11.917Z","level":"info","msg":"source scanned","taskId":"6b3495ec-aa2c-48b1-a3a3-a81aeb404c88","taskType":"scan_company","data":{"company":"Acme Robotics","type":"greenhouse","status":"ok","postings":4,"new":0,"closed":1,"followers":1,"deferredDescriptions":0,"reusedListing":false,"claimFetchedBytes":1162,"claimRequests":3,"claimRevalidated":0,"heapUsedMb":130,"ms":148}}
{"t":"2026-10-01T16:18:11.930Z","level":"info","msg":"task done","taskId":"6b3495ec-aa2c-48b1-a3a3-a81aeb404c88","taskType":"scan_company","data":{"id":"6b3495ec-aa2c-48b1-a3a3-a81aeb404c88","type":"scan_company","ms":164,"heapUsedMb":130,"heapDeltaMb":3,"heapLimitMb":4144,"rssMb":167,"rssDeltaMb":0}}
{"t":"2026-10-01T16:18:12.133Z","level":"info","msg":"task start","taskId":"35a130c3-9da0-4fc5-a403-22ac943c88da","taskType":"discover","data":{"id":"35a130c3-9da0-4fc5-a403-22ac943c88da","type":"discover","attempt":1,"workerId":"test","commit":null,"readyWaitMs":6,"heapUsedMb":131,"heapLimitMb":4144,"rssMb":166}}
{"t":"2026-10-01T16:18:12.302Z","level":"info","msg":"discovery finished","taskId":"35a130c3-9da0-4fc5-a403-22ac943c88da","taskType":"discover","data":{"company":"acme.example","outcome":"resolved","fetches":3,"best":"ats_link"}}
{"t":"2026-10-01T16:18:12.304Z","level":"info","msg":"task done","taskId":"35a130c3-9da0-4fc5-a403-22ac943c88da","taskType":"discover","data":{"id":"35a130c3-9da0-4fc5-a403-22ac943c88da","type":"discover","ms":171,"heapUsedMb":135,"heapDeltaMb":4,"heapLimitMb":4144,"rssMb":158,"rssDeltaMb":-8}}
{"t":"2026-10-01T16:18:12.307Z","level":"info","msg":"task start","taskId":"3e1e1433-b1de-4501-9cae-efec7a13b1c8","taskType":"scan_company","data":{"id":"3e1e1433-b1de-4501-9cae-efec7a13b1c8","type":"scan_company","attempt":1,"workerId":"test","commit":null,"readyWaitMs":13,"heapUsedMb":125,"heapLimitMb":4144,"rssMb":159}}
{"t":"2026-10-01T16:18:12.476Z","level":"info","msg":"source scanned","taskId":"3e1e1433-b1de-4501-9cae-efec7a13b1c8","taskType":"scan_company","data":{"company":"Acme Robotics","type":"greenhouse","status":"ok","postings":5,"new":5,"closed":0,"followers":1,"deferredDescriptions":0,"reusedListing":false,"claimFetchedBytes":1452,"claimRequests":3,"claimRevalidated":0,"heapUsedMb":127,"ms":161}}
{"t":"2026-10-01T16:18:12.483Z","level":"info","msg":"task done","taskId":"3e1e1433-b1de-4501-9cae-efec7a13b1c8","taskType":"scan_company","data":{"id":"3e1e1433-b1de-4501-9cae-efec7a13b1c8","type":"scan_company","ms":177,"heapUsedMb":128,"heapDeltaMb":3,"heapLimitMb":4144,"rssMb":159,"rssDeltaMb":0}}
{"t":"2026-10-01T16:18:12.485Z","level":"info","msg":"task start","taskId":"7f3e9653-f6cd-4991-92bb-a30115e06d19","taskType":"fetch_description","data":{"id":"7f3e9653-f6cd-4991-92bb-a30115e06d19","type":"fetch_description","attempt":1,"workerId":"test","commit":null,"readyWaitMs":27,"heapUsedMb":128,"heapLimitMb":4144,"rssMb":159}}
{"t":"2026-10-01T16:18:12.499Z","level":"info","msg":"task done","taskId":"7f3e9653-f6cd-4991-92bb-a30115e06d19","taskType":"fetch_description","data":{"id":"7f3e9653-f6cd-4991-92bb-a30115e06d19","type":"fetch_description","ms":14,"heapUsedMb":129,"heapDeltaMb":1,"heapLimitMb":4144,"rssMb":159,"rssDeltaMb":0}}
{"t":"2026-10-01T16:18:12.500Z","level":"info","msg":"task start","taskId":"743be927-68f1-4e3c-8525-2e50b1360d34","taskType":"fetch_description","data":{"id":"743be927-68f1-4e3c-8525-2e50b1360d34","type":"fetch_description","attempt":1,"workerId":"test","commit":null,"readyWaitMs":42,"heapUsedMb":129,"heapLimitMb":4144,"rssMb":159}}
{"t":"2026-10-01T16:18:12.552Z","level":"info","msg":"task done","taskId":"743be927-68f1-4e3c-8525-2e50b1360d34","taskType":"fetch_description","data":{"id":"743be927-68f1-4e3c-8525-2e50b1360d34","type":"fetch_description","ms":52,"heapUsedMb":130,"heapDeltaMb":1,"heapLimitMb":4144,"rssMb":159,"rssDeltaMb":0}}
{"t":"2026-10-01T16:18:12.553Z","level":"info","msg":"task start","taskId":"ae4a1c55-a589-4ac8-b6f8-51a4e1465278","taskType":"fetch_description","data":{"id":"ae4a1c55-a589-4ac8-b6f8-51a4e1465278","type":"fetch_description","attempt":1,"workerId":"test","commit":null,"readyWaitMs":95,"heapUsedMb":130,"heapLimitMb":4144,"rssMb":159}}
{"t":"2026-10-01T16:18:12.603Z","level":"info","msg":"task done","taskId":"ae4a1c55-a589-4ac8-b6f8-51a4e1465278","taskType":"fetch_description","data":{"id":"ae4a1c55-a589-4ac8-b6f8-51a4e1465278","type":"fetch_description","ms":49,"heapUsedMb":132,"heapDeltaMb":2,"heapLimitMb":4144,"rssMb":159,"rssDeltaMb":0}}
{"t":"2026-10-01T16:18:12.604Z","level":"info","msg":"task start","taskId":"ff52e725-e1c4-4f4e-9499-f7034c99de39","taskType":"fetch_description","data":{"id":"ff52e725-e1c4-4f4e-9499-f7034c99de39","type":"fetch_description","attempt":1,"workerId":"test","commit":null,"readyWaitMs":146,"heapUsedMb":132,"heapLimitMb":4144,"rssMb":159}}
{"t":"2026-10-01T16:18:12.654Z","level":"info","msg":"task done","taskId":"ff52e725-e1c4-4f4e-9499-f7034c99de39","taskType":"fetch_description","data":{"id":"ff52e725-e1c4-4f4e-9499-f7034c99de39","type":"fetch_description","ms":50,"heapUsedMb":133,"heapDeltaMb":1,"heapLimitMb":4144,"rssMb":159,"rssDeltaMb":0}}
{"t":"2026-10-01T16:18:12.655Z","level":"info","msg":"task start","taskId":"c91513ff-890e-4bf4-a2f1-66e77e7470d4","taskType":"discover","data":{"id":"c91513ff-890e-4bf4-a2f1-66e77e7470d4","type":"discover","attempt":1,"workerId":"test","commit":null,"readyWaitMs":522,"heapUsedMb":133,"heapLimitMb":4144,"rssMb":159}}
{"t":"2026-10-01T16:18:12.708Z","level":"warn","msg":"logo re-encode failed; the original is kept","taskId":"c91513ff-890e-4bf4-a2f1-66e77e7470d4","taskType":"discover","data":{"error":"Input buffer has corrupt header:","bytes":400}}
{"t":"2026-10-01T16:18:12.716Z","level":"info","msg":"logo captured","taskId":"c91513ff-890e-4bf4-a2f1-66e77e7470d4","taskType":"discover","data":{"company":"Acme Robotics","source":"site_icon","sourceUrl":"https://www.acme.example/favicon.png","bytes":400,"contentType":"image/png"}}
{"t":"2026-10-01T16:18:12.718Z","level":"info","msg":"task done","taskId":"c91513ff-890e-4bf4-a2f1-66e77e7470d4","taskType":"discover","data":{"id":"c91513ff-890e-4bf4-a2f1-66e77e7470d4","type":"discover","ms":63,"heapUsedMb":134,"heapDeltaMb":1,"heapLimitMb":4144,"rssMb":160,"rssDeltaMb":1}}
{"t":"2026-10-01T16:18:12.721Z","level":"info","msg":"task start","taskId":"d6f47835-7b38-47b3-a82f-ba977bd2b501","taskType":"scan_company","data":{"id":"d6f47835-7b38-47b3-a82f-ba977bd2b501","type":"scan_company","attempt":1,"workerId":"test","commit":null,"readyWaitMs":3,"heapUsedMb":134,"heapLimitMb":4144,"rssMb":160}}
{"t":"2026-10-01T16:18:12.737Z","level":"info","msg":"source scanned","taskId":"d6f47835-7b38-47b3-a82f-ba977bd2b501","taskType":"scan_company","data":{"company":"Acme Robotics","type":"greenhouse","status":"failed","postings":0,"new":0,"closed":0,"followers":1,"deferredDescriptions":0,"reusedListing":false,"claimFetchedBytes":16,"claimRequests":1,"claimRevalidated":0,"heapUsedMb":136,"ms":12}}
{"t":"2026-10-01T16:18:12.743Z","level":"info","msg":"task done","taskId":"d6f47835-7b38-47b3-a82f-ba977bd2b501","taskType":"scan_company","data":{"id":"d6f47835-7b38-47b3-a82f-ba977bd2b501","type":"scan_company","ms":22,"heapUsedMb":136,"heapDeltaMb":2,"heapLimitMb":4144,"rssMb":160,"rssDeltaMb":0}}
{"t":"2026-10-01T16:18:12.748Z","level":"info","msg":"task start","taskId":"2960f6a2-2865-41af-a291-931abd549d8b","taskType":"scan_company","data":{"id":"2960f6a2-2865-41af-a291-931abd549d8b","type":"scan_company","attempt":1,"workerId":"test","commit":null,"readyWaitMs":5,"heapUsedMb":127,"heapLimitMb":4144,"rssMb":161}}
{"t":"2026-10-01T16:18:12.787Z","level":"info","msg":"source scanned","taskId":"2960f6a2-2865-41af-a291-931abd549d8b","taskType":"scan_company","data":{"company":"Acme Robotics","type":"greenhouse","status":"failed","postings":0,"new":0,"closed":0,"followers":1,"deferredDescriptions":0,"reusedListing":false,"claimFetchedBytes":16,"claimRequests":1,"claimRevalidated":0,"heapUsedMb":79,"ms":34}}
{"t":"2026-10-01T16:18:12.791Z","level":"info","msg":"task done","taskId":"2960f6a2-2865-41af-a291-931abd549d8b","taskType":"scan_company","data":{"id":"2960f6a2-2865-41af-a291-931abd549d8b","type":"scan_company","ms":43,"heapUsedMb":79,"heapDeltaMb":-48,"heapLimitMb":4144,"rssMb":172,"rssDeltaMb":11}}
{"t":"2026-10-01T16:18:12.948Z","level":"info","msg":"task start","taskId":"a8e6e2ba-fbc5-40c1-8546-a3032e624aa8","taskType":"discover","data":{"id":"a8e6e2ba-fbc5-40c1-8546-a3032e624aa8","type":"discover","attempt":1,"workerId":"test","commit":null,"readyWaitMs":5,"heapUsedMb":81,"heapLimitMb":4144,"rssMb":172}}
{"t":"2026-10-01T16:18:13.113Z","level":"info","msg":"discovery finished","taskId":"a8e6e2ba-fbc5-40c1-8546-a3032e624aa8","taskType":"discover","data":{"company":"acme.example","outcome":"resolved","fetches":3,"best":"ats_link"}}
{"t":"2026-10-01T16:18:13.115Z","level":"info","msg":"task done","taskId":"a8e6e2ba-fbc5-40c1-8546-a3032e624aa8","taskType":"discover","data":{"id":"a8e6e2ba-fbc5-40c1-8546-a3032e624aa8","type":"discover","ms":168,"heapUsedMb":84,"heapDeltaMb":3,"heapLimitMb":4144,"rssMb":172,"rssDeltaMb":0}}
{"t":"2026-10-01T16:18:13.116Z","level":"info","msg":"task start","taskId":"40606883-47f2-4f1a-8d3e-136dcd30b747","taskType":"scan_company","data":{"id":"40606883-47f2-4f1a-8d3e-136dcd30b747","type":"scan_company","attempt":1,"workerId":"test","commit":null,"readyWaitMs":10,"heapUsedMb":84,"heapLimitMb":4144,"rssMb":172}}
{"t":"2026-10-01T16:18:13.288Z","level":"info","msg":"source scanned","taskId":"40606883-47f2-4f1a-8d3e-136dcd30b747","taskType":"scan_company","data":{"company":"Acme Robotics","type":"greenhouse","status":"ok","postings":5,"new":5,"closed":0,"followers":1,"deferredDescriptions":0,"reusedListing":false,"claimFetchedBytes":1452,"claimRequests":3,"claimRevalidated":0,"heapUsedMb":87,"ms":167}}
{"t":"2026-10-01T16:18:13.299Z","level":"info","msg":"task done","taskId":"40606883-47f2-4f1a-8d3e-136dcd30b747","taskType":"scan_company","data":{"id":"40606883-47f2-4f1a-8d3e-136dcd30b747","type":"scan_company","ms":183,"heapUsedMb":87,"heapDeltaMb":3,"heapLimitMb":4144,"rssMb":172,"rssDeltaMb":0}}
{"t":"2026-10-01T16:18:13.301Z","level":"info","msg":"task start","taskId":"4a822f30-72cb-4308-9b33-0136f13f6180","taskType":"fetch_description","data":{"id":"4a822f30-72cb-4308-9b33-0136f13f6180","type":"fetch_description","attempt":1,"workerId":"test","commit":null,"readyWaitMs":31,"heapUsedMb":87,"heapLimitMb":4144,"rssMb":172}}
{"t":"2026-10-01T16:18:13.322Z","level":"info","msg":"task done","taskId":"4a822f30-72cb-4308-9b33-0136f13f6180","taskType":"fetch_description","data":{"id":"4a822f30-72cb-4308-9b33-0136f13f6180","type":"fetch_description","ms":21,"heapUsedMb":88,"heapDeltaMb":1,"heapLimitMb":4144,"rssMb":172,"rssDeltaMb":0}}
{"t":"2026-10-01T16:18:13.325Z","level":"info","msg":"task start","taskId":"345609e6-3400-4e04-a561-2ceadb3ec869","taskType":"fetch_description","data":{"id":"345609e6-3400-4e04-a561-2ceadb3ec869","type":"fetch_description","attempt":1,"workerId":"test","commit":null,"readyWaitMs":55,"heapUsedMb":89,"heapLimitMb":4144,"rssMb":172}}
{"t":"2026-10-01T16:18:13.374Z","level":"info","msg":"task done","taskId":"345609e6-3400-4e04-a561-2ceadb3ec869","taskType":"fetch_description","data":{"id":"345609e6-3400-4e04-a561-2ceadb3ec869","type":"fetch_description","ms":50,"heapUsedMb":90,"heapDeltaMb":1,"heapLimitMb":4144,"rssMb":172,"rssDeltaMb":0}}
{"t":"2026-10-01T16:18:13.376Z","level":"info","msg":"task start","taskId":"6c1acf39-f887-4be0-95c6-af7e88c7231b","taskType":"fetch_description","data":{"id":"6c1acf39-f887-4be0-95c6-af7e88c7231b","type":"fetch_description","attempt":1,"workerId":"test","commit":null,"readyWaitMs":106,"heapUsedMb":90,"heapLimitMb":4144,"rssMb":172}}
{"t":"2026-10-01T16:18:13.422Z","level":"info","msg":"task done","taskId":"6c1acf39-f887-4be0-95c6-af7e88c7231b","taskType":"fetch_description","data":{"id":"6c1acf39-f887-4be0-95c6-af7e88c7231b","type":"fetch_description","ms":46,"heapUsedMb":80,"heapDeltaMb":-10,"heapLimitMb":4144,"rssMb":172,"rssDeltaMb":0}}
{"t":"2026-10-01T16:18:13.423Z","level":"info","msg":"task start","taskId":"65ffd9ea-83a8-4e68-8cf3-4a4ca6fe4c77","taskType":"fetch_description","data":{"id":"65ffd9ea-83a8-4e68-8cf3-4a4ca6fe4c77","type":"fetch_description","attempt":1,"workerId":"test","commit":null,"readyWaitMs":153,"heapUsedMb":80,"heapLimitMb":4144,"rssMb":172}}
{"t":"2026-10-01T16:18:13.468Z","level":"info","msg":"task done","taskId":"65ffd9ea-83a8-4e68-8cf3-4a4ca6fe4c77","taskType":"fetch_description","data":{"id":"65ffd9ea-83a8-4e68-8cf3-4a4ca6fe4c77","type":"fetch_description","ms":45,"heapUsedMb":81,"heapDeltaMb":1,"heapLimitMb":4144,"rssMb":172,"rssDeltaMb":0}}
{"t":"2026-10-01T16:18:13.469Z","level":"info","msg":"task start","taskId":"77b9823c-aa47-4315-913e-9259695d7f0d","taskType":"discover","data":{"id":"77b9823c-aa47-4315-913e-9259695d7f0d","type":"discover","attempt":1,"workerId":"test","commit":null,"readyWaitMs":522,"heapUsedMb":81,"heapLimitMb":4144,"rssMb":172}}
{"t":"2026-10-01T16:18:13.522Z","level":"warn","msg":"logo re-encode failed; the original is kept","taskId":"77b9823c-aa47-4315-913e-9259695d7f0d","taskType":"discover","data":{"error":"Input buffer has corrupt header:","bytes":400}}
{"t":"2026-10-01T16:18:13.526Z","level":"info","msg":"logo captured","taskId":"77b9823c-aa47-4315-913e-9259695d7f0d","taskType":"discover","data":{"company":"Acme Robotics","source":"site_icon","sourceUrl":"https://www.acme.example/favicon.png","bytes":400,"contentType":"image/png"}}
{"t":"2026-10-01T16:18:13.527Z","level":"info","msg":"task done","taskId":"77b9823c-aa47-4315-913e-9259695d7f0d","taskType":"discover","data":{"id":"77b9823c-aa47-4315-913e-9259695d7f0d","type":"discover","ms":58,"heapUsedMb":82,"heapDeltaMb":1,"heapLimitMb":4144,"rssMb":172,"rssDeltaMb":0}}
{"t":"2026-10-01T16:18:13.531Z","level":"info","msg":"task start","taskId":"42bb0214-4bfe-47d0-a122-0d841b4637c9","taskType":"scan_company","data":{"id":"42bb0214-4bfe-47d0-a122-0d841b4637c9","type":"scan_company","attempt":1,"workerId":"test","commit":null,"readyWaitMs":4,"heapUsedMb":82,"heapLimitMb":4144,"rssMb":172}}
{"t":"2026-10-01T16:18:13.663Z","level":"info","msg":"source scanned","taskId":"42bb0214-4bfe-47d0-a122-0d841b4637c9","taskType":"scan_company","data":{"company":"Acme Robotics","type":"greenhouse","status":"ok","postings":4,"new":0,"closed":0,"followers":1,"deferredDescriptions":0,"reusedListing":false,"claimFetchedBytes":1162,"claimRequests":3,"claimRevalidated":0,"heapUsedMb":85,"ms":128}}
{"t":"2026-10-01T16:18:13.668Z","level":"info","msg":"task done","taskId":"42bb0214-4bfe-47d0-a122-0d841b4637c9","taskType":"scan_company","data":{"id":"42bb0214-4bfe-47d0-a122-0d841b4637c9","type":"scan_company","ms":137,"heapUsedMb":85,"heapDeltaMb":3,"heapLimitMb":4144,"rssMb":172,"rssDeltaMb":0}}
{"t":"2026-10-01T16:18:13.673Z","level":"info","msg":"task start","taskId":"cd9b7cf7-03d8-40a7-9ba9-24f95bd4c8d6","taskType":"scan_company","data":{"id":"cd9b7cf7-03d8-40a7-9ba9-24f95bd4c8d6","type":"scan_company","attempt":1,"workerId":"test","commit":null,"readyWaitMs":4,"heapUsedMb":85,"heapLimitMb":4144,"rssMb":172}}
{"t":"2026-10-01T16:18:13.817Z","level":"info","msg":"source scanned","taskId":"cd9b7cf7-03d8-40a7-9ba9-24f95bd4c8d6","taskType":"scan_company","data":{"company":"Acme Robotics","type":"greenhouse","status":"ok","postings":4,"new":0,"closed":1,"followers":1,"deferredDescriptions":0,"reusedListing":false,"claimFetchedBytes":1162,"claimRequests":3,"claimRevalidated":0,"heapUsedMb":88,"ms":141}}
{"t":"2026-10-01T16:18:13.826Z","level":"info","msg":"task done","taskId":"cd9b7cf7-03d8-40a7-9ba9-24f95bd4c8d6","taskType":"scan_company","data":{"id":"cd9b7cf7-03d8-40a7-9ba9-24f95bd4c8d6","type":"scan_company","ms":154,"heapUsedMb":88,"heapDeltaMb":3,"heapLimitMb":4144,"rssMb":172,"rssDeltaMb":0}}
{"t":"2026-10-01T16:18:13.831Z","level":"info","msg":"task start","taskId":"23009b15-d50a-4245-8c41-bf75b85cfd7f","taskType":"scan_company","data":{"id":"23009b15-d50a-4245-8c41-bf75b85cfd7f","type":"scan_company","attempt":1,"workerId":"test","commit":null,"readyWaitMs":5,"heapUsedMb":88,"heapLimitMb":4144,"rssMb":172}}
{"t":"2026-10-01T16:18:13.955Z","level":"info","msg":"source scanned","taskId":"23009b15-d50a-4245-8c41-bf75b85cfd7f","taskType":"scan_company","data":{"company":"Acme Robotics","type":"greenhouse","status":"ok","postings":5,"new":0,"closed":0,"followers":1,"deferredDescriptions":0,"reusedListing":false,"claimFetchedBytes":1452,"claimRequests":3,"claimRevalidated":0,"heapUsedMb":91,"ms":118}}
{"t":"2026-10-01T16:18:13.959Z","level":"info","msg":"task done","taskId":"23009b15-d50a-4245-8c41-bf75b85cfd7f","taskType":"scan_company","data":{"id":"23009b15-d50a-4245-8c41-bf75b85cfd7f","type":"scan_company","ms":128,"heapUsedMb":91,"heapDeltaMb":3,"heapLimitMb":4144,"rssMb":172,"rssDeltaMb":0}}
{"t":"2026-10-01T16:18:14.141Z","level":"info","msg":"task start","taskId":"e3aad869-d695-4c84-aa31-137b79032b4b","taskType":"discover","data":{"id":"e3aad869-d695-4c84-aa31-137b79032b4b","type":"discover","attempt":1,"workerId":"test","commit":null,"readyWaitMs":7,"heapUsedMb":83,"heapLimitMb":4144,"rssMb":173}}
{"t":"2026-10-01T16:18:14.911Z","level":"info","msg":"discovery finished","taskId":"e3aad869-d695-4c84-aa31-137b79032b4b","taskType":"discover","data":{"company":"orbital.example","outcome":"not_found","fetches":18}}
{"t":"2026-10-01T16:18:14.915Z","level":"info","msg":"task done","taskId":"e3aad869-d695-4c84-aa31-137b79032b4b","taskType":"discover","data":{"id":"e3aad869-d695-4c84-aa31-137b79032b4b","type":"discover","ms":774,"heapUsedMb":87,"heapDeltaMb":4,"heapLimitMb":4144,"rssMb":158,"rssDeltaMb":-15}}
{"t":"2026-10-01T16:18:14.917Z","level":"info","msg":"task start","taskId":"83ade910-37c0-47ab-85d4-e57bb79cae16","taskType":"discover","data":{"id":"83ade910-37c0-47ab-85d4-e57bb79cae16","type":"discover","attempt":1,"workerId":"test","commit":null,"readyWaitMs":776,"heapUsedMb":87,"heapLimitMb":4144,"rssMb":158}}
{"t":"2026-10-01T16:18:15.005Z","level":"info","msg":"logo capture failed","taskId":"83ade910-37c0-47ab-85d4-e57bb79cae16","taskType":"discover","data":{"company":"Orbital","error":"No usable icon found for orbital.example","tried":3,"attempts":1,"nextAttemptAt":"2026-09-05T07:00:00.000Z"}}
{"t":"2026-10-01T16:18:15.008Z","level":"info","msg":"task done","taskId":"83ade910-37c0-47ab-85d4-e57bb79cae16","taskType":"discover","data":{"id":"83ade910-37c0-47ab-85d4-e57bb79cae16","type":"discover","ms":91,"heapUsedMb":88,"heapDeltaMb":1,"heapLimitMb":4144,"rssMb":156,"rssDeltaMb":-2}}
{"t":"2026-10-01T16:18:15.186Z","level":"info","msg":"task start","taskId":"8d1c1fda-a588-42a4-b1b9-72d5bfe3c22d","taskType":"discover","data":{"id":"8d1c1fda-a588-42a4-b1b9-72d5bfe3c22d","type":"discover","attempt":1,"workerId":"test","commit":null,"readyWaitMs":6,"heapUsedMb":89,"heapLimitMb":4144,"rssMb":155}}
{"t":"2026-10-01T16:18:15.911Z","level":"info","msg":"discovery finished","taskId":"8d1c1fda-a588-42a4-b1b9-72d5bfe3c22d","taskType":"discover","data":{"company":"orbital.example","outcome":"not_found","fetches":18}}
{"t":"2026-10-01T16:18:15.919Z","level":"info","msg":"task done","taskId":"8d1c1fda-a588-42a4-b1b9-72d5bfe3c22d","taskType":"discover","data":{"id":"8d1c1fda-a588-42a4-b1b9-72d5bfe3c22d","type":"discover","ms":732,"heapUsedMb":84,"heapDeltaMb":-5,"heapLimitMb":4144,"rssMb":152,"rssDeltaMb":-3}}
{"t":"2026-10-01T16:18:15.924Z","level":"info","msg":"task start","taskId":"c2207e0c-b0ca-4c27-95c5-f26ab30e4883","taskType":"discover","data":{"id":"c2207e0c-b0ca-4c27-95c5-f26ab30e4883","type":"discover","attempt":1,"workerId":"test","commit":null,"readyWaitMs":738,"heapUsedMb":84,"heapLimitMb":4144,"rssMb":152}}
{"t":"2026-10-01T16:18:16.002Z","level":"info","msg":"logo capture failed","taskId":"c2207e0c-b0ca-4c27-95c5-f26ab30e4883","taskType":"discover","data":{"company":"Orbital","error":"No usable icon found for orbital.example","tried":3,"attempts":1,"nextAttemptAt":"2026-09-05T07:00:00.000Z"}}
{"t":"2026-10-01T16:18:16.005Z","level":"info","msg":"task done","taskId":"c2207e0c-b0ca-4c27-95c5-f26ab30e4883","taskType":"discover","data":{"id":"c2207e0c-b0ca-4c27-95c5-f26ab30e4883","type":"discover","ms":81,"heapUsedMb":85,"heapDeltaMb":1,"heapLimitMb":4144,"rssMb":151,"rssDeltaMb":-1}}
{"t":"2026-10-01T16:18:16.012Z","level":"info","msg":"task start","taskId":"d8fbe06f-47f2-4089-bb90-efa5f158740b","taskType":"discover","data":{"id":"d8fbe06f-47f2-4089-bb90-efa5f158740b","type":"discover","attempt":1,"workerId":"test","commit":null,"readyWaitMs":4,"heapUsedMb":85,"heapLimitMb":4144,"rssMb":151}}
{"t":"2026-10-01T16:18:16.088Z","level":"info","msg":"discovery finished","taskId":"d8fbe06f-47f2-4089-bb90-efa5f158740b","taskType":"discover","data":{"company":"Orbital","outcome":"resolved","fetches":0,"best":"pasted_ats"}}
{"t":"2026-10-01T16:18:16.091Z","level":"info","msg":"task done","taskId":"d8fbe06f-47f2-4089-bb90-efa5f158740b","taskType":"discover","data":{"id":"d8fbe06f-47f2-4089-bb90-efa5f158740b","type":"discover","ms":79,"heapUsedMb":86,"heapDeltaMb":1,"heapLimitMb":4144,"rssMb":149,"rssDeltaMb":-2}}
{"t":"2026-10-01T16:18:16.095Z","level":"info","msg":"task start","taskId":"ef0d8dd5-31df-4969-8271-5c1e26751430","taskType":"scan_company","data":{"id":"ef0d8dd5-31df-4969-8271-5c1e26751430","type":"scan_company","attempt":1,"workerId":"test","commit":null,"readyWaitMs":25,"heapUsedMb":86,"heapLimitMb":4144,"rssMb":149}}
{"t":"2026-10-01T16:18:16.241Z","level":"info","msg":"source scanned","taskId":"ef0d8dd5-31df-4969-8271-5c1e26751430","taskType":"scan_company","data":{"company":"Acme Robotics","type":"greenhouse","status":"ok","postings":5,"new":5,"closed":0,"followers":1,"deferredDescriptions":0,"reusedListing":false,"claimFetchedBytes":1452,"claimRequests":3,"claimRevalidated":0,"heapUsedMb":89,"ms":138}}
{"t":"2026-10-01T16:18:16.248Z","level":"info","msg":"task done","taskId":"ef0d8dd5-31df-4969-8271-5c1e26751430","taskType":"scan_company","data":{"id":"ef0d8dd5-31df-4969-8271-5c1e26751430","type":"scan_company","ms":153,"heapUsedMb":89,"heapDeltaMb":3,"heapLimitMb":4144,"rssMb":150,"rssDeltaMb":1}}
{"t":"2026-10-01T16:18:16.250Z","level":"info","msg":"task start","taskId":"36f21b71-a0ce-4a75-bb3e-1d671258aa39","taskType":"fetch_description","data":{"id":"36f21b71-a0ce-4a75-bb3e-1d671258aa39","type":"fetch_description","attempt":1,"workerId":"test","commit":null,"readyWaitMs":25,"heapUsedMb":90,"heapLimitMb":4144,"rssMb":150}}
{"t":"2026-10-01T16:18:16.280Z","level":"info","msg":"task done","taskId":"36f21b71-a0ce-4a75-bb3e-1d671258aa39","taskType":"fetch_description","data":{"id":"36f21b71-a0ce-4a75-bb3e-1d671258aa39","type":"fetch_description","ms":30,"heapUsedMb":91,"heapDeltaMb":1,"heapLimitMb":4144,"rssMb":150,"rssDeltaMb":0}}
{"t":"2026-10-01T16:18:16.281Z","level":"info","msg":"task start","taskId":"422ff1d6-7435-47c7-8469-327948e258ce","taskType":"fetch_description","data":{"id":"422ff1d6-7435-47c7-8469-327948e258ce","type":"fetch_description","attempt":1,"workerId":"test","commit":null,"readyWaitMs":56,"heapUsedMb":91,"heapLimitMb":4144,"rssMb":150}}
{"t":"2026-10-01T16:18:16.328Z","level":"info","msg":"task done","taskId":"422ff1d6-7435-47c7-8469-327948e258ce","taskType":"fetch_description","data":{"id":"422ff1d6-7435-47c7-8469-327948e258ce","type":"fetch_description","ms":47,"heapUsedMb":92,"heapDeltaMb":1,"heapLimitMb":4144,"rssMb":150,"rssDeltaMb":0}}
{"t":"2026-10-01T16:18:16.329Z","level":"info","msg":"task start","taskId":"a64f2b77-a2ac-4a04-8d06-8f661acfee44","taskType":"fetch_description","data":{"id":"a64f2b77-a2ac-4a04-8d06-8f661acfee44","type":"fetch_description","attempt":1,"workerId":"test","commit":null,"readyWaitMs":104,"heapUsedMb":92,"heapLimitMb":4144,"rssMb":150}}
{"t":"2026-10-01T16:18:16.380Z","level":"info","msg":"task done","taskId":"a64f2b77-a2ac-4a04-8d06-8f661acfee44","taskType":"fetch_description","data":{"id":"a64f2b77-a2ac-4a04-8d06-8f661acfee44","type":"fetch_description","ms":51,"heapUsedMb":93,"heapDeltaMb":1,"heapLimitMb":4144,"rssMb":150,"rssDeltaMb":0}}
{"t":"2026-10-01T16:18:16.381Z","level":"info","msg":"task start","taskId":"95785519-5493-4534-b07e-bd7f7ea21967","taskType":"fetch_description","data":{"id":"95785519-5493-4534-b07e-bd7f7ea21967","type":"fetch_description","attempt":1,"workerId":"test","commit":null,"readyWaitMs":156,"heapUsedMb":93,"heapLimitMb":4144,"rssMb":150}}
{"t":"2026-10-01T16:18:16.429Z","level":"info","msg":"task done","taskId":"95785519-5493-4534-b07e-bd7f7ea21967","taskType":"fetch_description","data":{"id":"95785519-5493-4534-b07e-bd7f7ea21967","type":"fetch_description","ms":48,"heapUsedMb":94,"heapDeltaMb":1,"heapLimitMb":4144,"rssMb":150,"rssDeltaMb":0}}
{"t":"2026-10-01T16:18:16.430Z","level":"info","msg":"task start","taskId":"5c80e00b-3ba5-44db-a107-5b34123ffe44","taskType":"discover","data":{"id":"5c80e00b-3ba5-44db-a107-5b34123ffe44","type":"discover","attempt":1,"workerId":"test","commit":null,"readyWaitMs":418,"heapUsedMb":95,"heapLimitMb":4144,"rssMb":150}}
{"t":"2026-10-01T16:18:16.487Z","level":"info","msg":"logo capture failed","taskId":"5c80e00b-3ba5-44db-a107-5b34123ffe44","taskType":"discover","data":{"company":"Acme Robotics","error":"No usable icon found for orbital.example","tried":3,"attempts":2,"nextAttemptAt":"2026-09-05T12:00:00.000Z"}}
{"t":"2026-10-01T16:18:16.489Z","level":"info","msg":"task done","taskId":"5c80e00b-3ba5-44db-a107-5b34123ffe44","taskType":"discover","data":{"id":"5c80e00b-3ba5-44db-a107-5b34123ffe44","type":"discover","ms":59,"heapUsedMb":85,"heapDeltaMb":-10,"heapLimitMb":4144,"rssMb":150,"rssDeltaMb":0}}
{"t":"2026-10-01T16:18:16.678Z","level":"info","msg":"task start","taskId":"31f78225-78ab-4dec-8741-48a0b430b871","taskType":"discover","data":{"id":"31f78225-78ab-4dec-8741-48a0b430b871","type":"discover","attempt":1,"workerId":"test","commit":null,"readyWaitMs":6,"heapUsedMb":87,"heapLimitMb":4144,"rssMb":150}}
{"t":"2026-10-01T16:18:16.848Z","level":"info","msg":"discovery finished","taskId":"31f78225-78ab-4dec-8741-48a0b430b871","taskType":"discover","data":{"company":"acme.example","outcome":"resolved","fetches":3,"best":"ats_link"}}
{"t":"2026-10-01T16:18:16.850Z","level":"info","msg":"task done","taskId":"31f78225-78ab-4dec-8741-48a0b430b871","taskType":"discover","data":{"id":"31f78225-78ab-4dec-8741-48a0b430b871","type":"discover","ms":172,"heapUsedMb":90,"heapDeltaMb":3,"heapLimitMb":4144,"rssMb":153,"rssDeltaMb":3}}
{"t":"2026-10-01T16:18:16.851Z","level":"info","msg":"task start","taskId":"9f0c7bd5-ffd7-4bd1-98cf-f86b7e597a57","taskType":"scan_company","data":{"id":"9f0c7bd5-ffd7-4bd1-98cf-f86b7e597a57","type":"scan_company","attempt":1,"workerId":"test","commit":null,"readyWaitMs":12,"heapUsedMb":90,"heapLimitMb":4144,"rssMb":153}}
{"t":"2026-10-01T16:18:17.013Z","level":"info","msg":"source scanned","taskId":"9f0c7bd5-ffd7-4bd1-98cf-f86b7e597a57","taskType":"scan_company","data":{"company":"Acme Robotics","type":"greenhouse","status":"ok","postings":5,"new":5,"closed":0,"followers":1,"deferredDescriptions":0,"reusedListing":false,"claimFetchedBytes":1452,"claimRequests":3,"claimRevalidated":0,"heapUsedMb":93,"ms":157}}
{"t":"2026-10-01T16:18:17.021Z","level":"info","msg":"task done","taskId":"9f0c7bd5-ffd7-4bd1-98cf-f86b7e597a57","taskType":"scan_company","data":{"id":"9f0c7bd5-ffd7-4bd1-98cf-f86b7e597a57","type":"scan_company","ms":170,"heapUsedMb":93,"heapDeltaMb":3,"heapLimitMb":4144,"rssMb":153,"rssDeltaMb":0}}
{"t":"2026-10-01T16:18:17.024Z","level":"info","msg":"task start","taskId":"fe86c0ba-2220-425a-adb0-046ebd8eed16","taskType":"fetch_description","data":{"id":"fe86c0ba-2220-425a-adb0-046ebd8eed16","type":"fetch_description","attempt":1,"workerId":"test","commit":null,"readyWaitMs":25,"heapUsedMb":94,"heapLimitMb":4144,"rssMb":153}}
{"t":"2026-10-01T16:18:17.051Z","level":"info","msg":"task done","taskId":"fe86c0ba-2220-425a-adb0-046ebd8eed16","taskType":"fetch_description","data":{"id":"fe86c0ba-2220-425a-adb0-046ebd8eed16","type":"fetch_description","ms":27,"heapUsedMb":95,"heapDeltaMb":1,"heapLimitMb":4144,"rssMb":154,"rssDeltaMb":1}}
{"t":"2026-10-01T16:18:17.052Z","level":"info","msg":"task start","taskId":"9bc01397-c3a7-40d3-81dc-e029901edcd2","taskType":"fetch_description","data":{"id":"9bc01397-c3a7-40d3-81dc-e029901edcd2","type":"fetch_description","attempt":1,"workerId":"test","commit":null,"readyWaitMs":53,"heapUsedMb":95,"heapLimitMb":4144,"rssMb":154}}
{"t":"2026-10-01T16:18:17.100Z","level":"info","msg":"task done","taskId":"9bc01397-c3a7-40d3-81dc-e029901edcd2","taskType":"fetch_description","data":{"id":"9bc01397-c3a7-40d3-81dc-e029901edcd2","type":"fetch_description","ms":48,"heapUsedMb":96,"heapDeltaMb":1,"heapLimitMb":4144,"rssMb":154,"rssDeltaMb":0}}
{"t":"2026-10-01T16:18:17.102Z","level":"info","msg":"task start","taskId":"575bfa47-7d9e-4f89-a21d-422f6722278b","taskType":"fetch_description","data":{"id":"575bfa47-7d9e-4f89-a21d-422f6722278b","type":"fetch_description","attempt":1,"workerId":"test","commit":null,"readyWaitMs":103,"heapUsedMb":96,"heapLimitMb":4144,"rssMb":154}}
{"t":"2026-10-01T16:18:17.148Z","level":"info","msg":"task done","taskId":"575bfa47-7d9e-4f89-a21d-422f6722278b","taskType":"fetch_description","data":{"id":"575bfa47-7d9e-4f89-a21d-422f6722278b","type":"fetch_description","ms":46,"heapUsedMb":97,"heapDeltaMb":1,"heapLimitMb":4144,"rssMb":154,"rssDeltaMb":0}}
{"t":"2026-10-01T16:18:17.149Z","level":"info","msg":"task start","taskId":"924d5969-d2e1-43d5-92ec-464a5d88b1f4","taskType":"fetch_description","data":{"id":"924d5969-d2e1-43d5-92ec-464a5d88b1f4","type":"fetch_description","attempt":1,"workerId":"test","commit":null,"readyWaitMs":150,"heapUsedMb":87,"heapLimitMb":4144,"rssMb":154}}
{"t":"2026-10-01T16:18:17.199Z","level":"info","msg":"task done","taskId":"924d5969-d2e1-43d5-92ec-464a5d88b1f4","taskType":"fetch_description","data":{"id":"924d5969-d2e1-43d5-92ec-464a5d88b1f4","type":"fetch_description","ms":50,"heapUsedMb":79,"heapDeltaMb":-8,"heapLimitMb":4144,"rssMb":155,"rssDeltaMb":1}}
{"t":"2026-10-01T16:18:17.203Z","level":"info","msg":"task start","taskId":"26d0d070-e839-409c-883f-2480f8072ee4","taskType":"discover","data":{"id":"26d0d070-e839-409c-883f-2480f8072ee4","type":"discover","attempt":1,"workerId":"test","commit":null,"readyWaitMs":525,"heapUsedMb":79,"heapLimitMb":4144,"rssMb":155}}
{"t":"2026-10-01T16:18:17.259Z","level":"warn","msg":"logo re-encode failed; the original is kept","taskId":"26d0d070-e839-409c-883f-2480f8072ee4","taskType":"discover","data":{"error":"Input buffer has corrupt header:","bytes":400}}
{"t":"2026-10-01T16:18:17.264Z","level":"info","msg":"logo captured","taskId":"26d0d070-e839-409c-883f-2480f8072ee4","taskType":"discover","data":{"company":"Acme Robotics","source":"site_icon","sourceUrl":"https://www.acme.example/favicon.png","bytes":400,"contentType":"image/png"}}
{"t":"2026-10-01T16:18:17.265Z","level":"info","msg":"task done","taskId":"26d0d070-e839-409c-883f-2480f8072ee4","taskType":"discover","data":{"id":"26d0d070-e839-409c-883f-2480f8072ee4","type":"discover","ms":62,"heapUsedMb":80,"heapDeltaMb":1,"heapLimitMb":4144,"rssMb":156,"rssDeltaMb":1}}
{"t":"2026-10-01T16:18:17.270Z","level":"info","msg":"task start","taskId":"c3d500a6-f22d-46f7-9656-417874b35a07","taskType":"run_daily","data":{"id":"c3d500a6-f22d-46f7-9656-417874b35a07","type":"run_daily","attempt":1,"workerId":"test","commit":null,"readyWaitMs":6,"heapUsedMb":80,"heapLimitMb":4144,"rssMb":156}}
{"t":"2026-10-01T16:18:17.287Z","level":"info","msg":"daily run started","taskId":"c3d500a6-f22d-46f7-9656-417874b35a07","taskType":"run_daily","data":{"runId":"81fa9bfb-99e6-4437-80fa-98a8268df0d8","runDate":"2026-09-05","companies":1,"logosQueued":0,"retired":0}}
{"t":"2026-10-01T16:18:17.290Z","level":"info","msg":"task done","taskId":"c3d500a6-f22d-46f7-9656-417874b35a07","taskType":"run_daily","data":{"id":"c3d500a6-f22d-46f7-9656-417874b35a07","type":"run_daily","ms":21,"heapUsedMb":81,"heapDeltaMb":1,"heapLimitMb":4144,"rssMb":161,"rssDeltaMb":5}}
{"t":"2026-10-01T16:18:17.291Z","level":"info","msg":"task start","taskId":"c4549ab3-b505-4557-9f42-b025b2ee55bf","taskType":"scan_company","data":{"id":"c4549ab3-b505-4557-9f42-b025b2ee55bf","type":"scan_company","attempt":1,"workerId":"test","commit":null,"readyWaitMs":22,"heapUsedMb":81,"heapLimitMb":4144,"rssMb":161}}
{"t":"2026-10-01T16:18:17.413Z","level":"info","msg":"source scanned","taskId":"c4549ab3-b505-4557-9f42-b025b2ee55bf","taskType":"scan_company","data":{"company":"Acme Robotics","type":"greenhouse","status":"ok","postings":5,"new":0,"closed":0,"followers":1,"deferredDescriptions":0,"reusedListing":false,"claimFetchedBytes":1452,"claimRequests":3,"claimRevalidated":0,"heapUsedMb":83,"ms":119}}
{"t":"2026-10-01T16:18:17.422Z","level":"info","msg":"scan run finalised","taskId":"c4549ab3-b505-4557-9f42-b025b2ee55bf","taskType":"scan_company","data":{"runId":"81fa9bfb-99e6-4437-80fa-98a8268df0d8","ok":1,"failed":0,"newRoles":0}}
{"t":"2026-10-01T16:18:17.423Z","level":"info","msg":"task done","taskId":"c4549ab3-b505-4557-9f42-b025b2ee55bf","taskType":"scan_company","data":{"id":"c4549ab3-b505-4557-9f42-b025b2ee55bf","type":"scan_company","ms":132,"heapUsedMb":84,"heapDeltaMb":3,"heapLimitMb":4144,"rssMb":161,"rssDeltaMb":0}}
{"t":"2026-10-01T16:18:17.424Z","level":"info","msg":"task start","taskId":"f05a82ff-5404-4d54-8660-2745bdb7ab8e","taskType":"suggest_from_scans","data":{"id":"f05a82ff-5404-4d54-8660-2745bdb7ab8e","type":"suggest_from_scans","attempt":1,"workerId":"test","commit":null,"readyWaitMs":8,"heapUsedMb":84,"heapLimitMb":4144,"rssMb":161}}
{"t":"2026-10-01T16:18:17.433Z","level":"info","msg":"scan suggestions filed","taskId":"f05a82ff-5404-4d54-8660-2745bdb7ab8e","taskType":"suggest_from_scans","data":{"userId":"49657536-be15-4f80-878e-c85ab5136fb9","titles":5,"unmatched":1,"inserted":0}}
{"t":"2026-10-01T16:18:17.434Z","level":"info","msg":"task done","taskId":"f05a82ff-5404-4d54-8660-2745bdb7ab8e","taskType":"suggest_from_scans","data":{"id":"f05a82ff-5404-4d54-8660-2745bdb7ab8e","type":"suggest_from_scans","ms":10,"heapUsedMb":85,"heapDeltaMb":1,"heapLimitMb":4144,"rssMb":161,"rssDeltaMb":0}}
{"t":"2026-10-01T16:18:17.692Z","level":"info","msg":"task start","taskId":"28d8ccba-5d7a-4f08-8d75-f3b5a6b0e366","taskType":"discover","data":{"id":"28d8ccba-5d7a-4f08-8d75-f3b5a6b0e366","type":"discover","attempt":1,"workerId":"test","commit":null,"readyWaitMs":17,"heapUsedMb":86,"heapLimitMb":4144,"rssMb":161}}
{"t":"2026-10-01T16:18:17.874Z","level":"info","msg":"discovery finished","taskId":"28d8ccba-5d7a-4f08-8d75-f3b5a6b0e366","taskType":"discover","data":{"company":"acme.example","outcome":"resolved","fetches":3,"best":"ats_link"}}
{"t":"2026-10-01T16:18:17.876Z","level":"info","msg":"task done","taskId":"28d8ccba-5d7a-4f08-8d75-f3b5a6b0e366","taskType":"discover","data":{"id":"28d8ccba-5d7a-4f08-8d75-f3b5a6b0e366","type":"discover","ms":184,"heapUsedMb":89,"heapDeltaMb":3,"heapLimitMb":4144,"rssMb":161,"rssDeltaMb":0}}
{"t":"2026-10-01T16:18:17.877Z","level":"info","msg":"task start","taskId":"4bd85151-71a4-4c1c-af1b-8623ca81c5bb","taskType":"scan_company","data":{"id":"4bd85151-71a4-4c1c-af1b-8623ca81c5bb","type":"scan_company","attempt":1,"workerId":"test","commit":null,"readyWaitMs":11,"heapUsedMb":89,"heapLimitMb":4144,"rssMb":161}}
{"t":"2026-10-01T16:18:18.091Z","level":"info","msg":"source scanned","taskId":"4bd85151-71a4-4c1c-af1b-8623ca81c5bb","taskType":"scan_company","data":{"company":"Acme Robotics","type":"greenhouse","status":"ok","postings":5,"new":5,"closed":0,"followers":1,"deferredDescriptions":0,"reusedListing":false,"claimFetchedBytes":1452,"claimRequests":3,"claimRevalidated":0,"heapUsedMb":81,"ms":210}}
{"t":"2026-10-01T16:18:18.119Z","level":"info","msg":"task done","taskId":"4bd85151-71a4-4c1c-af1b-8623ca81c5bb","taskType":"scan_company","data":{"id":"4bd85151-71a4-4c1c-af1b-8623ca81c5bb","type":"scan_company","ms":242,"heapUsedMb":81,"heapDeltaMb":-8,"heapLimitMb":4144,"rssMb":161,"rssDeltaMb":0}}
{"t":"2026-10-01T16:18:18.122Z","level":"info","msg":"task start","taskId":"8c8796dd-3cf6-4b3a-8a71-0ca7195665b7","taskType":"fetch_description","data":{"id":"8c8796dd-3cf6-4b3a-8a71-0ca7195665b7","type":"fetch_description","attempt":1,"workerId":"test","commit":null,"readyWaitMs":85,"heapUsedMb":81,"heapLimitMb":4144,"rssMb":161}}
{"t":"2026-10-01T16:18:18.160Z","level":"info","msg":"task done","taskId":"8c8796dd-3cf6-4b3a-8a71-0ca7195665b7","taskType":"fetch_description","data":{"id":"8c8796dd-3cf6-4b3a-8a71-0ca7195665b7","type":"fetch_description","ms":38,"heapUsedMb":82,"heapDeltaMb":1,"heapLimitMb":4144,"rssMb":161,"rssDeltaMb":0}}
{"t":"2026-10-01T16:18:18.166Z","level":"info","msg":"task start","taskId":"67c30296-d46f-497d-9d58-25b1bb906f35","taskType":"fetch_description","data":{"id":"67c30296-d46f-497d-9d58-25b1bb906f35","type":"fetch_description","attempt":1,"workerId":"test","commit":null,"readyWaitMs":129,"heapUsedMb":82,"heapLimitMb":4144,"rssMb":161}}
{"t":"2026-10-01T16:18:18.203Z","level":"info","msg":"task done","taskId":"67c30296-d46f-497d-9d58-25b1bb906f35","taskType":"fetch_description","data":{"id":"67c30296-d46f-497d-9d58-25b1bb906f35","type":"fetch_description","ms":38,"heapUsedMb":84,"heapDeltaMb":2,"heapLimitMb":4144,"rssMb":161,"rssDeltaMb":0}}
{"t":"2026-10-01T16:18:18.207Z","level":"info","msg":"task start","taskId":"240406dc-af5f-449e-b0ed-7144c2f7aa80","taskType":"discover","data":{"id":"240406dc-af5f-449e-b0ed-7144c2f7aa80","type":"discover","attempt":1,"workerId":"test","commit":null,"readyWaitMs":513,"heapUsedMb":84,"heapLimitMb":4144,"rssMb":161}}
{"t":"2026-10-01T16:18:18.262Z","level":"warn","msg":"logo re-encode failed; the original is kept","taskId":"240406dc-af5f-449e-b0ed-7144c2f7aa80","taskType":"discover","data":{"error":"Input buffer has corrupt header:","bytes":400}}
{"t":"2026-10-01T16:18:18.278Z","level":"info","msg":"logo captured","taskId":"240406dc-af5f-449e-b0ed-7144c2f7aa80","taskType":"discover","data":{"company":"Acme Robotics","source":"site_icon","sourceUrl":"https://www.acme.example/favicon.png","bytes":400,"contentType":"image/png"}}
{"t":"2026-10-01T16:18:18.279Z","level":"info","msg":"task done","taskId":"240406dc-af5f-449e-b0ed-7144c2f7aa80","taskType":"discover","data":{"id":"240406dc-af5f-449e-b0ed-7144c2f7aa80","type":"discover","ms":72,"heapUsedMb":85,"heapDeltaMb":1,"heapLimitMb":4144,"rssMb":161,"rssDeltaMb":0}}
{"t":"2026-10-01T16:18:18.415Z","level":"info","msg":"source scanned","data":{"company":"acme.example","type":"greenhouse","status":"ok","postings":5,"new":0,"closed":0,"followers":1,"deferredDescriptions":0,"reusedListing":false,"claimFetchedBytes":1449,"claimRequests":3,"claimRevalidated":0,"heapUsedMb":87,"ms":132}}
{"t":"2026-10-01T16:18:18.563Z","level":"info","msg":"source scanned","data":{"company":"acme.example","type":"greenhouse","status":"partial","postings":1,"new":0,"closed":0,"followers":1,"deferredDescriptions":0,"reusedListing":false,"claimFetchedBytes":451,"claimRequests":3,"claimRevalidated":0,"heapUsedMb":89,"ms":142}}
{"t":"2026-10-01T16:18:18.566Z","level":"info","msg":"task start","taskId":"b692cf18-cc5a-406c-a0e1-67b2d2498fd0","taskType":"fetch_description","data":{"id":"b692cf18-cc5a-406c-a0e1-67b2d2498fd0","type":"fetch_description","attempt":1,"workerId":"test","commit":null,"readyWaitMs":19,"heapUsedMb":89,"heapLimitMb":4144,"rssMb":161}}
{"t":"2026-10-01T16:18:18.601Z","level":"info","msg":"task done","taskId":"b692cf18-cc5a-406c-a0e1-67b2d2498fd0","taskType":"fetch_description","data":{"id":"b692cf18-cc5a-406c-a0e1-67b2d2498fd0","type":"fetch_description","ms":35,"heapUsedMb":91,"heapDeltaMb":2,"heapLimitMb":4144,"rssMb":162,"rssDeltaMb":1}}
{"t":"2026-10-01T16:18:18.785Z","level":"info","msg":"source scanned","data":{"company":"Orbital","type":"smartrecruiters","status":"ok","postings":3,"new":3,"closed":0,"followers":1,"deferredDescriptions":0,"reusedListing":false,"claimFetchedBytes":507,"claimRequests":1,"claimRevalidated":0,"heapUsedMb":84,"ms":16}}
{"t":"2026-10-01T16:18:26.051Z","level":"info","msg":"source scanned","data":{"company":"Orbital","type":"smartrecruiters","status":"partial","postings":10000,"new":10000,"closed":0,"followers":1,"deferredDescriptions":0,"reusedListing":false,"claimFetchedBytes":1643568,"claimRequests":100,"claimRevalidated":0,"heapUsedMb":191,"ms":7262}}
{"t":"2026-10-01T16:18:31.505Z","level":"info","msg":"source scanned","data":{"company":"Orbital","type":"smartrecruiters","status":"partial","postings":10000,"new":0,"closed":0,"followers":1,"deferredDescriptions":0,"reusedListing":false,"claimFetchedBytes":1643568,"claimRequests":100,"claimRevalidated":0,"heapUsedMb":235,"ms":5412}}
{"t":"2026-10-01T16:18:31.759Z","level":"info","msg":"task start","taskId":"44a3e871-d580-4dd0-a178-a2d44cdb79d3","taskType":"discover","data":{"id":"44a3e871-d580-4dd0-a178-a2d44cdb79d3","type":"discover","attempt":1,"workerId":"test","commit":null,"readyWaitMs":6,"heapUsedMb":237,"heapLimitMb":4144,"rssMb":208}}
{"t":"2026-10-01T16:18:31.926Z","level":"info","msg":"discovery finished","taskId":"44a3e871-d580-4dd0-a178-a2d44cdb79d3","taskType":"discover","data":{"company":"acme.example","outcome":"resolved","fetches":3,"best":"ats_link"}}
{"t":"2026-10-01T16:18:31.928Z","level":"info","msg":"task done","taskId":"44a3e871-d580-4dd0-a178-a2d44cdb79d3","taskType":"discover","data":{"id":"44a3e871-d580-4dd0-a178-a2d44cdb79d3","type":"discover","ms":169,"heapUsedMb":240,"heapDeltaMb":3,"heapLimitMb":4144,"rssMb":211,"rssDeltaMb":3}}
{"t":"2026-10-01T16:18:31.929Z","level":"info","msg":"task start","taskId":"8b0cdd4f-87c2-437b-aa42-9ab55bf3e3c3","taskType":"scan_company","data":{"id":"8b0cdd4f-87c2-437b-aa42-9ab55bf3e3c3","type":"scan_company","attempt":1,"workerId":"test","commit":null,"readyWaitMs":12,"heapUsedMb":240,"heapLimitMb":4144,"rssMb":211}}
{"t":"2026-10-01T16:18:32.102Z","level":"info","msg":"source scanned","taskId":"8b0cdd4f-87c2-437b-aa42-9ab55bf3e3c3","taskType":"scan_company","data":{"company":"Acme Robotics","type":"greenhouse","status":"ok","postings":5,"new":5,"closed":0,"followers":1,"deferredDescriptions":0,"reusedListing":false,"claimFetchedBytes":1452,"claimRequests":3,"claimRevalidated":0,"heapUsedMb":231,"ms":168}}
{"t":"2026-10-01T16:18:32.112Z","level":"info","msg":"task done","taskId":"8b0cdd4f-87c2-437b-aa42-9ab55bf3e3c3","taskType":"scan_company","data":{"id":"8b0cdd4f-87c2-437b-aa42-9ab55bf3e3c3","type":"scan_company","ms":183,"heapUsedMb":231,"heapDeltaMb":-9,"heapLimitMb":4144,"rssMb":212,"rssDeltaMb":1}}
{"t":"2026-10-01T16:18:32.115Z","level":"info","msg":"task start","taskId":"e89b8890-dd64-4aa5-ad56-3b060d7c0899","taskType":"fetch_description","data":{"id":"e89b8890-dd64-4aa5-ad56-3b060d7c0899","type":"fetch_description","attempt":1,"workerId":"test","commit":null,"readyWaitMs":33,"heapUsedMb":231,"heapLimitMb":4144,"rssMb":212}}
{"t":"2026-10-01T16:18:32.132Z","level":"info","msg":"task done","taskId":"e89b8890-dd64-4aa5-ad56-3b060d7c0899","taskType":"fetch_description","data":{"id":"e89b8890-dd64-4aa5-ad56-3b060d7c0899","type":"fetch_description","ms":17,"heapUsedMb":232,"heapDeltaMb":1,"heapLimitMb":4144,"rssMb":212,"rssDeltaMb":0}}
{"t":"2026-10-01T16:18:32.135Z","level":"info","msg":"task start","taskId":"57a4a43e-e805-45bc-bd3e-80fb497b6b18","taskType":"fetch_description","data":{"id":"57a4a43e-e805-45bc-bd3e-80fb497b6b18","type":"fetch_description","attempt":1,"workerId":"test","commit":null,"readyWaitMs":53,"heapUsedMb":232,"heapLimitMb":4144,"rssMb":212}}
{"t":"2026-10-01T16:18:32.184Z","level":"info","msg":"task done","taskId":"57a4a43e-e805-45bc-bd3e-80fb497b6b18","taskType":"fetch_description","data":{"id":"57a4a43e-e805-45bc-bd3e-80fb497b6b18","type":"fetch_description","ms":49,"heapUsedMb":234,"heapDeltaMb":2,"heapLimitMb":4144,"rssMb":212,"rssDeltaMb":0}}
{"t":"2026-10-01T16:18:32.185Z","level":"info","msg":"task start","taskId":"b974897e-d1b9-4971-80dd-77a362a52120","taskType":"fetch_description","data":{"id":"b974897e-d1b9-4971-80dd-77a362a52120","type":"fetch_description","attempt":1,"workerId":"test","commit":null,"readyWaitMs":103,"heapUsedMb":234,"heapLimitMb":4144,"rssMb":212}}
{"t":"2026-10-01T16:18:32.233Z","level":"info","msg":"task done","taskId":"b974897e-d1b9-4971-80dd-77a362a52120","taskType":"fetch_description","data":{"id":"b974897e-d1b9-4971-80dd-77a362a52120","type":"fetch_description","ms":48,"heapUsedMb":235,"heapDeltaMb":1,"heapLimitMb":4144,"rssMb":212,"rssDeltaMb":0}}
{"t":"2026-10-01T16:18:32.234Z","level":"info","msg":"task start","taskId":"00228e40-e954-48c8-b3e6-7922e95d6195","taskType":"fetch_description","data":{"id":"00228e40-e954-48c8-b3e6-7922e95d6195","type":"fetch_description","attempt":1,"workerId":"test","commit":null,"readyWaitMs":152,"heapUsedMb":235,"heapLimitMb":4144,"rssMb":212}}
{"t":"2026-10-01T16:18:32.280Z","level":"info","msg":"task done","taskId":"00228e40-e954-48c8-b3e6-7922e95d6195","taskType":"fetch_description","data":{"id":"00228e40-e954-48c8-b3e6-7922e95d6195","type":"fetch_description","ms":46,"heapUsedMb":236,"heapDeltaMb":1,"heapLimitMb":4144,"rssMb":212,"rssDeltaMb":0}}
{"t":"2026-10-01T16:18:32.281Z","level":"info","msg":"task start","taskId":"afad4042-c59c-43a7-8dcd-9d7e4fac06a7","taskType":"discover","data":{"id":"afad4042-c59c-43a7-8dcd-9d7e4fac06a7","type":"discover","attempt":1,"workerId":"test","commit":null,"readyWaitMs":521,"heapUsedMb":236,"heapLimitMb":4144,"rssMb":212}}
{"t":"2026-10-01T16:18:32.335Z","level":"warn","msg":"logo re-encode failed; the original is kept","taskId":"afad4042-c59c-43a7-8dcd-9d7e4fac06a7","taskType":"discover","data":{"error":"Input buffer has corrupt header:","bytes":400}}
{"t":"2026-10-01T16:18:32.340Z","level":"info","msg":"logo captured","taskId":"afad4042-c59c-43a7-8dcd-9d7e4fac06a7","taskType":"discover","data":{"company":"Acme Robotics","source":"site_icon","sourceUrl":"https://www.acme.example/favicon.png","bytes":400,"contentType":"image/png"}}
{"t":"2026-10-01T16:18:32.341Z","level":"info","msg":"task done","taskId":"afad4042-c59c-43a7-8dcd-9d7e4fac06a7","taskType":"discover","data":{"id":"afad4042-c59c-43a7-8dcd-9d7e4fac06a7","type":"discover","ms":60,"heapUsedMb":237,"heapDeltaMb":1,"heapLimitMb":4144,"rssMb":214,"rssDeltaMb":2}}
{"t":"2026-10-01T16:18:32.537Z","level":"info","msg":"task start","taskId":"661f07b7-4ee9-4616-8328-0790e09a976b","taskType":"discover","data":{"id":"661f07b7-4ee9-4616-8328-0790e09a976b","type":"discover","attempt":1,"workerId":"test","commit":null,"readyWaitMs":4,"heapUsedMb":239,"heapLimitMb":4144,"rssMb":214}}
{"t":"2026-10-01T16:18:32.706Z","level":"info","msg":"discovery finished","taskId":"661f07b7-4ee9-4616-8328-0790e09a976b","taskType":"discover","data":{"company":"acme.example","outcome":"resolved","fetches":3,"best":"ats_link"}}
{"t":"2026-10-01T16:18:32.709Z","level":"info","msg":"task done","taskId":"661f07b7-4ee9-4616-8328-0790e09a976b","taskType":"discover","data":{"id":"661f07b7-4ee9-4616-8328-0790e09a976b","type":"discover","ms":172,"heapUsedMb":231,"heapDeltaMb":-8,"heapLimitMb":4144,"rssMb":214,"rssDeltaMb":0}}
{"t":"2026-10-01T16:18:32.711Z","level":"info","msg":"task start","taskId":"6028035f-219b-4040-9d49-58b5817caf5b","taskType":"scan_company","data":{"id":"6028035f-219b-4040-9d49-58b5817caf5b","type":"scan_company","attempt":1,"workerId":"test","commit":null,"readyWaitMs":17,"heapUsedMb":232,"heapLimitMb":4144,"rssMb":214}}
{"t":"2026-10-01T16:18:32.880Z","level":"info","msg":"source scanned","taskId":"6028035f-219b-4040-9d49-58b5817caf5b","taskType":"scan_company","data":{"company":"Acme Robotics","type":"greenhouse","status":"ok","postings":5,"new":5,"closed":0,"followers":1,"deferredDescriptions":0,"reusedListing":false,"claimFetchedBytes":1452,"claimRequests":3,"claimRevalidated":0,"heapUsedMb":234,"ms":161}}
{"t":"2026-10-01T16:18:32.889Z","level":"info","msg":"task done","taskId":"6028035f-219b-4040-9d49-58b5817caf5b","taskType":"scan_company","data":{"id":"6028035f-219b-4040-9d49-58b5817caf5b","type":"scan_company","ms":178,"heapUsedMb":234,"heapDeltaMb":2,"heapLimitMb":4144,"rssMb":199,"rssDeltaMb":-15}}
{"t":"2026-10-01T16:18:32.890Z","level":"info","msg":"task start","taskId":"f4ba8d22-ee71-4138-b625-4ea5327b24c2","taskType":"fetch_description","data":{"id":"f4ba8d22-ee71-4138-b625-4ea5327b24c2","type":"fetch_description","attempt":1,"workerId":"test","commit":null,"readyWaitMs":34,"heapUsedMb":235,"heapLimitMb":4144,"rssMb":199}}
{"t":"2026-10-01T16:18:32.906Z","level":"info","msg":"task done","taskId":"f4ba8d22-ee71-4138-b625-4ea5327b24c2","taskType":"fetch_description","data":{"id":"f4ba8d22-ee71-4138-b625-4ea5327b24c2","type":"fetch_description","ms":16,"heapUsedMb":236,"heapDeltaMb":1,"heapLimitMb":4144,"rssMb":199,"rssDeltaMb":0}}
{"t":"2026-10-01T16:18:32.908Z","level":"info","msg":"task start","taskId":"2ff21cac-f3de-48f4-ac69-4ee164ffe6a8","taskType":"fetch_description","data":{"id":"2ff21cac-f3de-48f4-ac69-4ee164ffe6a8","type":"fetch_description","attempt":1,"workerId":"test","commit":null,"readyWaitMs":52,"heapUsedMb":236,"heapLimitMb":4144,"rssMb":199}}
{"t":"2026-10-01T16:18:32.964Z","level":"info","msg":"task done","taskId":"2ff21cac-f3de-48f4-ac69-4ee164ffe6a8","taskType":"fetch_description","data":{"id":"2ff21cac-f3de-48f4-ac69-4ee164ffe6a8","type":"fetch_description","ms":56,"heapUsedMb":237,"heapDeltaMb":1,"heapLimitMb":4144,"rssMb":199,"rssDeltaMb":0}}
{"t":"2026-10-01T16:18:32.965Z","level":"info","msg":"task start","taskId":"a10cf88d-5ecb-4b87-ae3d-d270bda201cb","taskType":"fetch_description","data":{"id":"a10cf88d-5ecb-4b87-ae3d-d270bda201cb","type":"fetch_description","attempt":1,"workerId":"test","commit":null,"readyWaitMs":109,"heapUsedMb":237,"heapLimitMb":4144,"rssMb":199}}
{"t":"2026-10-01T16:18:33.006Z","level":"info","msg":"task done","taskId":"a10cf88d-5ecb-4b87-ae3d-d270bda201cb","taskType":"fetch_description","data":{"id":"a10cf88d-5ecb-4b87-ae3d-d270bda201cb","type":"fetch_description","ms":41,"heapUsedMb":238,"heapDeltaMb":1,"heapLimitMb":4144,"rssMb":196,"rssDeltaMb":-3}}
{"t":"2026-10-01T16:18:33.007Z","level":"info","msg":"task start","taskId":"75f525de-13da-46d7-a425-3cda74c2e8b4","taskType":"fetch_description","data":{"id":"75f525de-13da-46d7-a425-3cda74c2e8b4","type":"fetch_description","attempt":1,"workerId":"test","commit":null,"readyWaitMs":151,"heapUsedMb":238,"heapLimitMb":4144,"rssMb":196}}
{"t":"2026-10-01T16:18:33.055Z","level":"info","msg":"task done","taskId":"75f525de-13da-46d7-a425-3cda74c2e8b4","taskType":"fetch_description","data":{"id":"75f525de-13da-46d7-a425-3cda74c2e8b4","type":"fetch_description","ms":48,"heapUsedMb":239,"heapDeltaMb":1,"heapLimitMb":4144,"rssMb":196,"rssDeltaMb":0}}
{"t":"2026-10-01T16:18:33.056Z","level":"info","msg":"task start","taskId":"ce9b6a85-5a3f-4bbf-8f00-658167ef0b1f","taskType":"discover","data":{"id":"ce9b6a85-5a3f-4bbf-8f00-658167ef0b1f","type":"discover","attempt":1,"workerId":"test","commit":null,"readyWaitMs":519,"heapUsedMb":239,"heapLimitMb":4144,"rssMb":196}}
{"t":"2026-10-01T16:18:33.109Z","level":"warn","msg":"logo re-encode failed; the original is kept","taskId":"ce9b6a85-5a3f-4bbf-8f00-658167ef0b1f","taskType":"discover","data":{"error":"Input buffer has corrupt header:","bytes":400}}
{"t":"2026-10-01T16:18:33.113Z","level":"info","msg":"logo captured","taskId":"ce9b6a85-5a3f-4bbf-8f00-658167ef0b1f","taskType":"discover","data":{"company":"Acme Robotics","source":"site_icon","sourceUrl":"https://www.acme.example/favicon.png","bytes":400,"contentType":"image/png"}}
{"t":"2026-10-01T16:18:33.115Z","level":"info","msg":"task done","taskId":"ce9b6a85-5a3f-4bbf-8f00-658167ef0b1f","taskType":"discover","data":{"id":"ce9b6a85-5a3f-4bbf-8f00-658167ef0b1f","type":"discover","ms":58,"heapUsedMb":240,"heapDeltaMb":1,"heapLimitMb":4144,"rssMb":197,"rssDeltaMb":1}}
{"t":"2026-10-01T16:18:33.246Z","level":"info","msg":"source scanned","data":{"company":"acme.example","type":"greenhouse","status":"ok","postings":5,"new":0,"closed":0,"followers":1,"deferredDescriptions":0,"reusedListing":false,"claimFetchedBytes":1452,"claimRequests":3,"claimRevalidated":0,"heapUsedMb":242,"ms":128}}
{"t":"2026-10-01T16:18:33.445Z","level":"info","msg":"task start","taskId":"6f2b98b7-a43b-4a1b-8c24-a8311be6f4d1","taskType":"discover","data":{"id":"6f2b98b7-a43b-4a1b-8c24-a8311be6f4d1","type":"discover","attempt":1,"workerId":"test","commit":null,"readyWaitMs":5,"heapUsedMb":233,"heapLimitMb":4144,"rssMb":188}}
{"t":"2026-10-01T16:18:33.619Z","level":"info","msg":"discovery finished","taskId":"6f2b98b7-a43b-4a1b-8c24-a8311be6f4d1","taskType":"discover","data":{"company":"acme.example","outcome":"resolved","fetches":3,"best":"ats_link"}}
{"t":"2026-10-01T16:18:33.622Z","level":"info","msg":"task done","taskId":"6f2b98b7-a43b-4a1b-8c24-a8311be6f4d1","taskType":"discover","data":{"id":"6f2b98b7-a43b-4a1b-8c24-a8311be6f4d1","type":"discover","ms":177,"heapUsedMb":236,"heapDeltaMb":3,"heapLimitMb":4144,"rssMb":188,"rssDeltaMb":0}}
{"t":"2026-10-01T16:18:33.623Z","level":"info","msg":"task start","taskId":"121dd946-b40a-49b7-bd18-85cb0d9ad570","taskType":"scan_company","data":{"id":"121dd946-b40a-49b7-bd18-85cb0d9ad570","type":"scan_company","attempt":1,"workerId":"test","commit":null,"readyWaitMs":19,"heapUsedMb":236,"heapLimitMb":4144,"rssMb":188}}
{"t":"2026-10-01T16:18:33.782Z","level":"info","msg":"source scanned","taskId":"121dd946-b40a-49b7-bd18-85cb0d9ad570","taskType":"scan_company","data":{"company":"Acme Robotics","type":"greenhouse","status":"ok","postings":5,"new":5,"closed":0,"followers":1,"deferredDescriptions":0,"reusedListing":false,"claimFetchedBytes":1452,"claimRequests":3,"claimRevalidated":0,"heapUsedMb":239,"ms":155}}
{"t":"2026-10-01T16:18:33.787Z","level":"info","msg":"task done","taskId":"121dd946-b40a-49b7-bd18-85cb0d9ad570","taskType":"scan_company","data":{"id":"121dd946-b40a-49b7-bd18-85cb0d9ad570","type":"scan_company","ms":164,"heapUsedMb":239,"heapDeltaMb":3,"heapLimitMb":4144,"rssMb":188,"rssDeltaMb":0}}
{"t":"2026-10-01T16:18:33.788Z","level":"info","msg":"task start","taskId":"186261ac-cab3-4212-8fc4-872695ff03aa","taskType":"fetch_description","data":{"id":"186261ac-cab3-4212-8fc4-872695ff03aa","type":"fetch_description","attempt":1,"workerId":"test","commit":null,"readyWaitMs":25,"heapUsedMb":239,"heapLimitMb":4144,"rssMb":188}}
{"t":"2026-10-01T16:18:33.816Z","level":"info","msg":"task done","taskId":"186261ac-cab3-4212-8fc4-872695ff03aa","taskType":"fetch_description","data":{"id":"186261ac-cab3-4212-8fc4-872695ff03aa","type":"fetch_description","ms":28,"heapUsedMb":240,"heapDeltaMb":1,"heapLimitMb":4144,"rssMb":188,"rssDeltaMb":0}}
{"t":"2026-10-01T16:18:33.818Z","level":"info","msg":"task start","taskId":"4a337271-7f45-475c-9bd6-ff7e785b8732","taskType":"fetch_description","data":{"id":"4a337271-7f45-475c-9bd6-ff7e785b8732","type":"fetch_description","attempt":1,"workerId":"test","commit":null,"readyWaitMs":55,"heapUsedMb":240,"heapLimitMb":4144,"rssMb":188}}
{"t":"2026-10-01T16:18:33.867Z","level":"info","msg":"task done","taskId":"4a337271-7f45-475c-9bd6-ff7e785b8732","taskType":"fetch_description","data":{"id":"4a337271-7f45-475c-9bd6-ff7e785b8732","type":"fetch_description","ms":49,"heapUsedMb":241,"heapDeltaMb":1,"heapLimitMb":4144,"rssMb":188,"rssDeltaMb":0}}
{"t":"2026-10-01T16:18:33.869Z","level":"info","msg":"task start","taskId":"df7fc798-9640-4975-8d29-7b607e3b945a","taskType":"fetch_description","data":{"id":"df7fc798-9640-4975-8d29-7b607e3b945a","type":"fetch_description","attempt":1,"workerId":"test","commit":null,"readyWaitMs":106,"heapUsedMb":242,"heapLimitMb":4144,"rssMb":188}}
{"t":"2026-10-01T16:18:33.921Z","level":"info","msg":"task done","taskId":"df7fc798-9640-4975-8d29-7b607e3b945a","taskType":"fetch_description","data":{"id":"df7fc798-9640-4975-8d29-7b607e3b945a","type":"fetch_description","ms":52,"heapUsedMb":243,"heapDeltaMb":1,"heapLimitMb":4144,"rssMb":188,"rssDeltaMb":0}}
{"t":"2026-10-01T16:18:33.922Z","level":"info","msg":"task start","taskId":"c42eb0d7-3469-4a31-bc10-b49d52434630","taskType":"fetch_description","data":{"id":"c42eb0d7-3469-4a31-bc10-b49d52434630","type":"fetch_description","attempt":1,"workerId":"test","commit":null,"readyWaitMs":159,"heapUsedMb":243,"heapLimitMb":4144,"rssMb":188}}
{"t":"2026-10-01T16:18:33.961Z","level":"info","msg":"task done","taskId":"c42eb0d7-3469-4a31-bc10-b49d52434630","taskType":"fetch_description","data":{"id":"c42eb0d7-3469-4a31-bc10-b49d52434630","type":"fetch_description","ms":39,"heapUsedMb":244,"heapDeltaMb":1,"heapLimitMb":4144,"rssMb":188,"rssDeltaMb":0}}
{"t":"2026-10-01T16:18:33.962Z","level":"info","msg":"task start","taskId":"b16bdc62-cc18-4558-a639-f92bc36c0561","taskType":"discover","data":{"id":"b16bdc62-cc18-4558-a639-f92bc36c0561","type":"discover","attempt":1,"workerId":"test","commit":null,"readyWaitMs":517,"heapUsedMb":244,"heapLimitMb":4144,"rssMb":188}}
{"t":"2026-10-01T16:18:34.015Z","level":"warn","msg":"logo re-encode failed; the original is kept","taskId":"b16bdc62-cc18-4558-a639-f92bc36c0561","taskType":"discover","data":{"error":"Input buffer has corrupt header:","bytes":400}}
{"t":"2026-10-01T16:18:34.021Z","level":"info","msg":"logo captured","taskId":"b16bdc62-cc18-4558-a639-f92bc36c0561","taskType":"discover","data":{"company":"Acme Robotics","source":"site_icon","sourceUrl":"https://www.acme.example/favicon.png","bytes":400,"contentType":"image/png"}}
{"t":"2026-10-01T16:18:34.022Z","level":"info","msg":"task done","taskId":"b16bdc62-cc18-4558-a639-f92bc36c0561","taskType":"discover","data":{"id":"b16bdc62-cc18-4558-a639-f92bc36c0561","type":"discover","ms":60,"heapUsedMb":235,"heapDeltaMb":-9,"heapLimitMb":4144,"rssMb":190,"rssDeltaMb":2}}
{"t":"2026-10-01T16:18:34.151Z","level":"info","msg":"source scanned","data":{"company":"acme.example","type":"greenhouse","status":"ok","postings":5,"new":0,"closed":0,"followers":1,"deferredDescriptions":0,"reusedListing":false,"claimFetchedBytes":1452,"claimRequests":3,"claimRevalidated":0,"heapUsedMb":236,"ms":126}}
{"t":"2026-10-01T16:18:34.316Z","level":"info","msg":"source scanned","data":{"company":"acme.example","type":"greenhouse","status":"ok","postings":5,"new":0,"closed":0,"followers":1,"deferredDescriptions":0,"reusedListing":false,"claimFetchedBytes":1452,"claimRequests":3,"claimRevalidated":0,"heapUsedMb":238,"ms":160}}
{"t":"2026-10-01T16:18:34.530Z","level":"info","msg":"task start","taskId":"7fdba7b4-207a-4396-ac1d-24eb6f505608","taskType":"discover","data":{"id":"7fdba7b4-207a-4396-ac1d-24eb6f505608","type":"discover","attempt":1,"workerId":"test","commit":null,"readyWaitMs":5,"heapUsedMb":240,"heapLimitMb":4144,"rssMb":185}}
{"t":"2026-10-01T16:18:34.704Z","level":"info","msg":"discovery finished","taskId":"7fdba7b4-207a-4396-ac1d-24eb6f505608","taskType":"discover","data":{"company":"acme.example","outcome":"resolved","fetches":3,"best":"ats_link"}}
{"t":"2026-10-01T16:18:34.706Z","level":"info","msg":"task done","taskId":"7fdba7b4-207a-4396-ac1d-24eb6f505608","taskType":"discover","data":{"id":"7fdba7b4-207a-4396-ac1d-24eb6f505608","type":"discover","ms":176,"heapUsedMb":243,"heapDeltaMb":3,"heapLimitMb":4144,"rssMb":182,"rssDeltaMb":-3}}
{"t":"2026-10-01T16:18:34.708Z","level":"info","msg":"task start","taskId":"7578be95-f097-4e45-9fdd-23c975b95da4","taskType":"scan_company","data":{"id":"7578be95-f097-4e45-9fdd-23c975b95da4","type":"scan_company","attempt":1,"workerId":"test","commit":null,"readyWaitMs":14,"heapUsedMb":243,"heapLimitMb":4144,"rssMb":182}}
{"t":"2026-10-01T16:18:34.862Z","level":"info","msg":"source scanned","taskId":"7578be95-f097-4e45-9fdd-23c975b95da4","taskType":"scan_company","data":{"company":"Acme Robotics","type":"greenhouse","status":"ok","postings":5,"new":5,"closed":0,"followers":1,"deferredDescriptions":0,"reusedListing":false,"claimFetchedBytes":1452,"claimRequests":3,"claimRevalidated":0,"heapUsedMb":245,"ms":149}}
{"t":"2026-10-01T16:18:34.867Z","level":"info","msg":"task done","taskId":"7578be95-f097-4e45-9fdd-23c975b95da4","taskType":"scan_company","data":{"id":"7578be95-f097-4e45-9fdd-23c975b95da4","type":"scan_company","ms":159,"heapUsedMb":246,"heapDeltaMb":3,"heapLimitMb":4144,"rssMb":182,"rssDeltaMb":0}}
{"t":"2026-10-01T16:18:34.868Z","level":"info","msg":"task start","taskId":"712f8a8c-67b4-4c16-bc3d-69d3fbccaa9c","taskType":"fetch_description","data":{"id":"712f8a8c-67b4-4c16-bc3d-69d3fbccaa9c","type":"fetch_description","attempt":1,"workerId":"test","commit":null,"readyWaitMs":18,"heapUsedMb":246,"heapLimitMb":4144,"rssMb":182}}
{"t":"2026-10-01T16:18:34.902Z","level":"info","msg":"task done","taskId":"712f8a8c-67b4-4c16-bc3d-69d3fbccaa9c","taskType":"fetch_description","data":{"id":"712f8a8c-67b4-4c16-bc3d-69d3fbccaa9c","type":"fetch_description","ms":34,"heapUsedMb":237,"heapDeltaMb":-9,"heapLimitMb":4144,"rssMb":183,"rssDeltaMb":1}}
{"t":"2026-10-01T16:18:34.903Z","level":"info","msg":"task start","taskId":"13a19a57-7000-4bef-aac0-25ceb5933777","taskType":"fetch_description","data":{"id":"13a19a57-7000-4bef-aac0-25ceb5933777","type":"fetch_description","attempt":1,"workerId":"test","commit":null,"readyWaitMs":53,"heapUsedMb":237,"heapLimitMb":4144,"rssMb":183}}
{"t":"2026-10-01T16:18:34.953Z","level":"info","msg":"task done","taskId":"13a19a57-7000-4bef-aac0-25ceb5933777","taskType":"fetch_description","data":{"id":"13a19a57-7000-4bef-aac0-25ceb5933777","type":"fetch_description","ms":50,"heapUsedMb":238,"heapDeltaMb":1,"heapLimitMb":4144,"rssMb":184,"rssDeltaMb":1}}
{"t":"2026-10-01T16:18:34.954Z","level":"info","msg":"task start","taskId":"30e96c27-b03f-4ec5-bc21-4d96a70e4782","taskType":"fetch_description","data":{"id":"30e96c27-b03f-4ec5-bc21-4d96a70e4782","type":"fetch_description","attempt":1,"workerId":"test","commit":null,"readyWaitMs":104,"heapUsedMb":238,"heapLimitMb":4144,"rssMb":184}}
{"t":"2026-10-01T16:18:35.003Z","level":"info","msg":"task done","taskId":"30e96c27-b03f-4ec5-bc21-4d96a70e4782","taskType":"fetch_description","data":{"id":"30e96c27-b03f-4ec5-bc21-4d96a70e4782","type":"fetch_description","ms":49,"heapUsedMb":239,"heapDeltaMb":1,"heapLimitMb":4144,"rssMb":184,"rssDeltaMb":0}}
{"t":"2026-10-01T16:18:35.004Z","level":"info","msg":"task start","taskId":"7bc32e54-bd0d-43c3-b0bf-6db2bd5a6586","taskType":"fetch_description","data":{"id":"7bc32e54-bd0d-43c3-b0bf-6db2bd5a6586","type":"fetch_description","attempt":1,"workerId":"test","commit":null,"readyWaitMs":154,"heapUsedMb":239,"heapLimitMb":4144,"rssMb":184}}
{"t":"2026-10-01T16:18:35.055Z","level":"info","msg":"task done","taskId":"7bc32e54-bd0d-43c3-b0bf-6db2bd5a6586","taskType":"fetch_description","data":{"id":"7bc32e54-bd0d-43c3-b0bf-6db2bd5a6586","type":"fetch_description","ms":51,"heapUsedMb":240,"heapDeltaMb":1,"heapLimitMb":4144,"rssMb":183,"rssDeltaMb":-1}}
{"t":"2026-10-01T16:18:35.056Z","level":"info","msg":"task start","taskId":"5c53165a-77fc-40c0-bcf4-18b0e8238e6b","taskType":"discover","data":{"id":"5c53165a-77fc-40c0-bcf4-18b0e8238e6b","type":"discover","attempt":1,"workerId":"test","commit":null,"readyWaitMs":524,"heapUsedMb":240,"heapLimitMb":4144,"rssMb":183}}
{"t":"2026-10-01T16:18:35.109Z","level":"warn","msg":"logo re-encode failed; the original is kept","taskId":"5c53165a-77fc-40c0-bcf4-18b0e8238e6b","taskType":"discover","data":{"error":"Input buffer has corrupt header:","bytes":400}}
{"t":"2026-10-01T16:18:35.119Z","level":"info","msg":"logo captured","taskId":"5c53165a-77fc-40c0-bcf4-18b0e8238e6b","taskType":"discover","data":{"company":"Acme Robotics","source":"site_icon","sourceUrl":"https://www.acme.example/favicon.png","bytes":400,"contentType":"image/png"}}
{"t":"2026-10-01T16:18:35.122Z","level":"info","msg":"task done","taskId":"5c53165a-77fc-40c0-bcf4-18b0e8238e6b","taskType":"discover","data":{"id":"5c53165a-77fc-40c0-bcf4-18b0e8238e6b","type":"discover","ms":66,"heapUsedMb":241,"heapDeltaMb":1,"heapLimitMb":4144,"rssMb":183,"rssDeltaMb":0}}
{"t":"2026-10-01T16:18:35.257Z","level":"info","msg":"source scanned","data":{"company":"acme.example","type":"greenhouse","status":"ok","postings":5,"new":0,"closed":0,"followers":1,"deferredDescriptions":0,"reusedListing":false,"claimFetchedBytes":1452,"claimRequests":3,"claimRevalidated":0,"heapUsedMb":243,"ms":131}}
{"t":"2026-10-01T16:18:35.435Z","level":"info","msg":"task start","taskId":"f19ab34a-4219-402b-9a03-d23bb025375a","taskType":"discover","data":{"id":"f19ab34a-4219-402b-9a03-d23bb025375a","type":"discover","attempt":1,"workerId":"test","commit":null,"readyWaitMs":5,"heapUsedMb":244,"heapLimitMb":4144,"rssMb":179}}
{"t":"2026-10-01T16:18:35.604Z","level":"info","msg":"discovery finished","taskId":"f19ab34a-4219-402b-9a03-d23bb025375a","taskType":"discover","data":{"company":"acme.example","outcome":"resolved","fetches":3,"best":"ats_link"}}
{"t":"2026-10-01T16:18:35.605Z","level":"info","msg":"task done","taskId":"f19ab34a-4219-402b-9a03-d23bb025375a","taskType":"discover","data":{"id":"f19ab34a-4219-402b-9a03-d23bb025375a","type":"discover","ms":170,"heapUsedMb":247,"heapDeltaMb":3,"heapLimitMb":4144,"rssMb":179,"rssDeltaMb":0}}
{"t":"2026-10-01T16:18:35.607Z","level":"info","msg":"task start","taskId":"a13ffa8f-b575-42f2-afe8-9aaa0992c29c","taskType":"scan_company","data":{"id":"a13ffa8f-b575-42f2-afe8-9aaa0992c29c","type":"scan_company","attempt":1,"workerId":"test","commit":null,"readyWaitMs":12,"heapUsedMb":247,"heapLimitMb":4144,"rssMb":179}}
{"t":"2026-10-01T16:18:35.763Z","level":"info","msg":"source scanned","taskId":"a13ffa8f-b575-42f2-afe8-9aaa0992c29c","taskType":"scan_company","data":{"company":"Acme Robotics","type":"greenhouse","status":"ok","postings":5,"new":5,"closed":0,"followers":1,"deferredDescriptions":0,"reusedListing":false,"claimFetchedBytes":1452,"claimRequests":3,"claimRevalidated":0,"heapUsedMb":240,"ms":153}}
{"t":"2026-10-01T16:18:35.769Z","level":"info","msg":"task done","taskId":"a13ffa8f-b575-42f2-afe8-9aaa0992c29c","taskType":"scan_company","data":{"id":"a13ffa8f-b575-42f2-afe8-9aaa0992c29c","type":"scan_company","ms":162,"heapUsedMb":240,"heapDeltaMb":-7,"heapLimitMb":4144,"rssMb":181,"rssDeltaMb":2}}
{"t":"2026-10-01T16:18:35.771Z","level":"info","msg":"task start","taskId":"569f0b56-7aca-4864-8f87-f4bdf405fb78","taskType":"fetch_description","data":{"id":"569f0b56-7aca-4864-8f87-f4bdf405fb78","type":"fetch_description","attempt":1,"workerId":"test","commit":null,"readyWaitMs":21,"heapUsedMb":240,"heapLimitMb":4144,"rssMb":181}}
{"t":"2026-10-01T16:18:35.805Z","level":"info","msg":"task done","taskId":"569f0b56-7aca-4864-8f87-f4bdf405fb78","taskType":"fetch_description","data":{"id":"569f0b56-7aca-4864-8f87-f4bdf405fb78","type":"fetch_description","ms":34,"heapUsedMb":241,"heapDeltaMb":1,"heapLimitMb":4144,"rssMb":180,"rssDeltaMb":-1}}
{"t":"2026-10-01T16:18:35.806Z","level":"info","msg":"task start","taskId":"c1c4bd65-27b7-4fd4-91ac-58a9f35b8c63","taskType":"fetch_description","data":{"id":"c1c4bd65-27b7-4fd4-91ac-58a9f35b8c63","type":"fetch_description","attempt":1,"workerId":"test","commit":null,"readyWaitMs":56,"heapUsedMb":241,"heapLimitMb":4144,"rssMb":180}}
{"t":"2026-10-01T16:18:35.854Z","level":"info","msg":"task done","taskId":"c1c4bd65-27b7-4fd4-91ac-58a9f35b8c63","taskType":"fetch_description","data":{"id":"c1c4bd65-27b7-4fd4-91ac-58a9f35b8c63","type":"fetch_description","ms":48,"heapUsedMb":242,"heapDeltaMb":1,"heapLimitMb":4144,"rssMb":180,"rssDeltaMb":0}}
{"t":"2026-10-01T16:18:35.855Z","level":"info","msg":"task start","taskId":"99f0caec-6099-4825-a400-666e3d32f531","taskType":"fetch_description","data":{"id":"99f0caec-6099-4825-a400-666e3d32f531","type":"fetch_description","attempt":1,"workerId":"test","commit":null,"readyWaitMs":105,"heapUsedMb":243,"heapLimitMb":4144,"rssMb":180}}
{"t":"2026-10-01T16:18:35.903Z","level":"info","msg":"task done","taskId":"99f0caec-6099-4825-a400-666e3d32f531","taskType":"fetch_description","data":{"id":"99f0caec-6099-4825-a400-666e3d32f531","type":"fetch_description","ms":48,"heapUsedMb":244,"heapDeltaMb":1,"heapLimitMb":4144,"rssMb":180,"rssDeltaMb":0}}
{"t":"2026-10-01T16:18:35.905Z","level":"info","msg":"task start","taskId":"8c9b2741-c054-4856-815b-83b9be0c5892","taskType":"fetch_description","data":{"id":"8c9b2741-c054-4856-815b-83b9be0c5892","type":"fetch_description","attempt":1,"workerId":"test","commit":null,"readyWaitMs":155,"heapUsedMb":244,"heapLimitMb":4144,"rssMb":180}}
{"t":"2026-10-01T16:18:35.956Z","level":"info","msg":"task done","taskId":"8c9b2741-c054-4856-815b-83b9be0c5892","taskType":"fetch_description","data":{"id":"8c9b2741-c054-4856-815b-83b9be0c5892","type":"fetch_description","ms":51,"heapUsedMb":245,"heapDeltaMb":1,"heapLimitMb":4144,"rssMb":180,"rssDeltaMb":0}}
{"t":"2026-10-01T16:18:35.957Z","level":"info","msg":"task start","taskId":"5e54a67c-f9ab-4f53-a0f6-0f6744b5a183","taskType":"discover","data":{"id":"5e54a67c-f9ab-4f53-a0f6-0f6744b5a183","type":"discover","attempt":1,"workerId":"test","commit":null,"readyWaitMs":522,"heapUsedMb":245,"heapLimitMb":4144,"rssMb":180}}
{"t":"2026-10-01T16:18:36.012Z","level":"warn","msg":"logo re-encode failed; the original is kept","taskId":"5e54a67c-f9ab-4f53-a0f6-0f6744b5a183","taskType":"discover","data":{"error":"Input buffer has corrupt header:","bytes":400}}
{"t":"2026-10-01T16:18:36.016Z","level":"info","msg":"logo captured","taskId":"5e54a67c-f9ab-4f53-a0f6-0f6744b5a183","taskType":"discover","data":{"company":"Acme Robotics","source":"site_icon","sourceUrl":"https://www.acme.example/favicon.png","bytes":400,"contentType":"image/png"}}
{"t":"2026-10-01T16:18:36.017Z","level":"info","msg":"task done","taskId":"5e54a67c-f9ab-4f53-a0f6-0f6744b5a183","taskType":"discover","data":{"id":"5e54a67c-f9ab-4f53-a0f6-0f6744b5a183","type":"discover","ms":60,"heapUsedMb":246,"heapDeltaMb":1,"heapLimitMb":4144,"rssMb":180,"rssDeltaMb":0}}
{"t":"2026-10-01T16:18:36.148Z","level":"info","msg":"source scanned","data":{"company":"acme.example","type":"greenhouse","status":"ok","postings":5,"new":0,"closed":0,"followers":1,"deferredDescriptions":0,"reusedListing":false,"claimFetchedBytes":1452,"claimRequests":3,"claimRevalidated":0,"heapUsedMb":248,"ms":127}}
{"t":"2026-10-01T16:18:36.391Z","level":"info","msg":"task start","taskId":"dff57bd8-12e4-4266-a751-f9d090e1e657","taskType":"discover","data":{"id":"dff57bd8-12e4-4266-a751-f9d090e1e657","type":"discover","attempt":1,"workerId":"test","commit":null,"readyWaitMs":16,"heapUsedMb":240,"heapLimitMb":4144,"rssMb":180}}
{"t":"2026-10-01T16:18:36.566Z","level":"info","msg":"discovery finished","taskId":"dff57bd8-12e4-4266-a751-f9d090e1e657","taskType":"discover","data":{"company":"acme.example","outcome":"resolved","fetches":3,"best":"ats_link"}}
{"t":"2026-10-01T16:18:36.568Z","level":"info","msg":"task done","taskId":"dff57bd8-12e4-4266-a751-f9d090e1e657","taskType":"discover","data":{"id":"dff57bd8-12e4-4266-a751-f9d090e1e657","type":"discover","ms":178,"heapUsedMb":243,"heapDeltaMb":3,"heapLimitMb":4144,"rssMb":181,"rssDeltaMb":1}}
{"t":"2026-10-01T16:18:36.569Z","level":"info","msg":"task start","taskId":"9783090f-2e7a-4c1a-b70c-1baa732c8d1a","taskType":"scan_company","data":{"id":"9783090f-2e7a-4c1a-b70c-1baa732c8d1a","type":"scan_company","attempt":1,"workerId":"test","commit":null,"readyWaitMs":10,"heapUsedMb":243,"heapLimitMb":4144,"rssMb":181}}
{"t":"2026-10-01T16:18:36.759Z","level":"info","msg":"source scanned","taskId":"9783090f-2e7a-4c1a-b70c-1baa732c8d1a","taskType":"scan_company","data":{"company":"Acme Robotics","type":"greenhouse","status":"ok","postings":5,"new":5,"closed":0,"followers":1,"deferredDescriptions":0,"reusedListing":false,"claimFetchedBytes":1452,"claimRequests":3,"claimRevalidated":0,"heapUsedMb":245,"ms":186}}
{"t":"2026-10-01T16:18:36.766Z","level":"info","msg":"task done","taskId":"9783090f-2e7a-4c1a-b70c-1baa732c8d1a","taskType":"scan_company","data":{"id":"9783090f-2e7a-4c1a-b70c-1baa732c8d1a","type":"scan_company","ms":197,"heapUsedMb":246,"heapDeltaMb":3,"heapLimitMb":4144,"rssMb":181,"rssDeltaMb":0}}
{"t":"2026-10-01T16:18:36.769Z","level":"info","msg":"task start","taskId":"2a3078cf-e725-4910-b0be-1f889846a207","taskType":"fetch_description","data":{"id":"2a3078cf-e725-4910-b0be-1f889846a207","type":"fetch_description","attempt":1,"workerId":"test","commit":null,"readyWaitMs":45,"heapUsedMb":246,"heapLimitMb":4144,"rssMb":181}}
{"t":"2026-10-01T16:18:36.778Z","level":"info","msg":"task done","taskId":"2a3078cf-e725-4910-b0be-1f889846a207","taskType":"fetch_description","data":{"id":"2a3078cf-e725-4910-b0be-1f889846a207","type":"fetch_description","ms":10,"heapUsedMb":247,"heapDeltaMb":1,"heapLimitMb":4144,"rssMb":181,"rssDeltaMb":0}}
{"t":"2026-10-01T16:18:36.779Z","level":"info","msg":"task start","taskId":"7d7a2269-1473-46d7-89ac-ec8e8523aae8","taskType":"fetch_description","data":{"id":"7d7a2269-1473-46d7-89ac-ec8e8523aae8","type":"fetch_description","attempt":1,"workerId":"test","commit":null,"readyWaitMs":55,"heapUsedMb":247,"heapLimitMb":4144,"rssMb":181}}
{"t":"2026-10-01T16:18:36.831Z","level":"info","msg":"task done","taskId":"7d7a2269-1473-46d7-89ac-ec8e8523aae8","taskType":"fetch_description","data":{"id":"7d7a2269-1473-46d7-89ac-ec8e8523aae8","type":"fetch_description","ms":52,"heapUsedMb":248,"heapDeltaMb":1,"heapLimitMb":4144,"rssMb":181,"rssDeltaMb":0}}
{"t":"2026-10-01T16:18:36.832Z","level":"info","msg":"task start","taskId":"8fa27bc5-5cf2-443f-9c34-828d7593e78a","taskType":"fetch_description","data":{"id":"8fa27bc5-5cf2-443f-9c34-828d7593e78a","type":"fetch_description","attempt":1,"workerId":"test","commit":null,"readyWaitMs":108,"heapUsedMb":248,"heapLimitMb":4144,"rssMb":181}}
{"t":"2026-10-01T16:18:36.896Z","level":"info","msg":"task done","taskId":"8fa27bc5-5cf2-443f-9c34-828d7593e78a","taskType":"fetch_description","data":{"id":"8fa27bc5-5cf2-443f-9c34-828d7593e78a","type":"fetch_description","ms":64,"heapUsedMb":249,"heapDeltaMb":1,"heapLimitMb":4144,"rssMb":181,"rssDeltaMb":0}}
{"t":"2026-10-01T16:18:36.898Z","level":"info","msg":"task start","taskId":"46f99d49-6699-49af-9c48-61d637471fce","taskType":"fetch_description","data":{"id":"46f99d49-6699-49af-9c48-61d637471fce","type":"fetch_description","attempt":1,"workerId":"test","commit":null,"readyWaitMs":174,"heapUsedMb":249,"heapLimitMb":4144,"rssMb":181}}
{"t":"2026-10-01T16:18:36.930Z","level":"info","msg":"task done","taskId":"46f99d49-6699-49af-9c48-61d637471fce","taskType":"fetch_description","data":{"id":"46f99d49-6699-49af-9c48-61d637471fce","type":"fetch_description","ms":32,"heapUsedMb":250,"heapDeltaMb":1,"heapLimitMb":4144,"rssMb":181,"rssDeltaMb":0}}
{"t":"2026-10-01T16:18:36.931Z","level":"info","msg":"task start","taskId":"2806dc4f-ab43-4775-bb88-52820e4c1fb6","taskType":"discover","data":{"id":"2806dc4f-ab43-4775-bb88-52820e4c1fb6","type":"discover","attempt":1,"workerId":"test","commit":null,"readyWaitMs":537,"heapUsedMb":250,"heapLimitMb":4144,"rssMb":181}}
{"t":"2026-10-01T16:18:36.984Z","level":"warn","msg":"logo re-encode failed; the original is kept","taskId":"2806dc4f-ab43-4775-bb88-52820e4c1fb6","taskType":"discover","data":{"error":"Input buffer has corrupt header:","bytes":400}}
{"t":"2026-10-01T16:18:36.988Z","level":"info","msg":"logo captured","taskId":"2806dc4f-ab43-4775-bb88-52820e4c1fb6","taskType":"discover","data":{"company":"Acme Robotics","source":"site_icon","sourceUrl":"https://www.acme.example/favicon.png","bytes":400,"contentType":"image/png"}}
{"t":"2026-10-01T16:18:36.989Z","level":"info","msg":"task done","taskId":"2806dc4f-ab43-4775-bb88-52820e4c1fb6","taskType":"discover","data":{"id":"2806dc4f-ab43-4775-bb88-52820e4c1fb6","type":"discover","ms":58,"heapUsedMb":251,"heapDeltaMb":1,"heapLimitMb":4144,"rssMb":181,"rssDeltaMb":0}}
{"t":"2026-10-01T16:18:37.185Z","level":"info","msg":"task start","taskId":"2eee6638-86b7-43ab-9f3e-516d8be4c48f","taskType":"discover","data":{"id":"2eee6638-86b7-43ab-9f3e-516d8be4c48f","type":"discover","attempt":1,"workerId":"test","commit":null,"readyWaitMs":5,"heapUsedMb":244,"heapLimitMb":4144,"rssMb":182}}
{"t":"2026-10-01T16:18:37.355Z","level":"info","msg":"discovery finished","taskId":"2eee6638-86b7-43ab-9f3e-516d8be4c48f","taskType":"discover","data":{"company":"acme.example","outcome":"resolved","fetches":3,"best":"ats_link"}}
{"t":"2026-10-01T16:18:37.357Z","level":"info","msg":"task done","taskId":"2eee6638-86b7-43ab-9f3e-516d8be4c48f","taskType":"discover","data":{"id":"2eee6638-86b7-43ab-9f3e-516d8be4c48f","type":"discover","ms":172,"heapUsedMb":247,"heapDeltaMb":3,"heapLimitMb":4144,"rssMb":182,"rssDeltaMb":0}}
{"t":"2026-10-01T16:18:37.359Z","level":"info","msg":"task start","taskId":"dd3ffdb0-5b03-4ec6-92db-fe2c6ed503ef","taskType":"scan_company","data":{"id":"dd3ffdb0-5b03-4ec6-92db-fe2c6ed503ef","type":"scan_company","attempt":1,"workerId":"test","commit":null,"readyWaitMs":12,"heapUsedMb":247,"heapLimitMb":4144,"rssMb":182}}
{"t":"2026-10-01T16:18:37.541Z","level":"info","msg":"source scanned","taskId":"dd3ffdb0-5b03-4ec6-92db-fe2c6ed503ef","taskType":"scan_company","data":{"company":"Acme Robotics","type":"greenhouse","status":"ok","postings":5,"new":5,"closed":0,"followers":1,"deferredDescriptions":0,"reusedListing":false,"claimFetchedBytes":1452,"claimRequests":3,"claimRevalidated":0,"heapUsedMb":250,"ms":177}}
{"t":"2026-10-01T16:18:37.556Z","level":"info","msg":"task done","taskId":"dd3ffdb0-5b03-4ec6-92db-fe2c6ed503ef","taskType":"scan_company","data":{"id":"dd3ffdb0-5b03-4ec6-92db-fe2c6ed503ef","type":"scan_company","ms":197,"heapUsedMb":250,"heapDeltaMb":3,"heapLimitMb":4144,"rssMb":182,"rssDeltaMb":0}}
{"t":"2026-10-01T16:18:37.560Z","level":"info","msg":"task start","taskId":"78f700c1-192b-4412-8873-bf51fd64e017","taskType":"fetch_description","data":{"id":"78f700c1-192b-4412-8873-bf51fd64e017","type":"fetch_description","attempt":1,"workerId":"test","commit":null,"readyWaitMs":51,"heapUsedMb":250,"heapLimitMb":4144,"rssMb":182}}
{"t":"2026-10-01T16:18:37.596Z","level":"info","msg":"task done","taskId":"78f700c1-192b-4412-8873-bf51fd64e017","taskType":"fetch_description","data":{"id":"78f700c1-192b-4412-8873-bf51fd64e017","type":"fetch_description","ms":35,"heapUsedMb":251,"heapDeltaMb":1,"heapLimitMb":4144,"rssMb":182,"rssDeltaMb":0}}
{"t":"2026-10-01T16:18:37.599Z","level":"info","msg":"task start","taskId":"4a300f80-87f4-40d3-bef1-18286ad2fb58","taskType":"fetch_description","data":{"id":"4a300f80-87f4-40d3-bef1-18286ad2fb58","type":"fetch_description","attempt":1,"workerId":"test","commit":null,"readyWaitMs":90,"heapUsedMb":251,"heapLimitMb":4144,"rssMb":182}}
{"t":"2026-10-01T16:18:37.650Z","level":"info","msg":"task done","taskId":"4a300f80-87f4-40d3-bef1-18286ad2fb58","taskType":"fetch_description","data":{"id":"4a300f80-87f4-40d3-bef1-18286ad2fb58","type":"fetch_description","ms":51,"heapUsedMb":252,"heapDeltaMb":1,"heapLimitMb":4144,"rssMb":182,"rssDeltaMb":0}}
{"t":"2026-10-01T16:18:37.652Z","level":"info","msg":"task start","taskId":"13c1de90-145a-452d-b46c-5ddba8284191","taskType":"fetch_description","data":{"id":"13c1de90-145a-452d-b46c-5ddba8284191","type":"fetch_description","attempt":1,"workerId":"test","commit":null,"readyWaitMs":143,"heapUsedMb":253,"heapLimitMb":4144,"rssMb":182}}
{"t":"2026-10-01T16:18:37.679Z","level":"info","msg":"task done","taskId":"13c1de90-145a-452d-b46c-5ddba8284191","taskType":"fetch_description","data":{"id":"13c1de90-145a-452d-b46c-5ddba8284191","type":"fetch_description","ms":26,"heapUsedMb":243,"heapDeltaMb":-10,"heapLimitMb":4144,"rssMb":183,"rssDeltaMb":1}}
{"t":"2026-10-01T16:18:37.680Z","level":"info","msg":"task start","taskId":"16f22104-0897-46a6-909a-d9f231fd410f","taskType":"fetch_description","data":{"id":"16f22104-0897-46a6-909a-d9f231fd410f","type":"fetch_description","attempt":1,"workerId":"test","commit":null,"readyWaitMs":171,"heapUsedMb":243,"heapLimitMb":4144,"rssMb":183}}
{"t":"2026-10-01T16:18:37.726Z","level":"info","msg":"task done","taskId":"16f22104-0897-46a6-909a-d9f231fd410f","taskType":"fetch_description","data":{"id":"16f22104-0897-46a6-909a-d9f231fd410f","type":"fetch_description","ms":46,"heapUsedMb":244,"heapDeltaMb":1,"heapLimitMb":4144,"rssMb":183,"rssDeltaMb":0}}
{"t":"2026-10-01T16:18:37.727Z","level":"info","msg":"task start","taskId":"52b0d068-0dd7-498e-971b-9dd56e660388","taskType":"discover","data":{"id":"52b0d068-0dd7-498e-971b-9dd56e660388","type":"discover","attempt":1,"workerId":"test","commit":null,"readyWaitMs":542,"heapUsedMb":244,"heapLimitMb":4144,"rssMb":183}}
{"t":"2026-10-01T16:18:37.779Z","level":"warn","msg":"logo re-encode failed; the original is kept","taskId":"52b0d068-0dd7-498e-971b-9dd56e660388","taskType":"discover","data":{"error":"Input buffer has corrupt header:","bytes":400}}
{"t":"2026-10-01T16:18:37.787Z","level":"info","msg":"logo captured","taskId":"52b0d068-0dd7-498e-971b-9dd56e660388","taskType":"discover","data":{"company":"Acme Robotics","source":"site_icon","sourceUrl":"https://www.acme.example/favicon.png","bytes":400,"contentType":"image/png"}}
{"t":"2026-10-01T16:18:37.790Z","level":"info","msg":"task done","taskId":"52b0d068-0dd7-498e-971b-9dd56e660388","taskType":"discover","data":{"id":"52b0d068-0dd7-498e-971b-9dd56e660388","type":"discover","ms":63,"heapUsedMb":245,"heapDeltaMb":1,"heapLimitMb":4144,"rssMb":183,"rssDeltaMb":0}}
{"t":"2026-10-01T16:18:38.013Z","level":"info","msg":"task start","taskId":"9f3e0cdd-11cf-4e67-9619-2935b656c065","taskType":"discover","data":{"id":"9f3e0cdd-11cf-4e67-9619-2935b656c065","type":"discover","attempt":1,"workerId":"test","commit":null,"readyWaitMs":5,"heapUsedMb":247,"heapLimitMb":4144,"rssMb":183}}
{"t":"2026-10-01T16:18:38.177Z","level":"info","msg":"discovery finished","taskId":"9f3e0cdd-11cf-4e67-9619-2935b656c065","taskType":"discover","data":{"company":"acme.example","outcome":"resolved","fetches":3,"best":"ats_link"}}
{"t":"2026-10-01T16:18:38.178Z","level":"info","msg":"task done","taskId":"9f3e0cdd-11cf-4e67-9619-2935b656c065","taskType":"discover","data":{"id":"9f3e0cdd-11cf-4e67-9619-2935b656c065","type":"discover","ms":165,"heapUsedMb":250,"heapDeltaMb":3,"heapLimitMb":4144,"rssMb":183,"rssDeltaMb":0}}
{"t":"2026-10-01T16:18:38.179Z","level":"info","msg":"task start","taskId":"67fd50d0-ca6c-4f39-b3d9-7e6cec02e424","taskType":"scan_company","data":{"id":"67fd50d0-ca6c-4f39-b3d9-7e6cec02e424","type":"scan_company","attempt":1,"workerId":"test","commit":null,"readyWaitMs":9,"heapUsedMb":250,"heapLimitMb":4144,"rssMb":183}}
{"t":"2026-10-01T16:18:38.348Z","level":"info","msg":"source scanned","taskId":"67fd50d0-ca6c-4f39-b3d9-7e6cec02e424","taskType":"scan_company","data":{"company":"Acme Robotics","type":"greenhouse","status":"ok","postings":5,"new":5,"closed":0,"followers":1,"deferredDescriptions":0,"reusedListing":false,"claimFetchedBytes":1452,"claimRequests":3,"claimRevalidated":0,"heapUsedMb":253,"ms":165}}
{"t":"2026-10-01T16:18:38.355Z","level":"info","msg":"task done","taskId":"67fd50d0-ca6c-4f39-b3d9-7e6cec02e424","taskType":"scan_company","data":{"id":"67fd50d0-ca6c-4f39-b3d9-7e6cec02e424","type":"scan_company","ms":176,"heapUsedMb":253,"heapDeltaMb":3,"heapLimitMb":4144,"rssMb":183,"rssDeltaMb":0}}
{"t":"2026-10-01T16:18:38.357Z","level":"info","msg":"task start","taskId":"adec01f6-95c5-4ca5-a546-b50244bffab4","taskType":"fetch_description","data":{"id":"adec01f6-95c5-4ca5-a546-b50244bffab4","type":"fetch_description","attempt":1,"workerId":"test","commit":null,"readyWaitMs":25,"heapUsedMb":253,"heapLimitMb":4144,"rssMb":183}}
{"t":"2026-10-01T16:18:38.382Z","level":"info","msg":"task done","taskId":"adec01f6-95c5-4ca5-a546-b50244bffab4","taskType":"fetch_description","data":{"id":"adec01f6-95c5-4ca5-a546-b50244bffab4","type":"fetch_description","ms":25,"heapUsedMb":254,"heapDeltaMb":1,"heapLimitMb":4144,"rssMb":183,"rssDeltaMb":0}}
{"t":"2026-10-01T16:18:38.384Z","level":"info","msg":"task start","taskId":"3a42943c-0ea2-488e-8577-b05b1e95a71a","taskType":"fetch_description","data":{"id":"3a42943c-0ea2-488e-8577-b05b1e95a71a","type":"fetch_description","attempt":1,"workerId":"test","commit":null,"readyWaitMs":52,"heapUsedMb":255,"heapLimitMb":4144,"rssMb":183}}
{"t":"2026-10-01T16:18:38.433Z","level":"info","msg":"task done","taskId":"3a42943c-0ea2-488e-8577-b05b1e95a71a","taskType":"fetch_description","data":{"id":"3a42943c-0ea2-488e-8577-b05b1e95a71a","type":"fetch_description","ms":49,"heapUsedMb":245,"heapDeltaMb":-10,"heapLimitMb":4144,"rssMb":185,"rssDeltaMb":2}}
{"t":"2026-10-01T16:18:38.434Z","level":"info","msg":"task start","taskId":"0308ded1-71b0-4f43-91f6-38a55ce41b6e","taskType":"fetch_description","data":{"id":"0308ded1-71b0-4f43-91f6-38a55ce41b6e","type":"fetch_description","attempt":1,"workerId":"test","commit":null,"readyWaitMs":102,"heapUsedMb":245,"heapLimitMb":4144,"rssMb":185}}
{"t":"2026-10-01T16:18:38.480Z","level":"info","msg":"task done","taskId":"0308ded1-71b0-4f43-91f6-38a55ce41b6e","taskType":"fetch_description","data":{"id":"0308ded1-71b0-4f43-91f6-38a55ce41b6e","type":"fetch_description","ms":46,"heapUsedMb":246,"heapDeltaMb":1,"heapLimitMb":4144,"rssMb":185,"rssDeltaMb":0}}
{"t":"2026-10-01T16:18:38.481Z","level":"info","msg":"task start","taskId":"956712cf-3438-47af-9968-99951c70bb92","taskType":"fetch_description","data":{"id":"956712cf-3438-47af-9968-99951c70bb92","type":"fetch_description","attempt":1,"workerId":"test","commit":null,"readyWaitMs":149,"heapUsedMb":246,"heapLimitMb":4144,"rssMb":185}}
{"t":"2026-10-01T16:18:38.536Z","level":"info","msg":"task done","taskId":"956712cf-3438-47af-9968-99951c70bb92","taskType":"fetch_description","data":{"id":"956712cf-3438-47af-9968-99951c70bb92","type":"fetch_description","ms":55,"heapUsedMb":247,"heapDeltaMb":1,"heapLimitMb":4144,"rssMb":185,"rssDeltaMb":0}}
{"t":"2026-10-01T16:18:38.537Z","level":"info","msg":"task start","taskId":"8a2bf8e0-d4fe-4540-8bca-6ba6a5bf2ac7","taskType":"discover","data":{"id":"8a2bf8e0-d4fe-4540-8bca-6ba6a5bf2ac7","type":"discover","attempt":1,"workerId":"test","commit":null,"readyWaitMs":524,"heapUsedMb":247,"heapLimitMb":4144,"rssMb":185}}
{"t":"2026-10-01T16:18:38.593Z","level":"warn","msg":"logo re-encode failed; the original is kept","taskId":"8a2bf8e0-d4fe-4540-8bca-6ba6a5bf2ac7","taskType":"discover","data":{"error":"Input buffer has corrupt header:","bytes":400}}
{"t":"2026-10-01T16:18:38.598Z","level":"info","msg":"logo captured","taskId":"8a2bf8e0-d4fe-4540-8bca-6ba6a5bf2ac7","taskType":"discover","data":{"company":"Acme Robotics","source":"site_icon","sourceUrl":"https://www.acme.example/favicon.png","bytes":400,"contentType":"image/png"}}
{"t":"2026-10-01T16:18:38.599Z","level":"info","msg":"task done","taskId":"8a2bf8e0-d4fe-4540-8bca-6ba6a5bf2ac7","taskType":"discover","data":{"id":"8a2bf8e0-d4fe-4540-8bca-6ba6a5bf2ac7","type":"discover","ms":62,"heapUsedMb":248,"heapDeltaMb":1,"heapLimitMb":4144,"rssMb":185,"rssDeltaMb":0}}
{"t":"2026-10-01T16:18:38.719Z","level":"info","msg":"source scanned","data":{"company":"acme.example","type":"greenhouse","status":"partial","postings":2,"new":0,"closed":0,"followers":1,"deferredDescriptions":0,"reusedListing":false,"claimFetchedBytes":721,"claimRequests":3,"claimRevalidated":0,"heapUsedMb":250,"ms":116}}
{"t":"2026-10-01T16:18:38.911Z","level":"info","msg":"task start","taskId":"4c748880-240d-4b42-9fa5-be533c82d5a7","taskType":"discover","data":{"id":"4c748880-240d-4b42-9fa5-be533c82d5a7","type":"discover","attempt":1,"workerId":"test","commit":null,"readyWaitMs":5,"heapUsedMb":252,"heapLimitMb":4144,"rssMb":185}}
{"t":"2026-10-01T16:18:39.074Z","level":"info","msg":"discovery finished","taskId":"4c748880-240d-4b42-9fa5-be533c82d5a7","taskType":"discover","data":{"company":"acme.example","outcome":"resolved","fetches":3,"best":"ats_link"}}
{"t":"2026-10-01T16:18:39.075Z","level":"info","msg":"task done","taskId":"4c748880-240d-4b42-9fa5-be533c82d5a7","taskType":"discover","data":{"id":"4c748880-240d-4b42-9fa5-be533c82d5a7","type":"discover","ms":164,"heapUsedMb":255,"heapDeltaMb":3,"heapLimitMb":4144,"rssMb":183,"rssDeltaMb":-2}}
{"t":"2026-10-01T16:18:39.076Z","level":"info","msg":"task start","taskId":"181fd977-0d32-4d28-8690-87221aa624cc","taskType":"scan_company","data":{"id":"181fd977-0d32-4d28-8690-87221aa624cc","type":"scan_company","attempt":1,"workerId":"test","commit":null,"readyWaitMs":9,"heapUsedMb":255,"heapLimitMb":4144,"rssMb":183}}
{"t":"2026-10-01T16:18:39.272Z","level":"info","msg":"source scanned","taskId":"181fd977-0d32-4d28-8690-87221aa624cc","taskType":"scan_company","data":{"company":"Acme Robotics","type":"greenhouse","status":"ok","postings":5,"new":5,"closed":0,"followers":1,"deferredDescriptions":0,"reusedListing":false,"claimFetchedBytes":1452,"claimRequests":3,"claimRevalidated":0,"heapUsedMb":247,"ms":193}}
{"t":"2026-10-01T16:18:39.294Z","level":"info","msg":"task done","taskId":"181fd977-0d32-4d28-8690-87221aa624cc","taskType":"scan_company","data":{"id":"181fd977-0d32-4d28-8690-87221aa624cc","type":"scan_company","ms":218,"heapUsedMb":247,"heapDeltaMb":-8,"heapLimitMb":4144,"rssMb":172,"rssDeltaMb":-11}}
{"t":"2026-10-01T16:18:39.300Z","level":"info","msg":"task start","taskId":"3b4a4b31-80c0-42de-b248-87bb3d539772","taskType":"fetch_description","data":{"id":"3b4a4b31-80c0-42de-b248-87bb3d539772","type":"fetch_description","attempt":1,"workerId":"test","commit":null,"readyWaitMs":67,"heapUsedMb":247,"heapLimitMb":4144,"rssMb":172}}
{"t":"2026-10-01T16:18:39.316Z","level":"info","msg":"task done","taskId":"3b4a4b31-80c0-42de-b248-87bb3d539772","taskType":"fetch_description","data":{"id":"3b4a4b31-80c0-42de-b248-87bb3d539772","type":"fetch_description","ms":15,"heapUsedMb":248,"heapDeltaMb":1,"heapLimitMb":4144,"rssMb":172,"rssDeltaMb":0}}
{"t":"2026-10-01T16:18:39.317Z","level":"info","msg":"task start","taskId":"a97326f4-ce91-4638-a63b-26afda4bd6cb","taskType":"fetch_description","data":{"id":"a97326f4-ce91-4638-a63b-26afda4bd6cb","type":"fetch_description","attempt":1,"workerId":"test","commit":null,"readyWaitMs":84,"heapUsedMb":248,"heapLimitMb":4144,"rssMb":172}}
{"t":"2026-10-01T16:18:39.361Z","level":"info","msg":"task done","taskId":"a97326f4-ce91-4638-a63b-26afda4bd6cb","taskType":"fetch_description","data":{"id":"a97326f4-ce91-4638-a63b-26afda4bd6cb","type":"fetch_description","ms":44,"heapUsedMb":249,"heapDeltaMb":1,"heapLimitMb":4144,"rssMb":172,"rssDeltaMb":0}}
{"t":"2026-10-01T16:18:39.362Z","level":"info","msg":"task start","taskId":"85bfd6ce-48fa-46ee-b462-4d4edd55b11c","taskType":"fetch_description","data":{"id":"85bfd6ce-48fa-46ee-b462-4d4edd55b11c","type":"fetch_description","attempt":1,"workerId":"test","commit":null,"readyWaitMs":129,"heapUsedMb":249,"heapLimitMb":4144,"rssMb":172}}
{"t":"2026-10-01T16:18:39.424Z","level":"info","msg":"task done","taskId":"85bfd6ce-48fa-46ee-b462-4d4edd55b11c","taskType":"fetch_description","data":{"id":"85bfd6ce-48fa-46ee-b462-4d4edd55b11c","type":"fetch_description","ms":62,"heapUsedMb":250,"heapDeltaMb":1,"heapLimitMb":4144,"rssMb":172,"rssDeltaMb":0}}
{"t":"2026-10-01T16:18:39.426Z","level":"info","msg":"task start","taskId":"6c995beb-45d0-42c1-be99-0f0a93962648","taskType":"fetch_description","data":{"id":"6c995beb-45d0-42c1-be99-0f0a93962648","type":"fetch_description","attempt":1,"workerId":"test","commit":null,"readyWaitMs":193,"heapUsedMb":251,"heapLimitMb":4144,"rssMb":172}}
{"t":"2026-10-01T16:18:39.482Z","level":"info","msg":"task done","taskId":"6c995beb-45d0-42c1-be99-0f0a93962648","taskType":"fetch_description","data":{"id":"6c995beb-45d0-42c1-be99-0f0a93962648","type":"fetch_description","ms":56,"heapUsedMb":252,"heapDeltaMb":1,"heapLimitMb":4144,"rssMb":172,"rssDeltaMb":0}}
{"t":"2026-10-01T16:18:39.483Z","level":"info","msg":"task start","taskId":"a8d5b9f9-82cc-4247-94e3-eb6d2ec3b182","taskType":"discover","data":{"id":"a8d5b9f9-82cc-4247-94e3-eb6d2ec3b182","type":"discover","attempt":1,"workerId":"test","commit":null,"readyWaitMs":572,"heapUsedMb":252,"heapLimitMb":4144,"rssMb":172}}
{"t":"2026-10-01T16:18:39.538Z","level":"warn","msg":"logo re-encode failed; the original is kept","taskId":"a8d5b9f9-82cc-4247-94e3-eb6d2ec3b182","taskType":"discover","data":{"error":"Input buffer has corrupt header:","bytes":400}}
{"t":"2026-10-01T16:18:39.549Z","level":"info","msg":"logo captured","taskId":"a8d5b9f9-82cc-4247-94e3-eb6d2ec3b182","taskType":"discover","data":{"company":"Acme Robotics","source":"site_icon","sourceUrl":"https://www.acme.example/favicon.png","bytes":400,"contentType":"image/png"}}
{"t":"2026-10-01T16:18:39.556Z","level":"info","msg":"task done","taskId":"a8d5b9f9-82cc-4247-94e3-eb6d2ec3b182","taskType":"discover","data":{"id":"a8d5b9f9-82cc-4247-94e3-eb6d2ec3b182","type":"discover","ms":73,"heapUsedMb":253,"heapDeltaMb":1,"heapLimitMb":4144,"rssMb":172,"rssDeltaMb":0}}
{"t":"2026-10-01T16:18:39.686Z","level":"info","msg":"source scanned","data":{"company":"acme.example","type":"greenhouse","status":"ok","postings":4,"new":0,"closed":0,"followers":1,"deferredDescriptions":0,"reusedListing":false,"claimFetchedBytes":1162,"claimRequests":3,"claimRevalidated":0,"heapUsedMb":254,"ms":127}}
{"t":"2026-10-01T16:18:39.835Z","level":"info","msg":"source scanned","data":{"company":"acme.example","type":"greenhouse","status":"ok","postings":4,"new":0,"closed":1,"followers":1,"deferredDescriptions":0,"reusedListing":false,"claimFetchedBytes":1162,"claimRequests":3,"claimRevalidated":0,"heapUsedMb":256,"ms":145}}
{"t":"2026-10-01T16:18:39.985Z","level":"info","msg":"source scanned","data":{"company":"acme.example","type":"greenhouse","status":"partial","postings":2,"new":0,"closed":0,"followers":1,"deferredDescriptions":0,"reusedListing":false,"claimFetchedBytes":721,"claimRequests":3,"claimRevalidated":0,"heapUsedMb":248,"ms":144}}
{"t":"2026-10-01T16:18:40.140Z","level":"info","msg":"source scanned","data":{"company":"acme.example","type":"greenhouse","status":"ok","postings":4,"new":0,"closed":0,"followers":1,"deferredDescriptions":0,"reusedListing":false,"claimFetchedBytes":1162,"claimRequests":3,"claimRevalidated":0,"heapUsedMb":250,"ms":150}}
{"t":"2026-10-01T16:18:40.279Z","level":"info","msg":"source scanned","data":{"company":"acme.example","type":"greenhouse","status":"ok","postings":4,"new":0,"closed":1,"followers":1,"deferredDescriptions":0,"reusedListing":false,"claimFetchedBytes":1162,"claimRequests":3,"claimRevalidated":0,"heapUsedMb":252,"ms":136}}
{"t":"2026-10-01T16:18:40.461Z","level":"info","msg":"task start","taskId":"c9ed3ce2-4df1-4445-86fa-60352d8d7058","taskType":"discover","data":{"id":"c9ed3ce2-4df1-4445-86fa-60352d8d7058","type":"discover","attempt":1,"workerId":"test","commit":null,"readyWaitMs":5,"heapUsedMb":253,"heapLimitMb":4144,"rssMb":165}}
{"t":"2026-10-01T16:18:40.623Z","level":"info","msg":"discovery finished","taskId":"c9ed3ce2-4df1-4445-86fa-60352d8d7058","taskType":"discover","data":{"company":"acme.example","outcome":"resolved","fetches":3,"best":"ats_link"}}
{"t":"2026-10-01T16:18:40.625Z","level":"info","msg":"task done","taskId":"c9ed3ce2-4df1-4445-86fa-60352d8d7058","taskType":"discover","data":{"id":"c9ed3ce2-4df1-4445-86fa-60352d8d7058","type":"discover","ms":164,"heapUsedMb":256,"heapDeltaMb":3,"heapLimitMb":4144,"rssMb":161,"rssDeltaMb":-4}}
{"t":"2026-10-01T16:18:40.626Z","level":"info","msg":"task start","taskId":"a660e03f-be62-4995-88db-c47d21cfd405","taskType":"scan_company","data":{"id":"a660e03f-be62-4995-88db-c47d21cfd405","type":"scan_company","attempt":1,"workerId":"test","commit":null,"readyWaitMs":9,"heapUsedMb":256,"heapLimitMb":4144,"rssMb":161}}
{"t":"2026-10-01T16:18:40.796Z","level":"info","msg":"source scanned","taskId":"a660e03f-be62-4995-88db-c47d21cfd405","taskType":"scan_company","data":{"company":"Acme Robotics","type":"greenhouse","status":"ok","postings":5,"new":5,"closed":0,"followers":1,"deferredDescriptions":0,"reusedListing":false,"claimFetchedBytes":1452,"claimRequests":3,"claimRevalidated":0,"heapUsedMb":258,"ms":167}}
{"t":"2026-10-01T16:18:40.801Z","level":"info","msg":"task done","taskId":"a660e03f-be62-4995-88db-c47d21cfd405","taskType":"scan_company","data":{"id":"a660e03f-be62-4995-88db-c47d21cfd405","type":"scan_company","ms":175,"heapUsedMb":259,"heapDeltaMb":3,"heapLimitMb":4144,"rssMb":161,"rssDeltaMb":0}}
{"t":"2026-10-01T16:18:40.803Z","level":"info","msg":"task start","taskId":"33fcffbd-fa3c-4a22-8261-9c7590e02b29","taskType":"fetch_description","data":{"id":"33fcffbd-fa3c-4a22-8261-9c7590e02b29","type":"fetch_description","attempt":1,"workerId":"test","commit":null,"readyWaitMs":26,"heapUsedMb":259,"heapLimitMb":4144,"rssMb":161}}
{"t":"2026-10-01T16:18:40.829Z","level":"info","msg":"task done","taskId":"33fcffbd-fa3c-4a22-8261-9c7590e02b29","taskType":"fetch_description","data":{"id":"33fcffbd-fa3c-4a22-8261-9c7590e02b29","type":"fetch_description","ms":26,"heapUsedMb":249,"heapDeltaMb":-10,"heapLimitMb":4144,"rssMb":162,"rssDeltaMb":1}}
{"t":"2026-10-01T16:18:40.830Z","level":"info","msg":"task start","taskId":"d4d4adc3-291d-4622-9218-4248f70d05f4","taskType":"fetch_description","data":{"id":"d4d4adc3-291d-4622-9218-4248f70d05f4","type":"fetch_description","attempt":1,"workerId":"test","commit":null,"readyWaitMs":53,"heapUsedMb":249,"heapLimitMb":4144,"rssMb":162}}
{"t":"2026-10-01T16:18:40.876Z","level":"info","msg":"task done","taskId":"d4d4adc3-291d-4622-9218-4248f70d05f4","taskType":"fetch_description","data":{"id":"d4d4adc3-291d-4622-9218-4248f70d05f4","type":"fetch_description","ms":46,"heapUsedMb":250,"heapDeltaMb":1,"heapLimitMb":4144,"rssMb":162,"rssDeltaMb":0}}
{"t":"2026-10-01T16:18:40.877Z","level":"info","msg":"task start","taskId":"ec2b4026-ae54-4aa1-abc4-3d2b09ac8576","taskType":"fetch_description","data":{"id":"ec2b4026-ae54-4aa1-abc4-3d2b09ac8576","type":"fetch_description","attempt":1,"workerId":"test","commit":null,"readyWaitMs":100,"heapUsedMb":251,"heapLimitMb":4144,"rssMb":162}}
{"t":"2026-10-01T16:18:40.930Z","level":"info","msg":"task done","taskId":"ec2b4026-ae54-4aa1-abc4-3d2b09ac8576","taskType":"fetch_description","data":{"id":"ec2b4026-ae54-4aa1-abc4-3d2b09ac8576","type":"fetch_description","ms":53,"heapUsedMb":252,"heapDeltaMb":1,"heapLimitMb":4144,"rssMb":162,"rssDeltaMb":0}}
{"t":"2026-10-01T16:18:40.931Z","level":"info","msg":"task start","taskId":"cdd71805-76c4-45d0-8ba0-2ef7aaed1def","taskType":"fetch_description","data":{"id":"cdd71805-76c4-45d0-8ba0-2ef7aaed1def","type":"fetch_description","attempt":1,"workerId":"test","commit":null,"readyWaitMs":154,"heapUsedMb":252,"heapLimitMb":4144,"rssMb":162}}
{"t":"2026-10-01T16:18:40.980Z","level":"info","msg":"task done","taskId":"cdd71805-76c4-45d0-8ba0-2ef7aaed1def","taskType":"fetch_description","data":{"id":"cdd71805-76c4-45d0-8ba0-2ef7aaed1def","type":"fetch_description","ms":49,"heapUsedMb":253,"heapDeltaMb":1,"heapLimitMb":4144,"rssMb":154,"rssDeltaMb":-8}}
{"t":"2026-10-01T16:18:40.981Z","level":"info","msg":"task start","taskId":"cce5bd06-d600-46f1-8c60-b9e48746f77f","taskType":"discover","data":{"id":"cce5bd06-d600-46f1-8c60-b9e48746f77f","type":"discover","attempt":1,"workerId":"test","commit":null,"readyWaitMs":520,"heapUsedMb":253,"heapLimitMb":4144,"rssMb":154}}
{"t":"2026-10-01T16:18:41.033Z","level":"warn","msg":"logo re-encode failed; the original is kept","taskId":"cce5bd06-d600-46f1-8c60-b9e48746f77f","taskType":"discover","data":{"error":"Input buffer has corrupt header:","bytes":400}}
{"t":"2026-10-01T16:18:41.043Z","level":"info","msg":"logo captured","taskId":"cce5bd06-d600-46f1-8c60-b9e48746f77f","taskType":"discover","data":{"company":"Acme Robotics","source":"site_icon","sourceUrl":"https://www.acme.example/favicon.png","bytes":400,"contentType":"image/png"}}
{"t":"2026-10-01T16:18:41.044Z","level":"info","msg":"task done","taskId":"cce5bd06-d600-46f1-8c60-b9e48746f77f","taskType":"discover","data":{"id":"cce5bd06-d600-46f1-8c60-b9e48746f77f","type":"discover","ms":63,"heapUsedMb":254,"heapDeltaMb":1,"heapLimitMb":4144,"rssMb":153,"rssDeltaMb":-1}}
{"t":"2026-10-01T16:18:41.176Z","level":"info","msg":"source scanned","data":{"company":"acme.example","type":"greenhouse","status":"ok","postings":4,"new":0,"closed":0,"followers":1,"deferredDescriptions":0,"reusedListing":false,"claimFetchedBytes":1162,"claimRequests":3,"claimRevalidated":0,"heapUsedMb":256,"ms":129}}
{"t":"2026-10-01T16:18:41.325Z","level":"info","msg":"source scanned","data":{"company":"acme.example","type":"greenhouse","status":"ok","postings":5,"new":0,"closed":0,"followers":1,"deferredDescriptions":0,"reusedListing":false,"claimFetchedBytes":1452,"claimRequests":3,"claimRevalidated":0,"heapUsedMb":258,"ms":144}}
{"t":"2026-10-01T16:18:41.473Z","level":"info","msg":"source scanned","data":{"company":"acme.example","type":"greenhouse","status":"ok","postings":4,"new":0,"closed":0,"followers":1,"deferredDescriptions":0,"reusedListing":false,"claimFetchedBytes":1162,"claimRequests":3,"claimRevalidated":0,"heapUsedMb":260,"ms":143}}
{"t":"2026-10-01T16:18:41.693Z","level":"info","msg":"task start","taskId":"c2e7a2b8-8b5c-49eb-be43-145433720fcf","taskType":"discover","data":{"id":"c2e7a2b8-8b5c-49eb-be43-145433720fcf","type":"discover","attempt":1,"workerId":"test","commit":null,"readyWaitMs":8,"heapUsedMb":261,"heapLimitMb":4144,"rssMb":152}}
{"t":"2026-10-01T16:18:41.865Z","level":"info","msg":"discovery finished","taskId":"c2e7a2b8-8b5c-49eb-be43-145433720fcf","taskType":"discover","data":{"company":"acme.example","outcome":"resolved","fetches":3,"best":"ats_link"}}
{"t":"2026-10-01T16:18:41.867Z","level":"info","msg":"task done","taskId":"c2e7a2b8-8b5c-49eb-be43-145433720fcf","taskType":"discover","data":{"id":"c2e7a2b8-8b5c-49eb-be43-145433720fcf","type":"discover","ms":174,"heapUsedMb":253,"heapDeltaMb":-8,"heapLimitMb":4144,"rssMb":153,"rssDeltaMb":1}}
{"t":"2026-10-01T16:18:41.869Z","level":"info","msg":"task start","taskId":"cacaca24-1b8a-48e5-80d3-8e6c7d5061a7","taskType":"scan_company","data":{"id":"cacaca24-1b8a-48e5-80d3-8e6c7d5061a7","type":"scan_company","attempt":1,"workerId":"test","commit":null,"readyWaitMs":14,"heapUsedMb":253,"heapLimitMb":4144,"rssMb":153}}
{"t":"2026-10-01T16:18:42.039Z","level":"info","msg":"source scanned","taskId":"cacaca24-1b8a-48e5-80d3-8e6c7d5061a7","taskType":"scan_company","data":{"company":"Acme Robotics","type":"greenhouse","status":"ok","postings":5,"new":5,"closed":0,"followers":1,"deferredDescriptions":0,"reusedListing":false,"claimFetchedBytes":1452,"claimRequests":3,"claimRevalidated":0,"heapUsedMb":256,"ms":166}}
{"t":"2026-10-01T16:18:42.046Z","level":"info","msg":"task done","taskId":"cacaca24-1b8a-48e5-80d3-8e6c7d5061a7","taskType":"scan_company","data":{"id":"cacaca24-1b8a-48e5-80d3-8e6c7d5061a7","type":"scan_company","ms":177,"heapUsedMb":256,"heapDeltaMb":3,"heapLimitMb":4144,"rssMb":153,"rssDeltaMb":0}}
{"t":"2026-10-01T16:18:42.048Z","level":"info","msg":"task start","taskId":"77a2ec98-fc0b-4c07-b4a9-c7f56eeccb44","taskType":"fetch_description","data":{"id":"77a2ec98-fc0b-4c07-b4a9-c7f56eeccb44","type":"fetch_description","attempt":1,"workerId":"test","commit":null,"readyWaitMs":35,"heapUsedMb":256,"heapLimitMb":4144,"rssMb":153}}
{"t":"2026-10-01T16:18:42.065Z","level":"info","msg":"task done","taskId":"77a2ec98-fc0b-4c07-b4a9-c7f56eeccb44","taskType":"fetch_description","data":{"id":"77a2ec98-fc0b-4c07-b4a9-c7f56eeccb44","type":"fetch_description","ms":17,"heapUsedMb":257,"heapDeltaMb":1,"heapLimitMb":4144,"rssMb":153,"rssDeltaMb":0}}
{"t":"2026-10-01T16:18:42.066Z","level":"info","msg":"task start","taskId":"6de3c92d-07c7-44f5-be41-70853f5f0ff5","taskType":"fetch_description","data":{"id":"6de3c92d-07c7-44f5-be41-70853f5f0ff5","type":"fetch_description","attempt":1,"workerId":"test","commit":null,"readyWaitMs":53,"heapUsedMb":257,"heapLimitMb":4144,"rssMb":153}}
{"t":"2026-10-01T16:18:42.115Z","level":"info","msg":"task done","taskId":"6de3c92d-07c7-44f5-be41-70853f5f0ff5","taskType":"fetch_description","data":{"id":"6de3c92d-07c7-44f5-be41-70853f5f0ff5","type":"fetch_description","ms":49,"heapUsedMb":258,"heapDeltaMb":1,"heapLimitMb":4144,"rssMb":153,"rssDeltaMb":0}}
{"t":"2026-10-01T16:18:42.116Z","level":"info","msg":"task start","taskId":"8738ad4b-97dc-4df3-954b-f814f42a5848","taskType":"fetch_description","data":{"id":"8738ad4b-97dc-4df3-954b-f814f42a5848","type":"fetch_description","attempt":1,"workerId":"test","commit":null,"readyWaitMs":103,"heapUsedMb":259,"heapLimitMb":4144,"rssMb":153}}
{"t":"2026-10-01T16:18:42.160Z","level":"info","msg":"task done","taskId":"8738ad4b-97dc-4df3-954b-f814f42a5848","taskType":"fetch_description","data":{"id":"8738ad4b-97dc-4df3-954b-f814f42a5848","type":"fetch_description","ms":44,"heapUsedMb":260,"heapDeltaMb":1,"heapLimitMb":4144,"rssMb":153,"rssDeltaMb":0}}
{"t":"2026-10-01T16:18:42.161Z","level":"info","msg":"task start","taskId":"179bc72c-40c2-4ce4-bcd9-6de1218c5ee6","taskType":"fetch_description","data":{"id":"179bc72c-40c2-4ce4-bcd9-6de1218c5ee6","type":"fetch_description","attempt":1,"workerId":"test","commit":null,"readyWaitMs":148,"heapUsedMb":260,"heapLimitMb":4144,"rssMb":153}}
{"t":"2026-10-01T16:18:42.212Z","level":"info","msg":"task done","taskId":"179bc72c-40c2-4ce4-bcd9-6de1218c5ee6","taskType":"fetch_description","data":{"id":"179bc72c-40c2-4ce4-bcd9-6de1218c5ee6","type":"fetch_description","ms":51,"heapUsedMb":261,"heapDeltaMb":1,"heapLimitMb":4144,"rssMb":153,"rssDeltaMb":0}}
{"t":"2026-10-01T16:18:42.213Z","level":"info","msg":"task start","taskId":"164a53c4-fc76-4d59-8b48-c4d976afdc22","taskType":"discover","data":{"id":"164a53c4-fc76-4d59-8b48-c4d976afdc22","type":"discover","attempt":1,"workerId":"test","commit":null,"readyWaitMs":520,"heapUsedMb":261,"heapLimitMb":4144,"rssMb":153}}
{"t":"2026-10-01T16:18:42.266Z","level":"warn","msg":"logo re-encode failed; the original is kept","taskId":"164a53c4-fc76-4d59-8b48-c4d976afdc22","taskType":"discover","data":{"error":"Input buffer has corrupt header:","bytes":400}}
{"t":"2026-10-01T16:18:42.271Z","level":"info","msg":"logo captured","taskId":"164a53c4-fc76-4d59-8b48-c4d976afdc22","taskType":"discover","data":{"company":"Acme Robotics","source":"site_icon","sourceUrl":"https://www.acme.example/favicon.png","bytes":400,"contentType":"image/png"}}
{"t":"2026-10-01T16:18:42.273Z","level":"info","msg":"task done","taskId":"164a53c4-fc76-4d59-8b48-c4d976afdc22","taskType":"discover","data":{"id":"164a53c4-fc76-4d59-8b48-c4d976afdc22","type":"discover","ms":60,"heapUsedMb":262,"heapDeltaMb":1,"heapLimitMb":4144,"rssMb":153,"rssDeltaMb":0}}
{"t":"2026-10-01T16:18:42.392Z","level":"info","msg":"source scanned","data":{"company":"acme.example","type":"greenhouse","status":"ok","postings":4,"new":0,"closed":0,"followers":1,"deferredDescriptions":0,"reusedListing":false,"claimFetchedBytes":1162,"claimRequests":3,"claimRevalidated":0,"heapUsedMb":253,"ms":117}}
{"t":"2026-10-01T16:18:42.538Z","level":"info","msg":"source scanned","data":{"company":"acme.example","type":"greenhouse","status":"ok","postings":4,"new":0,"closed":0,"followers":1,"deferredDescriptions":0,"reusedListing":false,"claimFetchedBytes":1162,"claimRequests":3,"claimRevalidated":0,"heapUsedMb":255,"ms":142}}
{"t":"2026-10-01T16:18:42.695Z","level":"info","msg":"source scanned","data":{"company":"acme.example","type":"greenhouse","status":"ok","postings":4,"new":0,"closed":1,"followers":1,"deferredDescriptions":0,"reusedListing":false,"claimFetchedBytes":1162,"claimRequests":3,"claimRevalidated":0,"heapUsedMb":257,"ms":154}}
{"t":"2026-10-01T16:18:42.847Z","level":"info","msg":"source scanned","data":{"company":"acme.example","type":"greenhouse","status":"ok","postings":5,"new":0,"closed":0,"followers":1,"deferredDescriptions":0,"reusedListing":false,"claimFetchedBytes":1452,"claimRequests":3,"claimRevalidated":0,"heapUsedMb":259,"ms":148}}
{"t":"2026-10-01T16:18:43.043Z","level":"info","msg":"task start","taskId":"7b750a91-666a-4827-8589-21c6f12e6a3a","taskType":"discover","data":{"id":"7b750a91-666a-4827-8589-21c6f12e6a3a","type":"discover","attempt":1,"workerId":"test","commit":null,"readyWaitMs":7,"heapUsedMb":260,"heapLimitMb":4144,"rssMb":152}}
{"t":"2026-10-01T16:18:43.210Z","level":"info","msg":"discovery finished","taskId":"7b750a91-666a-4827-8589-21c6f12e6a3a","taskType":"discover","data":{"company":"acme.example","outcome":"resolved","fetches":3,"best":"ats_link"}}
{"t":"2026-10-01T16:18:43.212Z","level":"info","msg":"task done","taskId":"7b750a91-666a-4827-8589-21c6f12e6a3a","taskType":"discover","data":{"id":"7b750a91-666a-4827-8589-21c6f12e6a3a","type":"discover","ms":168,"heapUsedMb":263,"heapDeltaMb":3,"heapLimitMb":4144,"rssMb":152,"rssDeltaMb":0}}
{"t":"2026-10-01T16:18:43.213Z","level":"info","msg":"task start","taskId":"d65bf60e-eadd-41d6-a566-64df38005230","taskType":"scan_company","data":{"id":"d65bf60e-eadd-41d6-a566-64df38005230","type":"scan_company","attempt":1,"workerId":"test","commit":null,"readyWaitMs":12,"heapUsedMb":263,"heapLimitMb":4144,"rssMb":152}}
{"t":"2026-10-01T16:18:43.393Z","level":"info","msg":"source scanned","taskId":"d65bf60e-eadd-41d6-a566-64df38005230","taskType":"scan_company","data":{"company":"Acme Robotics","type":"greenhouse","status":"ok","postings":5,"new":5,"closed":0,"followers":1,"deferredDescriptions":0,"reusedListing":false,"claimFetchedBytes":1452,"claimRequests":3,"claimRevalidated":0,"heapUsedMb":255,"ms":177}}
{"t":"2026-10-01T16:18:43.402Z","level":"info","msg":"task done","taskId":"d65bf60e-eadd-41d6-a566-64df38005230","taskType":"scan_company","data":{"id":"d65bf60e-eadd-41d6-a566-64df38005230","type":"scan_company","ms":190,"heapUsedMb":255,"heapDeltaMb":-8,"heapLimitMb":4144,"rssMb":153,"rssDeltaMb":1}}
{"t":"2026-10-01T16:18:43.404Z","level":"info","msg":"task start","taskId":"868f572c-9861-46c7-9c98-911992234338","taskType":"fetch_description","data":{"id":"868f572c-9861-46c7-9c98-911992234338","type":"fetch_description","attempt":1,"workerId":"test","commit":null,"readyWaitMs":34,"heapUsedMb":256,"heapLimitMb":4144,"rssMb":153}}
{"t":"2026-10-01T16:18:43.420Z","level":"info","msg":"task done","taskId":"868f572c-9861-46c7-9c98-911992234338","taskType":"fetch_description","data":{"id":"868f572c-9861-46c7-9c98-911992234338","type":"fetch_description","ms":16,"heapUsedMb":257,"heapDeltaMb":1,"heapLimitMb":4144,"rssMb":153,"rssDeltaMb":0}}
{"t":"2026-10-01T16:18:43.422Z","level":"info","msg":"task start","taskId":"03b5145f-4d86-4053-a769-d4c2b0267eee","taskType":"fetch_description","data":{"id":"03b5145f-4d86-4053-a769-d4c2b0267eee","type":"fetch_description","attempt":1,"workerId":"test","commit":null,"readyWaitMs":52,"heapUsedMb":257,"heapLimitMb":4144,"rssMb":153}}
{"t":"2026-10-01T16:18:43.474Z","level":"info","msg":"task done","taskId":"03b5145f-4d86-4053-a769-d4c2b0267eee","taskType":"fetch_description","data":{"id":"03b5145f-4d86-4053-a769-d4c2b0267eee","type":"fetch_description","ms":52,"heapUsedMb":258,"heapDeltaMb":1,"heapLimitMb":4144,"rssMb":153,"rssDeltaMb":0}}
{"t":"2026-10-01T16:18:43.475Z","level":"info","msg":"task start","taskId":"871e3b10-efbf-4292-8724-e718bc6280b9","taskType":"fetch_description","data":{"id":"871e3b10-efbf-4292-8724-e718bc6280b9","type":"fetch_description","attempt":1,"workerId":"test","commit":null,"readyWaitMs":105,"heapUsedMb":258,"heapLimitMb":4144,"rssMb":153}}
{"t":"2026-10-01T16:18:43.532Z","level":"info","msg":"task done","taskId":"871e3b10-efbf-4292-8724-e718bc6280b9","taskType":"fetch_description","data":{"id":"871e3b10-efbf-4292-8724-e718bc6280b9","type":"fetch_description","ms":56,"heapUsedMb":259,"heapDeltaMb":1,"heapLimitMb":4144,"rssMb":153,"rssDeltaMb":0}}
{"t":"2026-10-01T16:18:43.535Z","level":"info","msg":"task start","taskId":"ae432bb7-448f-474e-9fbb-0e2a1ac28881","taskType":"fetch_description","data":{"id":"ae432bb7-448f-474e-9fbb-0e2a1ac28881","type":"fetch_description","attempt":1,"workerId":"test","commit":null,"readyWaitMs":165,"heapUsedMb":259,"heapLimitMb":4144,"rssMb":153}}
{"t":"2026-10-01T16:18:43.595Z","level":"info","msg":"task done","taskId":"ae432bb7-448f-474e-9fbb-0e2a1ac28881","taskType":"fetch_description","data":{"id":"ae432bb7-448f-474e-9fbb-0e2a1ac28881","type":"fetch_description","ms":60,"heapUsedMb":260,"heapDeltaMb":1,"heapLimitMb":4144,"rssMb":153,"rssDeltaMb":0}}
{"t":"2026-10-01T16:18:43.597Z","level":"info","msg":"task start","taskId":"4ff83df1-1f3e-4b3c-b311-a57cd02ef6c6","taskType":"discover","data":{"id":"4ff83df1-1f3e-4b3c-b311-a57cd02ef6c6","type":"discover","attempt":1,"workerId":"test","commit":null,"readyWaitMs":554,"heapUsedMb":260,"heapLimitMb":4144,"rssMb":153}}
{"t":"2026-10-01T16:18:43.652Z","level":"warn","msg":"logo re-encode failed; the original is kept","taskId":"4ff83df1-1f3e-4b3c-b311-a57cd02ef6c6","taskType":"discover","data":{"error":"Input buffer has corrupt header:","bytes":400}}
{"t":"2026-10-01T16:18:43.656Z","level":"info","msg":"logo captured","taskId":"4ff83df1-1f3e-4b3c-b311-a57cd02ef6c6","taskType":"discover","data":{"company":"Acme Robotics","source":"site_icon","sourceUrl":"https://www.acme.example/favicon.png","bytes":400,"contentType":"image/png"}}
{"t":"2026-10-01T16:18:43.657Z","level":"info","msg":"task done","taskId":"4ff83df1-1f3e-4b3c-b311-a57cd02ef6c6","taskType":"discover","data":{"id":"4ff83df1-1f3e-4b3c-b311-a57cd02ef6c6","type":"discover","ms":60,"heapUsedMb":261,"heapDeltaMb":1,"heapLimitMb":4144,"rssMb":153,"rssDeltaMb":0}}
{"t":"2026-10-01T16:18:43.785Z","level":"info","msg":"source scanned","data":{"company":"acme.example","type":"greenhouse","status":"suspect_empty","postings":0,"new":0,"closed":0,"followers":1,"deferredDescriptions":0,"reusedListing":false,"claimFetchedBytes":162,"claimRequests":3,"claimRevalidated":0,"heapUsedMb":263,"ms":125}}
{"t":"2026-10-01T16:18:43.931Z","level":"info","msg":"source scanned","data":{"company":"acme.example","type":"greenhouse","status":"suspect_empty","postings":0,"new":0,"closed":0,"followers":1,"deferredDescriptions":0,"reusedListing":false,"claimFetchedBytes":162,"claimRequests":3,"claimRevalidated":0,"heapUsedMb":264,"ms":141}}
{"t":"2026-10-01T16:18:44.168Z","level":"info","msg":"task start","taskId":"a6658daa-b918-4c8c-b243-785241fc63a6","taskType":"discover","data":{"id":"a6658daa-b918-4c8c-b243-785241fc63a6","type":"discover","attempt":1,"workerId":"test","commit":null,"readyWaitMs":5,"heapUsedMb":266,"heapLimitMb":4144,"rssMb":151}}
{"t":"2026-10-01T16:18:44.354Z","level":"info","msg":"discovery finished","taskId":"a6658daa-b918-4c8c-b243-785241fc63a6","taskType":"discover","data":{"company":"acme.example","outcome":"resolved","fetches":3,"best":"ats_link"}}
{"t":"2026-10-01T16:18:44.356Z","level":"info","msg":"task done","taskId":"a6658daa-b918-4c8c-b243-785241fc63a6","taskType":"discover","data":{"id":"a6658daa-b918-4c8c-b243-785241fc63a6","type":"discover","ms":188,"heapUsedMb":258,"heapDeltaMb":-8,"heapLimitMb":4144,"rssMb":152,"rssDeltaMb":1}}
{"t":"2026-10-01T16:18:44.357Z","level":"info","msg":"task start","taskId":"892a71a8-f9f0-45b1-993e-4d7f7c793d5b","taskType":"scan_company","data":{"id":"892a71a8-f9f0-45b1-993e-4d7f7c793d5b","type":"scan_company","attempt":1,"workerId":"test","commit":null,"readyWaitMs":31,"heapUsedMb":258,"heapLimitMb":4144,"rssMb":152}}
{"t":"2026-10-01T16:18:44.495Z","level":"info","msg":"source scanned","taskId":"892a71a8-f9f0-45b1-993e-4d7f7c793d5b","taskType":"scan_company","data":{"company":"Acme Robotics","type":"greenhouse","status":"ok","postings":5,"new":5,"closed":0,"followers":1,"deferredDescriptions":0,"reusedListing":false,"claimFetchedBytes":1452,"claimRequests":3,"claimRevalidated":0,"heapUsedMb":261,"ms":134}}
{"t":"2026-10-01T16:18:44.500Z","level":"info","msg":"task done","taskId":"892a71a8-f9f0-45b1-993e-4d7f7c793d5b","taskType":"scan_company","data":{"id":"892a71a8-f9f0-45b1-993e-4d7f7c793d5b","type":"scan_company","ms":143,"heapUsedMb":261,"heapDeltaMb":3,"heapLimitMb":4144,"rssMb":152,"rssDeltaMb":0}}
{"t":"2026-10-01T16:18:44.502Z","level":"info","msg":"task start","taskId":"8ac86a78-ae1b-4132-ae57-818a4e95faea","taskType":"fetch_description","data":{"id":"8ac86a78-ae1b-4132-ae57-818a4e95faea","type":"fetch_description","attempt":1,"workerId":"test","commit":null,"readyWaitMs":19,"heapUsedMb":261,"heapLimitMb":4144,"rssMb":152}}
{"t":"2026-10-01T16:18:44.536Z","level":"info","msg":"task done","taskId":"8ac86a78-ae1b-4132-ae57-818a4e95faea","taskType":"fetch_description","data":{"id":"8ac86a78-ae1b-4132-ae57-818a4e95faea","type":"fetch_description","ms":34,"heapUsedMb":262,"heapDeltaMb":1,"heapLimitMb":4144,"rssMb":152,"rssDeltaMb":0}}
{"t":"2026-10-01T16:18:44.537Z","level":"info","msg":"task start","taskId":"6e094449-7804-4f31-ae5d-1551afe553f8","taskType":"fetch_description","data":{"id":"6e094449-7804-4f31-ae5d-1551afe553f8","type":"fetch_description","attempt":1,"workerId":"test","commit":null,"readyWaitMs":54,"heapUsedMb":262,"heapLimitMb":4144,"rssMb":152}}
{"t":"2026-10-01T16:18:44.601Z","level":"info","msg":"task done","taskId":"6e094449-7804-4f31-ae5d-1551afe553f8","taskType":"fetch_description","data":{"id":"6e094449-7804-4f31-ae5d-1551afe553f8","type":"fetch_description","ms":64,"heapUsedMb":263,"heapDeltaMb":1,"heapLimitMb":4144,"rssMb":152,"rssDeltaMb":0}}
{"t":"2026-10-01T16:18:44.602Z","level":"info","msg":"task start","taskId":"0d151e7d-d7e8-420b-920b-7ecc91c316c7","taskType":"fetch_description","data":{"id":"0d151e7d-d7e8-420b-920b-7ecc91c316c7","type":"fetch_description","attempt":1,"workerId":"test","commit":null,"readyWaitMs":119,"heapUsedMb":263,"heapLimitMb":4144,"rssMb":152}}
{"t":"2026-10-01T16:18:44.639Z","level":"info","msg":"task done","taskId":"0d151e7d-d7e8-420b-920b-7ecc91c316c7","taskType":"fetch_description","data":{"id":"0d151e7d-d7e8-420b-920b-7ecc91c316c7","type":"fetch_description","ms":37,"heapUsedMb":264,"heapDeltaMb":1,"heapLimitMb":4144,"rssMb":152,"rssDeltaMb":0}}
{"t":"2026-10-01T16:18:44.641Z","level":"info","msg":"task start","taskId":"d81f52de-6b8a-4db3-b718-e60d642dfc85","taskType":"fetch_description","data":{"id":"d81f52de-6b8a-4db3-b718-e60d642dfc85","type":"fetch_description","attempt":1,"workerId":"test","commit":null,"readyWaitMs":158,"heapUsedMb":265,"heapLimitMb":4144,"rssMb":152}}
{"t":"2026-10-01T16:18:44.697Z","level":"info","msg":"task done","taskId":"d81f52de-6b8a-4db3-b718-e60d642dfc85","taskType":"fetch_description","data":{"id":"d81f52de-6b8a-4db3-b718-e60d642dfc85","type":"fetch_description","ms":56,"heapUsedMb":266,"heapDeltaMb":1,"heapLimitMb":4144,"rssMb":152,"rssDeltaMb":0}}
{"t":"2026-10-01T16:18:44.699Z","level":"info","msg":"task start","taskId":"77d2c411-44bc-493f-86cd-b30ddd1fa346","taskType":"discover","data":{"id":"77d2c411-44bc-493f-86cd-b30ddd1fa346","type":"discover","attempt":1,"workerId":"test","commit":null,"readyWaitMs":531,"heapUsedMb":266,"heapLimitMb":4144,"rssMb":152}}
{"t":"2026-10-01T16:18:44.751Z","level":"warn","msg":"logo re-encode failed; the original is kept","taskId":"77d2c411-44bc-493f-86cd-b30ddd1fa346","taskType":"discover","data":{"error":"Input buffer has corrupt header:","bytes":400}}
{"t":"2026-10-01T16:18:44.757Z","level":"info","msg":"logo captured","taskId":"77d2c411-44bc-493f-86cd-b30ddd1fa346","taskType":"discover","data":{"company":"Acme Robotics","source":"site_icon","sourceUrl":"https://www.acme.example/favicon.png","bytes":400,"contentType":"image/png"}}
{"t":"2026-10-01T16:18:44.759Z","level":"info","msg":"task done","taskId":"77d2c411-44bc-493f-86cd-b30ddd1fa346","taskType":"discover","data":{"id":"77d2c411-44bc-493f-86cd-b30ddd1fa346","type":"discover","ms":60,"heapUsedMb":267,"heapDeltaMb":1,"heapLimitMb":4144,"rssMb":151,"rssDeltaMb":-1}}
{"t":"2026-10-01T16:18:44.812Z","level":"info","msg":"source scanned","data":{"company":"acme.example","type":"html","status":"failed","postings":0,"new":0,"closed":0,"followers":1,"deferredDescriptions":0,"reusedListing":false,"claimFetchedBytes":44,"claimRequests":1,"claimRevalidated":0,"heapUsedMb":257,"ms":50}}
{"t":"2026-10-01T16:18:44.994Z","level":"info","msg":"task start","taskId":"14801463-241a-43e6-ab74-dacda7d0d58c","taskType":"discover","data":{"id":"14801463-241a-43e6-ab74-dacda7d0d58c","type":"discover","attempt":1,"workerId":"test","commit":null,"readyWaitMs":6,"heapUsedMb":259,"heapLimitMb":4144,"rssMb":153}}
{"t":"2026-10-01T16:18:45.158Z","level":"info","msg":"discovery finished","taskId":"14801463-241a-43e6-ab74-dacda7d0d58c","taskType":"discover","data":{"company":"acme.example","outcome":"resolved","fetches":3,"best":"ats_link"}}
{"t":"2026-10-01T16:18:45.160Z","level":"info","msg":"task done","taskId":"14801463-241a-43e6-ab74-dacda7d0d58c","taskType":"discover","data":{"id":"14801463-241a-43e6-ab74-dacda7d0d58c","type":"discover","ms":166,"heapUsedMb":261,"heapDeltaMb":2,"heapLimitMb":4144,"rssMb":153,"rssDeltaMb":0}}
{"t":"2026-10-01T16:18:45.161Z","level":"info","msg":"task start","taskId":"59331990-3e98-46ca-b49b-4f7780021769","taskType":"scan_company","data":{"id":"59331990-3e98-46ca-b49b-4f7780021769","type":"scan_company","attempt":1,"workerId":"test","commit":null,"readyWaitMs":9,"heapUsedMb":262,"heapLimitMb":4144,"rssMb":153}}
{"t":"2026-10-01T16:18:45.345Z","level":"info","msg":"source scanned","taskId":"59331990-3e98-46ca-b49b-4f7780021769","taskType":"scan_company","data":{"company":"Acme Robotics","type":"greenhouse","status":"ok","postings":5,"new":5,"closed":0,"followers":1,"deferredDescriptions":0,"reusedListing":false,"claimFetchedBytes":1452,"claimRequests":3,"claimRevalidated":0,"heapUsedMb":264,"ms":180}}
{"t":"2026-10-01T16:18:45.352Z","level":"info","msg":"task done","taskId":"59331990-3e98-46ca-b49b-4f7780021769","taskType":"scan_company","data":{"id":"59331990-3e98-46ca-b49b-4f7780021769","type":"scan_company","ms":191,"heapUsedMb":264,"heapDeltaMb":2,"heapLimitMb":4144,"rssMb":153,"rssDeltaMb":0}}
{"t":"2026-10-01T16:18:45.354Z","level":"info","msg":"task start","taskId":"a81d1abb-5881-4dd5-ba80-1139f687ba6e","taskType":"fetch_description","data":{"id":"a81d1abb-5881-4dd5-ba80-1139f687ba6e","type":"fetch_description","attempt":1,"workerId":"test","commit":null,"readyWaitMs":36,"heapUsedMb":265,"heapLimitMb":4144,"rssMb":153}}
{"t":"2026-10-01T16:18:45.366Z","level":"info","msg":"task done","taskId":"a81d1abb-5881-4dd5-ba80-1139f687ba6e","taskType":"fetch_description","data":{"id":"a81d1abb-5881-4dd5-ba80-1139f687ba6e","type":"fetch_description","ms":12,"heapUsedMb":266,"heapDeltaMb":1,"heapLimitMb":4144,"rssMb":153,"rssDeltaMb":0}}
{"t":"2026-10-01T16:18:45.367Z","level":"info","msg":"task start","taskId":"1c17b31d-5bf2-4be8-9d56-7f0c31e6e42a","taskType":"fetch_description","data":{"id":"1c17b31d-5bf2-4be8-9d56-7f0c31e6e42a","type":"fetch_description","attempt":1,"workerId":"test","commit":null,"readyWaitMs":49,"heapUsedMb":266,"heapLimitMb":4144,"rssMb":153}}
{"t":"2026-10-01T16:18:45.419Z","level":"info","msg":"task done","taskId":"1c17b31d-5bf2-4be8-9d56-7f0c31e6e42a","taskType":"fetch_description","data":{"id":"1c17b31d-5bf2-4be8-9d56-7f0c31e6e42a","type":"fetch_description","ms":52,"heapUsedMb":267,"heapDeltaMb":1,"heapLimitMb":4144,"rssMb":153,"rssDeltaMb":0}}
{"t":"2026-10-01T16:18:45.421Z","level":"info","msg":"task start","taskId":"7ee24795-4b12-46fd-8bc8-0b73090b5470","taskType":"fetch_description","data":{"id":"7ee24795-4b12-46fd-8bc8-0b73090b5470","type":"fetch_description","attempt":1,"workerId":"test","commit":null,"readyWaitMs":103,"heapUsedMb":267,"heapLimitMb":4144,"rssMb":153}}
{"t":"2026-10-01T16:18:45.469Z","level":"info","msg":"task done","taskId":"7ee24795-4b12-46fd-8bc8-0b73090b5470","taskType":"fetch_description","data":{"id":"7ee24795-4b12-46fd-8bc8-0b73090b5470","type":"fetch_description","ms":48,"heapUsedMb":268,"heapDeltaMb":1,"heapLimitMb":4144,"rssMb":153,"rssDeltaMb":0}}
{"t":"2026-10-01T16:18:45.470Z","level":"info","msg":"task start","taskId":"6dc45a35-3c40-4d2c-8e32-d9da63719bb3","taskType":"fetch_description","data":{"id":"6dc45a35-3c40-4d2c-8e32-d9da63719bb3","type":"fetch_description","attempt":1,"workerId":"test","commit":null,"readyWaitMs":152,"heapUsedMb":268,"heapLimitMb":4144,"rssMb":153}}
{"t":"2026-10-01T16:18:45.517Z","level":"info","msg":"task done","taskId":"6dc45a35-3c40-4d2c-8e32-d9da63719bb3","taskType":"fetch_description","data":{"id":"6dc45a35-3c40-4d2c-8e32-d9da63719bb3","type":"fetch_description","ms":47,"heapUsedMb":259,"heapDeltaMb":-9,"heapLimitMb":4144,"rssMb":155,"rssDeltaMb":2}}
{"t":"2026-10-01T16:18:45.518Z","level":"info","msg":"task start","taskId":"b4d684cf-694f-408f-9fb1-2bd4e1def745","taskType":"discover","data":{"id":"b4d684cf-694f-408f-9fb1-2bd4e1def745","type":"discover","attempt":1,"workerId":"test","commit":null,"readyWaitMs":524,"heapUsedMb":259,"heapLimitMb":4144,"rssMb":155}}
{"t":"2026-10-01T16:18:45.572Z","level":"warn","msg":"logo re-encode failed; the original is kept","taskId":"b4d684cf-694f-408f-9fb1-2bd4e1def745","taskType":"discover","data":{"error":"Input buffer has corrupt header:","bytes":400}}
{"t":"2026-10-01T16:18:45.577Z","level":"info","msg":"logo captured","taskId":"b4d684cf-694f-408f-9fb1-2bd4e1def745","taskType":"discover","data":{"company":"Acme Robotics","source":"site_icon","sourceUrl":"https://www.acme.example/favicon.png","bytes":400,"contentType":"image/png"}}
{"t":"2026-10-01T16:18:45.578Z","level":"info","msg":"task done","taskId":"b4d684cf-694f-408f-9fb1-2bd4e1def745","taskType":"discover","data":{"id":"b4d684cf-694f-408f-9fb1-2bd4e1def745","type":"discover","ms":60,"heapUsedMb":260,"heapDeltaMb":1,"heapLimitMb":4144,"rssMb":155,"rssDeltaMb":0}}
{"t":"2026-10-01T16:18:45.582Z","level":"info","msg":"task start","taskId":"7324f34f-9fd7-418e-b5e6-7d47406a0fdd","taskType":"reevaluate_gate","data":{"id":"7324f34f-9fd7-418e-b5e6-7d47406a0fdd","type":"reevaluate_gate","attempt":1,"workerId":"test","commit":null,"readyWaitMs":4,"heapUsedMb":260,"heapLimitMb":4144,"rssMb":155}}
{"t":"2026-10-01T16:18:45.594Z","level":"info","msg":"task done","taskId":"7324f34f-9fd7-418e-b5e6-7d47406a0fdd","taskType":"reevaluate_gate","data":{"id":"7324f34f-9fd7-418e-b5e6-7d47406a0fdd","type":"reevaluate_gate","ms":12,"heapUsedMb":261,"heapDeltaMb":1,"heapLimitMb":4144,"rssMb":155,"rssDeltaMb":0}}
{"t":"2026-10-01T16:18:45.851Z","level":"info","msg":"task start","taskId":"11b7111a-b6c2-41bf-bde5-50e282a2fe0b","taskType":"discover","data":{"id":"11b7111a-b6c2-41bf-bde5-50e282a2fe0b","type":"discover","attempt":1,"workerId":"test","commit":null,"readyWaitMs":7,"heapUsedMb":262,"heapLimitMb":4144,"rssMb":155}}
{"t":"2026-10-01T16:18:46.022Z","level":"info","msg":"discovery finished","taskId":"11b7111a-b6c2-41bf-bde5-50e282a2fe0b","taskType":"discover","data":{"company":"acme.example","outcome":"resolved","fetches":3,"best":"ats_link"}}
{"t":"2026-10-01T16:18:46.024Z","level":"info","msg":"task done","taskId":"11b7111a-b6c2-41bf-bde5-50e282a2fe0b","taskType":"discover","data":{"id":"11b7111a-b6c2-41bf-bde5-50e282a2fe0b","type":"discover","ms":173,"heapUsedMb":265,"heapDeltaMb":3,"heapLimitMb":4144,"rssMb":155,"rssDeltaMb":0}}
{"t":"2026-10-01T16:18:46.028Z","level":"info","msg":"task start","taskId":"6fc19895-e862-42cc-83bf-676a88d9be9f","taskType":"scan_company","data":{"id":"6fc19895-e862-42cc-83bf-676a88d9be9f","type":"scan_company","attempt":1,"workerId":"test","commit":null,"readyWaitMs":18,"heapUsedMb":266,"heapLimitMb":4144,"rssMb":155}}
{"t":"2026-10-01T16:18:46.188Z","level":"info","msg":"source scanned","taskId":"6fc19895-e862-42cc-83bf-676a88d9be9f","taskType":"scan_company","data":{"company":"Acme Robotics","type":"greenhouse","status":"ok","postings":5,"new":5,"closed":0,"followers":2,"deferredDescriptions":5,"reusedListing":false,"claimFetchedBytes":1452,"claimRequests":3,"claimRevalidated":0,"heapUsedMb":268,"ms":154}}
{"t":"2026-10-01T16:18:46.194Z","level":"info","msg":"task done","taskId":"6fc19895-e862-42cc-83bf-676a88d9be9f","taskType":"scan_company","data":{"id":"6fc19895-e862-42cc-83bf-676a88d9be9f","type":"scan_company","ms":166,"heapUsedMb":268,"heapDeltaMb":2,"heapLimitMb":4144,"rssMb":155,"rssDeltaMb":0}}
{"t":"2026-10-01T16:18:46.196Z","level":"info","msg":"task start","taskId":"5374504f-35ff-4ae2-b3e4-97fb052e86a9","taskType":"fetch_description","data":{"id":"5374504f-35ff-4ae2-b3e4-97fb052e86a9","type":"fetch_description","attempt":1,"workerId":"test","commit":null,"readyWaitMs":23,"heapUsedMb":269,"heapLimitMb":4144,"rssMb":155}}
{"t":"2026-10-01T16:18:46.221Z","level":"info","msg":"task done","taskId":"5374504f-35ff-4ae2-b3e4-97fb052e86a9","taskType":"fetch_description","data":{"id":"5374504f-35ff-4ae2-b3e4-97fb052e86a9","type":"fetch_description","ms":25,"heapUsedMb":270,"heapDeltaMb":1,"heapLimitMb":4144,"rssMb":155,"rssDeltaMb":0}}
{"t":"2026-10-01T16:18:46.222Z","level":"info","msg":"task start","taskId":"7b94edca-e9a3-49c4-9546-896f277c5ec4","taskType":"fetch_description","data":{"id":"7b94edca-e9a3-49c4-9546-896f277c5ec4","type":"fetch_description","attempt":1,"workerId":"test","commit":null,"readyWaitMs":49,"heapUsedMb":270,"heapLimitMb":4144,"rssMb":155}}
{"t":"2026-10-01T16:18:46.275Z","level":"info","msg":"task done","taskId":"7b94edca-e9a3-49c4-9546-896f277c5ec4","taskType":"fetch_description","data":{"id":"7b94edca-e9a3-49c4-9546-896f277c5ec4","type":"fetch_description","ms":53,"heapUsedMb":260,"heapDeltaMb":-10,"heapLimitMb":4144,"rssMb":156,"rssDeltaMb":1}}
{"t":"2026-10-01T16:18:46.276Z","level":"info","msg":"task start","taskId":"8a163bfa-99f1-4816-9e18-1b2c95eb7655","taskType":"fetch_description","data":{"id":"8a163bfa-99f1-4816-9e18-1b2c95eb7655","type":"fetch_description","attempt":1,"workerId":"test","commit":null,"readyWaitMs":103,"heapUsedMb":260,"heapLimitMb":4144,"rssMb":156}}
{"t":"2026-10-01T16:18:46.319Z","level":"info","msg":"task done","taskId":"8a163bfa-99f1-4816-9e18-1b2c95eb7655","taskType":"fetch_description","data":{"id":"8a163bfa-99f1-4816-9e18-1b2c95eb7655","type":"fetch_description","ms":43,"heapUsedMb":261,"heapDeltaMb":1,"heapLimitMb":4144,"rssMb":156,"rssDeltaMb":0}}
{"t":"2026-10-01T16:18:46.320Z","level":"info","msg":"task start","taskId":"34a4f65d-f60f-45ee-b760-f251befaba17","taskType":"fetch_description","data":{"id":"34a4f65d-f60f-45ee-b760-f251befaba17","type":"fetch_description","attempt":1,"workerId":"test","commit":null,"readyWaitMs":147,"heapUsedMb":261,"heapLimitMb":4144,"rssMb":156}}
{"t":"2026-10-01T16:18:46.372Z","level":"info","msg":"task done","taskId":"34a4f65d-f60f-45ee-b760-f251befaba17","taskType":"fetch_description","data":{"id":"34a4f65d-f60f-45ee-b760-f251befaba17","type":"fetch_description","ms":52,"heapUsedMb":263,"heapDeltaMb":2,"heapLimitMb":4144,"rssMb":156,"rssDeltaMb":0}}
{"t":"2026-10-01T16:18:46.373Z","level":"info","msg":"task start","taskId":"56e4614a-fb7a-4e1a-9a65-07809e08e368","taskType":"fetch_description","data":{"id":"56e4614a-fb7a-4e1a-9a65-07809e08e368","type":"fetch_description","attempt":1,"workerId":"test","commit":null,"readyWaitMs":200,"heapUsedMb":263,"heapLimitMb":4144,"rssMb":156}}
{"t":"2026-10-01T16:18:46.422Z","level":"info","msg":"task done","taskId":"56e4614a-fb7a-4e1a-9a65-07809e08e368","taskType":"fetch_description","data":{"id":"56e4614a-fb7a-4e1a-9a65-07809e08e368","type":"fetch_description","ms":49,"heapUsedMb":264,"heapDeltaMb":1,"heapLimitMb":4144,"rssMb":156,"rssDeltaMb":0}}
{"t":"2026-10-01T16:18:46.423Z","level":"info","msg":"task start","taskId":"1207953c-0f7d-496a-84dc-e1d6f35fd6dd","taskType":"discover","data":{"id":"1207953c-0f7d-496a-84dc-e1d6f35fd6dd","type":"discover","attempt":1,"workerId":"test","commit":null,"readyWaitMs":572,"heapUsedMb":264,"heapLimitMb":4144,"rssMb":156}}
{"t":"2026-10-01T16:18:46.477Z","level":"warn","msg":"logo re-encode failed; the original is kept","taskId":"1207953c-0f7d-496a-84dc-e1d6f35fd6dd","taskType":"discover","data":{"error":"Input buffer has corrupt header:","bytes":400}}
{"t":"2026-10-01T16:18:46.480Z","level":"info","msg":"logo captured","taskId":"1207953c-0f7d-496a-84dc-e1d6f35fd6dd","taskType":"discover","data":{"company":"Acme Robotics","source":"site_icon","sourceUrl":"https://www.acme.example/favicon.png","bytes":400,"contentType":"image/png"}}
{"t":"2026-10-01T16:18:46.481Z","level":"info","msg":"task done","taskId":"1207953c-0f7d-496a-84dc-e1d6f35fd6dd","taskType":"discover","data":{"id":"1207953c-0f7d-496a-84dc-e1d6f35fd6dd","type":"discover","ms":58,"heapUsedMb":265,"heapDeltaMb":1,"heapLimitMb":4144,"rssMb":155,"rssDeltaMb":-1}}
{"t":"2026-10-01T16:18:46.601Z","level":"info","msg":"source scanned","data":{"company":"acme.example","type":"greenhouse","status":"ok","postings":7,"new":2,"closed":0,"followers":2,"deferredDescriptions":2,"reusedListing":false,"claimFetchedBytes":1900,"claimRequests":3,"claimRevalidated":0,"heapUsedMb":267,"ms":118}}
{"t":"2026-10-01T16:18:46.606Z","level":"info","msg":"task start","taskId":"047cdd4d-5f2e-42ca-922a-c2c6640b3112","taskType":"fetch_description","data":{"id":"047cdd4d-5f2e-42ca-922a-c2c6640b3112","type":"fetch_description","attempt":1,"workerId":"test","commit":null,"readyWaitMs":17,"heapUsedMb":268,"heapLimitMb":4144,"rssMb":154}}
{"t":"2026-10-01T16:18:46.643Z","level":"info","msg":"task done","taskId":"047cdd4d-5f2e-42ca-922a-c2c6640b3112","taskType":"fetch_description","data":{"id":"047cdd4d-5f2e-42ca-922a-c2c6640b3112","type":"fetch_description","ms":37,"heapUsedMb":269,"heapDeltaMb":1,"heapLimitMb":4144,"rssMb":154,"rssDeltaMb":0}}
{"t":"2026-10-01T16:18:46.644Z","level":"info","msg":"task start","taskId":"c3c2f227-9933-4e7b-9479-5f4768d9bb92","taskType":"fetch_description","data":{"id":"c3c2f227-9933-4e7b-9479-5f4768d9bb92","type":"fetch_description","attempt":1,"workerId":"test","commit":null,"readyWaitMs":55,"heapUsedMb":269,"heapLimitMb":4144,"rssMb":154}}
{"t":"2026-10-01T16:18:46.693Z","level":"info","msg":"task done","taskId":"c3c2f227-9933-4e7b-9479-5f4768d9bb92","taskType":"fetch_description","data":{"id":"c3c2f227-9933-4e7b-9479-5f4768d9bb92","type":"fetch_description","ms":49,"heapUsedMb":270,"heapDeltaMb":1,"heapLimitMb":4144,"rssMb":155,"rssDeltaMb":1}}
{"t":"2026-10-01T16:18:46.847Z","level":"info","msg":"source scanned","data":{"company":"acme.example","type":"greenhouse","status":"ok","postings":7,"new":0,"closed":0,"followers":2,"deferredDescriptions":0,"reusedListing":false,"claimFetchedBytes":1900,"claimRequests":3,"claimRevalidated":0,"heapUsedMb":262,"ms":152}}
{"t":"2026-10-01T16:18:47.085Z","level":"info","msg":"source scanned","data":{"company":"Orbital","type":"smartrecruiters","status":"ok","postings":101,"new":101,"closed":0,"followers":0,"deferredDescriptions":0,"reusedListing":false,"claimFetchedBytes":8978,"claimRequests":2,"claimRevalidated":0,"heapUsedMb":270,"ms":81}}
{"t":"2026-10-01T16:18:47.168Z","level":"info","msg":"source scanned","data":{"company":"Orbital","type":"smartrecruiters","status":"ok","postings":101,"new":1,"closed":0,"followers":0,"deferredDescriptions":0,"reusedListing":false,"claimFetchedBytes":8978,"claimRequests":2,"claimRevalidated":0,"heapUsedMb":273,"ms":80}}
{"t":"2026-10-01T16:18:47.338Z","level":"info","msg":"task start","taskId":"c4243286-32bb-411c-8487-76a52fc619f7","taskType":"discover","data":{"id":"c4243286-32bb-411c-8487-76a52fc619f7","type":"discover","attempt":1,"workerId":"test","commit":null,"readyWaitMs":5,"heapUsedMb":264,"heapLimitMb":4144,"rssMb":157}}
{"t":"2026-10-01T16:18:47.503Z","level":"info","msg":"discovery finished","taskId":"c4243286-32bb-411c-8487-76a52fc619f7","taskType":"discover","data":{"company":"acme.example","outcome":"resolved","fetches":3,"best":"ats_link"}}
{"t":"2026-10-01T16:18:47.504Z","level":"info","msg":"task done","taskId":"c4243286-32bb-411c-8487-76a52fc619f7","taskType":"discover","data":{"id":"c4243286-32bb-411c-8487-76a52fc619f7","type":"discover","ms":166,"heapUsedMb":266,"heapDeltaMb":2,"heapLimitMb":4144,"rssMb":158,"rssDeltaMb":1}}
{"t":"2026-10-01T16:18:47.505Z","level":"info","msg":"task start","taskId":"dffd1ead-f528-4c04-a2f8-3fc552332db2","taskType":"scan_company","data":{"id":"dffd1ead-f528-4c04-a2f8-3fc552332db2","type":"scan_company","attempt":1,"workerId":"test","commit":null,"readyWaitMs":9,"heapUsedMb":267,"heapLimitMb":4144,"rssMb":158}}
{"t":"2026-10-01T16:18:47.676Z","level":"info","msg":"source scanned","taskId":"dffd1ead-f528-4c04-a2f8-3fc552332db2","taskType":"scan_company","data":{"company":"Acme Robotics","type":"greenhouse","status":"ok","postings":5,"new":5,"closed":0,"followers":1,"deferredDescriptions":0,"reusedListing":false,"claimFetchedBytes":1452,"claimRequests":3,"claimRevalidated":0,"heapUsedMb":269,"ms":166}}
{"t":"2026-10-01T16:18:47.681Z","level":"info","msg":"task done","taskId":"dffd1ead-f528-4c04-a2f8-3fc552332db2","taskType":"scan_company","data":{"id":"dffd1ead-f528-4c04-a2f8-3fc552332db2","type":"scan_company","ms":175,"heapUsedMb":270,"heapDeltaMb":3,"heapLimitMb":4144,"rssMb":159,"rssDeltaMb":1}}
{"t":"2026-10-01T16:18:47.681Z","level":"info","msg":"task start","taskId":"45ab8d1a-2c4a-4cec-9df0-826c62031504","taskType":"fetch_description","data":{"id":"45ab8d1a-2c4a-4cec-9df0-826c62031504","type":"fetch_description","attempt":1,"workerId":"test","commit":null,"readyWaitMs":23,"heapUsedMb":270,"heapLimitMb":4144,"rssMb":159}}
{"t":"2026-10-01T16:18:47.704Z","level":"info","msg":"task done","taskId":"45ab8d1a-2c4a-4cec-9df0-826c62031504","taskType":"fetch_description","data":{"id":"45ab8d1a-2c4a-4cec-9df0-826c62031504","type":"fetch_description","ms":23,"heapUsedMb":271,"heapDeltaMb":1,"heapLimitMb":4144,"rssMb":159,"rssDeltaMb":0}}
{"t":"2026-10-01T16:18:47.706Z","level":"info","msg":"task start","taskId":"626eb0f6-819f-4733-aa66-7e3704483b17","taskType":"fetch_description","data":{"id":"626eb0f6-819f-4733-aa66-7e3704483b17","type":"fetch_description","attempt":1,"workerId":"test","commit":null,"readyWaitMs":48,"heapUsedMb":271,"heapLimitMb":4144,"rssMb":159}}
{"t":"2026-10-01T16:18:47.773Z","level":"info","msg":"task done","taskId":"626eb0f6-819f-4733-aa66-7e3704483b17","taskType":"fetch_description","data":{"id":"626eb0f6-819f-4733-aa66-7e3704483b17","type":"fetch_description","ms":67,"heapUsedMb":272,"heapDeltaMb":1,"heapLimitMb":4144,"rssMb":158,"rssDeltaMb":-1}}
{"t":"2026-10-01T16:18:47.775Z","level":"info","msg":"task start","taskId":"34ccd1b4-cc7d-4ac9-b436-e48ae8378e3b","taskType":"fetch_description","data":{"id":"34ccd1b4-cc7d-4ac9-b436-e48ae8378e3b","type":"fetch_description","attempt":1,"workerId":"test","commit":null,"readyWaitMs":117,"heapUsedMb":272,"heapLimitMb":4144,"rssMb":158}}
{"t":"2026-10-01T16:18:47.806Z","level":"info","msg":"task done","taskId":"34ccd1b4-cc7d-4ac9-b436-e48ae8378e3b","taskType":"fetch_description","data":{"id":"34ccd1b4-cc7d-4ac9-b436-e48ae8378e3b","type":"fetch_description","ms":31,"heapUsedMb":273,"heapDeltaMb":1,"heapLimitMb":4144,"rssMb":158,"rssDeltaMb":0}}
{"t":"2026-10-01T16:18:47.807Z","level":"info","msg":"task start","taskId":"7186be80-3d34-44d4-8788-eb0d1e508e84","taskType":"fetch_description","data":{"id":"7186be80-3d34-44d4-8788-eb0d1e508e84","type":"fetch_description","attempt":1,"workerId":"test","commit":null,"readyWaitMs":149,"heapUsedMb":273,"heapLimitMb":4144,"rssMb":158}}
{"t":"2026-10-01T16:18:47.857Z","level":"info","msg":"task done","taskId":"7186be80-3d34-44d4-8788-eb0d1e508e84","taskType":"fetch_description","data":{"id":"7186be80-3d34-44d4-8788-eb0d1e508e84","type":"fetch_description","ms":50,"heapUsedMb":274,"heapDeltaMb":1,"heapLimitMb":4144,"rssMb":158,"rssDeltaMb":0}}
{"t":"2026-10-01T16:18:47.858Z","level":"info","msg":"task start","taskId":"6362afbd-cf6f-402e-9a8f-beb8dd1ebd7b","taskType":"discover","data":{"id":"6362afbd-cf6f-402e-9a8f-beb8dd1ebd7b","type":"discover","attempt":1,"workerId":"test","commit":null,"readyWaitMs":521,"heapUsedMb":274,"heapLimitMb":4144,"rssMb":158}}
{"t":"2026-10-01T16:18:47.910Z","level":"warn","msg":"logo re-encode failed; the original is kept","taskId":"6362afbd-cf6f-402e-9a8f-beb8dd1ebd7b","taskType":"discover","data":{"error":"Input buffer has corrupt header:","bytes":400}}
{"t":"2026-10-01T16:18:47.916Z","level":"info","msg":"logo captured","taskId":"6362afbd-cf6f-402e-9a8f-beb8dd1ebd7b","taskType":"discover","data":{"company":"Acme Robotics","source":"site_icon","sourceUrl":"https://www.acme.example/favicon.png","bytes":400,"contentType":"image/png"}}
{"t":"2026-10-01T16:18:47.918Z","level":"info","msg":"task done","taskId":"6362afbd-cf6f-402e-9a8f-beb8dd1ebd7b","taskType":"discover","data":{"id":"6362afbd-cf6f-402e-9a8f-beb8dd1ebd7b","type":"discover","ms":60,"heapUsedMb":275,"heapDeltaMb":1,"heapLimitMb":4144,"rssMb":159,"rssDeltaMb":1}}
{"t":"2026-10-01T16:18:48.060Z","level":"info","msg":"source scanned","data":{"company":"acme.example","type":"greenhouse","status":"ok","postings":5,"new":1,"closed":0,"followers":1,"deferredDescriptions":0,"reusedListing":false,"claimFetchedBytes":1450,"claimRequests":3,"claimRevalidated":0,"heapUsedMb":267,"ms":138}}
{"t":"2026-10-01T16:18:48.303Z","level":"info","msg":"task start","taskId":"17115558-374f-4a9d-b43b-06c41a5585a4","taskType":"discover","data":{"id":"17115558-374f-4a9d-b43b-06c41a5585a4","type":"discover","attempt":1,"workerId":"test","commit":null,"readyWaitMs":6,"heapUsedMb":268,"heapLimitMb":4144,"rssMb":155}}
{"t":"2026-10-01T16:18:48.468Z","level":"info","msg":"discovery finished","taskId":"17115558-374f-4a9d-b43b-06c41a5585a4","taskType":"discover","data":{"company":"acme.example","outcome":"resolved","fetches":3,"best":"ats_link"}}
{"t":"2026-10-01T16:18:48.470Z","level":"info","msg":"task done","taskId":"17115558-374f-4a9d-b43b-06c41a5585a4","taskType":"discover","data":{"id":"17115558-374f-4a9d-b43b-06c41a5585a4","type":"discover","ms":167,"heapUsedMb":271,"heapDeltaMb":3,"heapLimitMb":4144,"rssMb":156,"rssDeltaMb":1}}
{"t":"2026-10-01T16:18:48.471Z","level":"info","msg":"task start","taskId":"ba4d857f-c877-4215-b5ec-3184899a3e8d","taskType":"scan_company","data":{"id":"ba4d857f-c877-4215-b5ec-3184899a3e8d","type":"scan_company","attempt":1,"workerId":"test","commit":null,"readyWaitMs":10,"heapUsedMb":271,"heapLimitMb":4144,"rssMb":156}}
{"t":"2026-10-01T16:18:48.650Z","level":"info","msg":"source scanned","taskId":"ba4d857f-c877-4215-b5ec-3184899a3e8d","taskType":"scan_company","data":{"company":"Acme Robotics","type":"greenhouse","status":"ok","postings":5,"new":5,"closed":0,"followers":1,"deferredDescriptions":0,"reusedListing":false,"claimFetchedBytes":1452,"claimRequests":3,"claimRevalidated":0,"heapUsedMb":274,"ms":175}}
{"t":"2026-10-01T16:18:48.655Z","level":"info","msg":"task done","taskId":"ba4d857f-c877-4215-b5ec-3184899a3e8d","taskType":"scan_company","data":{"id":"ba4d857f-c877-4215-b5ec-3184899a3e8d","type":"scan_company","ms":184,"heapUsedMb":274,"heapDeltaMb":3,"heapLimitMb":4144,"rssMb":156,"rssDeltaMb":0}}
{"t":"2026-10-01T16:18:48.657Z","level":"info","msg":"task start","taskId":"21682ff5-0a0a-4bd3-ba33-cc0808e960d0","taskType":"fetch_description","data":{"id":"21682ff5-0a0a-4bd3-ba33-cc0808e960d0","type":"fetch_description","attempt":1,"workerId":"test","commit":null,"readyWaitMs":33,"heapUsedMb":274,"heapLimitMb":4144,"rssMb":156}}
{"t":"2026-10-01T16:18:48.671Z","level":"info","msg":"task done","taskId":"21682ff5-0a0a-4bd3-ba33-cc0808e960d0","taskType":"fetch_description","data":{"id":"21682ff5-0a0a-4bd3-ba33-cc0808e960d0","type":"fetch_description","ms":14,"heapUsedMb":275,"heapDeltaMb":1,"heapLimitMb":4144,"rssMb":156,"rssDeltaMb":0}}
{"t":"2026-10-01T16:18:48.672Z","level":"info","msg":"task start","taskId":"fffbb06b-1b11-4180-9fa9-de7fa3e335a6","taskType":"fetch_description","data":{"id":"fffbb06b-1b11-4180-9fa9-de7fa3e335a6","type":"fetch_description","attempt":1,"workerId":"test","commit":null,"readyWaitMs":48,"heapUsedMb":275,"heapLimitMb":4144,"rssMb":156}}
{"t":"2026-10-01T16:18:48.724Z","level":"info","msg":"task done","taskId":"fffbb06b-1b11-4180-9fa9-de7fa3e335a6","taskType":"fetch_description","data":{"id":"fffbb06b-1b11-4180-9fa9-de7fa3e335a6","type":"fetch_description","ms":52,"heapUsedMb":276,"heapDeltaMb":1,"heapLimitMb":4144,"rssMb":156,"rssDeltaMb":0}}
{"t":"2026-10-01T16:18:48.725Z","level":"info","msg":"task start","taskId":"a2558eed-8653-4e63-af13-bb6f1b3d883b","taskType":"fetch_description","data":{"id":"a2558eed-8653-4e63-af13-bb6f1b3d883b","type":"fetch_description","attempt":1,"workerId":"test","commit":null,"readyWaitMs":101,"heapUsedMb":276,"heapLimitMb":4144,"rssMb":156}}
{"t":"2026-10-01T16:18:48.776Z","level":"info","msg":"task done","taskId":"a2558eed-8653-4e63-af13-bb6f1b3d883b","taskType":"fetch_description","data":{"id":"a2558eed-8653-4e63-af13-bb6f1b3d883b","type":"fetch_description","ms":51,"heapUsedMb":267,"heapDeltaMb":-9,"heapLimitMb":4144,"rssMb":157,"rssDeltaMb":1}}
{"t":"2026-10-01T16:18:48.779Z","level":"info","msg":"task start","taskId":"b28efd64-c0f3-4642-868b-a0f164641791","taskType":"fetch_description","data":{"id":"b28efd64-c0f3-4642-868b-a0f164641791","type":"fetch_description","attempt":1,"workerId":"test","commit":null,"readyWaitMs":155,"heapUsedMb":267,"heapLimitMb":4144,"rssMb":157}}
{"t":"2026-10-01T16:18:48.836Z","level":"info","msg":"task done","taskId":"b28efd64-c0f3-4642-868b-a0f164641791","taskType":"fetch_description","data":{"id":"b28efd64-c0f3-4642-868b-a0f164641791","type":"fetch_description","ms":57,"heapUsedMb":268,"heapDeltaMb":1,"heapLimitMb":4144,"rssMb":156,"rssDeltaMb":-1}}
{"t":"2026-10-01T16:18:48.838Z","level":"info","msg":"task start","taskId":"d0e33708-f115-4833-aef2-df0dfead7c25","taskType":"discover","data":{"id":"d0e33708-f115-4833-aef2-df0dfead7c25","type":"discover","attempt":1,"workerId":"test","commit":null,"readyWaitMs":535,"heapUsedMb":268,"heapLimitMb":4144,"rssMb":156}}
{"t":"2026-10-01T16:18:48.893Z","level":"warn","msg":"logo re-encode failed; the original is kept","taskId":"d0e33708-f115-4833-aef2-df0dfead7c25","taskType":"discover","data":{"error":"Input buffer has corrupt header:","bytes":400}}
{"t":"2026-10-01T16:18:48.900Z","level":"info","msg":"logo captured","taskId":"d0e33708-f115-4833-aef2-df0dfead7c25","taskType":"discover","data":{"company":"Acme Robotics","source":"site_icon","sourceUrl":"https://www.acme.example/favicon.png","bytes":400,"contentType":"image/png"}}
{"t":"2026-10-01T16:18:48.902Z","level":"info","msg":"task done","taskId":"d0e33708-f115-4833-aef2-df0dfead7c25","taskType":"discover","data":{"id":"d0e33708-f115-4833-aef2-df0dfead7c25","type":"discover","ms":64,"heapUsedMb":269,"heapDeltaMb":1,"heapLimitMb":4144,"rssMb":157,"rssDeltaMb":1}}
{"t":"2026-10-01T16:18:49.023Z","level":"info","msg":"source scanned","data":{"company":"acme.example","type":"greenhouse","status":"ok","postings":5,"new":0,"closed":0,"followers":1,"deferredDescriptions":0,"reusedListing":false,"claimFetchedBytes":1502,"claimRequests":3,"claimRevalidated":0,"heapUsedMb":272,"ms":114}}
{"t":"2026-10-01T16:18:49.187Z","level":"info","msg":"task start","taskId":"e98b6789-5df9-469f-b0c3-ab703b604ed2","taskType":"discover","data":{"id":"e98b6789-5df9-469f-b0c3-ab703b604ed2","type":"discover","attempt":1,"workerId":"test","commit":null,"readyWaitMs":5,"heapUsedMb":273,"heapLimitMb":4144,"rssMb":156}}
{"t":"2026-10-01T16:18:49.351Z","level":"info","msg":"discovery finished","taskId":"e98b6789-5df9-469f-b0c3-ab703b604ed2","taskType":"discover","data":{"company":"acme.example","outcome":"resolved","fetches":3,"best":"ats_link"}}
{"t":"2026-10-01T16:18:49.359Z","level":"info","msg":"task done","taskId":"e98b6789-5df9-469f-b0c3-ab703b604ed2","taskType":"discover","data":{"id":"e98b6789-5df9-469f-b0c3-ab703b604ed2","type":"discover","ms":172,"heapUsedMb":276,"heapDeltaMb":3,"heapLimitMb":4144,"rssMb":155,"rssDeltaMb":-1}}
{"t":"2026-10-01T16:18:49.360Z","level":"info","msg":"task start","taskId":"c1e5b716-f8a7-4f37-b76b-d66d1cc8cf26","taskType":"scan_company","data":{"id":"c1e5b716-f8a7-4f37-b76b-d66d1cc8cf26","type":"scan_company","attempt":1,"workerId":"test","commit":null,"readyWaitMs":15,"heapUsedMb":276,"heapLimitMb":4144,"rssMb":155}}
{"t":"2026-10-01T16:18:49.525Z","level":"info","msg":"source scanned","taskId":"c1e5b716-f8a7-4f37-b76b-d66d1cc8cf26","taskType":"scan_company","data":{"company":"Acme Robotics","type":"greenhouse","status":"ok","postings":5,"new":5,"closed":0,"followers":1,"deferredDescriptions":0,"reusedListing":false,"claimFetchedBytes":1452,"claimRequests":3,"claimRevalidated":0,"heapUsedMb":268,"ms":160}}
{"t":"2026-10-01T16:18:49.530Z","level":"info","msg":"task done","taskId":"c1e5b716-f8a7-4f37-b76b-d66d1cc8cf26","taskType":"scan_company","data":{"id":"c1e5b716-f8a7-4f37-b76b-d66d1cc8cf26","type":"scan_company","ms":170,"heapUsedMb":268,"heapDeltaMb":-8,"heapLimitMb":4144,"rssMb":157,"rssDeltaMb":2}}
{"t":"2026-10-01T16:18:49.531Z","level":"info","msg":"task start","taskId":"7a75fee6-c1e9-41a6-aa65-67ccafa0c766","taskType":"fetch_description","data":{"id":"7a75fee6-c1e9-41a6-aa65-67ccafa0c766","type":"fetch_description","attempt":1,"workerId":"test","commit":null,"readyWaitMs":21,"heapUsedMb":268,"heapLimitMb":4144,"rssMb":157}}
{"t":"2026-10-01T16:18:49.555Z","level":"info","msg":"task done","taskId":"7a75fee6-c1e9-41a6-aa65-67ccafa0c766","taskType":"fetch_description","data":{"id":"7a75fee6-c1e9-41a6-aa65-67ccafa0c766","type":"fetch_description","ms":24,"heapUsedMb":269,"heapDeltaMb":1,"heapLimitMb":4144,"rssMb":157,"rssDeltaMb":0}}
{"t":"2026-10-01T16:18:49.556Z","level":"info","msg":"task start","taskId":"34d79ac0-05c0-4ae6-806c-e1ceaa9bdbc5","taskType":"fetch_description","data":{"id":"34d79ac0-05c0-4ae6-806c-e1ceaa9bdbc5","type":"fetch_description","attempt":1,"workerId":"test","commit":null,"readyWaitMs":46,"heapUsedMb":270,"heapLimitMb":4144,"rssMb":157}}
{"t":"2026-10-01T16:18:49.607Z","level":"info","msg":"task done","taskId":"34d79ac0-05c0-4ae6-806c-e1ceaa9bdbc5","taskType":"fetch_description","data":{"id":"34d79ac0-05c0-4ae6-806c-e1ceaa9bdbc5","type":"fetch_description","ms":51,"heapUsedMb":271,"heapDeltaMb":1,"heapLimitMb":4144,"rssMb":157,"rssDeltaMb":0}}
{"t":"2026-10-01T16:18:49.608Z","level":"info","msg":"task start","taskId":"6db5ffee-9fce-4d1f-bdb0-8eaa4b52fe7c","taskType":"fetch_description","data":{"id":"6db5ffee-9fce-4d1f-bdb0-8eaa4b52fe7c","type":"fetch_description","attempt":1,"workerId":"test","commit":null,"readyWaitMs":98,"heapUsedMb":271,"heapLimitMb":4144,"rssMb":157}}
{"t":"2026-10-01T16:18:49.654Z","level":"info","msg":"task done","taskId":"6db5ffee-9fce-4d1f-bdb0-8eaa4b52fe7c","taskType":"fetch_description","data":{"id":"6db5ffee-9fce-4d1f-bdb0-8eaa4b52fe7c","type":"fetch_description","ms":46,"heapUsedMb":272,"heapDeltaMb":1,"heapLimitMb":4144,"rssMb":157,"rssDeltaMb":0}}
{"t":"2026-10-01T16:18:49.655Z","level":"info","msg":"task start","taskId":"be8e2589-d4af-499b-8d29-ee0674dd4801","taskType":"fetch_description","data":{"id":"be8e2589-d4af-499b-8d29-ee0674dd4801","type":"fetch_description","attempt":1,"workerId":"test","commit":null,"readyWaitMs":145,"heapUsedMb":272,"heapLimitMb":4144,"rssMb":157}}
{"t":"2026-10-01T16:18:49.704Z","level":"info","msg":"task done","taskId":"be8e2589-d4af-499b-8d29-ee0674dd4801","taskType":"fetch_description","data":{"id":"be8e2589-d4af-499b-8d29-ee0674dd4801","type":"fetch_description","ms":49,"heapUsedMb":273,"heapDeltaMb":1,"heapLimitMb":4144,"rssMb":157,"rssDeltaMb":0}}
{"t":"2026-10-01T16:18:49.705Z","level":"info","msg":"task start","taskId":"890e1880-779e-4a55-b2ae-ebdf2d491977","taskType":"discover","data":{"id":"890e1880-779e-4a55-b2ae-ebdf2d491977","type":"discover","attempt":1,"workerId":"test","commit":null,"readyWaitMs":518,"heapUsedMb":273,"heapLimitMb":4144,"rssMb":157}}
{"t":"2026-10-01T16:18:49.757Z","level":"warn","msg":"logo re-encode failed; the original is kept","taskId":"890e1880-779e-4a55-b2ae-ebdf2d491977","taskType":"discover","data":{"error":"Input buffer has corrupt header:","bytes":400}}
{"t":"2026-10-01T16:18:49.765Z","level":"info","msg":"logo captured","taskId":"890e1880-779e-4a55-b2ae-ebdf2d491977","taskType":"discover","data":{"company":"Acme Robotics","source":"site_icon","sourceUrl":"https://www.acme.example/favicon.png","bytes":400,"contentType":"image/png"}}
{"t":"2026-10-01T16:18:49.768Z","level":"info","msg":"task done","taskId":"890e1880-779e-4a55-b2ae-ebdf2d491977","taskType":"discover","data":{"id":"890e1880-779e-4a55-b2ae-ebdf2d491977","type":"discover","ms":63,"heapUsedMb":274,"heapDeltaMb":1,"heapLimitMb":4144,"rssMb":157,"rssDeltaMb":0}}
{"t":"2026-10-01T16:18:49.772Z","level":"info","msg":"task start","taskId":"bfc950fc-f2eb-4aa9-86c1-0ef3fdafc665","taskType":"discover","data":{"id":"bfc950fc-f2eb-4aa9-86c1-0ef3fdafc665","type":"discover","attempt":1,"workerId":"test","commit":null,"readyWaitMs":3,"heapUsedMb":274,"heapLimitMb":4144,"rssMb":157}}
{"t":"2026-10-01T16:18:49.968Z","level":"info","msg":"discovery finished","taskId":"bfc950fc-f2eb-4aa9-86c1-0ef3fdafc665","taskType":"discover","data":{"company":"Acme Robotics","outcome":"needs_confirmation","fetches":3,"best":"ats_link"}}
{"t":"2026-10-01T16:18:49.972Z","level":"info","msg":"task done","taskId":"bfc950fc-f2eb-4aa9-86c1-0ef3fdafc665","taskType":"discover","data":{"id":"bfc950fc-f2eb-4aa9-86c1-0ef3fdafc665","type":"discover","ms":200,"heapUsedMb":277,"heapDeltaMb":3,"heapLimitMb":4144,"rssMb":158,"rssDeltaMb":1}}
{"t":"2026-10-01T16:18:49.975Z","level":"info","msg":"task start","taskId":"a88753f6-2286-4b63-8bdb-6bd441bf7ef1","taskType":"discover","data":{"id":"a88753f6-2286-4b63-8bdb-6bd441bf7ef1","type":"discover","attempt":1,"workerId":"test","commit":null,"readyWaitMs":204,"heapUsedMb":277,"heapLimitMb":4144,"rssMb":158}}
{"t":"2026-10-01T16:18:50.030Z","level":"warn","msg":"logo re-encode failed; the original is kept","taskId":"a88753f6-2286-4b63-8bdb-6bd441bf7ef1","taskType":"discover","data":{"error":"Input buffer has corrupt header:","bytes":400}}
{"t":"2026-10-01T16:18:50.038Z","level":"info","msg":"logo captured","taskId":"a88753f6-2286-4b63-8bdb-6bd441bf7ef1","taskType":"discover","data":{"company":"Acme Robotics","source":"site_icon","sourceUrl":"https://www.acme.example/favicon.png","bytes":400,"contentType":"image/png"}}
{"t":"2026-10-01T16:18:50.042Z","level":"info","msg":"task done","taskId":"a88753f6-2286-4b63-8bdb-6bd441bf7ef1","taskType":"discover","data":{"id":"a88753f6-2286-4b63-8bdb-6bd441bf7ef1","type":"discover","ms":67,"heapUsedMb":278,"heapDeltaMb":1,"heapLimitMb":4144,"rssMb":158,"rssDeltaMb":0}}
{"t":"2026-10-01T16:18:50.307Z","level":"info","msg":"task start","taskId":"846710b6-2534-46a4-9183-095e14650f50","taskType":"discover","data":{"id":"846710b6-2534-46a4-9183-095e14650f50","type":"discover","attempt":1,"workerId":"test","commit":null,"readyWaitMs":12,"heapUsedMb":279,"heapLimitMb":4144,"rssMb":157}}
{"t":"2026-10-01T16:18:50.479Z","level":"info","msg":"discovery finished","taskId":"846710b6-2534-46a4-9183-095e14650f50","taskType":"discover","data":{"company":"acme.example","outcome":"resolved","fetches":3,"best":"ats_link"}}
{"t":"2026-10-01T16:18:50.482Z","level":"info","msg":"task done","taskId":"846710b6-2534-46a4-9183-095e14650f50","taskType":"discover","data":{"id":"846710b6-2534-46a4-9183-095e14650f50","type":"discover","ms":176,"heapUsedMb":271,"heapDeltaMb":-8,"heapLimitMb":4144,"rssMb":159,"rssDeltaMb":2}}
{"t":"2026-10-01T16:18:50.484Z","level":"info","msg":"task start","taskId":"ad398ce5-a8cb-4f7e-8bd0-0a19f6c00a02","taskType":"scan_company","data":{"id":"ad398ce5-a8cb-4f7e-8bd0-0a19f6c00a02","type":"scan_company","attempt":1,"workerId":"test","commit":null,"readyWaitMs":14,"heapUsedMb":272,"heapLimitMb":4144,"rssMb":159}}
{"t":"2026-10-01T16:18:50.663Z","level":"info","msg":"source scanned","taskId":"ad398ce5-a8cb-4f7e-8bd0-0a19f6c00a02","taskType":"scan_company","data":{"company":"Acme Robotics","type":"greenhouse","status":"ok","postings":5,"new":5,"closed":0,"followers":1,"deferredDescriptions":0,"reusedListing":false,"claimFetchedBytes":1452,"claimRequests":3,"claimRevalidated":0,"heapUsedMb":274,"ms":173}}
{"t":"2026-10-01T16:18:50.675Z","level":"info","msg":"task done","taskId":"ad398ce5-a8cb-4f7e-8bd0-0a19f6c00a02","taskType":"scan_company","data":{"id":"ad398ce5-a8cb-4f7e-8bd0-0a19f6c00a02","type":"scan_company","ms":191,"heapUsedMb":274,"heapDeltaMb":2,"heapLimitMb":4144,"rssMb":159,"rssDeltaMb":0}}
{"t":"2026-10-01T16:18:50.680Z","level":"info","msg":"task start","taskId":"8bad81c5-5c79-417d-a5d4-6702672b56cd","taskType":"fetch_description","data":{"id":"8bad81c5-5c79-417d-a5d4-6702672b56cd","type":"fetch_description","attempt":1,"workerId":"test","commit":null,"readyWaitMs":41,"heapUsedMb":275,"heapLimitMb":4144,"rssMb":159}}
{"t":"2026-10-01T16:18:50.717Z","level":"info","msg":"task done","taskId":"8bad81c5-5c79-417d-a5d4-6702672b56cd","taskType":"fetch_description","data":{"id":"8bad81c5-5c79-417d-a5d4-6702672b56cd","type":"fetch_description","ms":36,"heapUsedMb":276,"heapDeltaMb":1,"heapLimitMb":4144,"rssMb":159,"rssDeltaMb":0}}
{"t":"2026-10-01T16:18:50.720Z","level":"info","msg":"task start","taskId":"11b82aca-4aee-44bf-9aff-d310df259499","taskType":"fetch_description","data":{"id":"11b82aca-4aee-44bf-9aff-d310df259499","type":"fetch_description","attempt":1,"workerId":"test","commit":null,"readyWaitMs":81,"heapUsedMb":276,"heapLimitMb":4144,"rssMb":159}}
{"t":"2026-10-01T16:18:50.764Z","level":"info","msg":"task done","taskId":"11b82aca-4aee-44bf-9aff-d310df259499","taskType":"fetch_description","data":{"id":"11b82aca-4aee-44bf-9aff-d310df259499","type":"fetch_description","ms":44,"heapUsedMb":277,"heapDeltaMb":1,"heapLimitMb":4144,"rssMb":159,"rssDeltaMb":0}}
{"t":"2026-10-01T16:18:50.767Z","level":"info","msg":"task start","taskId":"f1ec100c-c42d-4166-8009-a95fec7ba586","taskType":"fetch_description","data":{"id":"f1ec100c-c42d-4166-8009-a95fec7ba586","type":"fetch_description","attempt":1,"workerId":"test","commit":null,"readyWaitMs":128,"heapUsedMb":277,"heapLimitMb":4144,"rssMb":159}}
{"t":"2026-10-01T16:18:50.814Z","level":"info","msg":"task done","taskId":"f1ec100c-c42d-4166-8009-a95fec7ba586","taskType":"fetch_description","data":{"id":"f1ec100c-c42d-4166-8009-a95fec7ba586","type":"fetch_description","ms":47,"heapUsedMb":278,"heapDeltaMb":1,"heapLimitMb":4144,"rssMb":159,"rssDeltaMb":0}}
{"t":"2026-10-01T16:18:50.820Z","level":"info","msg":"task start","taskId":"f6e5a61f-8eca-4507-846c-b4cd4054e64e","taskType":"fetch_description","data":{"id":"f6e5a61f-8eca-4507-846c-b4cd4054e64e","type":"fetch_description","attempt":1,"workerId":"test","commit":null,"readyWaitMs":181,"heapUsedMb":278,"heapLimitMb":4144,"rssMb":159}}
{"t":"2026-10-01T16:18:50.875Z","level":"info","msg":"task done","taskId":"f6e5a61f-8eca-4507-846c-b4cd4054e64e","taskType":"fetch_description","data":{"id":"f6e5a61f-8eca-4507-846c-b4cd4054e64e","type":"fetch_description","ms":55,"heapUsedMb":279,"heapDeltaMb":1,"heapLimitMb":4144,"rssMb":159,"rssDeltaMb":0}}
{"t":"2026-10-01T16:18:50.877Z","level":"info","msg":"task start","taskId":"685f548f-ea44-42c0-8ca2-3a1ad5789418","taskType":"discover","data":{"id":"685f548f-ea44-42c0-8ca2-3a1ad5789418","type":"discover","attempt":1,"workerId":"test","commit":null,"readyWaitMs":570,"heapUsedMb":279,"heapLimitMb":4144,"rssMb":159}}
{"t":"2026-10-01T16:18:50.935Z","level":"warn","msg":"logo re-encode failed; the original is kept","taskId":"685f548f-ea44-42c0-8ca2-3a1ad5789418","taskType":"discover","data":{"error":"Input buffer has corrupt header:","bytes":400}}
{"t":"2026-10-01T16:18:50.941Z","level":"info","msg":"logo captured","taskId":"685f548f-ea44-42c0-8ca2-3a1ad5789418","taskType":"discover","data":{"company":"Acme Robotics","source":"site_icon","sourceUrl":"https://www.acme.example/favicon.png","bytes":400,"contentType":"image/png"}}
{"t":"2026-10-01T16:18:50.942Z","level":"info","msg":"task done","taskId":"685f548f-ea44-42c0-8ca2-3a1ad5789418","taskType":"discover","data":{"id":"685f548f-ea44-42c0-8ca2-3a1ad5789418","type":"discover","ms":65,"heapUsedMb":280,"heapDeltaMb":1,"heapLimitMb":4144,"rssMb":158,"rssDeltaMb":-1}}
{"t":"2026-10-01T16:18:50.952Z","level":"info","msg":"daily run started","data":{"runId":"b9aecd1c-99b1-44fb-9b47-8ba8143df4ad","runDate":"2026-09-05","companies":2,"logosQueued":1,"retired":0}}
{"t":"2026-10-01T16:18:50.958Z","level":"info","msg":"task start","taskId":"0081e425-04a5-4c85-958b-f674ab92d85f","taskType":"scan_company","data":{"id":"0081e425-04a5-4c85-958b-f674ab92d85f","type":"scan_company","attempt":1,"workerId":"test","commit":null,"readyWaitMs":15,"heapUsedMb":281,"heapLimitMb":4144,"rssMb":159}}
{"t":"2026-10-01T16:18:51.102Z","level":"info","msg":"source scanned","taskId":"0081e425-04a5-4c85-958b-f674ab92d85f","taskType":"scan_company","data":{"company":"Acme Robotics","type":"greenhouse","status":"ok","postings":5,"new":0,"closed":0,"followers":1,"deferredDescriptions":0,"reusedListing":false,"claimFetchedBytes":1452,"claimRequests":3,"claimRevalidated":0,"heapUsedMb":272,"ms":137}}
{"t":"2026-10-01T16:18:51.107Z","level":"info","msg":"task done","taskId":"0081e425-04a5-4c85-958b-f674ab92d85f","taskType":"scan_company","data":{"id":"0081e425-04a5-4c85-958b-f674ab92d85f","type":"scan_company","ms":149,"heapUsedMb":273,"heapDeltaMb":-8,"heapLimitMb":4144,"rssMb":159,"rssDeltaMb":0}}
{"t":"2026-10-01T16:18:51.108Z","level":"info","msg":"task start","taskId":"6a3b2e9d-6a0b-4fd4-b31a-2dc5e043963c","taskType":"scan_company","data":{"id":"6a3b2e9d-6a0b-4fd4-b31a-2dc5e043963c","type":"scan_company","attempt":1,"workerId":"test","commit":null,"readyWaitMs":165,"heapUsedMb":273,"heapLimitMb":4144,"rssMb":159}}
{"t":"2026-10-01T16:18:51.111Z","level":"warn","msg":"company has no active source","taskId":"6a3b2e9d-6a0b-4fd4-b31a-2dc5e043963c","taskType":"scan_company","data":{"company":"No source"}}
{"t":"2026-10-01T16:18:51.116Z","level":"info","msg":"scan run finalised","taskId":"6a3b2e9d-6a0b-4fd4-b31a-2dc5e043963c","taskType":"scan_company","data":{"runId":"b9aecd1c-99b1-44fb-9b47-8ba8143df4ad","ok":1,"failed":1,"newRoles":0}}
{"t":"2026-10-01T16:18:51.116Z","level":"info","msg":"task done","taskId":"6a3b2e9d-6a0b-4fd4-b31a-2dc5e043963c","taskType":"scan_company","data":{"id":"6a3b2e9d-6a0b-4fd4-b31a-2dc5e043963c","type":"scan_company","ms":8,"heapUsedMb":273,"heapDeltaMb":0,"heapLimitMb":4144,"rssMb":159,"rssDeltaMb":0}}
{"t":"2026-10-01T16:18:51.117Z","level":"info","msg":"task start","taskId":"2c7a03d1-5b2b-4765-a15d-d28a5ab52a51","taskType":"discover","data":{"id":"2c7a03d1-5b2b-4765-a15d-d28a5ab52a51","type":"discover","attempt":1,"workerId":"test","commit":null,"readyWaitMs":174,"heapUsedMb":274,"heapLimitMb":4144,"rssMb":159}}
{"t":"2026-10-01T16:18:51.121Z","level":"info","msg":"logo capture failed","taskId":"2c7a03d1-5b2b-4765-a15d-d28a5ab52a51","taskType":"discover","data":{"company":"No source","error":"No usable icon found for none.example","tried":4,"attempts":1,"nextAttemptAt":"2026-09-05T07:00:00.000Z"}}
{"t":"2026-10-01T16:18:51.122Z","level":"info","msg":"task done","taskId":"2c7a03d1-5b2b-4765-a15d-d28a5ab52a51","taskType":"discover","data":{"id":"2c7a03d1-5b2b-4765-a15d-d28a5ab52a51","type":"discover","ms":5,"heapUsedMb":274,"heapDeltaMb":0,"heapLimitMb":4144,"rssMb":159,"rssDeltaMb":0}}
{"t":"2026-10-01T16:18:51.123Z","level":"info","msg":"task start","taskId":"93e6cf7e-42ee-402d-90ef-c6dd836a09ce","taskType":"suggest_from_scans","data":{"id":"93e6cf7e-42ee-402d-90ef-c6dd836a09ce","type":"suggest_from_scans","attempt":1,"workerId":"test","commit":null,"readyWaitMs":13,"heapUsedMb":274,"heapLimitMb":4144,"rssMb":159}}
{"t":"2026-10-01T16:18:51.127Z","level":"info","msg":"scan suggestions filed","taskId":"93e6cf7e-42ee-402d-90ef-c6dd836a09ce","taskType":"suggest_from_scans","data":{"userId":"d412d86a-f3a6-40c7-8d60-64d8b8e9d616","titles":5,"unmatched":1,"inserted":0}}
{"t":"2026-10-01T16:18:51.127Z","level":"info","msg":"task done","taskId":"93e6cf7e-42ee-402d-90ef-c6dd836a09ce","taskType":"suggest_from_scans","data":{"id":"93e6cf7e-42ee-402d-90ef-c6dd836a09ce","type":"suggest_from_scans","ms":4,"heapUsedMb":275,"heapDeltaMb":1,"heapLimitMb":4144,"rssMb":160,"rssDeltaMb":1}}
{"t":"2026-10-01T16:18:51.282Z","level":"info","msg":"task start","taskId":"ec80cad5-b1f9-4990-a23e-37dece3f011b","taskType":"discover","data":{"id":"ec80cad5-b1f9-4990-a23e-37dece3f011b","type":"discover","attempt":1,"workerId":"test","commit":null,"readyWaitMs":5,"heapUsedMb":276,"heapLimitMb":4144,"rssMb":160}}
{"t":"2026-10-01T16:18:51.452Z","level":"info","msg":"discovery finished","taskId":"ec80cad5-b1f9-4990-a23e-37dece3f011b","taskType":"discover","data":{"company":"acme.example","outcome":"resolved","fetches":3,"best":"ats_link"}}
{"t":"2026-10-01T16:18:51.460Z","level":"info","msg":"task done","taskId":"ec80cad5-b1f9-4990-a23e-37dece3f011b","taskType":"discover","data":{"id":"ec80cad5-b1f9-4990-a23e-37dece3f011b","type":"discover","ms":178,"heapUsedMb":279,"heapDeltaMb":3,"heapLimitMb":4144,"rssMb":160,"rssDeltaMb":0}}
{"t":"2026-10-01T16:18:51.462Z","level":"info","msg":"task start","taskId":"77fe7146-71df-4c14-b1c8-28a149c5d1c8","taskType":"scan_company","data":{"id":"77fe7146-71df-4c14-b1c8-28a149c5d1c8","type":"scan_company","attempt":1,"workerId":"test","commit":null,"readyWaitMs":21,"heapUsedMb":279,"heapLimitMb":4144,"rssMb":160}}
{"t":"2026-10-01T16:18:51.620Z","level":"info","msg":"source scanned","taskId":"77fe7146-71df-4c14-b1c8-28a149c5d1c8","taskType":"scan_company","data":{"company":"Acme Robotics","type":"greenhouse","status":"ok","postings":5,"new":5,"closed":0,"followers":1,"deferredDescriptions":0,"reusedListing":false,"claimFetchedBytes":1452,"claimRequests":3,"claimRevalidated":0,"heapUsedMb":282,"ms":154}}
{"t":"2026-10-01T16:18:51.626Z","level":"info","msg":"task done","taskId":"77fe7146-71df-4c14-b1c8-28a149c5d1c8","taskType":"scan_company","data":{"id":"77fe7146-71df-4c14-b1c8-28a149c5d1c8","type":"scan_company","ms":164,"heapUsedMb":282,"heapDeltaMb":3,"heapLimitMb":4144,"rssMb":159,"rssDeltaMb":-1}}
{"t":"2026-10-01T16:18:51.628Z","level":"info","msg":"task start","taskId":"f195795a-8c72-48af-852b-1f59529b5b43","taskType":"fetch_description","data":{"id":"f195795a-8c72-48af-852b-1f59529b5b43","type":"fetch_description","attempt":1,"workerId":"test","commit":null,"readyWaitMs":25,"heapUsedMb":282,"heapLimitMb":4144,"rssMb":159}}
{"t":"2026-10-01T16:18:51.653Z","level":"info","msg":"task done","taskId":"f195795a-8c72-48af-852b-1f59529b5b43","taskType":"fetch_description","data":{"id":"f195795a-8c72-48af-852b-1f59529b5b43","type":"fetch_description","ms":25,"heapUsedMb":283,"heapDeltaMb":1,"heapLimitMb":4144,"rssMb":159,"rssDeltaMb":0}}
{"t":"2026-10-01T16:18:51.654Z","level":"info","msg":"task start","taskId":"54f7a21a-97bc-48ae-b1c2-59e2b1401c03","taskType":"fetch_description","data":{"id":"54f7a21a-97bc-48ae-b1c2-59e2b1401c03","type":"fetch_description","attempt":1,"workerId":"test","commit":null,"readyWaitMs":51,"heapUsedMb":283,"heapLimitMb":4144,"rssMb":159}}
{"t":"2026-10-01T16:18:51.704Z","level":"info","msg":"task done","taskId":"54f7a21a-97bc-48ae-b1c2-59e2b1401c03","taskType":"fetch_description","data":{"id":"54f7a21a-97bc-48ae-b1c2-59e2b1401c03","type":"fetch_description","ms":50,"heapUsedMb":273,"heapDeltaMb":-10,"heapLimitMb":4144,"rssMb":161,"rssDeltaMb":2}}
{"t":"2026-10-01T16:18:51.705Z","level":"info","msg":"task start","taskId":"27dd05dc-da77-4da8-a8fc-610cc5200fe6","taskType":"fetch_description","data":{"id":"27dd05dc-da77-4da8-a8fc-610cc5200fe6","type":"fetch_description","attempt":1,"workerId":"test","commit":null,"readyWaitMs":102,"heapUsedMb":274,"heapLimitMb":4144,"rssMb":161}}
{"t":"2026-10-01T16:18:51.753Z","level":"info","msg":"task done","taskId":"27dd05dc-da77-4da8-a8fc-610cc5200fe6","taskType":"fetch_description","data":{"id":"27dd05dc-da77-4da8-a8fc-610cc5200fe6","type":"fetch_description","ms":48,"heapUsedMb":275,"heapDeltaMb":1,"heapLimitMb":4144,"rssMb":161,"rssDeltaMb":0}}
{"t":"2026-10-01T16:18:51.754Z","level":"info","msg":"task start","taskId":"25d1bf37-02df-4508-9443-d8e9c0aaaab1","taskType":"fetch_description","data":{"id":"25d1bf37-02df-4508-9443-d8e9c0aaaab1","type":"fetch_description","attempt":1,"workerId":"test","commit":null,"readyWaitMs":151,"heapUsedMb":275,"heapLimitMb":4144,"rssMb":161}}
{"t":"2026-10-01T16:18:51.803Z","level":"info","msg":"task done","taskId":"25d1bf37-02df-4508-9443-d8e9c0aaaab1","taskType":"fetch_description","data":{"id":"25d1bf37-02df-4508-9443-d8e9c0aaaab1","type":"fetch_description","ms":49,"heapUsedMb":276,"heapDeltaMb":1,"heapLimitMb":4144,"rssMb":161,"rssDeltaMb":0}}
{"t":"2026-10-01T16:18:51.805Z","level":"info","msg":"task start","taskId":"e4fd612f-7602-4c29-a7e1-fa0e4bc74526","taskType":"discover","data":{"id":"e4fd612f-7602-4c29-a7e1-fa0e4bc74526","type":"discover","attempt":1,"workerId":"test","commit":null,"readyWaitMs":523,"heapUsedMb":276,"heapLimitMb":4144,"rssMb":161}}
{"t":"2026-10-01T16:18:51.859Z","level":"warn","msg":"logo re-encode failed; the original is kept","taskId":"e4fd612f-7602-4c29-a7e1-fa0e4bc74526","taskType":"discover","data":{"error":"Input buffer has corrupt header:","bytes":400}}
{"t":"2026-10-01T16:18:51.864Z","level":"info","msg":"logo captured","taskId":"e4fd612f-7602-4c29-a7e1-fa0e4bc74526","taskType":"discover","data":{"company":"Acme Robotics","source":"site_icon","sourceUrl":"https://www.acme.example/favicon.png","bytes":400,"contentType":"image/png"}}
{"t":"2026-10-01T16:18:51.865Z","level":"info","msg":"task done","taskId":"e4fd612f-7602-4c29-a7e1-fa0e4bc74526","taskType":"discover","data":{"id":"e4fd612f-7602-4c29-a7e1-fa0e4bc74526","type":"discover","ms":60,"heapUsedMb":277,"heapDeltaMb":1,"heapLimitMb":4144,"rssMb":161,"rssDeltaMb":0}}
{"t":"2026-10-01T16:18:52.062Z","level":"info","msg":"task start","taskId":"957e7f82-3315-4134-9b0a-a88cda360551","taskType":"discover","data":{"id":"957e7f82-3315-4134-9b0a-a88cda360551","type":"discover","attempt":1,"workerId":"test","commit":null,"readyWaitMs":5,"heapUsedMb":281,"heapLimitMb":4144,"rssMb":161}}
{"t":"2026-10-01T16:18:52.231Z","level":"info","msg":"discovery finished","taskId":"957e7f82-3315-4134-9b0a-a88cda360551","taskType":"discover","data":{"company":"acme.example","outcome":"resolved","fetches":3,"best":"ats_link"}}
{"t":"2026-10-01T16:18:52.234Z","level":"info","msg":"task done","taskId":"957e7f82-3315-4134-9b0a-a88cda360551","taskType":"discover","data":{"id":"957e7f82-3315-4134-9b0a-a88cda360551","type":"discover","ms":172,"heapUsedMb":284,"heapDeltaMb":3,"heapLimitMb":4144,"rssMb":161,"rssDeltaMb":0}}
{"t":"2026-10-01T16:18:52.237Z","level":"info","msg":"task start","taskId":"2580e60b-0e5d-4a8b-b933-cfd2b129884c","taskType":"scan_company","data":{"id":"2580e60b-0e5d-4a8b-b933-cfd2b129884c","type":"scan_company","attempt":1,"workerId":"test","commit":null,"readyWaitMs":15,"heapUsedMb":284,"heapLimitMb":4144,"rssMb":161}}
{"t":"2026-10-01T16:18:52.425Z","level":"info","msg":"source scanned","taskId":"2580e60b-0e5d-4a8b-b933-cfd2b129884c","taskType":"scan_company","data":{"company":"Acme Robotics","type":"greenhouse","status":"ok","postings":5,"new":5,"closed":0,"followers":1,"deferredDescriptions":0,"reusedListing":false,"claimFetchedBytes":1452,"claimRequests":3,"claimRevalidated":0,"heapUsedMb":276,"ms":183}}
{"t":"2026-10-01T16:18:52.441Z","level":"info","msg":"task done","taskId":"2580e60b-0e5d-4a8b-b933-cfd2b129884c","taskType":"scan_company","data":{"id":"2580e60b-0e5d-4a8b-b933-cfd2b129884c","type":"scan_company","ms":204,"heapUsedMb":276,"heapDeltaMb":-8,"heapLimitMb":4144,"rssMb":162,"rssDeltaMb":1}}
{"t":"2026-10-01T16:18:52.445Z","level":"info","msg":"task start","taskId":"4b122055-df6e-45db-ad6a-4c30ffea4f9b","taskType":"fetch_description","data":{"id":"4b122055-df6e-45db-ad6a-4c30ffea4f9b","type":"fetch_description","attempt":1,"workerId":"test","commit":null,"readyWaitMs":53,"heapUsedMb":277,"heapLimitMb":4144,"rssMb":162}}
{"t":"2026-10-01T16:18:52.460Z","level":"info","msg":"task done","taskId":"4b122055-df6e-45db-ad6a-4c30ffea4f9b","taskType":"fetch_description","data":{"id":"4b122055-df6e-45db-ad6a-4c30ffea4f9b","type":"fetch_description","ms":14,"heapUsedMb":278,"heapDeltaMb":1,"heapLimitMb":4144,"rssMb":162,"rssDeltaMb":0}}
{"t":"2026-10-01T16:18:52.461Z","level":"info","msg":"task start","taskId":"2ff67bf2-8f9e-476b-b40a-e726917942cf","taskType":"fetch_description","data":{"id":"2ff67bf2-8f9e-476b-b40a-e726917942cf","type":"fetch_description","attempt":1,"workerId":"test","commit":null,"readyWaitMs":69,"heapUsedMb":278,"heapLimitMb":4144,"rssMb":162}}
{"t":"2026-10-01T16:18:52.524Z","level":"info","msg":"task done","taskId":"2ff67bf2-8f9e-476b-b40a-e726917942cf","taskType":"fetch_description","data":{"id":"2ff67bf2-8f9e-476b-b40a-e726917942cf","type":"fetch_description","ms":63,"heapUsedMb":279,"heapDeltaMb":1,"heapLimitMb":4144,"rssMb":161,"rssDeltaMb":-1}}
{"t":"2026-10-01T16:18:52.525Z","level":"info","msg":"task start","taskId":"a1ec625f-14d8-492a-9400-2a8e6d19b020","taskType":"fetch_description","data":{"id":"a1ec625f-14d8-492a-9400-2a8e6d19b020","type":"fetch_description","attempt":1,"workerId":"test","commit":null,"readyWaitMs":133,"heapUsedMb":279,"heapLimitMb":4144,"rssMb":161}}
{"t":"2026-10-01T16:18:52.563Z","level":"info","msg":"task done","taskId":"a1ec625f-14d8-492a-9400-2a8e6d19b020","taskType":"fetch_description","data":{"id":"a1ec625f-14d8-492a-9400-2a8e6d19b020","type":"fetch_description","ms":38,"heapUsedMb":280,"heapDeltaMb":1,"heapLimitMb":4144,"rssMb":161,"rssDeltaMb":0}}
{"t":"2026-10-01T16:18:52.564Z","level":"info","msg":"task start","taskId":"177c7651-f040-4858-b809-8bd3c1479c2e","taskType":"fetch_description","data":{"id":"177c7651-f040-4858-b809-8bd3c1479c2e","type":"fetch_description","attempt":1,"workerId":"test","commit":null,"readyWaitMs":172,"heapUsedMb":280,"heapLimitMb":4144,"rssMb":161}}
{"t":"2026-10-01T16:18:52.617Z","level":"info","msg":"task done","taskId":"177c7651-f040-4858-b809-8bd3c1479c2e","taskType":"fetch_description","data":{"id":"177c7651-f040-4858-b809-8bd3c1479c2e","type":"fetch_description","ms":53,"heapUsedMb":281,"heapDeltaMb":1,"heapLimitMb":4144,"rssMb":161,"rssDeltaMb":0}}
{"t":"2026-10-01T16:18:52.620Z","level":"info","msg":"task start","taskId":"2b175316-5f96-4080-8586-56be548aac8a","taskType":"discover","data":{"id":"2b175316-5f96-4080-8586-56be548aac8a","type":"discover","attempt":1,"workerId":"test","commit":null,"readyWaitMs":558,"heapUsedMb":281,"heapLimitMb":4144,"rssMb":161}}
{"t":"2026-10-01T16:18:52.675Z","level":"warn","msg":"logo re-encode failed; the original is kept","taskId":"2b175316-5f96-4080-8586-56be548aac8a","taskType":"discover","data":{"error":"Input buffer has corrupt header:","bytes":400}}
{"t":"2026-10-01T16:18:52.679Z","level":"info","msg":"logo captured","taskId":"2b175316-5f96-4080-8586-56be548aac8a","taskType":"discover","data":{"company":"Acme Robotics","source":"site_icon","sourceUrl":"https://www.acme.example/favicon.png","bytes":400,"contentType":"image/png"}}
{"t":"2026-10-01T16:18:52.680Z","level":"info","msg":"task done","taskId":"2b175316-5f96-4080-8586-56be548aac8a","taskType":"discover","data":{"id":"2b175316-5f96-4080-8586-56be548aac8a","type":"discover","ms":60,"heapUsedMb":282,"heapDeltaMb":1,"heapLimitMb":4144,"rssMb":161,"rssDeltaMb":0}}
{"t":"2026-10-01T16:18:52.872Z","level":"info","msg":"task start","taskId":"8e7dea57-b92c-4d29-b195-71549db98d3b","taskType":"discover","data":{"id":"8e7dea57-b92c-4d29-b195-71549db98d3b","type":"discover","attempt":1,"workerId":"test","commit":null,"readyWaitMs":4,"heapUsedMb":285,"heapLimitMb":4144,"rssMb":161}}
{"t":"2026-10-01T16:18:53.036Z","level":"info","msg":"discovery finished","taskId":"8e7dea57-b92c-4d29-b195-71549db98d3b","taskType":"discover","data":{"company":"acme.example","outcome":"resolved","fetches":3,"best":"ats_link"}}
{"t":"2026-10-01T16:18:53.038Z","level":"info","msg":"task done","taskId":"8e7dea57-b92c-4d29-b195-71549db98d3b","taskType":"discover","data":{"id":"8e7dea57-b92c-4d29-b195-71549db98d3b","type":"discover","ms":166,"heapUsedMb":278,"heapDeltaMb":-7,"heapLimitMb":4144,"rssMb":162,"rssDeltaMb":1}}
{"t":"2026-10-01T16:18:53.039Z","level":"info","msg":"task start","taskId":"611595fb-0fd0-4fcb-af13-188bc214c6fe","taskType":"scan_company","data":{"id":"611595fb-0fd0-4fcb-af13-188bc214c6fe","type":"scan_company","attempt":1,"workerId":"test","commit":null,"readyWaitMs":10,"heapUsedMb":278,"heapLimitMb":4144,"rssMb":162}}
{"t":"2026-10-01T16:18:53.209Z","level":"info","msg":"source scanned","taskId":"611595fb-0fd0-4fcb-af13-188bc214c6fe","taskType":"scan_company","data":{"company":"Acme Robotics","type":"greenhouse","status":"ok","postings":5,"new":5,"closed":0,"followers":1,"deferredDescriptions":0,"reusedListing":false,"claimFetchedBytes":1452,"claimRequests":3,"claimRevalidated":0,"heapUsedMb":280,"ms":167}}
{"t":"2026-10-01T16:18:53.214Z","level":"info","msg":"task done","taskId":"611595fb-0fd0-4fcb-af13-188bc214c6fe","taskType":"scan_company","data":{"id":"611595fb-0fd0-4fcb-af13-188bc214c6fe","type":"scan_company","ms":175,"heapUsedMb":281,"heapDeltaMb":3,"heapLimitMb":4144,"rssMb":163,"rssDeltaMb":1}}
{"t":"2026-10-01T16:18:53.216Z","level":"info","msg":"task start","taskId":"abb0939e-274a-430c-b858-420f4b36e21f","taskType":"fetch_description","data":{"id":"abb0939e-274a-430c-b858-420f4b36e21f","type":"fetch_description","attempt":1,"workerId":"test","commit":null,"readyWaitMs":23,"heapUsedMb":281,"heapLimitMb":4144,"rssMb":163}}
{"t":"2026-10-01T16:18:53.240Z","level":"info","msg":"task done","taskId":"abb0939e-274a-430c-b858-420f4b36e21f","taskType":"fetch_description","data":{"id":"abb0939e-274a-430c-b858-420f4b36e21f","type":"fetch_description","ms":24,"heapUsedMb":282,"heapDeltaMb":1,"heapLimitMb":4144,"rssMb":163,"rssDeltaMb":0}}
{"t":"2026-10-01T16:18:53.241Z","level":"info","msg":"task start","taskId":"a88101f2-ab90-4399-9ca7-11e351a5d6b8","taskType":"fetch_description","data":{"id":"a88101f2-ab90-4399-9ca7-11e351a5d6b8","type":"fetch_description","attempt":1,"workerId":"test","commit":null,"readyWaitMs":48,"heapUsedMb":282,"heapLimitMb":4144,"rssMb":163}}
{"t":"2026-10-01T16:18:53.291Z","level":"info","msg":"task done","taskId":"a88101f2-ab90-4399-9ca7-11e351a5d6b8","taskType":"fetch_description","data":{"id":"a88101f2-ab90-4399-9ca7-11e351a5d6b8","type":"fetch_description","ms":50,"heapUsedMb":283,"heapDeltaMb":1,"heapLimitMb":4144,"rssMb":163,"rssDeltaMb":0}}
{"t":"2026-10-01T16:18:53.293Z","level":"info","msg":"task start","taskId":"f4ae1f60-064c-4b5e-9bc6-3421b89c820c","taskType":"fetch_description","data":{"id":"f4ae1f60-064c-4b5e-9bc6-3421b89c820c","type":"fetch_description","attempt":1,"workerId":"test","commit":null,"readyWaitMs":100,"heapUsedMb":283,"heapLimitMb":4144,"rssMb":163}}
{"t":"2026-10-01T16:18:53.352Z","level":"info","msg":"task done","taskId":"f4ae1f60-064c-4b5e-9bc6-3421b89c820c","taskType":"fetch_description","data":{"id":"f4ae1f60-064c-4b5e-9bc6-3421b89c820c","type":"fetch_description","ms":60,"heapUsedMb":284,"heapDeltaMb":1,"heapLimitMb":4144,"rssMb":162,"rssDeltaMb":-1}}
{"t":"2026-10-01T16:18:53.356Z","level":"info","msg":"task start","taskId":"e6277649-069e-4028-8943-fe9a52b85ae0","taskType":"fetch_description","data":{"id":"e6277649-069e-4028-8943-fe9a52b85ae0","type":"fetch_description","attempt":1,"workerId":"test","commit":null,"readyWaitMs":163,"heapUsedMb":284,"heapLimitMb":4144,"rssMb":162}}
{"t":"2026-10-01T16:18:53.403Z","level":"info","msg":"task done","taskId":"e6277649-069e-4028-8943-fe9a52b85ae0","taskType":"fetch_description","data":{"id":"e6277649-069e-4028-8943-fe9a52b85ae0","type":"fetch_description","ms":48,"heapUsedMb":285,"heapDeltaMb":1,"heapLimitMb":4144,"rssMb":161,"rssDeltaMb":-1}}
{"t":"2026-10-01T16:18:53.407Z","level":"info","msg":"task start","taskId":"3ab53d81-2bcb-4696-8155-ee7f33e99b68","taskType":"discover","data":{"id":"3ab53d81-2bcb-4696-8155-ee7f33e99b68","type":"discover","attempt":1,"workerId":"test","commit":null,"readyWaitMs":535,"heapUsedMb":286,"heapLimitMb":4144,"rssMb":161}}
{"t":"2026-10-01T16:18:53.468Z","level":"warn","msg":"logo re-encode failed; the original is kept","taskId":"3ab53d81-2bcb-4696-8155-ee7f33e99b68","taskType":"discover","data":{"error":"Input buffer has corrupt header:","bytes":400}}
{"t":"2026-10-01T16:18:53.484Z","level":"info","msg":"logo captured","taskId":"3ab53d81-2bcb-4696-8155-ee7f33e99b68","taskType":"discover","data":{"company":"Acme Robotics","source":"site_icon","sourceUrl":"https://www.acme.example/favicon.png","bytes":400,"contentType":"image/png"}}
{"t":"2026-10-01T16:18:53.486Z","level":"info","msg":"task done","taskId":"3ab53d81-2bcb-4696-8155-ee7f33e99b68","taskType":"discover","data":{"id":"3ab53d81-2bcb-4696-8155-ee7f33e99b68","type":"discover","ms":79,"heapUsedMb":286,"heapDeltaMb":0,"heapLimitMb":4144,"rssMb":160,"rssDeltaMb":-1}}
{"t":"2026-10-01T16:18:53.627Z","level":"info","msg":"source scanned","data":{"company":"acme.example","type":"greenhouse","status":"ok","postings":5,"new":0,"closed":0,"followers":1,"deferredDescriptions":0,"reusedListing":false,"claimFetchedBytes":1452,"claimRequests":3,"claimRevalidated":0,"heapUsedMb":278,"ms":133}}
{"t":"2026-10-01T16:18:53.817Z","level":"info","msg":"source scanned","data":{"company":"acme.example","type":"greenhouse","status":"ok","postings":5,"new":0,"closed":0,"followers":1,"deferredDescriptions":0,"reusedListing":false,"claimFetchedBytes":1452,"claimRequests":3,"claimRevalidated":0,"heapUsedMb":280,"ms":177}}
{"t":"2026-10-01T16:18:54.154Z","level":"info","msg":"slow database query","taskId":"c18b5388-73ea-45db-8d07-7609f028ebad","taskType":"scan_company","data":{"durationMs":327,"statement":"truncate users, companies, career_sources, discovery_runs, scan_runs, scans, jobs, job_events, decisions, tasks, setting"}}
{"t":"2026-10-01T16:18:54.205Z","level":"info","msg":"task start","taskId":"46314311-7767-4517-b3bb-2f7d37ee3d34","taskType":"discover","data":{"id":"46314311-7767-4517-b3bb-2f7d37ee3d34","type":"discover","attempt":1,"workerId":"test","commit":null,"readyWaitMs":27,"heapUsedMb":281,"heapLimitMb":4144,"rssMb":142}}
{"t":"2026-10-01T16:18:54.408Z","level":"info","msg":"discovery finished","taskId":"46314311-7767-4517-b3bb-2f7d37ee3d34","taskType":"discover","data":{"company":"acme.example","outcome":"resolved","fetches":3,"best":"ats_link"}}
{"t":"2026-10-01T16:18:54.412Z","level":"info","msg":"task done","taskId":"46314311-7767-4517-b3bb-2f7d37ee3d34","taskType":"discover","data":{"id":"46314311-7767-4517-b3bb-2f7d37ee3d34","type":"discover","ms":208,"heapUsedMb":284,"heapDeltaMb":3,"heapLimitMb":4144,"rssMb":136,"rssDeltaMb":-6}}
{"t":"2026-10-01T16:18:54.416Z","level":"info","msg":"task start","taskId":"8d680512-1e97-4ebe-8a85-0499cccbe714","taskType":"scan_company","data":{"id":"8d680512-1e97-4ebe-8a85-0499cccbe714","type":"scan_company","attempt":1,"workerId":"test","commit":null,"readyWaitMs":25,"heapUsedMb":284,"heapLimitMb":4144,"rssMb":136}}
{"t":"2026-10-01T16:18:54.712Z","level":"info","msg":"source scanned","taskId":"8d680512-1e97-4ebe-8a85-0499cccbe714","taskType":"scan_company","data":{"company":"Acme Robotics","type":"greenhouse","status":"ok","postings":5,"new":5,"closed":0,"followers":1,"deferredDescriptions":0,"reusedListing":false,"claimFetchedBytes":1452,"claimRequests":3,"claimRevalidated":0,"heapUsedMb":287,"ms":288}}
{"t":"2026-10-01T16:18:54.764Z","level":"info","msg":"task done","taskId":"8d680512-1e97-4ebe-8a85-0499cccbe714","taskType":"scan_company","data":{"id":"8d680512-1e97-4ebe-8a85-0499cccbe714","type":"scan_company","ms":349,"heapUsedMb":287,"heapDeltaMb":3,"heapLimitMb":4144,"rssMb":131,"rssDeltaMb":-5}}
{"t":"2026-10-01T16:18:54.777Z","level":"info","msg":"task start","taskId":"68556d6f-25fb-4cb8-9b68-f5afe3503632","taskType":"fetch_description","data":{"id":"68556d6f-25fb-4cb8-9b68-f5afe3503632","type":"fetch_description","attempt":1,"workerId":"test","commit":null,"readyWaitMs":169,"heapUsedMb":287,"heapLimitMb":4144,"rssMb":131}}
{"t":"2026-10-01T16:18:54.880Z","level":"info","msg":"task done","taskId":"68556d6f-25fb-4cb8-9b68-f5afe3503632","taskType":"fetch_description","data":{"id":"68556d6f-25fb-4cb8-9b68-f5afe3503632","type":"fetch_description","ms":103,"heapUsedMb":288,"heapDeltaMb":1,"heapLimitMb":4144,"rssMb":132,"rssDeltaMb":1}}
{"t":"2026-10-01T16:18:54.886Z","level":"info","msg":"task start","taskId":"cb8f0e1d-5b5c-47f4-b7b0-e0d7072fcea8","taskType":"fetch_description","data":{"id":"cb8f0e1d-5b5c-47f4-b7b0-e0d7072fcea8","type":"fetch_description","attempt":1,"workerId":"test","commit":null,"readyWaitMs":278,"heapUsedMb":288,"heapLimitMb":4144,"rssMb":132}}
{"t":"2026-10-01T16:18:54.949Z","level":"info","msg":"task done","taskId":"cb8f0e1d-5b5c-47f4-b7b0-e0d7072fcea8","taskType":"fetch_description","data":{"id":"cb8f0e1d-5b5c-47f4-b7b0-e0d7072fcea8","type":"fetch_description","ms":63,"heapUsedMb":279,"heapDeltaMb":-9,"heapLimitMb":4144,"rssMb":137,"rssDeltaMb":5}}
{"t":"2026-10-01T16:18:54.957Z","level":"info","msg":"task start","taskId":"4e568216-5df3-4308-9007-eca4c88d8618","taskType":"fetch_description","data":{"id":"4e568216-5df3-4308-9007-eca4c88d8618","type":"fetch_description","attempt":1,"workerId":"test","commit":null,"readyWaitMs":349,"heapUsedMb":279,"heapLimitMb":4144,"rssMb":137}}
{"t":"2026-10-01T16:18:54.972Z","level":"info","msg":"task done","taskId":"4e568216-5df3-4308-9007-eca4c88d8618","taskType":"fetch_description","data":{"id":"4e568216-5df3-4308-9007-eca4c88d8618","type":"fetch_description","ms":15,"heapUsedMb":280,"heapDeltaMb":1,"heapLimitMb":4144,"rssMb":138,"rssDeltaMb":1}}
{"t":"2026-10-01T16:18:54.974Z","level":"info","msg":"task start","taskId":"badda582-2ee3-4daa-98b5-af5937e7c3fb","taskType":"fetch_description","data":{"id":"badda582-2ee3-4daa-98b5-af5937e7c3fb","type":"fetch_description","attempt":1,"workerId":"test","commit":null,"readyWaitMs":366,"heapUsedMb":280,"heapLimitMb":4144,"rssMb":138}}
{"t":"2026-10-01T16:18:55.026Z","level":"info","msg":"task done","taskId":"badda582-2ee3-4daa-98b5-af5937e7c3fb","taskType":"fetch_description","data":{"id":"badda582-2ee3-4daa-98b5-af5937e7c3fb","type":"fetch_description","ms":52,"heapUsedMb":281,"heapDeltaMb":1,"heapLimitMb":4144,"rssMb":138,"rssDeltaMb":0}}
{"t":"2026-10-01T16:18:55.028Z","level":"info","msg":"task start","taskId":"d6ee6bff-1a0d-4c78-9649-c064a98887e6","taskType":"discover","data":{"id":"d6ee6bff-1a0d-4c78-9649-c064a98887e6","type":"discover","attempt":1,"workerId":"test","commit":null,"readyWaitMs":812,"heapUsedMb":281,"heapLimitMb":4144,"rssMb":139}}
{"t":"2026-10-01T16:18:55.083Z","level":"warn","msg":"logo re-encode failed; the original is kept","taskId":"d6ee6bff-1a0d-4c78-9649-c064a98887e6","taskType":"discover","data":{"error":"Input buffer has corrupt header:","bytes":400}}
{"t":"2026-10-01T16:18:55.092Z","level":"info","msg":"logo captured","taskId":"d6ee6bff-1a0d-4c78-9649-c064a98887e6","taskType":"discover","data":{"company":"Acme Robotics","source":"site_icon","sourceUrl":"https://www.acme.example/favicon.png","bytes":400,"contentType":"image/png"}}
{"t":"2026-10-01T16:18:55.094Z","level":"info","msg":"task done","taskId":"d6ee6bff-1a0d-4c78-9649-c064a98887e6","taskType":"discover","data":{"id":"d6ee6bff-1a0d-4c78-9649-c064a98887e6","type":"discover","ms":66,"heapUsedMb":282,"heapDeltaMb":1,"heapLimitMb":4144,"rssMb":139,"rssDeltaMb":0}}
{"t":"2026-10-01T16:18:55.394Z","level":"info","msg":"slow database query","data":{"durationMs":262,"statement":"truncate users, companies, career_sources, discovery_runs, scan_runs, scans, jobs, job_events, decisions, tasks, setting"}}
{"t":"2026-10-01T16:18:55.422Z","level":"info","msg":"source scanned","data":{"company":"Empty Co","type":"html","status":"ok","postings":0,"new":0,"closed":0,"followers":0,"deferredDescriptions":0,"reusedListing":false,"claimFetchedBytes":152,"claimRequests":1,"claimRevalidated":0,"heapUsedMb":286,"ms":17}}
{"t":"2026-10-01T16:18:55.693Z","level":"info","msg":"slow database query","data":{"durationMs":267,"statement":"truncate users, companies, career_sources, discovery_runs, scan_runs, scans, jobs, job_events, decisions, tasks, setting"}}
{"t":"2026-10-01T16:18:55.729Z","level":"info","msg":"source scanned","data":{"company":"Filtered Co","type":"html","status":"failed","postings":0,"new":0,"closed":0,"followers":0,"deferredDescriptions":0,"reusedListing":false,"claimFetchedBytes":61,"claimRequests":1,"claimRevalidated":0,"heapUsedMb":288,"ms":20}}
{"t":"2026-10-01T16:18:56.026Z","level":"info","msg":"slow database query","data":{"durationMs":289,"statement":"truncate users, companies, career_sources, discovery_runs, scan_runs, scans, jobs, job_events, decisions, tasks, setting"}}
{"t":"2026-10-01T16:18:57.651Z","level":"info","msg":"source scanned","data":{"company":"Acme","type":"html","status":"partial","postings":1,"new":1,"closed":0,"followers":0,"deferredDescriptions":0,"reusedListing":false,"claimFetchedBytes":159093,"claimRequests":1,"claimRevalidated":0,"heapUsedMb":305,"ms":1594}}
{"t":"2026-10-01T16:18:58.885Z","level":"info","msg":"source scanned","data":{"company":"Acme","type":"html","status":"partial","postings":1,"new":1,"closed":0,"followers":0,"deferredDescriptions":0,"reusedListing":false,"claimFetchedBytes":159131,"claimRequests":2,"claimRevalidated":0,"heapUsedMb":331,"ms":1001}}
{"t":"2026-10-01T16:18:59.923Z","level":"info","msg":"source scanned","data":{"company":"Acme","type":"html","status":"partial","postings":1,"new":0,"closed":0,"followers":0,"deferredDescriptions":0,"reusedListing":false,"claimFetchedBytes":159131,"claimRequests":2,"claimRevalidated":0,"heapUsedMb":353,"ms":1034}}
{"t":"2026-10-01T16:19:00.172Z","level":"info","msg":"source scanned","data":{"company":"Acme","type":"html","status":"ok","postings":2,"new":2,"closed":0,"followers":0,"deferredDescriptions":0,"reusedListing":false,"claimFetchedBytes":142,"claimRequests":2,"claimRevalidated":0,"heapUsedMb":356,"ms":23}}
{"t":"2026-10-01T16:19:00.216Z","level":"info","msg":"source scanned","data":{"company":"Acme","type":"html","status":"partial","postings":0,"new":0,"closed":0,"followers":0,"deferredDescriptions":0,"reusedListing":false,"claimFetchedBytes":96,"claimRequests":2,"claimRevalidated":0,"heapUsedMb":357,"ms":40}}
{"t":"2026-10-01T16:19:00.261Z","level":"info","msg":"source scanned","data":{"company":"Acme","type":"html","status":"partial","postings":1,"new":0,"closed":0,"followers":0,"deferredDescriptions":0,"reusedListing":false,"claimFetchedBytes":96,"claimRequests":2,"claimRevalidated":0,"heapUsedMb":359,"ms":42}}
{"t":"2026-10-01T16:19:00.311Z","level":"info","msg":"source scanned","data":{"company":"Acme","type":"html","status":"partial","postings":1,"new":0,"closed":0,"followers":0,"deferredDescriptions":0,"reusedListing":false,"claimFetchedBytes":129,"claimRequests":2,"claimRevalidated":0,"heapUsedMb":361,"ms":48}}
{"t":"2026-10-01T16:19:00.599Z","level":"info","msg":"source scanned","data":{"company":"Acme","type":"html","status":"ok","postings":3,"new":3,"closed":0,"followers":0,"deferredDescriptions":0,"reusedListing":false,"claimFetchedBytes":329,"claimRequests":5,"claimRevalidated":0,"heapUsedMb":353,"ms":117}}
{"t":"2026-10-01T16:19:00.734Z","level":"warn","msg":"HTML pagination incomplete","data":{"url":"https://www.acme.example/listing?page=3","error":"HTTP 404 from https://www.acme.example/listing?page=3"}}
{"t":"2026-10-01T16:19:00.743Z","level":"info","msg":"source scanned","data":{"company":"Acme","type":"html","status":"partial","postings":2,"new":0,"closed":0,"followers":0,"deferredDescriptions":0,"reusedListing":false,"claimFetchedBytes":280,"claimRequests":5,"claimRevalidated":0,"heapUsedMb":356,"ms":140}}
{"t":"2026-10-01T16:19:01.011Z","level":"info","msg":"source scanned","data":{"company":"Acme","type":"html","status":"ok","postings":3,"new":3,"closed":0,"followers":0,"deferredDescriptions":0,"reusedListing":false,"claimFetchedBytes":237,"claimRequests":3,"claimRevalidated":0,"heapUsedMb":359,"ms":67}}
{"t":"2026-10-01T16:19:01.189Z","level":"info","msg":"source scanned","data":{"company":"Acme","type":"html","status":"ok","postings":2,"new":2,"closed":0,"followers":0,"deferredDescriptions":0,"reusedListing":false,"claimFetchedBytes":89,"claimRequests":2,"claimRevalidated":0,"heapUsedMb":362,"ms":14}}
{"t":"2026-10-01T16:19:01.245Z","level":"info","msg":"source scanned","data":{"company":"Acme","type":"html","status":"partial","postings":1,"new":0,"closed":0,"followers":0,"deferredDescriptions":0,"reusedListing":false,"claimFetchedBytes":89,"claimRequests":2,"claimRevalidated":0,"heapUsedMb":355,"ms":52}}
{"t":"2026-10-01T16:19:01.434Z","level":"info","msg":"source scanned","data":{"company":"Acme","type":"html","status":"partial","postings":2,"new":2,"closed":0,"followers":0,"deferredDescriptions":0,"reusedListing":false,"claimFetchedBytes":183,"claimRequests":2,"claimRevalidated":0,"heapUsedMb":358,"ms":10}}
{"t":"2026-10-01T16:19:01.642Z","level":"info","msg":"source scanned","data":{"company":"Acme","type":"html","status":"ok","postings":1,"new":1,"closed":0,"followers":0,"deferredDescriptions":0,"reusedListing":false,"claimFetchedBytes":152,"claimRequests":2,"claimRevalidated":0,"heapUsedMb":360,"ms":22}}
{"t":"2026-10-01T16:19:01.843Z","level":"info","msg":"source scanned","data":{"company":"Acme","type":"html","status":"partial","postings":1,"new":1,"closed":0,"followers":0,"deferredDescriptions":0,"reusedListing":false,"claimFetchedBytes":128,"claimRequests":1,"claimRevalidated":0,"heapUsedMb":363,"ms":16}}
{"t":"2026-10-01T16:19:02.038Z","level":"info","msg":"source scanned","data":{"company":"Acme","type":"html","status":"partial","postings":1,"new":1,"closed":0,"followers":0,"deferredDescriptions":0,"reusedListing":false,"claimFetchedBytes":156,"claimRequests":1,"claimRevalidated":0,"heapUsedMb":356,"ms":15}}
{"t":"2026-10-01T16:19:02.205Z","level":"info","msg":"source scanned","data":{"company":"Acme","type":"html","status":"partial","postings":1,"new":1,"closed":0,"followers":0,"deferredDescriptions":0,"reusedListing":false,"claimFetchedBytes":119,"claimRequests":1,"claimRevalidated":0,"heapUsedMb":359,"ms":17}}
{"t":"2026-10-01T16:19:02.256Z","level":"info","msg":"source scanned","data":{"company":"Acme","type":"html","status":"partial","postings":1,"new":0,"closed":0,"followers":0,"deferredDescriptions":0,"reusedListing":false,"claimFetchedBytes":238,"claimRequests":2,"claimRevalidated":0,"heapUsedMb":361,"ms":46}}
{"t":"2026-10-01T16:19:02.424Z","level":"info","msg":"source scanned","data":{"company":"Acme","type":"html","status":"ok","postings":2,"new":2,"closed":0,"followers":0,"deferredDescriptions":0,"reusedListing":false,"claimFetchedBytes":98,"claimRequests":1,"claimRevalidated":0,"heapUsedMb":364,"ms":17}}
{"t":"2026-10-01T16:19:02.472Z","level":"info","msg":"source scanned","data":{"company":"Acme","type":"html","status":"partial","postings":1,"new":0,"closed":0,"followers":0,"deferredDescriptions":0,"reusedListing":false,"claimFetchedBytes":114,"claimRequests":1,"claimRevalidated":0,"heapUsedMb":366,"ms":44}}
{"t":"2026-10-01T16:19:02.722Z","level":"info","msg":"source scanned","data":{"company":"Acme","type":"html","status":"ok","postings":2,"new":2,"closed":0,"followers":0,"deferredDescriptions":0,"reusedListing":false,"claimFetchedBytes":126,"claimRequests":2,"claimRevalidated":0,"heapUsedMb":358,"ms":65}}
{"t":"2026-10-01T16:19:02.818Z","level":"info","msg":"source scanned","data":{"company":"Acme","type":"html","status":"ok","postings":2,"new":0,"closed":0,"followers":0,"deferredDescriptions":0,"reusedListing":false,"claimFetchedBytes":126,"claimRequests":2,"claimRevalidated":0,"heapUsedMb":360,"ms":92}}
{"t":"2026-10-01T16:19:02.918Z","level":"info","msg":"source scanned","data":{"company":"Acme","type":"html","status":"ok","postings":2,"new":0,"closed":0,"followers":0,"deferredDescriptions":0,"reusedListing":false,"claimFetchedBytes":126,"claimRequests":2,"claimRevalidated":0,"heapUsedMb":362,"ms":98}}
{"t":"2026-10-01T16:19:03.026Z","level":"info","msg":"source scanned","data":{"company":"Acme","type":"html","status":"ok","postings":2,"new":0,"closed":0,"followers":0,"deferredDescriptions":0,"reusedListing":false,"claimFetchedBytes":126,"claimRequests":2,"claimRevalidated":0,"heapUsedMb":363,"ms":106}}
{"t":"2026-10-01T16:19:03.131Z","level":"info","msg":"source scanned","data":{"company":"Acme","type":"html","status":"ok","postings":2,"new":0,"closed":0,"followers":0,"deferredDescriptions":0,"reusedListing":false,"claimFetchedBytes":126,"claimRequests":2,"claimRevalidated":0,"heapUsedMb":366,"ms":101}}
{"t":"2026-10-01T16:19:03.378Z","level":"info","msg":"source scanned","data":{"company":"Acme","type":"html","status":"ok","postings":2,"new":2,"closed":0,"followers":0,"deferredDescriptions":0,"reusedListing":false,"claimFetchedBytes":126,"claimRequests":2,"claimRevalidated":0,"heapUsedMb":369,"ms":65}}
{"t":"2026-10-01T16:19:03.465Z","level":"warn","msg":"HTML pagination incomplete","data":{"url":"https://www.acme.example/listing?page=2","error":"HTTP 404 from https://www.acme.example/listing?page=2"}}
{"t":"2026-10-01T16:19:03.472Z","level":"info","msg":"source scanned","data":{"company":"Acme","type":"html","status":"partial","postings":1,"new":0,"closed":0,"followers":0,"deferredDescriptions":0,"reusedListing":false,"claimFetchedBytes":96,"claimRequests":2,"claimRevalidated":0,"heapUsedMb":359,"ms":90}}
{"t":"2026-10-01T16:19:03.566Z","level":"warn","msg":"HTML pagination incomplete","data":{"url":"https://www.acme.example/listing?page=2","error":"HTTP 404 from https://www.acme.example/listing?page=2"}}
{"t":"2026-10-01T16:19:03.588Z","level":"info","msg":"source scanned","data":{"company":"Acme","type":"html","status":"partial","postings":1,"new":0,"closed":0,"followers":0,"deferredDescriptions":0,"reusedListing":false,"claimFetchedBytes":96,"claimRequests":2,"claimRevalidated":0,"heapUsedMb":361,"ms":114}}
{"t":"2026-10-01T16:19:03.762Z","level":"info","msg":"source scanned","data":{"company":"Acme","type":"html","status":"ok","postings":1,"new":1,"closed":0,"followers":0,"deferredDescriptions":0,"reusedListing":false,"claimFetchedBytes":45,"claimRequests":1,"claimRevalidated":0,"heapUsedMb":363,"ms":17}}
{"t":"2026-10-01T16:19:03.809Z","level":"info","msg":"source scanned","data":{"company":"Acme","type":"html","status":"ok","postings":1,"new":0,"closed":0,"followers":0,"deferredDescriptions":0,"reusedListing":false,"claimFetchedBytes":45,"claimRequests":1,"claimRevalidated":0,"heapUsedMb":365,"ms":44}}
{"t":"2026-10-01T16:19:04.122Z","level":"info","msg":"task start","taskId":"34bd9be3-c462-4a3a-9d87-34f75dfc6976","taskType":"discover","data":{"id":"34bd9be3-c462-4a3a-9d87-34f75dfc6976","type":"discover","attempt":1,"workerId":"test","commit":null,"readyWaitMs":7,"heapUsedMb":367,"heapLimitMb":4144,"rssMb":171}}
{"t":"2026-10-01T16:19:04.292Z","level":"info","msg":"discovery finished","taskId":"34bd9be3-c462-4a3a-9d87-34f75dfc6976","taskType":"discover","data":{"company":"acme.example","outcome":"resolved","fetches":3,"best":"ats_link"}}
{"t":"2026-10-01T16:19:04.294Z","level":"info","msg":"task done","taskId":"34bd9be3-c462-4a3a-9d87-34f75dfc6976","taskType":"discover","data":{"id":"34bd9be3-c462-4a3a-9d87-34f75dfc6976","type":"discover","ms":172,"heapUsedMb":370,"heapDeltaMb":3,"heapLimitMb":4144,"rssMb":172,"rssDeltaMb":1}}
{"t":"2026-10-01T16:19:04.295Z","level":"info","msg":"task start","taskId":"aad8a38e-5556-4a16-acd7-6e1736a99543","taskType":"scan_company","data":{"id":"aad8a38e-5556-4a16-acd7-6e1736a99543","type":"scan_company","attempt":1,"workerId":"test","commit":null,"readyWaitMs":10,"heapUsedMb":370,"heapLimitMb":4144,"rssMb":172}}
{"t":"2026-10-01T16:19:04.466Z","level":"info","msg":"source scanned","taskId":"aad8a38e-5556-4a16-acd7-6e1736a99543","taskType":"scan_company","data":{"company":"Acme Robotics","type":"greenhouse","status":"ok","postings":13,"new":13,"closed":0,"followers":1,"deferredDescriptions":0,"reusedListing":false,"claimFetchedBytes":3490,"claimRequests":3,"claimRevalidated":0,"heapUsedMb":362,"ms":164}}
{"t":"2026-10-01T16:19:04.472Z","level":"info","msg":"task done","taskId":"aad8a38e-5556-4a16-acd7-6e1736a99543","taskType":"scan_company","data":{"id":"aad8a38e-5556-4a16-acd7-6e1736a99543","type":"scan_company","ms":177,"heapUsedMb":363,"heapDeltaMb":-7,"heapLimitMb":4144,"rssMb":173,"rssDeltaMb":1}}
{"t":"2026-10-01T16:19:04.475Z","level":"info","msg":"task start","taskId":"d8c172af-540e-4060-bace-f4c331e909c2","taskType":"fetch_description","data":{"id":"d8c172af-540e-4060-bace-f4c331e909c2","type":"fetch_description","attempt":1,"workerId":"test","commit":null,"readyWaitMs":27,"heapUsedMb":363,"heapLimitMb":4144,"rssMb":173}}
{"t":"2026-10-01T16:19:04.494Z","level":"info","msg":"task done","taskId":"d8c172af-540e-4060-bace-f4c331e909c2","taskType":"fetch_description","data":{"id":"d8c172af-540e-4060-bace-f4c331e909c2","type":"fetch_description","ms":19,"heapUsedMb":364,"heapDeltaMb":1,"heapLimitMb":4144,"rssMb":173,"rssDeltaMb":0}}
{"t":"2026-10-01T16:19:04.497Z","level":"info","msg":"task start","taskId":"660fe35b-9400-42b7-9bda-681bad61812a","taskType":"discover","data":{"id":"660fe35b-9400-42b7-9bda-681bad61812a","type":"discover","attempt":1,"workerId":"test","commit":null,"readyWaitMs":372,"heapUsedMb":364,"heapLimitMb":4144,"rssMb":173}}
{"t":"2026-10-01T16:19:04.550Z","level":"warn","msg":"logo re-encode failed; the original is kept","taskId":"660fe35b-9400-42b7-9bda-681bad61812a","taskType":"discover","data":{"error":"Input buffer has corrupt header:","bytes":400}}
{"t":"2026-10-01T16:19:04.558Z","level":"info","msg":"logo captured","taskId":"660fe35b-9400-42b7-9bda-681bad61812a","taskType":"discover","data":{"company":"Acme Robotics","source":"site_icon","sourceUrl":"https://www.acme.example/favicon.png","bytes":400,"contentType":"image/png"}}
{"t":"2026-10-01T16:19:04.560Z","level":"info","msg":"task done","taskId":"660fe35b-9400-42b7-9bda-681bad61812a","taskType":"discover","data":{"id":"660fe35b-9400-42b7-9bda-681bad61812a","type":"discover","ms":63,"heapUsedMb":365,"heapDeltaMb":1,"heapLimitMb":4144,"rssMb":175,"rssDeltaMb":2}}
{"t":"2026-10-01T16:19:04.566Z","level":"info","msg":"task start","taskId":"801c1675-456d-4765-a644-a0cbdc8393aa","taskType":"scan_company","data":{"id":"801c1675-456d-4765-a644-a0cbdc8393aa","type":"scan_company","attempt":1,"workerId":"test","commit":null,"readyWaitMs":5,"heapUsedMb":365,"heapLimitMb":4144,"rssMb":175}}
{"t":"2026-10-01T16:19:04.705Z","level":"info","msg":"source scanned","taskId":"801c1675-456d-4765-a644-a0cbdc8393aa","taskType":"scan_company","data":{"company":"Acme Robotics","type":"greenhouse","status":"partial","postings":3,"new":0,"closed":0,"followers":1,"deferredDescriptions":0,"reusedListing":false,"claimFetchedBytes":920,"claimRequests":3,"claimRevalidated":0,"heapUsedMb":367,"ms":129}}
{"t":"2026-10-01T16:19:04.710Z","level":"info","msg":"task done","taskId":"801c1675-456d-4765-a644-a0cbdc8393aa","taskType":"scan_company","data":{"id":"801c1675-456d-4765-a644-a0cbdc8393aa","type":"scan_company","ms":144,"heapUsedMb":368,"heapDeltaMb":3,"heapLimitMb":4144,"rssMb":169,"rssDeltaMb":-6}}
{"t":"2026-10-01T16:19:04.714Z","level":"info","msg":"task start","taskId":"59d08f3f-a5cb-4839-adc4-847fbedba8d5","taskType":"scan_company","data":{"id":"59d08f3f-a5cb-4839-adc4-847fbedba8d5","type":"scan_company","attempt":1,"workerId":"test","commit":null,"readyWaitMs":4,"heapUsedMb":368,"heapLimitMb":4144,"rssMb":167}}
{"t":"2026-10-01T16:19:04.841Z","level":"info","msg":"source scanned","taskId":"59d08f3f-a5cb-4839-adc4-847fbedba8d5","taskType":"scan_company","data":{"company":"Acme Robotics","type":"greenhouse","status":"partial","postings":2,"new":0,"closed":0,"followers":1,"deferredDescriptions":0,"reusedListing":false,"claimFetchedBytes":667,"claimRequests":3,"claimRevalidated":0,"heapUsedMb":370,"ms":123}}
{"t":"2026-10-01T16:19:04.846Z","level":"info","msg":"task done","taskId":"59d08f3f-a5cb-4839-adc4-847fbedba8d5","taskType":"scan_company","data":{"id":"59d08f3f-a5cb-4839-adc4-847fbedba8d5","type":"scan_company","ms":133,"heapUsedMb":370,"heapDeltaMb":2,"heapLimitMb":4144,"rssMb":168,"rssDeltaMb":1}}
{"t":"2026-10-01T16:19:04.850Z","level":"info","msg":"task start","taskId":"eb8cf5c3-e87e-4f0a-9a35-ef15df692b1c","taskType":"scan_company","data":{"id":"eb8cf5c3-e87e-4f0a-9a35-ef15df692b1c","type":"scan_company","attempt":1,"workerId":"test","commit":null,"readyWaitMs":4,"heapUsedMb":371,"heapLimitMb":4144,"rssMb":169}}
{"t":"2026-10-01T16:19:04.998Z","level":"info","msg":"source scanned","taskId":"eb8cf5c3-e87e-4f0a-9a35-ef15df692b1c","taskType":"scan_company","data":{"company":"Acme Robotics","type":"greenhouse","status":"partial","postings":1,"new":0,"closed":0,"followers":1,"deferredDescriptions":0,"reusedListing":false,"claimFetchedBytes":414,"claimRequests":3,"claimRevalidated":0,"heapUsedMb":362,"ms":146}}
{"t":"2026-10-01T16:19:05.002Z","level":"info","msg":"task done","taskId":"eb8cf5c3-e87e-4f0a-9a35-ef15df692b1c","taskType":"scan_company","data":{"id":"eb8cf5c3-e87e-4f0a-9a35-ef15df692b1c","type":"scan_company","ms":152,"heapUsedMb":362,"heapDeltaMb":-9,"heapLimitMb":4144,"rssMb":171,"rssDeltaMb":2}}
{"t":"2026-10-01T16:19:05.003Z","level":"info","msg":"task start","taskId":"d9ada998-730b-4bd9-bfdf-a8a22301ec41","taskType":"discover","data":{"id":"d9ada998-730b-4bd9-bfdf-a8a22301ec41","type":"discover","attempt":1,"workerId":"test","commit":null,"readyWaitMs":18,"heapUsedMb":363,"heapLimitMb":4144,"rssMb":171}}
{"t":"2026-10-01T16:19:05.177Z","level":"info","msg":"discovery finished","taskId":"d9ada998-730b-4bd9-bfdf-a8a22301ec41","taskType":"discover","data":{"company":"Acme Robotics","outcome":"resolved","fetches":3,"best":"ats_link"}}
{"t":"2026-10-01T16:19:05.183Z","level":"info","msg":"task done","taskId":"d9ada998-730b-4bd9-bfdf-a8a22301ec41","taskType":"discover","data":{"id":"d9ada998-730b-4bd9-bfdf-a8a22301ec41","type":"discover","ms":180,"heapUsedMb":365,"heapDeltaMb":2,"heapLimitMb":4144,"rssMb":172,"rssDeltaMb":1}}
{"t":"2026-10-01T16:19:05.187Z","level":"info","msg":"task start","taskId":"3db12a98-34da-459a-85b6-ea72730b05f7","taskType":"scan_company","data":{"id":"3db12a98-34da-459a-85b6-ea72730b05f7","type":"scan_company","attempt":1,"workerId":"test","commit":null,"readyWaitMs":24,"heapUsedMb":366,"heapLimitMb":4144,"rssMb":172}}
{"t":"2026-10-01T16:19:05.205Z","level":"info","msg":"task done","taskId":"3db12a98-34da-459a-85b6-ea72730b05f7","taskType":"scan_company","data":{"id":"3db12a98-34da-459a-85b6-ea72730b05f7","type":"scan_company","ms":18,"heapUsedMb":366,"heapDeltaMb":0,"heapLimitMb":4144,"rssMb":172,"rssDeltaMb":0}}
{"t":"2026-10-01T16:19:05.208Z","level":"info","msg":"task start","taskId":"f351b8cc-050b-4108-84ef-7f233e5b494a","taskType":"discover","data":{"id":"f351b8cc-050b-4108-84ef-7f233e5b494a","type":"discover","attempt":1,"workerId":"test","commit":null,"readyWaitMs":205,"heapUsedMb":366,"heapLimitMb":4144,"rssMb":172}}
{"t":"2026-10-01T16:19:05.267Z","level":"warn","msg":"logo re-encode failed; the original is kept","taskId":"f351b8cc-050b-4108-84ef-7f233e5b494a","taskType":"discover","data":{"error":"Input buffer has corrupt header:","bytes":400}}
{"t":"2026-10-01T16:19:05.279Z","level":"info","msg":"logo captured","taskId":"f351b8cc-050b-4108-84ef-7f233e5b494a","taskType":"discover","data":{"company":"Acme Robotics","source":"site_icon","sourceUrl":"https://www.acme.example/favicon.png","bytes":400,"contentType":"image/png"}}
{"t":"2026-10-01T16:19:05.283Z","level":"info","msg":"task done","taskId":"f351b8cc-050b-4108-84ef-7f233e5b494a","taskType":"discover","data":{"id":"f351b8cc-050b-4108-84ef-7f233e5b494a","type":"discover","ms":74,"heapUsedMb":367,"heapDeltaMb":1,"heapLimitMb":4144,"rssMb":172,"rssDeltaMb":0}}
{"t":"2026-10-01T16:19:05.447Z","level":"info","msg":"task start","taskId":"fda29ac0-6330-4436-828a-65c3d090c4bf","taskType":"discover","data":{"id":"fda29ac0-6330-4436-828a-65c3d090c4bf","type":"discover","attempt":1,"workerId":"test","commit":null,"readyWaitMs":5,"heapUsedMb":369,"heapLimitMb":4144,"rssMb":172}}
{"t":"2026-10-01T16:19:05.617Z","level":"info","msg":"discovery finished","taskId":"fda29ac0-6330-4436-828a-65c3d090c4bf","taskType":"discover","data":{"company":"acme.example","outcome":"resolved","fetches":3,"best":"ats_link"}}
{"t":"2026-10-01T16:19:05.619Z","level":"info","msg":"task done","taskId":"fda29ac0-6330-4436-828a-65c3d090c4bf","taskType":"discover","data":{"id":"fda29ac0-6330-4436-828a-65c3d090c4bf","type":"discover","ms":172,"heapUsedMb":372,"heapDeltaMb":3,"heapLimitMb":4144,"rssMb":172,"rssDeltaMb":0}}
{"t":"2026-10-01T16:19:05.620Z","level":"info","msg":"task start","taskId":"4ad27f6d-f867-4c65-ba50-f8d152af6049","taskType":"scan_company","data":{"id":"4ad27f6d-f867-4c65-ba50-f8d152af6049","type":"scan_company","attempt":1,"workerId":"test","commit":null,"readyWaitMs":11,"heapUsedMb":372,"heapLimitMb":4144,"rssMb":172}}
{"t":"2026-10-01T16:19:05.790Z","level":"info","msg":"source scanned","taskId":"4ad27f6d-f867-4c65-ba50-f8d152af6049","taskType":"scan_company","data":{"company":"Acme Robotics","type":"greenhouse","status":"ok","postings":13,"new":13,"closed":0,"followers":1,"deferredDescriptions":0,"reusedListing":false,"claimFetchedBytes":3490,"claimRequests":3,"claimRevalidated":0,"heapUsedMb":364,"ms":165}}
{"t":"2026-10-01T16:19:05.796Z","level":"info","msg":"task done","taskId":"4ad27f6d-f867-4c65-ba50-f8d152af6049","taskType":"scan_company","data":{"id":"4ad27f6d-f867-4c65-ba50-f8d152af6049","type":"scan_company","ms":176,"heapUsedMb":364,"heapDeltaMb":-8,"heapLimitMb":4144,"rssMb":172,"rssDeltaMb":0}}
{"t":"2026-10-01T16:19:05.799Z","level":"info","msg":"task start","taskId":"792bffbb-7d7d-4791-8224-8e1d14b1a60d","taskType":"fetch_description","data":{"id":"792bffbb-7d7d-4791-8224-8e1d14b1a60d","type":"fetch_description","attempt":1,"workerId":"test","commit":null,"readyWaitMs":32,"heapUsedMb":364,"heapLimitMb":4144,"rssMb":172}}
{"t":"2026-10-01T16:19:05.819Z","level":"info","msg":"task done","taskId":"792bffbb-7d7d-4791-8224-8e1d14b1a60d","taskType":"fetch_description","data":{"id":"792bffbb-7d7d-4791-8224-8e1d14b1a60d","type":"fetch_description","ms":21,"heapUsedMb":365,"heapDeltaMb":1,"heapLimitMb":4144,"rssMb":172,"rssDeltaMb":0}}
{"t":"2026-10-01T16:19:05.820Z","level":"info","msg":"task start","taskId":"d8b69382-9207-4c35-b328-aedf796a0cc6","taskType":"discover","data":{"id":"d8b69382-9207-4c35-b328-aedf796a0cc6","type":"discover","attempt":1,"workerId":"test","commit":null,"readyWaitMs":373,"heapUsedMb":365,"heapLimitMb":4144,"rssMb":172}}
{"t":"2026-10-01T16:19:05.873Z","level":"warn","msg":"logo re-encode failed; the original is kept","taskId":"d8b69382-9207-4c35-b328-aedf796a0cc6","taskType":"discover","data":{"error":"Input buffer has corrupt header:","bytes":400}}
{"t":"2026-10-01T16:19:05.877Z","level":"info","msg":"logo captured","taskId":"d8b69382-9207-4c35-b328-aedf796a0cc6","taskType":"discover","data":{"company":"Acme Robotics","source":"site_icon","sourceUrl":"https://www.acme.example/favicon.png","bytes":400,"contentType":"image/png"}}
{"t":"2026-10-01T16:19:05.878Z","level":"info","msg":"task done","taskId":"d8b69382-9207-4c35-b328-aedf796a0cc6","taskType":"discover","data":{"id":"d8b69382-9207-4c35-b328-aedf796a0cc6","type":"discover","ms":58,"heapUsedMb":366,"heapDeltaMb":1,"heapLimitMb":4144,"rssMb":172,"rssDeltaMb":0}}
{"t":"2026-10-01T16:19:06.000Z","level":"info","msg":"source scanned","data":{"company":"acme.example","type":"greenhouse","status":"partial","postings":3,"new":0,"closed":0,"followers":1,"deferredDescriptions":0,"reusedListing":false,"claimFetchedBytes":920,"claimRequests":3,"claimRevalidated":0,"heapUsedMb":368,"ms":120}}
{"t":"2026-10-01T16:19:06.152Z","level":"info","msg":"source scanned","data":{"company":"acme.example","type":"greenhouse","status":"partial","postings":3,"new":0,"closed":0,"followers":1,"deferredDescriptions":0,"reusedListing":false,"claimFetchedBytes":920,"claimRequests":3,"claimRevalidated":0,"heapUsedMb":370,"ms":147}}
{"t":"2026-10-01T16:19:06.304Z","level":"info","msg":"source scanned","data":{"company":"acme.example","type":"greenhouse","status":"ok","postings":3,"new":0,"closed":0,"followers":1,"deferredDescriptions":0,"reusedListing":false,"claimFetchedBytes":920,"claimRequests":3,"claimRevalidated":0,"heapUsedMb":371,"ms":149}}
{"t":"2026-10-01T16:19:06.455Z","level":"info","msg":"source scanned","data":{"company":"acme.example","type":"greenhouse","status":"ok","postings":3,"new":0,"closed":10,"followers":1,"deferredDescriptions":0,"reusedListing":false,"claimFetchedBytes":920,"claimRequests":3,"claimRevalidated":0,"heapUsedMb":373,"ms":146}}
{"t":"2026-10-01T16:19:06.622Z","level":"info","msg":"task start","taskId":"ed49a95a-3296-4322-9659-c3d0344c7c36","taskType":"discover","data":{"id":"ed49a95a-3296-4322-9659-c3d0344c7c36","type":"discover","attempt":1,"workerId":"test","commit":null,"readyWaitMs":5,"heapUsedMb":375,"heapLimitMb":4144,"rssMb":169}}
{"t":"2026-10-01T16:19:06.788Z","level":"info","msg":"discovery finished","taskId":"ed49a95a-3296-4322-9659-c3d0344c7c36","taskType":"discover","data":{"company":"acme.example","outcome":"resolved","fetches":3,"best":"ats_link"}}
{"t":"2026-10-01T16:19:06.790Z","level":"info","msg":"task done","taskId":"ed49a95a-3296-4322-9659-c3d0344c7c36","taskType":"discover","data":{"id":"ed49a95a-3296-4322-9659-c3d0344c7c36","type":"discover","ms":168,"heapUsedMb":367,"heapDeltaMb":-8,"heapLimitMb":4144,"rssMb":170,"rssDeltaMb":1}}
{"t":"2026-10-01T16:19:06.791Z","level":"info","msg":"task start","taskId":"52609c0d-70b2-4010-888c-1b61899c8108","taskType":"scan_company","data":{"id":"52609c0d-70b2-4010-888c-1b61899c8108","type":"scan_company","attempt":1,"workerId":"test","commit":null,"readyWaitMs":12,"heapUsedMb":367,"heapLimitMb":4144,"rssMb":170}}
{"t":"2026-10-01T16:19:06.950Z","level":"info","msg":"source scanned","taskId":"52609c0d-70b2-4010-888c-1b61899c8108","taskType":"scan_company","data":{"company":"Acme Robotics","type":"greenhouse","status":"ok","postings":5,"new":5,"closed":0,"followers":1,"deferredDescriptions":0,"reusedListing":false,"claimFetchedBytes":1452,"claimRequests":3,"claimRevalidated":0,"heapUsedMb":369,"ms":155}}
{"t":"2026-10-01T16:19:06.956Z","level":"info","msg":"task done","taskId":"52609c0d-70b2-4010-888c-1b61899c8108","taskType":"scan_company","data":{"id":"52609c0d-70b2-4010-888c-1b61899c8108","type":"scan_company","ms":165,"heapUsedMb":370,"heapDeltaMb":3,"heapLimitMb":4144,"rssMb":169,"rssDeltaMb":-1}}
{"t":"2026-10-01T16:19:06.958Z","level":"info","msg":"task start","taskId":"e175160e-38ff-4fbc-aa1d-941d197505f5","taskType":"fetch_description","data":{"id":"e175160e-38ff-4fbc-aa1d-941d197505f5","type":"fetch_description","attempt":1,"workerId":"test","commit":null,"readyWaitMs":22,"heapUsedMb":370,"heapLimitMb":4144,"rssMb":169}}
{"t":"2026-10-01T16:19:06.992Z","level":"info","msg":"task done","taskId":"e175160e-38ff-4fbc-aa1d-941d197505f5","taskType":"fetch_description","data":{"id":"e175160e-38ff-4fbc-aa1d-941d197505f5","type":"fetch_description","ms":34,"heapUsedMb":371,"heapDeltaMb":1,"heapLimitMb":4144,"rssMb":169,"rssDeltaMb":0}}
{"t":"2026-10-01T16:19:06.994Z","level":"info","msg":"task start","taskId":"80966222-a6ba-49e8-8c58-3178c3753ecc","taskType":"fetch_description","data":{"id":"80966222-a6ba-49e8-8c58-3178c3753ecc","type":"fetch_description","attempt":1,"workerId":"test","commit":null,"readyWaitMs":58,"heapUsedMb":371,"heapLimitMb":4144,"rssMb":169}}
{"t":"2026-10-01T16:19:07.042Z","level":"info","msg":"task done","taskId":"80966222-a6ba-49e8-8c58-3178c3753ecc","taskType":"fetch_description","data":{"id":"80966222-a6ba-49e8-8c58-3178c3753ecc","type":"fetch_description","ms":48,"heapUsedMb":372,"heapDeltaMb":1,"heapLimitMb":4144,"rssMb":169,"rssDeltaMb":0}}
{"t":"2026-10-01T16:19:07.043Z","level":"info","msg":"task start","taskId":"4d7c4b8d-8c33-47a0-872f-d0a7de2d3408","taskType":"fetch_description","data":{"id":"4d7c4b8d-8c33-47a0-872f-d0a7de2d3408","type":"fetch_description","attempt":1,"workerId":"test","commit":null,"readyWaitMs":107,"heapUsedMb":372,"heapLimitMb":4144,"rssMb":169}}
{"t":"2026-10-01T16:19:07.093Z","level":"info","msg":"task done","taskId":"4d7c4b8d-8c33-47a0-872f-d0a7de2d3408","taskType":"fetch_description","data":{"id":"4d7c4b8d-8c33-47a0-872f-d0a7de2d3408","type":"fetch_description","ms":50,"heapUsedMb":373,"heapDeltaMb":1,"heapLimitMb":4144,"rssMb":169,"rssDeltaMb":0}}
{"t":"2026-10-01T16:19:07.095Z","level":"info","msg":"task start","taskId":"18f1f64e-02f5-4fc7-b92e-d9d1af76150f","taskType":"fetch_description","data":{"id":"18f1f64e-02f5-4fc7-b92e-d9d1af76150f","type":"fetch_description","attempt":1,"workerId":"test","commit":null,"readyWaitMs":159,"heapUsedMb":373,"heapLimitMb":4144,"rssMb":169}}
{"t":"2026-10-01T16:19:07.143Z","level":"info","msg":"task done","taskId":"18f1f64e-02f5-4fc7-b92e-d9d1af76150f","taskType":"fetch_description","data":{"id":"18f1f64e-02f5-4fc7-b92e-d9d1af76150f","type":"fetch_description","ms":49,"heapUsedMb":374,"heapDeltaMb":1,"heapLimitMb":4144,"rssMb":169,"rssDeltaMb":0}}
{"t":"2026-10-01T16:19:07.145Z","level":"info","msg":"task start","taskId":"ee0f7533-ba8d-4e92-9952-add28261b912","taskType":"discover","data":{"id":"ee0f7533-ba8d-4e92-9952-add28261b912","type":"discover","attempt":1,"workerId":"test","commit":null,"readyWaitMs":524,"heapUsedMb":374,"heapLimitMb":4144,"rssMb":169}}
{"t":"2026-10-01T16:19:07.200Z","level":"warn","msg":"logo re-encode failed; the original is kept","taskId":"ee0f7533-ba8d-4e92-9952-add28261b912","taskType":"discover","data":{"error":"Input buffer has corrupt header:","bytes":400}}
{"t":"2026-10-01T16:19:07.211Z","level":"info","msg":"logo captured","taskId":"ee0f7533-ba8d-4e92-9952-add28261b912","taskType":"discover","data":{"company":"Acme Robotics","source":"site_icon","sourceUrl":"https://www.acme.example/favicon.png","bytes":400,"contentType":"image/png"}}
{"t":"2026-10-01T16:19:07.214Z","level":"info","msg":"task done","taskId":"ee0f7533-ba8d-4e92-9952-add28261b912","taskType":"discover","data":{"id":"ee0f7533-ba8d-4e92-9952-add28261b912","type":"discover","ms":68,"heapUsedMb":375,"heapDeltaMb":1,"heapLimitMb":4144,"rssMb":169,"rssDeltaMb":0}}
{"t":"2026-10-01T16:19:07.227Z","level":"info","msg":"source scanned","data":{"company":"acme.example","type":"greenhouse","status":"failed","postings":0,"new":0,"closed":0,"followers":1,"deferredDescriptions":0,"reusedListing":false,"claimFetchedBytes":16,"claimRequests":1,"claimRevalidated":0,"heapUsedMb":377,"ms":11}}
{"t":"2026-10-01T16:19:07.239Z","level":"info","msg":"daily run started","data":{"runId":"c6f5754c-96ad-472c-a215-e5038b1d61f0","runDate":"2026-09-07","companies":1,"logosQueued":0,"retired":0}}
{"t":"2026-10-01T16:19:07.400Z","level":"info","msg":"task start","taskId":"e266579a-4e88-42d7-9c65-93e6e6c77d1a","taskType":"discover","data":{"id":"e266579a-4e88-42d7-9c65-93e6e6c77d1a","type":"discover","attempt":1,"workerId":"test","commit":null,"readyWaitMs":5,"heapUsedMb":368,"heapLimitMb":4144,"rssMb":170}}
{"t":"2026-10-01T16:19:07.576Z","level":"info","msg":"discovery finished","taskId":"e266579a-4e88-42d7-9c65-93e6e6c77d1a","taskType":"discover","data":{"company":"acme.example","outcome":"resolved","fetches":3,"best":"ats_link"}}
{"t":"2026-10-01T16:19:07.579Z","level":"info","msg":"task done","taskId":"e266579a-4e88-42d7-9c65-93e6e6c77d1a","taskType":"discover","data":{"id":"e266579a-4e88-42d7-9c65-93e6e6c77d1a","type":"discover","ms":179,"heapUsedMb":371,"heapDeltaMb":3,"heapLimitMb":4144,"rssMb":167,"rssDeltaMb":-3}}
{"t":"2026-10-01T16:19:07.581Z","level":"info","msg":"task start","taskId":"97542368-15cc-4613-a2fe-602d516eb5b1","taskType":"scan_company","data":{"id":"97542368-15cc-4613-a2fe-602d516eb5b1","type":"scan_company","attempt":1,"workerId":"test","commit":null,"readyWaitMs":20,"heapUsedMb":371,"heapLimitMb":4144,"rssMb":167}}
{"t":"2026-10-01T16:19:07.786Z","level":"info","msg":"source scanned","taskId":"97542368-15cc-4613-a2fe-602d516eb5b1","taskType":"scan_company","data":{"company":"Acme Robotics","type":"greenhouse","status":"ok","postings":2,"new":2,"closed":0,"followers":1,"deferredDescriptions":0,"reusedListing":false,"claimFetchedBytes":721,"claimRequests":3,"claimRevalidated":0,"heapUsedMb":373,"ms":195}}
{"t":"2026-10-01T16:19:07.810Z","level":"info","msg":"task done","taskId":"97542368-15cc-4613-a2fe-602d516eb5b1","taskType":"scan_company","data":{"id":"97542368-15cc-4613-a2fe-602d516eb5b1","type":"scan_company","ms":229,"heapUsedMb":373,"heapDeltaMb":2,"heapLimitMb":4144,"rssMb":163,"rssDeltaMb":-4}}
{"t":"2026-10-01T16:19:07.814Z","level":"info","msg":"task start","taskId":"8be1d95e-77f9-48a9-adfa-6fd60651b22c","taskType":"fetch_description","data":{"id":"8be1d95e-77f9-48a9-adfa-6fd60651b22c","type":"fetch_description","attempt":1,"workerId":"test","commit":null,"readyWaitMs":74,"heapUsedMb":373,"heapLimitMb":4144,"rssMb":163}}
{"t":"2026-10-01T16:19:07.857Z","level":"info","msg":"task done","taskId":"8be1d95e-77f9-48a9-adfa-6fd60651b22c","taskType":"fetch_description","data":{"id":"8be1d95e-77f9-48a9-adfa-6fd60651b22c","type":"fetch_description","ms":43,"heapUsedMb":374,"heapDeltaMb":1,"heapLimitMb":4144,"rssMb":161,"rssDeltaMb":-2}}
{"t":"2026-10-01T16:19:07.860Z","level":"info","msg":"task start","taskId":"3f889b7e-279d-486f-bbd5-0fb1d0c4744b","taskType":"discover","data":{"id":"3f889b7e-279d-486f-bbd5-0fb1d0c4744b","type":"discover","attempt":1,"workerId":"test","commit":null,"readyWaitMs":459,"heapUsedMb":374,"heapLimitMb":4144,"rssMb":161}}
{"t":"2026-10-01T16:19:07.924Z","level":"warn","msg":"logo re-encode failed; the original is kept","taskId":"3f889b7e-279d-486f-bbd5-0fb1d0c4744b","taskType":"discover","data":{"error":"Input buffer has corrupt header:","bytes":400}}
{"t":"2026-10-01T16:19:07.935Z","level":"info","msg":"logo captured","taskId":"3f889b7e-279d-486f-bbd5-0fb1d0c4744b","taskType":"discover","data":{"company":"Acme Robotics","source":"site_icon","sourceUrl":"https://www.acme.example/favicon.png","bytes":400,"contentType":"image/png"}}
{"t":"2026-10-01T16:19:07.938Z","level":"info","msg":"task done","taskId":"3f889b7e-279d-486f-bbd5-0fb1d0c4744b","taskType":"discover","data":{"id":"3f889b7e-279d-486f-bbd5-0fb1d0c4744b","type":"discover","ms":78,"heapUsedMb":375,"heapDeltaMb":1,"heapLimitMb":4144,"rssMb":160,"rssDeltaMb":-1}}
{"t":"2026-10-01T16:19:07.978Z","level":"info","msg":"task start","taskId":"35fc74ea-0fb3-49b1-a1f9-6643bf72a930","taskType":"scan_company","data":{"id":"35fc74ea-0fb3-49b1-a1f9-6643bf72a930","type":"scan_company","attempt":1,"workerId":"test","commit":null,"readyWaitMs":13,"heapUsedMb":375,"heapLimitMb":4144,"rssMb":194}}
{"t":"2026-10-01T16:19:09.988Z","level":"info","msg":"source scanned","taskId":"35fc74ea-0fb3-49b1-a1f9-6643bf72a930","taskType":"scan_company","data":{"company":"Acme Robotics","type":"greenhouse","status":"partial","postings":10000,"new":10000,"closed":0,"followers":1,"deferredDescriptions":0,"reusedListing":false,"claimFetchedBytes":2559055,"claimRequests":3,"claimRevalidated":0,"heapUsedMb":191,"ms":1968}}
{"t":"2026-10-01T16:19:10.006Z","level":"info","msg":"task done","taskId":"35fc74ea-0fb3-49b1-a1f9-6643bf72a930","taskType":"scan_company","data":{"id":"35fc74ea-0fb3-49b1-a1f9-6643bf72a930","type":"scan_company","ms":2028,"heapUsedMb":191,"heapDeltaMb":-184,"heapLimitMb":4144,"rssMb":302,"rssDeltaMb":108}}
{"t":"2026-10-01T16:19:10.008Z","level":"info","msg":"task start","taskId":"0f74c61e-0937-4071-8c92-e5adf6c328de","taskType":"scan_company","data":{"id":"0f74c61e-0937-4071-8c92-e5adf6c328de","type":"scan_company","attempt":1,"workerId":"test","commit":null,"readyWaitMs":2,"heapUsedMb":191,"heapLimitMb":4144,"rssMb":302}}
{"t":"2026-10-01T16:19:10.467Z","level":"info","msg":"source scanned","taskId":"0f74c61e-0937-4071-8c92-e5adf6c328de","taskType":"scan_company","data":{"company":"Acme Robotics","type":"greenhouse","status":"partial","postings":10000,"new":0,"closed":0,"followers":1,"deferredDescriptions":0,"reusedListing":false,"claimFetchedBytes":2559055,"claimRequests":3,"claimRevalidated":0,"heapUsedMb":232,"ms":456}}
{"t":"2026-10-01T16:19:10.488Z","level":"info","msg":"task done","taskId":"0f74c61e-0937-4071-8c92-e5adf6c328de","taskType":"scan_company","data":{"id":"0f74c61e-0937-4071-8c92-e5adf6c328de","type":"scan_company","ms":480,"heapUsedMb":232,"heapDeltaMb":41,"heapLimitMb":4144,"rssMb":339,"rssDeltaMb":37}}
{"t":"2026-10-01T16:19:10.747Z","level":"info","msg":"task start","taskId":"95b54ff8-46c6-4ca9-acf1-46090b42a30d","taskType":"discover","data":{"id":"95b54ff8-46c6-4ca9-acf1-46090b42a30d","type":"discover","attempt":1,"workerId":"test","commit":null,"readyWaitMs":8,"heapUsedMb":234,"heapLimitMb":4144,"rssMb":337}}
{"t":"2026-10-01T16:19:10.921Z","level":"info","msg":"discovery finished","taskId":"95b54ff8-46c6-4ca9-acf1-46090b42a30d","taskType":"discover","data":{"company":"acme.example","outcome":"resolved","fetches":3,"best":"ats_link"}}
{"t":"2026-10-01T16:19:10.923Z","level":"info","msg":"task done","taskId":"95b54ff8-46c6-4ca9-acf1-46090b42a30d","taskType":"discover","data":{"id":"95b54ff8-46c6-4ca9-acf1-46090b42a30d","type":"discover","ms":176,"heapUsedMb":237,"heapDeltaMb":3,"heapLimitMb":4144,"rssMb":337,"rssDeltaMb":0}}
{"t":"2026-10-01T16:19:10.925Z","level":"info","msg":"task start","taskId":"beab4f0a-54f4-458a-a39c-17e4bdef862a","taskType":"scan_company","data":{"id":"beab4f0a-54f4-458a-a39c-17e4bdef862a","type":"scan_company","attempt":1,"workerId":"test","commit":null,"readyWaitMs":13,"heapUsedMb":237,"heapLimitMb":4144,"rssMb":337}}
{"t":"2026-10-01T16:19:11.124Z","level":"info","msg":"source scanned","taskId":"beab4f0a-54f4-458a-a39c-17e4bdef862a","taskType":"scan_company","data":{"company":"Acme Robotics","type":"greenhouse","status":"ok","postings":7,"new":7,"closed":0,"followers":1,"deferredDescriptions":0,"reusedListing":false,"claimFetchedBytes":2047,"claimRequests":3,"claimRevalidated":0,"heapUsedMb":228,"ms":194}}
{"t":"2026-10-01T16:19:11.143Z","level":"info","msg":"task done","taskId":"beab4f0a-54f4-458a-a39c-17e4bdef862a","taskType":"scan_company","data":{"id":"beab4f0a-54f4-458a-a39c-17e4bdef862a","type":"scan_company","ms":218,"heapUsedMb":228,"heapDeltaMb":-9,"heapLimitMb":4144,"rssMb":338,"rssDeltaMb":1}}
{"t":"2026-10-01T16:19:11.149Z","level":"info","msg":"task start","taskId":"5b8d7b0a-8003-4975-873b-0d0493e97291","taskType":"discover","data":{"id":"5b8d7b0a-8003-4975-873b-0d0493e97291","type":"discover","attempt":1,"workerId":"test","commit":null,"readyWaitMs":401,"heapUsedMb":228,"heapLimitMb":4144,"rssMb":338}}
{"t":"2026-10-01T16:19:11.211Z","level":"warn","msg":"logo re-encode failed; the original is kept","taskId":"5b8d7b0a-8003-4975-873b-0d0493e97291","taskType":"discover","data":{"error":"Input buffer has corrupt header:","bytes":400}}
{"t":"2026-10-01T16:19:11.225Z","level":"info","msg":"logo captured","taskId":"5b8d7b0a-8003-4975-873b-0d0493e97291","taskType":"discover","data":{"company":"Acme Robotics","source":"site_icon","sourceUrl":"https://www.acme.example/favicon.png","bytes":400,"contentType":"image/png"}}
{"t":"2026-10-01T16:19:11.229Z","level":"info","msg":"task done","taskId":"5b8d7b0a-8003-4975-873b-0d0493e97291","taskType":"discover","data":{"id":"5b8d7b0a-8003-4975-873b-0d0493e97291","type":"discover","ms":80,"heapUsedMb":229,"heapDeltaMb":1,"heapLimitMb":4144,"rssMb":339,"rssDeltaMb":1}}
{"t":"2026-10-01T16:19:11.242Z","level":"info","msg":"task start","taskId":"2315f0b7-a0a8-4360-98a4-e8e6c4c51126","taskType":"suggest_from_scans","data":{"id":"2315f0b7-a0a8-4360-98a4-e8e6c4c51126","type":"suggest_from_scans","attempt":1,"workerId":"test","commit":null,"readyWaitMs":9,"heapUsedMb":230,"heapLimitMb":4144,"rssMb":339}}
{"t":"2026-10-01T16:19:11.265Z","level":"info","msg":"scan suggestions filed","taskId":"2315f0b7-a0a8-4360-98a4-e8e6c4c51126","taskType":"suggest_from_scans","data":{"userId":"bbccfa32-c364-4050-90b4-881e8d5632cd","titles":7,"unmatched":7,"inserted":2}}
{"t":"2026-10-01T16:19:11.269Z","level":"info","msg":"task done","taskId":"2315f0b7-a0a8-4360-98a4-e8e6c4c51126","taskType":"suggest_from_scans","data":{"id":"2315f0b7-a0a8-4360-98a4-e8e6c4c51126","type":"suggest_from_scans","ms":27,"heapUsedMb":230,"heapDeltaMb":0,"heapLimitMb":4144,"rssMb":339,"rssDeltaMb":0}}
{"t":"2026-10-01T16:19:11.274Z","level":"info","msg":"task start","taskId":"bbf2c6eb-e982-4f22-a905-cf2286a687f5","taskType":"suggest_from_scans","data":{"id":"bbf2c6eb-e982-4f22-a905-cf2286a687f5","type":"suggest_from_scans","attempt":1,"workerId":"test","commit":null,"readyWaitMs":4,"heapUsedMb":231,"heapLimitMb":4144,"rssMb":339}}
{"t":"2026-10-01T16:19:11.277Z","level":"info","msg":"scan suggestions filed","taskId":"bbf2c6eb-e982-4f22-a905-cf2286a687f5","taskType":"suggest_from_scans","data":{"userId":"bbccfa32-c364-4050-90b4-881e8d5632cd","titles":7,"unmatched":7,"inserted":0}}
{"t":"2026-10-01T16:19:11.278Z","level":"info","msg":"task done","taskId":"bbf2c6eb-e982-4f22-a905-cf2286a687f5","taskType":"suggest_from_scans","data":{"id":"bbf2c6eb-e982-4f22-a905-cf2286a687f5","type":"suggest_from_scans","ms":4,"heapUsedMb":231,"heapDeltaMb":0,"heapLimitMb":4144,"rssMb":339,"rssDeltaMb":0}}
{"t":"2026-10-01T16:19:11.501Z","level":"info","msg":"source scanned","data":{"company":"Acme","type":"html","status":"ok","postings":2,"new":2,"closed":0,"followers":0,"deferredDescriptions":0,"reusedListing":false,"claimFetchedBytes":162,"claimRequests":2,"claimRevalidated":0,"heapUsedMb":234,"ms":12}}
{"t":"2026-10-01T16:19:11.553Z","level":"info","msg":"source scanned","data":{"company":"Acme","type":"html","status":"ok","postings":3,"new":1,"closed":0,"followers":0,"deferredDescriptions":0,"reusedListing":false,"claimFetchedBytes":206,"claimRequests":2,"claimRevalidated":0,"heapUsedMb":237,"ms":48}}
{"t":"2026-10-01T16:19:11.601Z","level":"info","msg":"source scanned","data":{"company":"Acme","type":"html","status":"partial","postings":2,"new":0,"closed":0,"followers":0,"deferredDescriptions":0,"reusedListing":false,"claimFetchedBytes":167,"claimRequests":2,"claimRevalidated":0,"heapUsedMb":228,"ms":45}}
{"t":"2026-10-01T16:19:11.649Z","level":"info","msg":"source scanned","data":{"company":"Acme","type":"html","status":"partial","postings":2,"new":0,"closed":0,"followers":0,"deferredDescriptions":0,"reusedListing":false,"claimFetchedBytes":167,"claimRequests":2,"claimRevalidated":0,"heapUsedMb":230,"ms":46}}
{"t":"2026-10-01T16:19:11.903Z","level":"info","msg":"source scanned","data":{"company":"Acme","type":"html","status":"partial","postings":1,"new":1,"closed":0,"followers":0,"deferredDescriptions":0,"reusedListing":false,"claimFetchedBytes":149,"claimRequests":2,"claimRevalidated":0,"heapUsedMb":233,"ms":10}}
{"t":"2026-10-01T16:19:11.955Z","level":"info","msg":"source scanned","data":{"company":"Acme","type":"html","status":"partial","postings":1,"new":0,"closed":0,"followers":0,"deferredDescriptions":0,"reusedListing":false,"claimFetchedBytes":149,"claimRequests":2,"claimRevalidated":0,"heapUsedMb":235,"ms":48}}
{"t":"2026-10-01T16:19:12.002Z","level":"info","msg":"source scanned","data":{"company":"Acme","type":"html","status":"partial","postings":1,"new":0,"closed":0,"followers":0,"deferredDescriptions":0,"reusedListing":false,"claimFetchedBytes":94,"claimRequests":1,"claimRevalidated":0,"heapUsedMb":237,"ms":45}}
{"t":"2026-10-01T16:19:12.052Z","level":"info","msg":"source scanned","data":{"company":"Acme","type":"html","status":"partial","postings":1,"new":0,"closed":0,"followers":0,"deferredDescriptions":0,"reusedListing":false,"claimFetchedBytes":94,"claimRequests":1,"claimRevalidated":0,"heapUsedMb":239,"ms":47}}
{"t":"2026-10-01T16:19:12.229Z","level":"info","msg":"task start","taskId":"627c20c4-9019-4dc6-86f7-eacfb5ae4c26","taskType":"discover","data":{"id":"627c20c4-9019-4dc6-86f7-eacfb5ae4c26","type":"discover","attempt":1,"workerId":"test","commit":null,"readyWaitMs":5,"heapUsedMb":240,"heapLimitMb":4144,"rssMb":335}}
{"t":"2026-10-01T16:19:12.396Z","level":"info","msg":"discovery finished","taskId":"627c20c4-9019-4dc6-86f7-eacfb5ae4c26","taskType":"discover","data":{"company":"acme.example","outcome":"resolved","fetches":3,"best":"ats_link"}}
{"t":"2026-10-01T16:19:12.397Z","level":"info","msg":"task done","taskId":"627c20c4-9019-4dc6-86f7-eacfb5ae4c26","taskType":"discover","data":{"id":"627c20c4-9019-4dc6-86f7-eacfb5ae4c26","type":"discover","ms":168,"heapUsedMb":232,"heapDeltaMb":-8,"heapLimitMb":4144,"rssMb":272,"rssDeltaMb":-63}}
{"t":"2026-10-01T16:19:12.399Z","level":"info","msg":"task start","taskId":"da5da89a-82c4-4c97-aec1-98c74fe1eb32","taskType":"scan_company","data":{"id":"da5da89a-82c4-4c97-aec1-98c74fe1eb32","type":"scan_company","attempt":1,"workerId":"test","commit":null,"readyWaitMs":11,"heapUsedMb":232,"heapLimitMb":4144,"rssMb":272}}
{"t":"2026-10-01T16:19:12.588Z","level":"info","msg":"source scanned","taskId":"da5da89a-82c4-4c97-aec1-98c74fe1eb32","taskType":"scan_company","data":{"company":"Acme Robotics","type":"greenhouse","status":"ok","postings":5,"new":5,"closed":0,"followers":1,"deferredDescriptions":0,"reusedListing":false,"claimFetchedBytes":1452,"claimRequests":3,"claimRevalidated":0,"heapUsedMb":235,"ms":185}}
{"t":"2026-10-01T16:19:12.598Z","level":"info","msg":"task done","taskId":"da5da89a-82c4-4c97-aec1-98c74fe1eb32","taskType":"scan_company","data":{"id":"da5da89a-82c4-4c97-aec1-98c74fe1eb32","type":"scan_company","ms":199,"heapUsedMb":235,"heapDeltaMb":3,"heapLimitMb":4144,"rssMb":261,"rssDeltaMb":-11}}
{"t":"2026-10-01T16:19:12.602Z","level":"info","msg":"task start","taskId":"3b5f123c-3caf-468d-9263-53dc9fde5d11","taskType":"fetch_description","data":{"id":"3b5f123c-3caf-468d-9263-53dc9fde5d11","type":"fetch_description","attempt":1,"workerId":"test","commit":null,"readyWaitMs":43,"heapUsedMb":235,"heapLimitMb":4144,"rssMb":261}}
{"t":"2026-10-01T16:19:12.640Z","level":"info","msg":"task done","taskId":"3b5f123c-3caf-468d-9263-53dc9fde5d11","taskType":"fetch_description","data":{"id":"3b5f123c-3caf-468d-9263-53dc9fde5d11","type":"fetch_description","ms":38,"heapUsedMb":236,"heapDeltaMb":1,"heapLimitMb":4144,"rssMb":256,"rssDeltaMb":-5}}
{"t":"2026-10-01T16:19:12.647Z","level":"info","msg":"task start","taskId":"738d45ce-dec2-4c6b-9789-abf241da986b","taskType":"fetch_description","data":{"id":"738d45ce-dec2-4c6b-9789-abf241da986b","type":"fetch_description","attempt":1,"workerId":"test","commit":null,"readyWaitMs":88,"heapUsedMb":236,"heapLimitMb":4144,"rssMb":256}}
{"t":"2026-10-01T16:19:12.682Z","level":"info","msg":"task done","taskId":"738d45ce-dec2-4c6b-9789-abf241da986b","taskType":"fetch_description","data":{"id":"738d45ce-dec2-4c6b-9789-abf241da986b","type":"fetch_description","ms":36,"heapUsedMb":237,"heapDeltaMb":1,"heapLimitMb":4144,"rssMb":256,"rssDeltaMb":0}}
{"t":"2026-10-01T16:19:12.683Z","level":"info","msg":"task start","taskId":"1c75d1b7-db2f-4aec-9e05-3c0e82f4043f","taskType":"fetch_description","data":{"id":"1c75d1b7-db2f-4aec-9e05-3c0e82f4043f","type":"fetch_description","attempt":1,"workerId":"test","commit":null,"readyWaitMs":124,"heapUsedMb":238,"heapLimitMb":4144,"rssMb":256}}
{"t":"2026-10-01T16:19:12.721Z","level":"info","msg":"task done","taskId":"1c75d1b7-db2f-4aec-9e05-3c0e82f4043f","taskType":"fetch_description","data":{"id":"1c75d1b7-db2f-4aec-9e05-3c0e82f4043f","type":"fetch_description","ms":38,"heapUsedMb":239,"heapDeltaMb":1,"heapLimitMb":4144,"rssMb":255,"rssDeltaMb":-1}}
{"t":"2026-10-01T16:19:12.723Z","level":"info","msg":"task start","taskId":"79391619-5939-4bff-b227-5c7eeca591a9","taskType":"fetch_description","data":{"id":"79391619-5939-4bff-b227-5c7eeca591a9","type":"fetch_description","attempt":1,"workerId":"test","commit":null,"readyWaitMs":164,"heapUsedMb":239,"heapLimitMb":4144,"rssMb":255}}
{"t":"2026-10-01T16:19:12.772Z","level":"info","msg":"task done","taskId":"79391619-5939-4bff-b227-5c7eeca591a9","taskType":"fetch_description","data":{"id":"79391619-5939-4bff-b227-5c7eeca591a9","type":"fetch_description","ms":49,"heapUsedMb":240,"heapDeltaMb":1,"heapLimitMb":4144,"rssMb":255,"rssDeltaMb":0}}
{"t":"2026-10-01T16:19:12.773Z","level":"info","msg":"task start","taskId":"8522089a-85c3-42e0-b055-1b8023c5e626","taskType":"discover","data":{"id":"8522089a-85c3-42e0-b055-1b8023c5e626","type":"discover","attempt":1,"workerId":"test","commit":null,"readyWaitMs":543,"heapUsedMb":240,"heapLimitMb":4144,"rssMb":255}}
{"t":"2026-10-01T16:19:12.826Z","level":"warn","msg":"logo re-encode failed; the original is kept","taskId":"8522089a-85c3-42e0-b055-1b8023c5e626","taskType":"discover","data":{"error":"Input buffer has corrupt header:","bytes":400}}
{"t":"2026-10-01T16:19:12.831Z","level":"info","msg":"logo captured","taskId":"8522089a-85c3-42e0-b055-1b8023c5e626","taskType":"discover","data":{"company":"Acme Robotics","source":"site_icon","sourceUrl":"https://www.acme.example/favicon.png","bytes":400,"contentType":"image/png"}}
{"t":"2026-10-01T16:19:12.833Z","level":"info","msg":"task done","taskId":"8522089a-85c3-42e0-b055-1b8023c5e626","taskType":"discover","data":{"id":"8522089a-85c3-42e0-b055-1b8023c5e626","type":"discover","ms":60,"heapUsedMb":241,"heapDeltaMb":1,"heapLimitMb":4144,"rssMb":249,"rssDeltaMb":-6}}
{"t":"2026-10-01T16:19:13.679Z","level":"info","msg":"task start","taskId":"b1401d9f-ecd9-4383-a267-9aa25b28bdf9","taskType":"discover","data":{"id":"b1401d9f-ecd9-4383-a267-9aa25b28bdf9","type":"discover","attempt":1,"workerId":"test","commit":null,"readyWaitMs":8,"heapUsedMb":236,"heapLimitMb":4144,"rssMb":241}}
{"t":"2026-10-01T16:19:13.852Z","level":"info","msg":"discovery finished","taskId":"b1401d9f-ecd9-4383-a267-9aa25b28bdf9","taskType":"discover","data":{"company":"acme.example","outcome":"resolved","fetches":3,"best":"ats_link"}}
{"t":"2026-10-01T16:19:13.855Z","level":"info","msg":"task done","taskId":"b1401d9f-ecd9-4383-a267-9aa25b28bdf9","taskType":"discover","data":{"id":"b1401d9f-ecd9-4383-a267-9aa25b28bdf9","type":"discover","ms":176,"heapUsedMb":239,"heapDeltaMb":3,"heapLimitMb":4144,"rssMb":242,"rssDeltaMb":1}}
{"t":"2026-10-01T16:19:13.857Z","level":"info","msg":"task start","taskId":"6826a4f7-b5d5-40f9-bce7-4c04a58323e2","taskType":"scan_company","data":{"id":"6826a4f7-b5d5-40f9-bce7-4c04a58323e2","type":"scan_company","attempt":1,"workerId":"test","commit":null,"readyWaitMs":16,"heapUsedMb":239,"heapLimitMb":4144,"rssMb":242}}
{"t":"2026-10-01T16:19:14.043Z","level":"info","msg":"source scanned","taskId":"6826a4f7-b5d5-40f9-bce7-4c04a58323e2","taskType":"scan_company","data":{"company":"Acme Robotics","type":"greenhouse","status":"ok","postings":5,"new":5,"closed":0,"followers":2,"deferredDescriptions":0,"reusedListing":false,"claimFetchedBytes":1452,"claimRequests":3,"claimRevalidated":0,"heapUsedMb":242,"ms":180}}
{"t":"2026-10-01T16:19:14.051Z","level":"info","msg":"task done","taskId":"6826a4f7-b5d5-40f9-bce7-4c04a58323e2","taskType":"scan_company","data":{"id":"6826a4f7-b5d5-40f9-bce7-4c04a58323e2","type":"scan_company","ms":194,"heapUsedMb":242,"heapDeltaMb":3,"heapLimitMb":4144,"rssMb":241,"rssDeltaMb":-1}}
{"t":"2026-10-01T16:19:14.052Z","level":"info","msg":"task start","taskId":"d0ef3e09-8fec-41b7-8bfc-e3927109131c","taskType":"fetch_description","data":{"id":"d0ef3e09-8fec-41b7-8bfc-e3927109131c","type":"fetch_description","attempt":1,"workerId":"test","commit":null,"readyWaitMs":48,"heapUsedMb":242,"heapLimitMb":4144,"rssMb":241}}
{"t":"2026-10-01T16:19:14.062Z","level":"info","msg":"task done","taskId":"d0ef3e09-8fec-41b7-8bfc-e3927109131c","taskType":"fetch_description","data":{"id":"d0ef3e09-8fec-41b7-8bfc-e3927109131c","type":"fetch_description","ms":10,"heapUsedMb":233,"heapDeltaMb":-9,"heapLimitMb":4144,"rssMb":243,"rssDeltaMb":2}}
{"t":"2026-10-01T16:19:14.063Z","level":"info","msg":"task start","taskId":"41c037aa-0931-499a-8e60-f0763a5cc738","taskType":"fetch_description","data":{"id":"41c037aa-0931-499a-8e60-f0763a5cc738","type":"fetch_description","attempt":1,"workerId":"test","commit":null,"readyWaitMs":59,"heapUsedMb":233,"heapLimitMb":4144,"rssMb":243}}
{"t":"2026-10-01T16:19:14.118Z","level":"info","msg":"task done","taskId":"41c037aa-0931-499a-8e60-f0763a5cc738","taskType":"fetch_description","data":{"id":"41c037aa-0931-499a-8e60-f0763a5cc738","type":"fetch_description","ms":55,"heapUsedMb":235,"heapDeltaMb":2,"heapLimitMb":4144,"rssMb":243,"rssDeltaMb":0}}
{"t":"2026-10-01T16:19:14.119Z","level":"info","msg":"task start","taskId":"d831748b-7e36-4c23-8d2d-67c8618b69cb","taskType":"fetch_description","data":{"id":"d831748b-7e36-4c23-8d2d-67c8618b69cb","type":"fetch_description","attempt":1,"workerId":"test","commit":null,"readyWaitMs":115,"heapUsedMb":235,"heapLimitMb":4144,"rssMb":243}}
{"t":"2026-10-01T16:19:14.164Z","level":"info","msg":"task done","taskId":"d831748b-7e36-4c23-8d2d-67c8618b69cb","taskType":"fetch_description","data":{"id":"d831748b-7e36-4c23-8d2d-67c8618b69cb","type":"fetch_description","ms":45,"heapUsedMb":236,"heapDeltaMb":1,"heapLimitMb":4144,"rssMb":243,"rssDeltaMb":0}}
{"t":"2026-10-01T16:19:14.165Z","level":"info","msg":"task start","taskId":"8ef5ff4e-2678-4d9d-8ddd-7c366bfe4572","taskType":"discover","data":{"id":"8ef5ff4e-2678-4d9d-8ddd-7c366bfe4572","type":"discover","attempt":1,"workerId":"test","commit":null,"readyWaitMs":486,"heapUsedMb":236,"heapLimitMb":4144,"rssMb":243}}
{"t":"2026-10-01T16:19:14.219Z","level":"warn","msg":"logo re-encode failed; the original is kept","taskId":"8ef5ff4e-2678-4d9d-8ddd-7c366bfe4572","taskType":"discover","data":{"error":"Input buffer has corrupt header:","bytes":400}}
{"t":"2026-10-01T16:19:14.229Z","level":"info","msg":"logo captured","taskId":"8ef5ff4e-2678-4d9d-8ddd-7c366bfe4572","taskType":"discover","data":{"company":"Acme Robotics","source":"site_icon","sourceUrl":"https://www.acme.example/favicon.png","bytes":400,"contentType":"image/png"}}
{"t":"2026-10-01T16:19:14.232Z","level":"info","msg":"task done","taskId":"8ef5ff4e-2678-4d9d-8ddd-7c366bfe4572","taskType":"discover","data":{"id":"8ef5ff4e-2678-4d9d-8ddd-7c366bfe4572","type":"discover","ms":67,"heapUsedMb":237,"heapDeltaMb":1,"heapLimitMb":4144,"rssMb":242,"rssDeltaMb":-1}}
{"t":"2026-10-01T16:19:14.240Z","level":"info","msg":"task start","taskId":"55af0bef-8ad7-406b-b8fd-a512fbab31c3","taskType":"run_daily","data":{"id":"55af0bef-8ad7-406b-b8fd-a512fbab31c3","type":"run_daily","attempt":1,"workerId":"test","commit":null,"readyWaitMs":4,"heapUsedMb":238,"heapLimitMb":4144,"rssMb":242}}
{"t":"2026-10-01T16:19:14.246Z","level":"info","msg":"daily run started","taskId":"55af0bef-8ad7-406b-b8fd-a512fbab31c3","taskType":"run_daily","data":{"runId":"a25c83d1-afc3-4eb4-82be-efa97c8f590c","runDate":"2026-09-05","companies":1,"logosQueued":0,"retired":0}}
{"t":"2026-10-01T16:19:14.249Z","level":"info","msg":"task done","taskId":"55af0bef-8ad7-406b-b8fd-a512fbab31c3","taskType":"run_daily","data":{"id":"55af0bef-8ad7-406b-b8fd-a512fbab31c3","type":"run_daily","ms":9,"heapUsedMb":238,"heapDeltaMb":0,"heapLimitMb":4144,"rssMb":243,"rssDeltaMb":1}}
{"t":"2026-10-01T16:19:14.250Z","level":"info","msg":"task start","taskId":"3bc3ea80-7357-43d0-88ef-63e1a30e0948","taskType":"scan_company","data":{"id":"3bc3ea80-7357-43d0-88ef-63e1a30e0948","type":"scan_company","attempt":1,"workerId":"test","commit":null,"readyWaitMs":11,"heapUsedMb":238,"heapLimitMb":4144,"rssMb":243}}
{"t":"2026-10-01T16:19:14.369Z","level":"info","msg":"source scanned","taskId":"3bc3ea80-7357-43d0-88ef-63e1a30e0948","taskType":"scan_company","data":{"company":"Acme Robotics","type":"greenhouse","status":"ok","postings":5,"new":0,"closed":0,"followers":2,"deferredDescriptions":0,"reusedListing":false,"claimFetchedBytes":1452,"claimRequests":3,"claimRevalidated":0,"heapUsedMb":240,"ms":117}}
{"t":"2026-10-01T16:19:14.377Z","level":"info","msg":"scan run finalised","taskId":"3bc3ea80-7357-43d0-88ef-63e1a30e0948","taskType":"scan_company","data":{"runId":"a25c83d1-afc3-4eb4-82be-efa97c8f590c","ok":1,"failed":0,"newRoles":0}}
{"t":"2026-10-01T16:19:14.378Z","level":"info","msg":"task done","taskId":"3bc3ea80-7357-43d0-88ef-63e1a30e0948","taskType":"scan_company","data":{"id":"3bc3ea80-7357-43d0-88ef-63e1a30e0948","type":"scan_company","ms":128,"heapUsedMb":241,"heapDeltaMb":3,"heapLimitMb":4144,"rssMb":243,"rssDeltaMb":0}}
{"t":"2026-10-01T16:19:14.380Z","level":"info","msg":"task start","taskId":"f1c544b9-e44d-43fd-a37e-4a9de5f96659","taskType":"suggest_from_scans","data":{"id":"f1c544b9-e44d-43fd-a37e-4a9de5f96659","type":"suggest_from_scans","attempt":1,"workerId":"test","commit":null,"readyWaitMs":8,"heapUsedMb":241,"heapLimitMb":4144,"rssMb":243}}
{"t":"2026-10-01T16:19:14.383Z","level":"info","msg":"scan suggestions filed","taskId":"f1c544b9-e44d-43fd-a37e-4a9de5f96659","taskType":"suggest_from_scans","data":{"userId":"36630c99-de05-41ae-989f-60b2fae87f96","titles":5,"unmatched":1,"inserted":0}}
{"t":"2026-10-01T16:19:14.384Z","level":"info","msg":"task done","taskId":"f1c544b9-e44d-43fd-a37e-4a9de5f96659","taskType":"suggest_from_scans","data":{"id":"f1c544b9-e44d-43fd-a37e-4a9de5f96659","type":"suggest_from_scans","ms":5,"heapUsedMb":242,"heapDeltaMb":1,"heapLimitMb":4144,"rssMb":243,"rssDeltaMb":0}}
{"t":"2026-10-01T16:19:14.385Z","level":"info","msg":"task start","taskId":"2ac6aabf-10b7-4db4-bbf9-55ae16cc47ea","taskType":"suggest_from_scans","data":{"id":"2ac6aabf-10b7-4db4-bbf9-55ae16cc47ea","type":"suggest_from_scans","attempt":1,"workerId":"test","commit":null,"readyWaitMs":13,"heapUsedMb":242,"heapLimitMb":4144,"rssMb":243}}
{"t":"2026-10-01T16:19:14.390Z","level":"info","msg":"scan suggestions filed","taskId":"2ac6aabf-10b7-4db4-bbf9-55ae16cc47ea","taskType":"suggest_from_scans","data":{"userId":"a6eceffe-0bf5-4ec4-9bca-32ef17c1ebb6","titles":5,"unmatched":4,"inserted":1}}
{"t":"2026-10-01T16:19:14.390Z","level":"info","msg":"task done","taskId":"2ac6aabf-10b7-4db4-bbf9-55ae16cc47ea","taskType":"suggest_from_scans","data":{"id":"2ac6aabf-10b7-4db4-bbf9-55ae16cc47ea","type":"suggest_from_scans","ms":5,"heapUsedMb":242,"heapDeltaMb":0,"heapLimitMb":4144,"rssMb":243,"rssDeltaMb":0}}
{"t":"2026-10-01T16:19:14.394Z","level":"info","msg":"task start","taskId":"13b11de5-e380-4ab0-9351-d4f5985a82d9","taskType":"scan_company","data":{"id":"13b11de5-e380-4ab0-9351-d4f5985a82d9","type":"scan_company","attempt":1,"workerId":"test","commit":null,"readyWaitMs":3,"heapUsedMb":243,"heapLimitMb":4144,"rssMb":243}}
{"t":"2026-10-01T16:19:14.399Z","level":"info","msg":"task done","taskId":"13b11de5-e380-4ab0-9351-d4f5985a82d9","taskType":"scan_company","data":{"id":"13b11de5-e380-4ab0-9351-d4f5985a82d9","type":"scan_company","ms":5,"heapUsedMb":243,"heapDeltaMb":0,"heapLimitMb":4144,"rssMb":243,"rssDeltaMb":0}}
{"t":"2026-10-01T16:19:14.716Z","level":"info","msg":"task start","taskId":"3addb200-62c0-4d50-8460-f2ddd3def293","taskType":"discover","data":{"id":"3addb200-62c0-4d50-8460-f2ddd3def293","type":"discover","attempt":1,"workerId":"test","commit":null,"readyWaitMs":76,"heapUsedMb":235,"heapLimitMb":4144,"rssMb":209}}
{"t":"2026-10-01T16:19:15.012Z","level":"info","msg":"discovery finished","taskId":"3addb200-62c0-4d50-8460-f2ddd3def293","taskType":"discover","data":{"company":"acme.example","outcome":"resolved","fetches":3,"best":"ats_link"}}
{"t":"2026-10-01T16:19:15.019Z","level":"info","msg":"task done","taskId":"3addb200-62c0-4d50-8460-f2ddd3def293","taskType":"discover","data":{"id":"3addb200-62c0-4d50-8460-f2ddd3def293","type":"discover","ms":303,"heapUsedMb":238,"heapDeltaMb":3,"heapLimitMb":4144,"rssMb":169,"rssDeltaMb":-40}}
{"t":"2026-10-01T16:19:15.024Z","level":"info","msg":"task start","taskId":"93e3685d-ee99-4431-9967-5fd66e9ca10a","taskType":"scan_company","data":{"id":"93e3685d-ee99-4431-9967-5fd66e9ca10a","type":"scan_company","attempt":1,"workerId":"test","commit":null,"readyWaitMs":49,"heapUsedMb":238,"heapLimitMb":4144,"rssMb":169}}
{"t":"2026-10-01T16:19:15.162Z","level":"info","msg":"source scanned","taskId":"93e3685d-ee99-4431-9967-5fd66e9ca10a","taskType":"scan_company","data":{"company":"Acme Robotics","type":"greenhouse","status":"ok","postings":5,"new":5,"closed":0,"followers":1,"deferredDescriptions":0,"reusedListing":false,"claimFetchedBytes":1452,"claimRequests":3,"claimRevalidated":0,"heapUsedMb":240,"ms":127}}
{"t":"2026-10-01T16:19:15.169Z","level":"info","msg":"task done","taskId":"93e3685d-ee99-4431-9967-5fd66e9ca10a","taskType":"scan_company","data":{"id":"93e3685d-ee99-4431-9967-5fd66e9ca10a","type":"scan_company","ms":145,"heapUsedMb":241,"heapDeltaMb":3,"heapLimitMb":4144,"rssMb":163,"rssDeltaMb":-6}}
{"t":"2026-10-01T16:19:15.171Z","level":"info","msg":"task start","taskId":"097fc7c8-9ba8-4590-a544-527f6a724601","taskType":"fetch_description","data":{"id":"097fc7c8-9ba8-4590-a544-527f6a724601","type":"fetch_description","attempt":1,"workerId":"test","commit":null,"readyWaitMs":23,"heapUsedMb":241,"heapLimitMb":4144,"rssMb":164}}
{"t":"2026-10-01T16:19:15.196Z","level":"info","msg":"task done","taskId":"097fc7c8-9ba8-4590-a544-527f6a724601","taskType":"fetch_description","data":{"id":"097fc7c8-9ba8-4590-a544-527f6a724601","type":"fetch_description","ms":25,"heapUsedMb":242,"heapDeltaMb":1,"heapLimitMb":4144,"rssMb":165,"rssDeltaMb":1}}
{"t":"2026-10-01T16:19:15.197Z","level":"info","msg":"task start","taskId":"69790fa4-d521-4947-b11c-dd62db6792c2","taskType":"fetch_description","data":{"id":"69790fa4-d521-4947-b11c-dd62db6792c2","type":"fetch_description","attempt":1,"workerId":"test","commit":null,"readyWaitMs":49,"heapUsedMb":242,"heapLimitMb":4144,"rssMb":165}}
{"t":"2026-10-01T16:19:15.253Z","level":"info","msg":"task done","taskId":"69790fa4-d521-4947-b11c-dd62db6792c2","taskType":"fetch_description","data":{"id":"69790fa4-d521-4947-b11c-dd62db6792c2","type":"fetch_description","ms":56,"heapUsedMb":243,"heapDeltaMb":1,"heapLimitMb":4144,"rssMb":159,"rssDeltaMb":-6}}
{"t":"2026-10-01T16:19:15.256Z","level":"info","msg":"task start","taskId":"01c4e81e-9159-44fc-82b9-0f970edfd6f8","taskType":"fetch_description","data":{"id":"01c4e81e-9159-44fc-82b9-0f970edfd6f8","type":"fetch_description","attempt":1,"workerId":"test","commit":null,"readyWaitMs":108,"heapUsedMb":243,"heapLimitMb":4144,"rssMb":159}}
{"t":"2026-10-01T16:19:15.299Z","level":"info","msg":"task done","taskId":"01c4e81e-9159-44fc-82b9-0f970edfd6f8","taskType":"fetch_description","data":{"id":"01c4e81e-9159-44fc-82b9-0f970edfd6f8","type":"fetch_description","ms":43,"heapUsedMb":244,"heapDeltaMb":1,"heapLimitMb":4144,"rssMb":155,"rssDeltaMb":-4}}
{"t":"2026-10-01T16:19:15.300Z","level":"info","msg":"task start","taskId":"5282ac1d-4a36-4a8c-971a-1a302529ec04","taskType":"fetch_description","data":{"id":"5282ac1d-4a36-4a8c-971a-1a302529ec04","type":"fetch_description","attempt":1,"workerId":"test","commit":null,"readyWaitMs":152,"heapUsedMb":244,"heapLimitMb":4144,"rssMb":155}}
{"t":"2026-10-01T16:19:15.346Z","level":"info","msg":"task done","taskId":"5282ac1d-4a36-4a8c-971a-1a302529ec04","taskType":"fetch_description","data":{"id":"5282ac1d-4a36-4a8c-971a-1a302529ec04","type":"fetch_description","ms":46,"heapUsedMb":245,"heapDeltaMb":1,"heapLimitMb":4144,"rssMb":156,"rssDeltaMb":1}}
{"t":"2026-10-01T16:19:15.347Z","level":"info","msg":"task start","taskId":"4d6d1bd9-2ac4-4c1d-9df7-eada5f12c087","taskType":"discover","data":{"id":"4d6d1bd9-2ac4-4c1d-9df7-eada5f12c087","type":"discover","attempt":1,"workerId":"test","commit":null,"readyWaitMs":611,"heapUsedMb":246,"heapLimitMb":4144,"rssMb":156}}
{"t":"2026-10-01T16:19:15.405Z","level":"warn","msg":"logo re-encode failed; the original is kept","taskId":"4d6d1bd9-2ac4-4c1d-9df7-eada5f12c087","taskType":"discover","data":{"error":"Input buffer has corrupt header:","bytes":400}}
{"t":"2026-10-01T16:19:15.409Z","level":"info","msg":"logo captured","taskId":"4d6d1bd9-2ac4-4c1d-9df7-eada5f12c087","taskType":"discover","data":{"company":"Acme Robotics","source":"site_icon","sourceUrl":"https://www.acme.example/favicon.png","bytes":400,"contentType":"image/png"}}
{"t":"2026-10-01T16:19:15.411Z","level":"info","msg":"task done","taskId":"4d6d1bd9-2ac4-4c1d-9df7-eada5f12c087","taskType":"discover","data":{"id":"4d6d1bd9-2ac4-4c1d-9df7-eada5f12c087","type":"discover","ms":64,"heapUsedMb":246,"heapDeltaMb":0,"heapLimitMb":4144,"rssMb":143,"rssDeltaMb":-13}}
{"t":"2026-10-01T16:19:15.690Z","level":"info","msg":"task start","taskId":"29ab7061-3b51-4961-9fc3-ae64f1d52379","taskType":"discover","data":{"id":"29ab7061-3b51-4961-9fc3-ae64f1d52379","type":"discover","attempt":1,"workerId":"test","commit":null,"readyWaitMs":10,"heapUsedMb":239,"heapLimitMb":4144,"rssMb":153}}
{"t":"2026-10-01T16:19:15.857Z","level":"info","msg":"discovery finished","taskId":"29ab7061-3b51-4961-9fc3-ae64f1d52379","taskType":"discover","data":{"company":"acme.example","outcome":"resolved","fetches":3,"best":"ats_link"}}
{"t":"2026-10-01T16:19:15.859Z","level":"info","msg":"task done","taskId":"29ab7061-3b51-4961-9fc3-ae64f1d52379","taskType":"discover","data":{"id":"29ab7061-3b51-4961-9fc3-ae64f1d52379","type":"discover","ms":169,"heapUsedMb":242,"heapDeltaMb":3,"heapLimitMb":4144,"rssMb":153,"rssDeltaMb":0}}
{"t":"2026-10-01T16:19:15.861Z","level":"info","msg":"task start","taskId":"b89ed0bb-d140-4494-9d1d-1698e765ecf7","taskType":"scan_company","data":{"id":"b89ed0bb-d140-4494-9d1d-1698e765ecf7","type":"scan_company","attempt":1,"workerId":"test","commit":null,"readyWaitMs":11,"heapUsedMb":242,"heapLimitMb":4144,"rssMb":153}}
{"t":"2026-10-01T16:19:16.029Z","level":"info","msg":"source scanned","taskId":"b89ed0bb-d140-4494-9d1d-1698e765ecf7","taskType":"scan_company","data":{"company":"Acme Robotics","type":"greenhouse","status":"ok","postings":5,"new":5,"closed":0,"followers":2,"deferredDescriptions":0,"reusedListing":false,"claimFetchedBytes":1452,"claimRequests":3,"claimRevalidated":0,"heapUsedMb":245,"ms":165}}
{"t":"2026-10-01T16:19:16.035Z","level":"info","msg":"task done","taskId":"b89ed0bb-d140-4494-9d1d-1698e765ecf7","taskType":"scan_company","data":{"id":"b89ed0bb-d140-4494-9d1d-1698e765ecf7","type":"scan_company","ms":174,"heapUsedMb":245,"heapDeltaMb":3,"heapLimitMb":4144,"rssMb":153,"rssDeltaMb":0}}
{"t":"2026-10-01T16:19:16.036Z","level":"info","msg":"task start","taskId":"d090726c-4663-449e-8bb5-a2bdef6421e3","taskType":"fetch_description","data":{"id":"d090726c-4663-449e-8bb5-a2bdef6421e3","type":"fetch_description","attempt":1,"workerId":"test","commit":null,"readyWaitMs":25,"heapUsedMb":245,"heapLimitMb":4144,"rssMb":153}}
{"t":"2026-10-01T16:19:16.060Z","level":"info","msg":"task done","taskId":"d090726c-4663-449e-8bb5-a2bdef6421e3","taskType":"fetch_description","data":{"id":"d090726c-4663-449e-8bb5-a2bdef6421e3","type":"fetch_description","ms":24,"heapUsedMb":246,"heapDeltaMb":1,"heapLimitMb":4144,"rssMb":153,"rssDeltaMb":0}}
{"t":"2026-10-01T16:19:16.061Z","level":"info","msg":"task start","taskId":"f78b4e65-9d50-4f41-a3dd-d69570fbe05b","taskType":"fetch_description","data":{"id":"f78b4e65-9d50-4f41-a3dd-d69570fbe05b","type":"fetch_description","attempt":1,"workerId":"test","commit":null,"readyWaitMs":50,"heapUsedMb":246,"heapLimitMb":4144,"rssMb":153}}
{"t":"2026-10-01T16:19:16.127Z","level":"info","msg":"task done","taskId":"f78b4e65-9d50-4f41-a3dd-d69570fbe05b","taskType":"fetch_description","data":{"id":"f78b4e65-9d50-4f41-a3dd-d69570fbe05b","type":"fetch_description","ms":66,"heapUsedMb":247,"heapDeltaMb":1,"heapLimitMb":4144,"rssMb":153,"rssDeltaMb":0}}
{"t":"2026-10-01T16:19:16.128Z","level":"info","msg":"task start","taskId":"803e9518-b15d-4abb-9c7f-40618a96ec0c","taskType":"fetch_description","data":{"id":"803e9518-b15d-4abb-9c7f-40618a96ec0c","type":"fetch_description","attempt":1,"workerId":"test","commit":null,"readyWaitMs":117,"heapUsedMb":248,"heapLimitMb":4144,"rssMb":153}}
{"t":"2026-10-01T16:19:16.163Z","level":"info","msg":"task done","taskId":"803e9518-b15d-4abb-9c7f-40618a96ec0c","taskType":"fetch_description","data":{"id":"803e9518-b15d-4abb-9c7f-40618a96ec0c","type":"fetch_description","ms":34,"heapUsedMb":238,"heapDeltaMb":-10,"heapLimitMb":4144,"rssMb":154,"rssDeltaMb":1}}
{"t":"2026-10-01T16:19:16.164Z","level":"info","msg":"task start","taskId":"841138b5-8321-48a0-9d23-85b13ca6bb79","taskType":"fetch_description","data":{"id":"841138b5-8321-48a0-9d23-85b13ca6bb79","type":"fetch_description","attempt":1,"workerId":"test","commit":null,"readyWaitMs":153,"heapUsedMb":238,"heapLimitMb":4144,"rssMb":154}}
{"t":"2026-10-01T16:19:16.225Z","level":"info","msg":"task done","taskId":"841138b5-8321-48a0-9d23-85b13ca6bb79","taskType":"fetch_description","data":{"id":"841138b5-8321-48a0-9d23-85b13ca6bb79","type":"fetch_description","ms":60,"heapUsedMb":239,"heapDeltaMb":1,"heapLimitMb":4144,"rssMb":155,"rssDeltaMb":1}}
{"t":"2026-10-01T16:19:16.227Z","level":"info","msg":"task start","taskId":"ea2aa015-63bb-41c9-869c-19a810a104af","taskType":"fetch_description","data":{"id":"ea2aa015-63bb-41c9-869c-19a810a104af","type":"fetch_description","attempt":1,"workerId":"test","commit":null,"readyWaitMs":216,"heapUsedMb":239,"heapLimitMb":4144,"rssMb":155}}
{"t":"2026-10-01T16:19:16.262Z","level":"info","msg":"task done","taskId":"ea2aa015-63bb-41c9-869c-19a810a104af","taskType":"fetch_description","data":{"id":"ea2aa015-63bb-41c9-869c-19a810a104af","type":"fetch_description","ms":35,"heapUsedMb":241,"heapDeltaMb":2,"heapLimitMb":4144,"rssMb":155,"rssDeltaMb":0}}
{"t":"2026-10-01T16:19:16.263Z","level":"info","msg":"task start","taskId":"782b306c-a5a7-4ed1-8499-cfd912dbcbc1","taskType":"discover","data":{"id":"782b306c-a5a7-4ed1-8499-cfd912dbcbc1","type":"discover","attempt":1,"workerId":"test","commit":null,"readyWaitMs":573,"heapUsedMb":241,"heapLimitMb":4144,"rssMb":155}}
{"t":"2026-10-01T16:19:16.317Z","level":"warn","msg":"logo re-encode failed; the original is kept","taskId":"782b306c-a5a7-4ed1-8499-cfd912dbcbc1","taskType":"discover","data":{"error":"Input buffer has corrupt header:","bytes":400}}
{"t":"2026-10-01T16:19:16.321Z","level":"info","msg":"logo captured","taskId":"782b306c-a5a7-4ed1-8499-cfd912dbcbc1","taskType":"discover","data":{"company":"Acme Robotics","source":"site_icon","sourceUrl":"https://www.acme.example/favicon.png","bytes":400,"contentType":"image/png"}}
{"t":"2026-10-01T16:19:16.322Z","level":"info","msg":"task done","taskId":"782b306c-a5a7-4ed1-8499-cfd912dbcbc1","taskType":"discover","data":{"id":"782b306c-a5a7-4ed1-8499-cfd912dbcbc1","type":"discover","ms":59,"heapUsedMb":242,"heapDeltaMb":1,"heapLimitMb":4144,"rssMb":155,"rssDeltaMb":0}}
{"t":"2026-10-01T16:19:16.605Z","level":"info","msg":"task start","taskId":"3a259d61-b8b9-4d99-bc6d-fc03a572903f","taskType":"discover","data":{"id":"3a259d61-b8b9-4d99-bc6d-fc03a572903f","type":"discover","attempt":1,"workerId":"test","commit":null,"readyWaitMs":10,"heapUsedMb":246,"heapLimitMb":4144,"rssMb":154}}
{"t":"2026-10-01T16:19:16.778Z","level":"info","msg":"discovery finished","taskId":"3a259d61-b8b9-4d99-bc6d-fc03a572903f","taskType":"discover","data":{"company":"acme.example","outcome":"resolved","fetches":3,"best":"ats_link"}}
{"t":"2026-10-01T16:19:16.780Z","level":"info","msg":"task done","taskId":"3a259d61-b8b9-4d99-bc6d-fc03a572903f","taskType":"discover","data":{"id":"3a259d61-b8b9-4d99-bc6d-fc03a572903f","type":"discover","ms":176,"heapUsedMb":249,"heapDeltaMb":3,"heapLimitMb":4144,"rssMb":154,"rssDeltaMb":0}}
{"t":"2026-10-01T16:19:16.782Z","level":"info","msg":"task start","taskId":"a6e20dd6-7a48-45d1-ba75-2b066b5cbae5","taskType":"scan_company","data":{"id":"a6e20dd6-7a48-45d1-ba75-2b066b5cbae5","type":"scan_company","attempt":1,"workerId":"test","commit":null,"readyWaitMs":13,"heapUsedMb":249,"heapLimitMb":4144,"rssMb":154}}
{"t":"2026-10-01T16:19:16.970Z","level":"info","msg":"source scanned","taskId":"a6e20dd6-7a48-45d1-ba75-2b066b5cbae5","taskType":"scan_company","data":{"company":"Acme Robotics","type":"greenhouse","status":"ok","postings":5,"new":5,"closed":0,"followers":1,"deferredDescriptions":0,"reusedListing":false,"claimFetchedBytes":1452,"claimRequests":3,"claimRevalidated":0,"heapUsedMb":241,"ms":182}}
{"t":"2026-10-01T16:19:16.978Z","level":"info","msg":"task done","taskId":"a6e20dd6-7a48-45d1-ba75-2b066b5cbae5","taskType":"scan_company","data":{"id":"a6e20dd6-7a48-45d1-ba75-2b066b5cbae5","type":"scan_company","ms":196,"heapUsedMb":241,"heapDeltaMb":-8,"heapLimitMb":4144,"rssMb":155,"rssDeltaMb":1}}
{"t":"2026-10-01T16:19:16.981Z","level":"info","msg":"task start","taskId":"e26e6251-e63b-426a-8e03-ef6a4ab3cf9d","taskType":"fetch_description","data":{"id":"e26e6251-e63b-426a-8e03-ef6a4ab3cf9d","type":"fetch_description","attempt":1,"workerId":"test","commit":null,"readyWaitMs":43,"heapUsedMb":241,"heapLimitMb":4144,"rssMb":155}}
{"t":"2026-10-01T16:19:17.001Z","level":"info","msg":"task done","taskId":"e26e6251-e63b-426a-8e03-ef6a4ab3cf9d","taskType":"fetch_description","data":{"id":"e26e6251-e63b-426a-8e03-ef6a4ab3cf9d","type":"fetch_description","ms":20,"heapUsedMb":242,"heapDeltaMb":1,"heapLimitMb":4144,"rssMb":155,"rssDeltaMb":0}}
{"t":"2026-10-01T16:19:17.004Z","level":"info","msg":"task start","taskId":"3141e247-8d17-46f3-a4d5-17de2697e35a","taskType":"discover","data":{"id":"3141e247-8d17-46f3-a4d5-17de2697e35a","type":"discover","attempt":1,"workerId":"test","commit":null,"readyWaitMs":397,"heapUsedMb":242,"heapLimitMb":4144,"rssMb":155}}
{"t":"2026-10-01T16:19:17.060Z","level":"warn","msg":"logo re-encode failed; the original is kept","taskId":"3141e247-8d17-46f3-a4d5-17de2697e35a","taskType":"discover","data":{"error":"Input buffer has corrupt header:","bytes":400}}
{"t":"2026-10-01T16:19:17.069Z","level":"info","msg":"logo captured","taskId":"3141e247-8d17-46f3-a4d5-17de2697e35a","taskType":"discover","data":{"company":"Acme Robotics","source":"site_icon","sourceUrl":"https://www.acme.example/favicon.png","bytes":400,"contentType":"image/png"}}
{"t":"2026-10-01T16:19:17.072Z","level":"info","msg":"task done","taskId":"3141e247-8d17-46f3-a4d5-17de2697e35a","taskType":"discover","data":{"id":"3141e247-8d17-46f3-a4d5-17de2697e35a","type":"discover","ms":68,"heapUsedMb":243,"heapDeltaMb":1,"heapLimitMb":4144,"rssMb":155,"rssDeltaMb":0}}
{"t":"2026-10-01T16:19:17.226Z","level":"info","msg":"source scanned","data":{"company":"acme.example","type":"greenhouse","status":"ok","postings":5,"new":0,"closed":0,"followers":1,"deferredDescriptions":0,"reusedListing":false,"claimFetchedBytes":1452,"claimRequests":3,"claimRevalidated":0,"heapUsedMb":246,"ms":149}}
{"t":"2026-10-01T16:19:17.408Z","level":"info","msg":"task start","taskId":"9ea89d92-a61e-43a3-a64a-367ac34a9204","taskType":"discover","data":{"id":"9ea89d92-a61e-43a3-a64a-367ac34a9204","type":"discover","attempt":1,"workerId":"test","commit":null,"readyWaitMs":4,"heapUsedMb":247,"heapLimitMb":4144,"rssMb":155}}
{"t":"2026-10-01T16:19:17.570Z","level":"info","msg":"discovery finished","taskId":"9ea89d92-a61e-43a3-a64a-367ac34a9204","taskType":"discover","data":{"company":"acme.example","outcome":"resolved","fetches":3,"best":"ats_link"}}
{"t":"2026-10-01T16:19:17.571Z","level":"info","msg":"task done","taskId":"9ea89d92-a61e-43a3-a64a-367ac34a9204","taskType":"discover","data":{"id":"9ea89d92-a61e-43a3-a64a-367ac34a9204","type":"discover","ms":163,"heapUsedMb":250,"heapDeltaMb":3,"heapLimitMb":4144,"rssMb":156,"rssDeltaMb":1}}
{"t":"2026-10-01T16:19:17.572Z","level":"info","msg":"task start","taskId":"58fd0feb-b4c7-44b6-bcb0-0c3f717f2c35","taskType":"scan_company","data":{"id":"58fd0feb-b4c7-44b6-bcb0-0c3f717f2c35","type":"scan_company","attempt":1,"workerId":"test","commit":null,"readyWaitMs":8,"heapUsedMb":250,"heapLimitMb":4144,"rssMb":156}}
{"t":"2026-10-01T16:19:17.736Z","level":"info","msg":"source scanned","taskId":"58fd0feb-b4c7-44b6-bcb0-0c3f717f2c35","taskType":"scan_company","data":{"company":"Acme Robotics","type":"greenhouse","status":"ok","postings":5,"new":5,"closed":0,"followers":1,"deferredDescriptions":0,"reusedListing":false,"claimFetchedBytes":1452,"claimRequests":3,"claimRevalidated":0,"heapUsedMb":242,"ms":161}}
{"t":"2026-10-01T16:19:17.741Z","level":"info","msg":"task done","taskId":"58fd0feb-b4c7-44b6-bcb0-0c3f717f2c35","taskType":"scan_company","data":{"id":"58fd0feb-b4c7-44b6-bcb0-0c3f717f2c35","type":"scan_company","ms":169,"heapUsedMb":242,"heapDeltaMb":-8,"heapLimitMb":4144,"rssMb":157,"rssDeltaMb":1}}
{"t":"2026-10-01T16:19:17.743Z","level":"info","msg":"task start","taskId":"e6fdbf9c-1bd7-4fbb-b115-408727c9d0f2","taskType":"fetch_description","data":{"id":"e6fdbf9c-1bd7-4fbb-b115-408727c9d0f2","type":"fetch_description","attempt":1,"workerId":"test","commit":null,"readyWaitMs":21,"heapUsedMb":242,"heapLimitMb":4144,"rssMb":157}}
{"t":"2026-10-01T16:19:17.776Z","level":"info","msg":"task done","taskId":"e6fdbf9c-1bd7-4fbb-b115-408727c9d0f2","taskType":"fetch_description","data":{"id":"e6fdbf9c-1bd7-4fbb-b115-408727c9d0f2","type":"fetch_description","ms":33,"heapUsedMb":244,"heapDeltaMb":2,"heapLimitMb":4144,"rssMb":157,"rssDeltaMb":0}}
{"t":"2026-10-01T16:19:17.778Z","level":"info","msg":"task start","taskId":"ec3d036b-035e-4591-b47c-e9390091f4f2","taskType":"fetch_description","data":{"id":"ec3d036b-035e-4591-b47c-e9390091f4f2","type":"fetch_description","attempt":1,"workerId":"test","commit":null,"readyWaitMs":56,"heapUsedMb":244,"heapLimitMb":4144,"rssMb":157}}
{"t":"2026-10-01T16:19:17.825Z","level":"info","msg":"task done","taskId":"ec3d036b-035e-4591-b47c-e9390091f4f2","taskType":"fetch_description","data":{"id":"ec3d036b-035e-4591-b47c-e9390091f4f2","type":"fetch_description","ms":46,"heapUsedMb":245,"heapDeltaMb":1,"heapLimitMb":4144,"rssMb":157,"rssDeltaMb":0}}
{"t":"2026-10-01T16:19:17.826Z","level":"info","msg":"task start","taskId":"5a0c5c6f-e99b-4432-9c11-8c83ea51fb11","taskType":"fetch_description","data":{"id":"5a0c5c6f-e99b-4432-9c11-8c83ea51fb11","type":"fetch_description","attempt":1,"workerId":"test","commit":null,"readyWaitMs":104,"heapUsedMb":245,"heapLimitMb":4144,"rssMb":157}}
{"t":"2026-10-01T16:19:17.880Z","level":"info","msg":"task done","taskId":"5a0c5c6f-e99b-4432-9c11-8c83ea51fb11","taskType":"fetch_description","data":{"id":"5a0c5c6f-e99b-4432-9c11-8c83ea51fb11","type":"fetch_description","ms":53,"heapUsedMb":246,"heapDeltaMb":1,"heapLimitMb":4144,"rssMb":157,"rssDeltaMb":0}}
{"t":"2026-10-01T16:19:17.882Z","level":"info","msg":"task start","taskId":"4751d88f-39ac-4cf8-9585-69bc44b0911d","taskType":"fetch_description","data":{"id":"4751d88f-39ac-4cf8-9585-69bc44b0911d","type":"fetch_description","attempt":1,"workerId":"test","commit":null,"readyWaitMs":160,"heapUsedMb":246,"heapLimitMb":4144,"rssMb":157}}
{"t":"2026-10-01T16:19:17.984Z","level":"info","msg":"task done","taskId":"4751d88f-39ac-4cf8-9585-69bc44b0911d","taskType":"fetch_description","data":{"id":"4751d88f-39ac-4cf8-9585-69bc44b0911d","type":"fetch_description","ms":103,"heapUsedMb":247,"heapDeltaMb":1,"heapLimitMb":4144,"rssMb":155,"rssDeltaMb":-2}}
{"t":"2026-10-01T16:19:17.989Z","level":"info","msg":"task start","taskId":"73119d34-429b-4876-a1d7-3216502e9bad","taskType":"discover","data":{"id":"73119d34-429b-4876-a1d7-3216502e9bad","type":"discover","attempt":1,"workerId":"test","commit":null,"readyWaitMs":581,"heapUsedMb":247,"heapLimitMb":4144,"rssMb":155}}
{"t":"2026-10-01T16:19:18.052Z","level":"warn","msg":"logo re-encode failed; the original is kept","taskId":"73119d34-429b-4876-a1d7-3216502e9bad","taskType":"discover","data":{"error":"Input buffer has corrupt header:","bytes":400}}
{"t":"2026-10-01T16:19:18.066Z","level":"info","msg":"logo captured","taskId":"73119d34-429b-4876-a1d7-3216502e9bad","taskType":"discover","data":{"company":"Acme Robotics","source":"site_icon","sourceUrl":"https://www.acme.example/favicon.png","bytes":400,"contentType":"image/png"}}
{"t":"2026-10-01T16:19:18.069Z","level":"info","msg":"task done","taskId":"73119d34-429b-4876-a1d7-3216502e9bad","taskType":"discover","data":{"id":"73119d34-429b-4876-a1d7-3216502e9bad","type":"discover","ms":80,"heapUsedMb":248,"heapDeltaMb":1,"heapLimitMb":4144,"rssMb":153,"rssDeltaMb":-2}}
{"t":"2026-10-01T16:19:18.218Z","level":"info","msg":"source scanned","data":{"company":"acme.example","type":"greenhouse","status":"ok","postings":5,"new":0,"closed":0,"followers":1,"deferredDescriptions":0,"reusedListing":false,"claimFetchedBytes":1452,"claimRequests":3,"claimRevalidated":0,"heapUsedMb":250,"ms":139}}
{"t":"2026-10-01T16:19:18.510Z","level":"info","msg":"source scanned","data":{"company":"Acme Robotics","type":"greenhouse","status":"ok","postings":1,"new":1,"closed":0,"followers":1,"deferredDescriptions":0,"reusedListing":false,"claimFetchedBytes":351,"claimRequests":3,"claimRevalidated":0,"heapUsedMb":253,"ms":116}}
{"t":"2026-10-01T16:19:18.545Z","level":"info","msg":"http revalidated","data":{"host":"boards-api.greenhouse.io","durationMs":0,"bytes":0}}
{"t":"2026-10-01T16:19:18.598Z","level":"info","msg":"http revalidated","data":{"host":"boards-api.greenhouse.io","durationMs":1,"bytes":0}}
{"t":"2026-10-01T16:19:18.646Z","level":"info","msg":"http revalidated","data":{"host":"boards-api.greenhouse.io","durationMs":0,"bytes":0}}
{"t":"2026-10-01T16:19:18.661Z","level":"info","msg":"source scanned","data":{"company":"Acme Robotics","type":"greenhouse","status":"ok","postings":1,"new":0,"closed":0,"followers":1,"deferredDescriptions":0,"reusedListing":false,"claimFetchedBytes":0,"claimRequests":3,"claimRevalidated":3,"heapUsedMb":244,"ms":146}}
{"t":"2026-10-01T16:19:18.903Z","level":"info","msg":"task start","taskId":"f7cabbff-4f9d-44d9-9f9a-9e9cb64963fc","taskType":"discover","data":{"id":"f7cabbff-4f9d-44d9-9f9a-9e9cb64963fc","type":"discover","attempt":1,"workerId":"test","commit":null,"readyWaitMs":4,"heapUsedMb":245,"heapLimitMb":4144,"rssMb":152}}
{"t":"2026-10-01T16:19:19.077Z","level":"info","msg":"discovery finished","taskId":"f7cabbff-4f9d-44d9-9f9a-9e9cb64963fc","taskType":"discover","data":{"company":"acme.example","outcome":"resolved","fetches":3,"best":"ats_link"}}
{"t":"2026-10-01T16:19:19.080Z","level":"info","msg":"task done","taskId":"f7cabbff-4f9d-44d9-9f9a-9e9cb64963fc","taskType":"discover","data":{"id":"f7cabbff-4f9d-44d9-9f9a-9e9cb64963fc","type":"discover","ms":177,"heapUsedMb":248,"heapDeltaMb":3,"heapLimitMb":4144,"rssMb":151,"rssDeltaMb":-1}}
{"t":"2026-10-01T16:19:19.082Z","level":"info","msg":"task start","taskId":"422b1bd0-bffd-481e-b103-4657dc57325d","taskType":"scan_company","data":{"id":"422b1bd0-bffd-481e-b103-4657dc57325d","type":"scan_company","attempt":1,"workerId":"test","commit":null,"readyWaitMs":16,"heapUsedMb":248,"heapLimitMb":4144,"rssMb":151}}
{"t":"2026-10-01T16:19:19.246Z","level":"info","msg":"source scanned","taskId":"422b1bd0-bffd-481e-b103-4657dc57325d","taskType":"scan_company","data":{"company":"Acme Robotics","type":"greenhouse","status":"ok","postings":5,"new":5,"closed":0,"followers":1,"deferredDescriptions":0,"reusedListing":false,"claimFetchedBytes":1452,"claimRequests":3,"claimRevalidated":0,"heapUsedMb":251,"ms":157}}
{"t":"2026-10-01T16:19:19.252Z","level":"info","msg":"task done","taskId":"422b1bd0-bffd-481e-b103-4657dc57325d","taskType":"scan_company","data":{"id":"422b1bd0-bffd-481e-b103-4657dc57325d","type":"scan_company","ms":170,"heapUsedMb":251,"heapDeltaMb":3,"heapLimitMb":4144,"rssMb":151,"rssDeltaMb":0}}
{"t":"2026-10-01T16:19:19.254Z","level":"info","msg":"task start","taskId":"eacb671f-c969-4b8c-bb31-72d98576fb1e","taskType":"fetch_description","data":{"id":"eacb671f-c969-4b8c-bb31-72d98576fb1e","type":"fetch_description","attempt":1,"workerId":"test","commit":null,"readyWaitMs":27,"heapUsedMb":251,"heapLimitMb":4144,"rssMb":151}}
{"t":"2026-10-01T16:19:19.275Z","level":"info","msg":"task done","taskId":"eacb671f-c969-4b8c-bb31-72d98576fb1e","taskType":"fetch_description","data":{"id":"eacb671f-c969-4b8c-bb31-72d98576fb1e","type":"fetch_description","ms":21,"heapUsedMb":252,"heapDeltaMb":1,"heapLimitMb":4144,"rssMb":151,"rssDeltaMb":0}}
{"t":"2026-10-01T16:19:19.276Z","level":"info","msg":"task start","taskId":"17ffc715-1224-49fb-a660-715b414ce1ad","taskType":"fetch_description","data":{"id":"17ffc715-1224-49fb-a660-715b414ce1ad","type":"fetch_description","attempt":1,"workerId":"test","commit":null,"readyWaitMs":49,"heapUsedMb":252,"heapLimitMb":4144,"rssMb":151}}
{"t":"2026-10-01T16:19:19.325Z","level":"info","msg":"task done","taskId":"17ffc715-1224-49fb-a660-715b414ce1ad","taskType":"fetch_description","data":{"id":"17ffc715-1224-49fb-a660-715b414ce1ad","type":"fetch_description","ms":49,"heapUsedMb":253,"heapDeltaMb":1,"heapLimitMb":4144,"rssMb":151,"rssDeltaMb":0}}
{"t":"2026-10-01T16:19:19.326Z","level":"info","msg":"task start","taskId":"0d696454-4344-4bd5-b391-ba38829465ed","taskType":"fetch_description","data":{"id":"0d696454-4344-4bd5-b391-ba38829465ed","type":"fetch_description","attempt":1,"workerId":"test","commit":null,"readyWaitMs":99,"heapUsedMb":254,"heapLimitMb":4144,"rssMb":151}}
{"t":"2026-10-01T16:19:19.375Z","level":"info","msg":"task done","taskId":"0d696454-4344-4bd5-b391-ba38829465ed","taskType":"fetch_description","data":{"id":"0d696454-4344-4bd5-b391-ba38829465ed","type":"fetch_description","ms":49,"heapUsedMb":255,"heapDeltaMb":1,"heapLimitMb":4144,"rssMb":151,"rssDeltaMb":0}}
{"t":"2026-10-01T16:19:19.376Z","level":"info","msg":"task start","taskId":"1e83f8d7-b736-4b14-823f-2ab5103fcbbf","taskType":"fetch_description","data":{"id":"1e83f8d7-b736-4b14-823f-2ab5103fcbbf","type":"fetch_description","attempt":1,"workerId":"test","commit":null,"readyWaitMs":149,"heapUsedMb":244,"heapLimitMb":4144,"rssMb":152}}
{"t":"2026-10-01T16:19:19.426Z","level":"info","msg":"task done","taskId":"1e83f8d7-b736-4b14-823f-2ab5103fcbbf","taskType":"fetch_description","data":{"id":"1e83f8d7-b736-4b14-823f-2ab5103fcbbf","type":"fetch_description","ms":50,"heapUsedMb":245,"heapDeltaMb":1,"heapLimitMb":4144,"rssMb":152,"rssDeltaMb":0}}
{"t":"2026-10-01T16:19:19.427Z","level":"info","msg":"task start","taskId":"aede5f26-a0a4-41ae-9fd6-7245d1acf7cb","taskType":"discover","data":{"id":"aede5f26-a0a4-41ae-9fd6-7245d1acf7cb","type":"discover","attempt":1,"workerId":"test","commit":null,"readyWaitMs":524,"heapUsedMb":245,"heapLimitMb":4144,"rssMb":152}}
{"t":"2026-10-01T16:19:19.481Z","level":"warn","msg":"logo re-encode failed; the original is kept","taskId":"aede5f26-a0a4-41ae-9fd6-7245d1acf7cb","taskType":"discover","data":{"error":"Input buffer has corrupt header:","bytes":400}}
{"t":"2026-10-01T16:19:19.487Z","level":"info","msg":"logo captured","taskId":"aede5f26-a0a4-41ae-9fd6-7245d1acf7cb","taskType":"discover","data":{"company":"Acme Robotics","source":"site_icon","sourceUrl":"https://www.acme.example/favicon.png","bytes":400,"contentType":"image/png"}}
{"t":"2026-10-01T16:19:19.488Z","level":"info","msg":"task done","taskId":"aede5f26-a0a4-41ae-9fd6-7245d1acf7cb","taskType":"discover","data":{"id":"aede5f26-a0a4-41ae-9fd6-7245d1acf7cb","type":"discover","ms":61,"heapUsedMb":246,"heapDeltaMb":1,"heapLimitMb":4144,"rssMb":152,"rssDeltaMb":0}}
{"t":"2026-10-01T16:19:19.506Z","level":"info","msg":"source scanned","data":{"company":"acme.example","type":"greenhouse","status":"failed","postings":0,"new":0,"closed":0,"followers":1,"deferredDescriptions":0,"reusedListing":false,"claimFetchedBytes":0,"claimRequests":1,"claimRevalidated":0,"heapUsedMb":247,"ms":14}}
{"t":"2026-10-01T16:19:19.631Z","level":"info","msg":"source scanned","data":{"company":"acme.example","type":"greenhouse","status":"ok","postings":5,"new":0,"closed":0,"followers":1,"deferredDescriptions":0,"reusedListing":false,"claimFetchedBytes":1452,"claimRequests":3,"claimRevalidated":0,"heapUsedMb":249,"ms":118}}
{"t":"2026-10-01T16:19:19.829Z","level":"info","msg":"task start","taskId":"5c03af1f-d985-45cc-953f-40acf1976867","taskType":"discover","data":{"id":"5c03af1f-d985-45cc-953f-40acf1976867","type":"discover","attempt":1,"workerId":"test","commit":null,"readyWaitMs":5,"heapUsedMb":251,"heapLimitMb":4144,"rssMb":153}}
{"t":"2026-10-01T16:19:19.993Z","level":"info","msg":"discovery finished","taskId":"5c03af1f-d985-45cc-953f-40acf1976867","taskType":"discover","data":{"company":"acme.example","outcome":"resolved","fetches":3,"best":"ats_link"}}
{"t":"2026-10-01T16:19:19.995Z","level":"info","msg":"task done","taskId":"5c03af1f-d985-45cc-953f-40acf1976867","taskType":"discover","data":{"id":"5c03af1f-d985-45cc-953f-40acf1976867","type":"discover","ms":166,"heapUsedMb":254,"heapDeltaMb":3,"heapLimitMb":4144,"rssMb":153,"rssDeltaMb":0}}
{"t":"2026-10-01T16:19:19.996Z","level":"info","msg":"task start","taskId":"8bbad8f8-a60a-4ade-99b2-c96c248f688e","taskType":"scan_company","data":{"id":"8bbad8f8-a60a-4ade-99b2-c96c248f688e","type":"scan_company","attempt":1,"workerId":"test","commit":null,"readyWaitMs":10,"heapUsedMb":254,"heapLimitMb":4144,"rssMb":153}}
{"t":"2026-10-01T16:19:20.165Z","level":"info","msg":"source scanned","taskId":"8bbad8f8-a60a-4ade-99b2-c96c248f688e","taskType":"scan_company","data":{"company":"Acme Robotics","type":"greenhouse","status":"ok","postings":3,"new":3,"closed":0,"followers":1,"deferredDescriptions":0,"reusedListing":false,"claimFetchedBytes":992,"claimRequests":3,"claimRevalidated":0,"heapUsedMb":256,"ms":165}}
{"t":"2026-10-01T16:19:20.173Z","level":"info","msg":"task done","taskId":"8bbad8f8-a60a-4ade-99b2-c96c248f688e","taskType":"scan_company","data":{"id":"8bbad8f8-a60a-4ade-99b2-c96c248f688e","type":"scan_company","ms":177,"heapUsedMb":246,"heapDeltaMb":-8,"heapLimitMb":4144,"rssMb":154,"rssDeltaMb":1}}
{"t":"2026-10-01T16:19:20.175Z","level":"info","msg":"task start","taskId":"2cf23b3b-b67b-428c-8c3f-ccbc5e48b708","taskType":"fetch_description","data":{"id":"2cf23b3b-b67b-428c-8c3f-ccbc5e48b708","type":"fetch_description","attempt":1,"workerId":"test","commit":null,"readyWaitMs":26,"heapUsedMb":246,"heapLimitMb":4144,"rssMb":154}}
{"t":"2026-10-01T16:19:20.199Z","level":"info","msg":"task done","taskId":"2cf23b3b-b67b-428c-8c3f-ccbc5e48b708","taskType":"fetch_description","data":{"id":"2cf23b3b-b67b-428c-8c3f-ccbc5e48b708","type":"fetch_description","ms":24,"heapUsedMb":247,"heapDeltaMb":1,"heapLimitMb":4144,"rssMb":154,"rssDeltaMb":0}}
{"t":"2026-10-01T16:19:20.201Z","level":"info","msg":"task start","taskId":"cb61f72c-e0cc-4b0c-9703-957738d86785","taskType":"fetch_description","data":{"id":"cb61f72c-e0cc-4b0c-9703-957738d86785","type":"fetch_description","attempt":1,"workerId":"test","commit":null,"readyWaitMs":52,"heapUsedMb":247,"heapLimitMb":4144,"rssMb":154}}
{"t":"2026-10-01T16:19:20.247Z","level":"info","msg":"task done","taskId":"cb61f72c-e0cc-4b0c-9703-957738d86785","taskType":"fetch_description","data":{"id":"cb61f72c-e0cc-4b0c-9703-957738d86785","type":"fetch_description","ms":46,"heapUsedMb":248,"heapDeltaMb":1,"heapLimitMb":4144,"rssMb":154,"rssDeltaMb":0}}
{"t":"2026-10-01T16:19:20.248Z","level":"info","msg":"task start","taskId":"acc215f4-357f-4ca8-be1c-76ee1bcfe1d3","taskType":"discover","data":{"id":"acc215f4-357f-4ca8-be1c-76ee1bcfe1d3","type":"discover","attempt":1,"workerId":"test","commit":null,"readyWaitMs":419,"heapUsedMb":248,"heapLimitMb":4144,"rssMb":154}}
{"t":"2026-10-01T16:19:20.301Z","level":"warn","msg":"logo re-encode failed; the original is kept","taskId":"acc215f4-357f-4ca8-be1c-76ee1bcfe1d3","taskType":"discover","data":{"error":"Input buffer has corrupt header:","bytes":400}}
{"t":"2026-10-01T16:19:20.307Z","level":"info","msg":"logo captured","taskId":"acc215f4-357f-4ca8-be1c-76ee1bcfe1d3","taskType":"discover","data":{"company":"Acme Robotics","source":"site_icon","sourceUrl":"https://www.acme.example/favicon.png","bytes":400,"contentType":"image/png"}}
{"t":"2026-10-01T16:19:20.308Z","level":"info","msg":"task done","taskId":"acc215f4-357f-4ca8-be1c-76ee1bcfe1d3","taskType":"discover","data":{"id":"acc215f4-357f-4ca8-be1c-76ee1bcfe1d3","type":"discover","ms":60,"heapUsedMb":249,"heapDeltaMb":1,"heapLimitMb":4144,"rssMb":154,"rssDeltaMb":0}}
{"t":"2026-10-01T16:19:20.446Z","level":"info","msg":"source scanned","data":{"company":"acme.example","type":"greenhouse","status":"ok","postings":3,"new":0,"closed":0,"followers":1,"deferredDescriptions":0,"reusedListing":false,"claimFetchedBytes":992,"claimRequests":3,"claimRevalidated":0,"heapUsedMb":251,"ms":134}}
{"t":"2026-10-01T16:19:20.604Z","level":"info","msg":"source scanned","data":{"company":"acme.example","type":"greenhouse","status":"ok","postings":3,"new":0,"closed":0,"followers":1,"deferredDescriptions":0,"reusedListing":false,"claimFetchedBytes":992,"claimRequests":3,"claimRevalidated":0,"heapUsedMb":253,"ms":146}}
{"t":"2026-10-01T16:19:20.840Z","level":"info","msg":"source scanned","data":{"company":"Orbital","type":"smartrecruiters","status":"ok","postings":3,"new":3,"closed":0,"followers":1,"deferredDescriptions":0,"reusedListing":false,"claimFetchedBytes":507,"claimRequests":1,"claimRevalidated":0,"heapUsedMb":256,"ms":18}}
{"t":"2026-10-01T16:19:20.846Z","level":"info","msg":"task start","taskId":"0f15a0c3-15c9-43cc-8b09-6869cf3de916","taskType":"fetch_description","data":{"id":"0f15a0c3-15c9-43cc-8b09-6869cf3de916","type":"fetch_description","attempt":1,"workerId":"test","commit":null,"readyWaitMs":19,"heapUsedMb":256,"heapLimitMb":4144,"rssMb":154}}
{"t":"2026-10-01T16:19:20.876Z","level":"warn","msg":"description fetch failed","taskId":"0f15a0c3-15c9-43cc-8b09-6869cf3de916","taskType":"fetch_description","data":{"jobId":"efe7bacc-8ca8-484b-9635-3aebb5d1f0a2","url":"https://jobs.smartrecruiters.com/orbital/ops-1","error":"refusing to fetch jobs.smartrecruiters.com: not in the test host map"}}
{"t":"2026-10-01T16:19:20.887Z","level":"info","msg":"task done","taskId":"0f15a0c3-15c9-43cc-8b09-6869cf3de916","taskType":"fetch_description","data":{"id":"0f15a0c3-15c9-43cc-8b09-6869cf3de916","type":"fetch_description","ms":41,"heapUsedMb":257,"heapDeltaMb":1,"heapLimitMb":4144,"rssMb":153,"rssDeltaMb":-1}}
{"t":"2026-10-01T16:19:20.888Z","level":"info","msg":"task start","taskId":"90115ec8-efc1-40c6-914e-c8af9d08cccd","taskType":"fetch_description","data":{"id":"90115ec8-efc1-40c6-914e-c8af9d08cccd","type":"fetch_description","attempt":1,"workerId":"test","commit":null,"readyWaitMs":61,"heapUsedMb":257,"heapLimitMb":4144,"rssMb":153}}
{"t":"2026-10-01T16:19:20.925Z","level":"warn","msg":"description fetch failed","taskId":"90115ec8-efc1-40c6-914e-c8af9d08cccd","taskType":"fetch_description","data":{"jobId":"6e2c10c2-1371-4916-b398-bba07fe42e43","url":"https://jobs.smartrecruiters.com/orbital/ops-2","error":"refusing to fetch jobs.smartrecruiters.com: not in the test host map"}}
{"t":"2026-10-01T16:19:20.939Z","level":"info","msg":"task done","taskId":"90115ec8-efc1-40c6-914e-c8af9d08cccd","taskType":"fetch_description","data":{"id":"90115ec8-efc1-40c6-914e-c8af9d08cccd","type":"fetch_description","ms":51,"heapUsedMb":247,"heapDeltaMb":-10,"heapLimitMb":4144,"rssMb":155,"rssDeltaMb":2}}
{"t":"2026-10-01T16:19:20.941Z","level":"info","msg":"task start","taskId":"a5bda1fa-8432-4b70-86e9-c39d06501d5d","taskType":"fetch_description","data":{"id":"a5bda1fa-8432-4b70-86e9-c39d06501d5d","type":"fetch_description","attempt":1,"workerId":"test","commit":null,"readyWaitMs":114,"heapUsedMb":247,"heapLimitMb":4144,"rssMb":155}}
{"t":"2026-10-01T16:19:20.975Z","level":"warn","msg":"description fetch failed","taskId":"a5bda1fa-8432-4b70-86e9-c39d06501d5d","taskType":"fetch_description","data":{"jobId":"8f9db25e-6a2b-4363-9644-d0c649d5870b","url":"https://jobs.smartrecruiters.com/orbital/ops-3","error":"refusing to fetch jobs.smartrecruiters.com: not in the test host map"}}
{"t":"2026-10-01T16:19:20.989Z","level":"info","msg":"task done","taskId":"a5bda1fa-8432-4b70-86e9-c39d06501d5d","taskType":"fetch_description","data":{"id":"a5bda1fa-8432-4b70-86e9-c39d06501d5d","type":"fetch_description","ms":48,"heapUsedMb":248,"heapDeltaMb":1,"heapLimitMb":4144,"rssMb":155,"rssDeltaMb":0}}
{"t":"2026-10-01T16:19:21.040Z","level":"info","msg":"source scanned","data":{"company":"Orbital","type":"smartrecruiters","status":"ok","postings":3,"new":0,"closed":0,"followers":1,"deferredDescriptions":0,"reusedListing":false,"claimFetchedBytes":507,"claimRequests":1,"claimRevalidated":0,"heapUsedMb":250,"ms":47}}
{"t":"2026-10-01T16:19:21.097Z","level":"info","msg":"source scanned","data":{"company":"Orbital","type":"smartrecruiters","status":"ok","postings":3,"new":0,"closed":0,"followers":1,"deferredDescriptions":0,"reusedListing":false,"claimFetchedBytes":507,"claimRequests":1,"claimRevalidated":0,"heapUsedMb":252,"ms":54}}
{"t":"2026-10-01T16:19:21.603Z","level":"info","msg":"source scanned","data":{"company":"Acme Robotics","type":"greenhouse","status":"ok","postings":902,"new":902,"closed":0,"followers":1,"deferredDescriptions":0,"reusedListing":false,"claimFetchedBytes":735804,"claimRequests":3,"claimRevalidated":0,"heapUsedMb":267,"ms":294}}
{"t":"2026-10-01T16:19:21.612Z","level":"info","msg":"http revalidated","data":{"host":"boards-api.greenhouse.io","durationMs":0,"bytes":0,"validatorOnly":true}}
{"t":"2026-10-01T16:19:21.881Z","level":"info","msg":"source scanned","data":{"company":"Acme Robotics","type":"greenhouse","status":"ok","postings":902,"new":0,"closed":0,"followers":1,"deferredDescriptions":0,"reusedListing":false,"claimFetchedBytes":735804,"claimRequests":4,"claimRevalidated":1,"heapUsedMb":263,"ms":270}}
{"t":"2026-10-01T16:19:21.898Z","level":"info","msg":"http revalidated","data":{"host":"boards-api.greenhouse.io","durationMs":1,"bytes":0,"validatorOnly":true}}
{"t":"2026-10-01T16:19:22.096Z","level":"info","msg":"source scanned","data":{"company":"Acme Robotics","type":"greenhouse","status":"ok","postings":902,"new":0,"closed":0,"followers":1,"deferredDescriptions":0,"reusedListing":false,"claimFetchedBytes":735804,"claimRequests":4,"claimRevalidated":1,"heapUsedMb":267,"ms":200}}
{"t":"2026-10-01T16:19:22.283Z","level":"info","msg":"source scanned","data":{"company":"Acme Robotics","type":"greenhouse","status":"ok","postings":901,"new":0,"closed":0,"followers":1,"deferredDescriptions":0,"reusedListing":false,"claimFetchedBytes":735514,"claimRequests":3,"claimRevalidated":0,"heapUsedMb":274,"ms":182}}
{"t":"2026-10-01T16:19:22.290Z","level":"info","msg":"http revalidated","data":{"host":"boards-api.greenhouse.io","durationMs":1,"bytes":0,"validatorOnly":true}}
{"t":"2026-10-01T16:19:22.502Z","level":"info","msg":"source scanned","data":{"company":"Acme Robotics","type":"greenhouse","status":"ok","postings":901,"new":0,"closed":1,"followers":1,"deferredDescriptions":0,"reusedListing":false,"claimFetchedBytes":735514,"claimRequests":4,"claimRevalidated":1,"heapUsedMb":281,"ms":213}}
{"t":"2026-10-01T16:19:22.729Z","level":"info","msg":"source scanned","data":{"company":"Acme","type":"ashby","status":"ok","postings":2,"new":2,"closed":0,"followers":0,"deferredDescriptions":0,"reusedListing":false,"claimFetchedBytes":225,"claimRequests":1,"claimRevalidated":0,"heapUsedMb":272,"ms":24}}
{"t":"2026-10-01T16:19:22.783Z","level":"info","msg":"source scanned","data":{"company":"Acme","type":"ashby","status":"ok","postings":2,"new":0,"closed":0,"followers":0,"deferredDescriptions":0,"reusedListing":true,"claimFetchedBytes":0,"claimRequests":1,"claimRevalidated":1,"heapUsedMb":273,"ms":45}}
{"t":"2026-10-01T16:19:23.315Z","level":"info","msg":"slow database query","data":{"durationMs":517,"statement":"truncate users, companies, career_sources, discovery_runs, scan_runs, scans, jobs, job_events, decisions, tasks, setting"}}
{"t":"2026-10-01T16:19:23.334Z","level":"info","msg":"task start","taskId":"b052c8fa-472c-443c-8cbd-d3742c29cf20","taskType":"discover","data":{"id":"b052c8fa-472c-443c-8cbd-d3742c29cf20","type":"discover","attempt":1,"workerId":"test","commit":null,"readyWaitMs":7,"heapUsedMb":274,"heapLimitMb":4144,"rssMb":174}}
{"t":"2026-10-01T16:19:23.510Z","level":"info","msg":"discovery finished","taskId":"b052c8fa-472c-443c-8cbd-d3742c29cf20","taskType":"discover","data":{"company":"acme.example","outcome":"resolved","fetches":3,"best":"ats_link"}}
{"t":"2026-10-01T16:19:23.511Z","level":"info","msg":"task done","taskId":"b052c8fa-472c-443c-8cbd-d3742c29cf20","taskType":"discover","data":{"id":"b052c8fa-472c-443c-8cbd-d3742c29cf20","type":"discover","ms":178,"heapUsedMb":277,"heapDeltaMb":3,"heapLimitMb":4144,"rssMb":177,"rssDeltaMb":3}}
{"t":"2026-10-01T16:19:23.513Z","level":"info","msg":"task start","taskId":"da435143-2a42-4098-99a0-fbfd47f1b03a","taskType":"scan_company","data":{"id":"da435143-2a42-4098-99a0-fbfd47f1b03a","type":"scan_company","attempt":1,"workerId":"test","commit":null,"readyWaitMs":10,"heapUsedMb":277,"heapLimitMb":4144,"rssMb":177}}
{"t":"2026-10-01T16:19:23.685Z","level":"info","msg":"source scanned","taskId":"da435143-2a42-4098-99a0-fbfd47f1b03a","taskType":"scan_company","data":{"company":"Acme Robotics","type":"greenhouse","status":"ok","postings":5,"new":5,"closed":0,"followers":1,"deferredDescriptions":0,"reusedListing":false,"claimFetchedBytes":1452,"claimRequests":3,"claimRevalidated":0,"heapUsedMb":280,"ms":169}}
{"t":"2026-10-01T16:19:23.692Z","level":"info","msg":"task done","taskId":"da435143-2a42-4098-99a0-fbfd47f1b03a","taskType":"scan_company","data":{"id":"da435143-2a42-4098-99a0-fbfd47f1b03a","type":"scan_company","ms":179,"heapUsedMb":280,"heapDeltaMb":3,"heapLimitMb":4144,"rssMb":177,"rssDeltaMb":0}}
{"t":"2026-10-01T16:19:23.694Z","level":"info","msg":"task start","taskId":"47d6592d-fb49-4f8d-9f3f-a688088c98d6","taskType":"fetch_description","data":{"id":"47d6592d-fb49-4f8d-9f3f-a688088c98d6","type":"fetch_description","attempt":1,"workerId":"test","commit":null,"readyWaitMs":30,"heapUsedMb":280,"heapLimitMb":4144,"rssMb":177}}
{"t":"2026-10-01T16:19:23.712Z","level":"info","msg":"task done","taskId":"47d6592d-fb49-4f8d-9f3f-a688088c98d6","taskType":"fetch_description","data":{"id":"47d6592d-fb49-4f8d-9f3f-a688088c98d6","type":"fetch_description","ms":18,"heapUsedMb":281,"heapDeltaMb":1,"heapLimitMb":4144,"rssMb":177,"rssDeltaMb":0}}
{"t":"2026-10-01T16:19:23.713Z","level":"info","msg":"task start","taskId":"79792c86-262d-42c7-a32d-965232798a99","taskType":"fetch_description","data":{"id":"79792c86-262d-42c7-a32d-965232798a99","type":"fetch_description","attempt":1,"workerId":"test","commit":null,"readyWaitMs":49,"heapUsedMb":281,"heapLimitMb":4144,"rssMb":177}}
{"t":"2026-10-01T16:19:23.774Z","level":"info","msg":"task done","taskId":"79792c86-262d-42c7-a32d-965232798a99","taskType":"fetch_description","data":{"id":"79792c86-262d-42c7-a32d-965232798a99","type":"fetch_description","ms":61,"heapUsedMb":282,"heapDeltaMb":1,"heapLimitMb":4144,"rssMb":177,"rssDeltaMb":0}}
{"t":"2026-10-01T16:19:23.776Z","level":"info","msg":"task start","taskId":"c8b90feb-b8e8-4324-b952-4cf17159dda5","taskType":"fetch_description","data":{"id":"c8b90feb-b8e8-4324-b952-4cf17159dda5","type":"fetch_description","attempt":1,"workerId":"test","commit":null,"readyWaitMs":112,"heapUsedMb":283,"heapLimitMb":4144,"rssMb":177}}
{"t":"2026-10-01T16:19:23.839Z","level":"info","msg":"task done","taskId":"c8b90feb-b8e8-4324-b952-4cf17159dda5","taskType":"fetch_description","data":{"id":"c8b90feb-b8e8-4324-b952-4cf17159dda5","type":"fetch_description","ms":63,"heapUsedMb":273,"heapDeltaMb":-10,"heapLimitMb":4144,"rssMb":178,"rssDeltaMb":1}}
{"t":"2026-10-01T16:19:23.842Z","level":"info","msg":"task start","taskId":"842b7f18-9152-44d8-8ea9-f1680a642aff","taskType":"fetch_description","data":{"id":"842b7f18-9152-44d8-8ea9-f1680a642aff","type":"fetch_description","attempt":1,"workerId":"test","commit":null,"readyWaitMs":178,"heapUsedMb":273,"heapLimitMb":4144,"rssMb":178}}
{"t":"2026-10-01T16:19:23.873Z","level":"info","msg":"task done","taskId":"842b7f18-9152-44d8-8ea9-f1680a642aff","taskType":"fetch_description","data":{"id":"842b7f18-9152-44d8-8ea9-f1680a642aff","type":"fetch_description","ms":31,"heapUsedMb":274,"heapDeltaMb":1,"heapLimitMb":4144,"rssMb":178,"rssDeltaMb":0}}
{"t":"2026-10-01T16:19:23.876Z","level":"info","msg":"task start","taskId":"70c02998-462a-4ca5-93d3-ab4492e463b8","taskType":"discover","data":{"id":"70c02998-462a-4ca5-93d3-ab4492e463b8","type":"discover","attempt":1,"workerId":"test","commit":null,"readyWaitMs":540,"heapUsedMb":274,"heapLimitMb":4144,"rssMb":178}}
{"t":"2026-10-01T16:19:23.934Z","level":"warn","msg":"logo re-encode failed; the original is kept","taskId":"70c02998-462a-4ca5-93d3-ab4492e463b8","taskType":"discover","data":{"error":"Input buffer has corrupt header:","bytes":400}}
{"t":"2026-10-01T16:19:23.945Z","level":"info","msg":"logo captured","taskId":"70c02998-462a-4ca5-93d3-ab4492e463b8","taskType":"discover","data":{"company":"Acme Robotics","source":"site_icon","sourceUrl":"https://www.acme.example/favicon.png","bytes":400,"contentType":"image/png"}}
{"t":"2026-10-01T16:19:23.949Z","level":"info","msg":"task done","taskId":"70c02998-462a-4ca5-93d3-ab4492e463b8","taskType":"discover","data":{"id":"70c02998-462a-4ca5-93d3-ab4492e463b8","type":"discover","ms":73,"heapUsedMb":275,"heapDeltaMb":1,"heapLimitMb":4144,"rssMb":178,"rssDeltaMb":0}}
{"t":"2026-10-01T16:19:24.097Z","level":"info","msg":"source scanned","data":{"company":"acme.example","type":"greenhouse","status":"ok","postings":5,"new":0,"closed":0,"followers":1,"deferredDescriptions":0,"reusedListing":false,"claimFetchedBytes":1452,"claimRequests":3,"claimRevalidated":0,"heapUsedMb":277,"ms":139}}
{"t":"2026-10-01T16:19:24.248Z","level":"info","msg":"source scanned","data":{"company":"acme.example","type":"greenhouse","status":"ok","postings":5,"new":0,"closed":0,"followers":1,"deferredDescriptions":0,"reusedListing":false,"claimFetchedBytes":1459,"claimRequests":3,"claimRevalidated":0,"heapUsedMb":279,"ms":140}}
{"t":"2026-10-01T16:19:24.675Z","level":"info","msg":"slow database query","data":{"durationMs":415,"statement":"truncate users, companies, career_sources, discovery_runs, scan_runs, scans, jobs, job_events, decisions, tasks, setting"}}
{"t":"2026-10-01T16:19:24.767Z","level":"info","msg":"task start","taskId":"25d93647-993d-486a-8703-86eca7d2cb15","taskType":"discover","data":{"id":"25d93647-993d-486a-8703-86eca7d2cb15","type":"discover","attempt":1,"workerId":"test","commit":null,"readyWaitMs":15,"heapUsedMb":280,"heapLimitMb":4144,"rssMb":170}}
{"t":"2026-10-01T16:19:24.972Z","level":"info","msg":"discovery finished","taskId":"25d93647-993d-486a-8703-86eca7d2cb15","taskType":"discover","data":{"company":"acme.example","outcome":"resolved","fetches":3,"best":"ats_link"}}
{"t":"2026-10-01T16:19:24.980Z","level":"info","msg":"task done","taskId":"25d93647-993d-486a-8703-86eca7d2cb15","taskType":"discover","data":{"id":"25d93647-993d-486a-8703-86eca7d2cb15","type":"discover","ms":213,"heapUsedMb":283,"heapDeltaMb":3,"heapLimitMb":4144,"rssMb":169,"rssDeltaMb":-1}}
{"t":"2026-10-01T16:19:24.984Z","level":"info","msg":"task start","taskId":"4768bba3-81eb-4d3e-a9b4-41770f9e779e","taskType":"scan_company","data":{"id":"4768bba3-81eb-4d3e-a9b4-41770f9e779e","type":"scan_company","attempt":1,"workerId":"test","commit":null,"readyWaitMs":43,"heapUsedMb":283,"heapLimitMb":4144,"rssMb":169}}
{"t":"2026-10-01T16:19:25.184Z","level":"info","msg":"source scanned","taskId":"4768bba3-81eb-4d3e-a9b4-41770f9e779e","taskType":"scan_company","data":{"company":"Acme Robotics","type":"greenhouse","status":"ok","postings":5,"new":5,"closed":0,"followers":1,"deferredDescriptions":0,"reusedListing":false,"claimFetchedBytes":1452,"claimRequests":3,"claimRevalidated":0,"heapUsedMb":275,"ms":181}}
{"t":"2026-10-01T16:19:25.195Z","level":"info","msg":"task done","taskId":"4768bba3-81eb-4d3e-a9b4-41770f9e779e","taskType":"scan_company","data":{"id":"4768bba3-81eb-4d3e-a9b4-41770f9e779e","type":"scan_company","ms":211,"heapUsedMb":275,"heapDeltaMb":-8,"heapLimitMb":4144,"rssMb":154,"rssDeltaMb":-15}}
{"t":"2026-10-01T16:19:25.199Z","level":"info","msg":"task start","taskId":"db953fcd-dcf1-4f5c-977d-21b1bbdde955","taskType":"fetch_description","data":{"id":"db953fcd-dcf1-4f5c-977d-21b1bbdde955","type":"fetch_description","attempt":1,"workerId":"test","commit":null,"readyWaitMs":63,"heapUsedMb":275,"heapLimitMb":4144,"rssMb":154}}
{"t":"2026-10-01T16:19:25.230Z","level":"info","msg":"task done","taskId":"db953fcd-dcf1-4f5c-977d-21b1bbdde955","taskType":"fetch_description","data":{"id":"db953fcd-dcf1-4f5c-977d-21b1bbdde955","type":"fetch_description","ms":31,"heapUsedMb":276,"heapDeltaMb":1,"heapLimitMb":4144,"rssMb":148,"rssDeltaMb":-6}}
{"t":"2026-10-01T16:19:25.232Z","level":"info","msg":"task start","taskId":"393083f7-42b7-4df5-ad2a-c6a728afd20a","taskType":"fetch_description","data":{"id":"393083f7-42b7-4df5-ad2a-c6a728afd20a","type":"fetch_description","attempt":1,"workerId":"test","commit":null,"readyWaitMs":96,"heapUsedMb":277,"heapLimitMb":4144,"rssMb":148}}
{"t":"2026-10-01T16:19:25.276Z","level":"info","msg":"task done","taskId":"393083f7-42b7-4df5-ad2a-c6a728afd20a","taskType":"fetch_description","data":{"id":"393083f7-42b7-4df5-ad2a-c6a728afd20a","type":"fetch_description","ms":44,"heapUsedMb":278,"heapDeltaMb":1,"heapLimitMb":4144,"rssMb":147,"rssDeltaMb":-1}}
{"t":"2026-10-01T16:19:25.278Z","level":"info","msg":"task start","taskId":"70016dfe-2a91-4411-8d6a-bf5f18625bc7","taskType":"fetch_description","data":{"id":"70016dfe-2a91-4411-8d6a-bf5f18625bc7","type":"fetch_description","attempt":1,"workerId":"test","commit":null,"readyWaitMs":142,"heapUsedMb":278,"heapLimitMb":4144,"rssMb":147}}
{"t":"2026-10-01T16:19:25.323Z","level":"info","msg":"task done","taskId":"70016dfe-2a91-4411-8d6a-bf5f18625bc7","taskType":"fetch_description","data":{"id":"70016dfe-2a91-4411-8d6a-bf5f18625bc7","type":"fetch_description","ms":45,"heapUsedMb":279,"heapDeltaMb":1,"heapLimitMb":4144,"rssMb":148,"rssDeltaMb":1}}
{"t":"2026-10-01T16:19:25.326Z","level":"info","msg":"task start","taskId":"98d511d7-22b6-4ce4-82f1-4fdd695807f8","taskType":"fetch_description","data":{"id":"98d511d7-22b6-4ce4-82f1-4fdd695807f8","type":"fetch_description","attempt":1,"workerId":"test","commit":null,"readyWaitMs":190,"heapUsedMb":279,"heapLimitMb":4144,"rssMb":147}}
{"t":"2026-10-01T16:19:25.370Z","level":"info","msg":"task done","taskId":"98d511d7-22b6-4ce4-82f1-4fdd695807f8","taskType":"fetch_description","data":{"id":"98d511d7-22b6-4ce4-82f1-4fdd695807f8","type":"fetch_description","ms":44,"heapUsedMb":280,"heapDeltaMb":1,"heapLimitMb":4144,"rssMb":147,"rssDeltaMb":0}}
{"t":"2026-10-01T16:19:25.372Z","level":"info","msg":"task start","taskId":"d2085a06-1d33-4252-9e12-bca4ddbc5989","taskType":"discover","data":{"id":"d2085a06-1d33-4252-9e12-bca4ddbc5989","type":"discover","attempt":1,"workerId":"test","commit":null,"readyWaitMs":599,"heapUsedMb":280,"heapLimitMb":4144,"rssMb":147}}
{"t":"2026-10-01T16:19:25.429Z","level":"warn","msg":"logo re-encode failed; the original is kept","taskId":"d2085a06-1d33-4252-9e12-bca4ddbc5989","taskType":"discover","data":{"error":"Input buffer has corrupt header:","bytes":400}}
{"t":"2026-10-01T16:19:25.443Z","level":"info","msg":"logo captured","taskId":"d2085a06-1d33-4252-9e12-bca4ddbc5989","taskType":"discover","data":{"company":"Acme Robotics","source":"site_icon","sourceUrl":"https://www.acme.example/favicon.png","bytes":400,"contentType":"image/png"}}
{"t":"2026-10-01T16:19:25.446Z","level":"info","msg":"task done","taskId":"d2085a06-1d33-4252-9e12-bca4ddbc5989","taskType":"discover","data":{"id":"d2085a06-1d33-4252-9e12-bca4ddbc5989","type":"discover","ms":74,"heapUsedMb":281,"heapDeltaMb":1,"heapLimitMb":4144,"rssMb":146,"rssDeltaMb":-1}}
{"t":"2026-10-01T16:19:25.629Z","level":"info","msg":"source scanned","data":{"company":"acme.example","type":"greenhouse","status":"ok","postings":5,"new":0,"closed":0,"followers":1,"deferredDescriptions":0,"reusedListing":false,"claimFetchedBytes":1452,"claimRequests":3,"claimRevalidated":0,"heapUsedMb":283,"ms":173}}
{"t":"2026-10-01T16:19:25.828Z","level":"info","msg":"task start","taskId":"24004aec-d162-49d3-acdf-bda6a2c62c4d","taskType":"discover","data":{"id":"24004aec-d162-49d3-acdf-bda6a2c62c4d","type":"discover","attempt":1,"workerId":"test","commit":null,"readyWaitMs":4,"heapUsedMb":284,"heapLimitMb":4144,"rssMb":145}}
{"t":"2026-10-01T16:19:25.994Z","level":"info","msg":"discovery finished","taskId":"24004aec-d162-49d3-acdf-bda6a2c62c4d","taskType":"discover","data":{"company":"acme.example","outcome":"resolved","fetches":3,"best":"ats_link"}}
{"t":"2026-10-01T16:19:25.996Z","level":"info","msg":"task done","taskId":"24004aec-d162-49d3-acdf-bda6a2c62c4d","taskType":"discover","data":{"id":"24004aec-d162-49d3-acdf-bda6a2c62c4d","type":"discover","ms":168,"heapUsedMb":277,"heapDeltaMb":-7,"heapLimitMb":4144,"rssMb":149,"rssDeltaMb":4}}
{"t":"2026-10-01T16:19:25.997Z","level":"info","msg":"task start","taskId":"453e7bf4-428a-4eaa-829a-cda790238ce8","taskType":"scan_company","data":{"id":"453e7bf4-428a-4eaa-829a-cda790238ce8","type":"scan_company","attempt":1,"workerId":"test","commit":null,"readyWaitMs":11,"heapUsedMb":277,"heapLimitMb":4144,"rssMb":149}}
{"t":"2026-10-01T16:19:26.183Z","level":"info","msg":"source scanned","taskId":"453e7bf4-428a-4eaa-829a-cda790238ce8","taskType":"scan_company","data":{"company":"Acme Robotics","type":"greenhouse","status":"ok","postings":2,"new":2,"closed":0,"followers":1,"deferredDescriptions":2,"reusedListing":false,"claimFetchedBytes":721,"claimRequests":3,"claimRevalidated":0,"heapUsedMb":279,"ms":182}}
{"t":"2026-10-01T16:19:26.189Z","level":"info","msg":"task done","taskId":"453e7bf4-428a-4eaa-829a-cda790238ce8","taskType":"scan_company","data":{"id":"453e7bf4-428a-4eaa-829a-cda790238ce8","type":"scan_company","ms":192,"heapUsedMb":279,"heapDeltaMb":2,"heapLimitMb":4144,"rssMb":149,"rssDeltaMb":0}}
{"t":"2026-10-01T16:19:26.190Z","level":"info","msg":"task start","taskId":"d0ec445a-1fb9-4d82-af4f-8f76366a2360","taskType":"fetch_description","data":{"id":"d0ec445a-1fb9-4d82-af4f-8f76366a2360","type":"fetch_description","attempt":1,"workerId":"test","commit":null,"readyWaitMs":37,"heapUsedMb":279,"heapLimitMb":4144,"rssMb":149}}
{"t":"2026-10-01T16:19:26.200Z","level":"info","msg":"task done","taskId":"d0ec445a-1fb9-4d82-af4f-8f76366a2360","taskType":"fetch_description","data":{"id":"d0ec445a-1fb9-4d82-af4f-8f76366a2360","type":"fetch_description","ms":10,"heapUsedMb":280,"heapDeltaMb":1,"heapLimitMb":4144,"rssMb":150,"rssDeltaMb":1}}
{"t":"2026-10-01T16:19:26.201Z","level":"info","msg":"task start","taskId":"1a05ca8a-9aa4-43a8-a48a-3bb79492bbbc","taskType":"fetch_description","data":{"id":"1a05ca8a-9aa4-43a8-a48a-3bb79492bbbc","type":"fetch_description","attempt":1,"workerId":"test","commit":null,"readyWaitMs":48,"heapUsedMb":280,"heapLimitMb":4144,"rssMb":150}}
{"t":"2026-10-01T16:19:26.252Z","level":"info","msg":"task done","taskId":"1a05ca8a-9aa4-43a8-a48a-3bb79492bbbc","taskType":"fetch_description","data":{"id":"1a05ca8a-9aa4-43a8-a48a-3bb79492bbbc","type":"fetch_description","ms":51,"heapUsedMb":281,"heapDeltaMb":1,"heapLimitMb":4144,"rssMb":150,"rssDeltaMb":0}}
{"t":"2026-10-01T16:19:26.254Z","level":"info","msg":"task start","taskId":"ad1281cc-e8ed-4a09-9151-cda3c0009abb","taskType":"discover","data":{"id":"ad1281cc-e8ed-4a09-9151-cda3c0009abb","type":"discover","attempt":1,"workerId":"test","commit":null,"readyWaitMs":425,"heapUsedMb":282,"heapLimitMb":4144,"rssMb":150}}
{"t":"2026-10-01T16:19:26.308Z","level":"warn","msg":"logo re-encode failed; the original is kept","taskId":"ad1281cc-e8ed-4a09-9151-cda3c0009abb","taskType":"discover","data":{"error":"Input buffer has corrupt header:","bytes":400}}
{"t":"2026-10-01T16:19:26.317Z","level":"info","msg":"logo captured","taskId":"ad1281cc-e8ed-4a09-9151-cda3c0009abb","taskType":"discover","data":{"company":"Acme Robotics","source":"site_icon","sourceUrl":"https://www.acme.example/favicon.png","bytes":400,"contentType":"image/png"}}
{"t":"2026-10-01T16:19:26.319Z","level":"info","msg":"task done","taskId":"ad1281cc-e8ed-4a09-9151-cda3c0009abb","taskType":"discover","data":{"id":"ad1281cc-e8ed-4a09-9151-cda3c0009abb","type":"discover","ms":65,"heapUsedMb":282,"heapDeltaMb":0,"heapLimitMb":4144,"rssMb":150,"rssDeltaMb":0}}
{"t":"2026-10-01T16:19:26.491Z","level":"info","msg":"source scanned","data":{"company":"acme.example","type":"greenhouse","status":"ok","postings":3,"new":0,"closed":0,"followers":1,"deferredDescriptions":0,"reusedListing":false,"claimFetchedBytes":977,"claimRequests":3,"claimRevalidated":0,"heapUsedMb":278,"ms":160}}
{"t":"2026-10-01T16:19:26.899Z","level":"info","msg":"slow database query","data":{"durationMs":397,"statement":"truncate users, companies, career_sources, discovery_runs, scan_runs, scans, jobs, job_events, decisions, tasks, setting"}}
{"t":"2026-10-01T16:19:27.170Z","level":"info","msg":"source scanned","data":{"company":"Pager","type":"jsonld","status":"ok","postings":300,"new":300,"closed":0,"followers":1,"deferredDescriptions":0,"reusedListing":false,"claimFetchedBytes":702010,"claimRequests":1,"claimRevalidated":0,"heapUsedMb":288,"ms":227}}
{"t":"2026-10-01T16:19:27.191Z","level":"info","msg":"http revalidated","data":{"host":"pager.example","durationMs":0,"bytes":0,"validatorOnly":true}}
{"t":"2026-10-01T16:19:27.307Z","level":"info","msg":"source scanned","data":{"company":"Pager","type":"jsonld","status":"ok","postings":300,"new":0,"closed":0,"followers":1,"deferredDescriptions":0,"reusedListing":true,"claimFetchedBytes":0,"claimRequests":1,"claimRevalidated":1,"heapUsedMb":292,"ms":117}}
{"t":"2026-10-01T16:19:27.687Z","level":"info","msg":"source scanned","data":{"company":"Acme Robotics","type":"greenhouse","status":"ok","postings":5,"new":5,"closed":0,"followers":1,"deferredDescriptions":0,"reusedListing":false,"claimFetchedBytes":1452,"claimRequests":3,"claimRevalidated":0,"heapUsedMb":297,"ms":120}}
{"t":"2026-10-01T16:19:28.274Z","level":"info","msg":"source scanned","data":{"company":"Pager","type":"html","status":"ok","postings":200,"new":200,"closed":0,"followers":1,"deferredDescriptions":0,"reusedListing":false,"claimFetchedBytes":14848,"claimRequests":1,"claimRevalidated":0,"heapUsedMb":305,"ms":150}}
{"t":"2026-10-01T16:19:35.825Z","level":"info","msg":"source scanned","data":{"company":"Pager","type":"html","status":"partial","postings":199,"new":0,"closed":0,"followers":1,"deferredDescriptions":0,"reusedListing":false,"claimFetchedBytes":161281,"claimRequests":150,"claimRevalidated":0,"heapUsedMb":315,"ms":7524}}
{"t":"2026-10-01T16:19:36.003Z","level":"info","msg":"task start","taskId":"feb1db2b-20ac-4b82-b83a-6f1dd2a1d803","taskType":"discover","data":{"id":"feb1db2b-20ac-4b82-b83a-6f1dd2a1d803","type":"discover","attempt":1,"workerId":"test","commit":null,"readyWaitMs":5,"heapUsedMb":308,"heapLimitMb":4144,"rssMb":171}}
{"t":"2026-10-01T16:19:36.167Z","level":"info","msg":"discovery finished","taskId":"feb1db2b-20ac-4b82-b83a-6f1dd2a1d803","taskType":"discover","data":{"company":"acme.example","outcome":"resolved","fetches":3,"best":"ats_link"}}
{"t":"2026-10-01T16:19:36.168Z","level":"info","msg":"task done","taskId":"feb1db2b-20ac-4b82-b83a-6f1dd2a1d803","taskType":"discover","data":{"id":"feb1db2b-20ac-4b82-b83a-6f1dd2a1d803","type":"discover","ms":165,"heapUsedMb":311,"heapDeltaMb":3,"heapLimitMb":4144,"rssMb":174,"rssDeltaMb":3}}
{"t":"2026-10-01T16:19:36.170Z","level":"info","msg":"task start","taskId":"3d58700f-0098-4bab-a8bd-0e1be40bef04","taskType":"scan_company","data":{"id":"3d58700f-0098-4bab-a8bd-0e1be40bef04","type":"scan_company","attempt":1,"workerId":"test","commit":null,"readyWaitMs":10,"heapUsedMb":311,"heapLimitMb":4144,"rssMb":174}}
{"t":"2026-10-01T16:19:36.344Z","level":"info","msg":"source scanned","taskId":"3d58700f-0098-4bab-a8bd-0e1be40bef04","taskType":"scan_company","data":{"company":"Acme Robotics","type":"greenhouse","status":"ok","postings":5,"new":5,"closed":0,"followers":1,"deferredDescriptions":0,"reusedListing":false,"claimFetchedBytes":1452,"claimRequests":3,"claimRevalidated":0,"heapUsedMb":314,"ms":171}}
{"t":"2026-10-01T16:19:36.351Z","level":"info","msg":"task done","taskId":"3d58700f-0098-4bab-a8bd-0e1be40bef04","taskType":"scan_company","data":{"id":"3d58700f-0098-4bab-a8bd-0e1be40bef04","type":"scan_company","ms":181,"heapUsedMb":314,"heapDeltaMb":3,"heapLimitMb":4144,"rssMb":174,"rssDeltaMb":0}}
{"t":"2026-10-01T16:19:36.354Z","level":"info","msg":"task start","taskId":"097a2dbf-c2c1-4525-82e2-8ef208de5207","taskType":"fetch_description","data":{"id":"097a2dbf-c2c1-4525-82e2-8ef208de5207","type":"fetch_description","attempt":1,"workerId":"test","commit":null,"readyWaitMs":25,"heapUsedMb":314,"heapLimitMb":4144,"rssMb":174}}
{"t":"2026-10-01T16:19:36.369Z","level":"info","msg":"task done","taskId":"097a2dbf-c2c1-4525-82e2-8ef208de5207","taskType":"fetch_description","data":{"id":"097a2dbf-c2c1-4525-82e2-8ef208de5207","type":"fetch_description","ms":15,"heapUsedMb":316,"heapDeltaMb":2,"heapLimitMb":4144,"rssMb":174,"rssDeltaMb":0}}
{"t":"2026-10-01T16:19:36.371Z","level":"info","msg":"task start","taskId":"354c8cf4-4fb2-4a5c-860e-a051da6d5c20","taskType":"fetch_description","data":{"id":"354c8cf4-4fb2-4a5c-860e-a051da6d5c20","type":"fetch_description","attempt":1,"workerId":"test","commit":null,"readyWaitMs":42,"heapUsedMb":316,"heapLimitMb":4144,"rssMb":174}}
{"t":"2026-10-01T16:19:36.418Z","level":"info","msg":"task done","taskId":"354c8cf4-4fb2-4a5c-860e-a051da6d5c20","taskType":"fetch_description","data":{"id":"354c8cf4-4fb2-4a5c-860e-a051da6d5c20","type":"fetch_description","ms":47,"heapUsedMb":317,"heapDeltaMb":1,"heapLimitMb":4144,"rssMb":174,"rssDeltaMb":0}}
{"t":"2026-10-01T16:19:36.419Z","level":"info","msg":"task start","taskId":"336b8f78-3632-45a3-aa72-3460eab738ce","taskType":"fetch_description","data":{"id":"336b8f78-3632-45a3-aa72-3460eab738ce","type":"fetch_description","attempt":1,"workerId":"test","commit":null,"readyWaitMs":90,"heapUsedMb":317,"heapLimitMb":4144,"rssMb":174}}
{"t":"2026-10-01T16:19:36.467Z","level":"info","msg":"task done","taskId":"336b8f78-3632-45a3-aa72-3460eab738ce","taskType":"fetch_description","data":{"id":"336b8f78-3632-45a3-aa72-3460eab738ce","type":"fetch_description","ms":48,"heapUsedMb":318,"heapDeltaMb":1,"heapLimitMb":4144,"rssMb":174,"rssDeltaMb":0}}
{"t":"2026-10-01T16:19:36.469Z","level":"info","msg":"task start","taskId":"f3d0b1df-d8ca-45b9-9998-60985c637d47","taskType":"fetch_description","data":{"id":"f3d0b1df-d8ca-45b9-9998-60985c637d47","type":"fetch_description","attempt":1,"workerId":"test","commit":null,"readyWaitMs":140,"heapUsedMb":318,"heapLimitMb":4144,"rssMb":174}}
{"t":"2026-10-01T16:19:36.524Z","level":"info","msg":"task done","taskId":"f3d0b1df-d8ca-45b9-9998-60985c637d47","taskType":"fetch_description","data":{"id":"f3d0b1df-d8ca-45b9-9998-60985c637d47","type":"fetch_description","ms":55,"heapUsedMb":309,"heapDeltaMb":-9,"heapLimitMb":4144,"rssMb":176,"rssDeltaMb":2}}
{"t":"2026-10-01T16:19:36.526Z","level":"info","msg":"task start","taskId":"0f7e271e-01dc-426b-8bdd-9afdeeaaa4b4","taskType":"discover","data":{"id":"0f7e271e-01dc-426b-8bdd-9afdeeaaa4b4","type":"discover","attempt":1,"workerId":"test","commit":null,"readyWaitMs":522,"heapUsedMb":309,"heapLimitMb":4144,"rssMb":176}}
{"t":"2026-10-01T16:19:36.581Z","level":"warn","msg":"logo re-encode failed; the original is kept","taskId":"0f7e271e-01dc-426b-8bdd-9afdeeaaa4b4","taskType":"discover","data":{"error":"Input buffer has corrupt header:","bytes":400}}
{"t":"2026-10-01T16:19:36.589Z","level":"info","msg":"logo captured","taskId":"0f7e271e-01dc-426b-8bdd-9afdeeaaa4b4","taskType":"discover","data":{"company":"Acme Robotics","source":"site_icon","sourceUrl":"https://www.acme.example/favicon.png","bytes":400,"contentType":"image/png"}}
{"t":"2026-10-01T16:19:36.591Z","level":"info","msg":"task done","taskId":"0f7e271e-01dc-426b-8bdd-9afdeeaaa4b4","taskType":"discover","data":{"id":"0f7e271e-01dc-426b-8bdd-9afdeeaaa4b4","type":"discover","ms":65,"heapUsedMb":310,"heapDeltaMb":1,"heapLimitMb":4144,"rssMb":178,"rssDeltaMb":2}}
{"t":"2026-10-01T16:19:36.954Z","level":"info","msg":"task start","taskId":"5e529318-02a3-471a-8015-66ebe87a5f69","taskType":"discover","data":{"id":"5e529318-02a3-471a-8015-66ebe87a5f69","type":"discover","attempt":1,"workerId":"test","commit":null,"readyWaitMs":4,"heapUsedMb":313,"heapLimitMb":4144,"rssMb":182}}
{"t":"2026-10-01T16:19:37.122Z","level":"info","msg":"discovery finished","taskId":"5e529318-02a3-471a-8015-66ebe87a5f69","taskType":"discover","data":{"company":"acme.example","outcome":"resolved","fetches":3,"best":"ats_link"}}
{"t":"2026-10-01T16:19:37.125Z","level":"info","msg":"task done","taskId":"5e529318-02a3-471a-8015-66ebe87a5f69","taskType":"discover","data":{"id":"5e529318-02a3-471a-8015-66ebe87a5f69","type":"discover","ms":171,"heapUsedMb":316,"heapDeltaMb":3,"heapLimitMb":4144,"rssMb":182,"rssDeltaMb":0}}
{"t":"2026-10-01T16:19:37.127Z","level":"info","msg":"task start","taskId":"a1a9d88b-b109-4506-a268-fd915be060b3","taskType":"scan_company","data":{"id":"a1a9d88b-b109-4506-a268-fd915be060b3","type":"scan_company","attempt":1,"workerId":"test","commit":null,"readyWaitMs":15,"heapUsedMb":316,"heapLimitMb":4144,"rssMb":182}}
{"t":"2026-10-01T16:19:37.293Z","level":"info","msg":"source scanned","taskId":"a1a9d88b-b109-4506-a268-fd915be060b3","taskType":"scan_company","data":{"company":"Acme Robotics","type":"greenhouse","status":"ok","postings":5,"new":5,"closed":0,"followers":1,"deferredDescriptions":0,"reusedListing":false,"claimFetchedBytes":1452,"claimRequests":3,"claimRevalidated":0,"heapUsedMb":318,"ms":158}}
{"t":"2026-10-01T16:19:37.298Z","level":"info","msg":"task done","taskId":"a1a9d88b-b109-4506-a268-fd915be060b3","taskType":"scan_company","data":{"id":"a1a9d88b-b109-4506-a268-fd915be060b3","type":"scan_company","ms":171,"heapUsedMb":319,"heapDeltaMb":3,"heapLimitMb":4144,"rssMb":182,"rssDeltaMb":0}}
{"t":"2026-10-01T16:19:37.300Z","level":"info","msg":"task start","taskId":"b0266e9a-b7c6-4247-81e8-6216beabd057","taskType":"fetch_description","data":{"id":"b0266e9a-b7c6-4247-81e8-6216beabd057","type":"fetch_description","attempt":1,"workerId":"test","commit":null,"readyWaitMs":23,"heapUsedMb":319,"heapLimitMb":4144,"rssMb":182}}
{"t":"2026-10-01T16:19:37.326Z","level":"info","msg":"task done","taskId":"b0266e9a-b7c6-4247-81e8-6216beabd057","taskType":"fetch_description","data":{"id":"b0266e9a-b7c6-4247-81e8-6216beabd057","type":"fetch_description","ms":26,"heapUsedMb":320,"heapDeltaMb":1,"heapLimitMb":4144,"rssMb":182,"rssDeltaMb":0}}
{"t":"2026-10-01T16:19:37.327Z","level":"info","msg":"task start","taskId":"7eb67f9e-e8c3-4550-9419-3e66a3e876cb","taskType":"fetch_description","data":{"id":"7eb67f9e-e8c3-4550-9419-3e66a3e876cb","type":"fetch_description","attempt":1,"workerId":"test","commit":null,"readyWaitMs":50,"heapUsedMb":320,"heapLimitMb":4144,"rssMb":182}}
{"t":"2026-10-01T16:19:37.382Z","level":"info","msg":"task done","taskId":"7eb67f9e-e8c3-4550-9419-3e66a3e876cb","taskType":"fetch_description","data":{"id":"7eb67f9e-e8c3-4550-9419-3e66a3e876cb","type":"fetch_description","ms":55,"heapUsedMb":321,"heapDeltaMb":1,"heapLimitMb":4144,"rssMb":183,"rssDeltaMb":1}}
{"t":"2026-10-01T16:19:37.384Z","level":"info","msg":"task start","taskId":"8ce495bb-1837-4dd6-8527-80431d0b9920","taskType":"fetch_description","data":{"id":"8ce495bb-1837-4dd6-8527-80431d0b9920","type":"fetch_description","attempt":1,"workerId":"test","commit":null,"readyWaitMs":107,"heapUsedMb":321,"heapLimitMb":4144,"rssMb":183}}
{"t":"2026-10-01T16:19:37.422Z","level":"info","msg":"task done","taskId":"8ce495bb-1837-4dd6-8527-80431d0b9920","taskType":"fetch_description","data":{"id":"8ce495bb-1837-4dd6-8527-80431d0b9920","type":"fetch_description","ms":38,"heapUsedMb":322,"heapDeltaMb":1,"heapLimitMb":4144,"rssMb":183,"rssDeltaMb":0}}
{"t":"2026-10-01T16:19:37.423Z","level":"info","msg":"task start","taskId":"b76c7be8-4f8c-4cc1-acef-139f93d23f19","taskType":"fetch_description","data":{"id":"b76c7be8-4f8c-4cc1-acef-139f93d23f19","type":"fetch_description","attempt":1,"workerId":"test","commit":null,"readyWaitMs":146,"heapUsedMb":322,"heapLimitMb":4144,"rssMb":183}}
{"t":"2026-10-01T16:19:37.472Z","level":"info","msg":"task done","taskId":"b76c7be8-4f8c-4cc1-acef-139f93d23f19","taskType":"fetch_description","data":{"id":"b76c7be8-4f8c-4cc1-acef-139f93d23f19","type":"fetch_description","ms":49,"heapUsedMb":323,"heapDeltaMb":1,"heapLimitMb":4144,"rssMb":183,"rssDeltaMb":0}}
{"t":"2026-10-01T16:19:37.473Z","level":"info","msg":"task start","taskId":"ab4af11f-1231-4987-ac42-e169a4ff8f57","taskType":"discover","data":{"id":"ab4af11f-1231-4987-ac42-e169a4ff8f57","type":"discover","attempt":1,"workerId":"test","commit":null,"readyWaitMs":519,"heapUsedMb":324,"heapLimitMb":4144,"rssMb":183}}
{"t":"2026-10-01T16:19:37.526Z","level":"warn","msg":"logo re-encode failed; the original is kept","taskId":"ab4af11f-1231-4987-ac42-e169a4ff8f57","taskType":"discover","data":{"error":"Input buffer has corrupt header:","bytes":400}}
{"t":"2026-10-01T16:19:37.531Z","level":"info","msg":"logo captured","taskId":"ab4af11f-1231-4987-ac42-e169a4ff8f57","taskType":"discover","data":{"company":"Acme Robotics","source":"site_icon","sourceUrl":"https://www.acme.example/favicon.png","bytes":400,"contentType":"image/png"}}
{"t":"2026-10-01T16:19:37.533Z","level":"info","msg":"task done","taskId":"ab4af11f-1231-4987-ac42-e169a4ff8f57","taskType":"discover","data":{"id":"ab4af11f-1231-4987-ac42-e169a4ff8f57","type":"discover","ms":60,"heapUsedMb":314,"heapDeltaMb":-10,"heapLimitMb":4144,"rssMb":184,"rssDeltaMb":1}}
{"t":"2026-10-01T16:19:37.752Z","level":"warn","msg":"model description anchors not found on the page; kept the page's own text","data":{"jobId":"39cd359e-4ba4-42a8-bfa9-f8840b440e5a","url":"https://www.acme.example/jobs/other"}}
{"t":"2026-10-01T16:19:38.065Z","level":"info","msg":"task start","taskId":"fdfc44db-1456-4cd7-a59a-a70be70f0c9b","taskType":"discover","data":{"id":"fdfc44db-1456-4cd7-a59a-a70be70f0c9b","type":"discover","attempt":1,"workerId":"test","commit":null,"readyWaitMs":5,"heapUsedMb":320,"heapLimitMb":4144,"rssMb":185}}
{"t":"2026-10-01T16:19:38.237Z","level":"info","msg":"discovery finished","taskId":"fdfc44db-1456-4cd7-a59a-a70be70f0c9b","taskType":"discover","data":{"company":"acme.example","outcome":"resolved","fetches":3,"best":"ats_link"}}
{"t":"2026-10-01T16:19:38.239Z","level":"info","msg":"task done","taskId":"fdfc44db-1456-4cd7-a59a-a70be70f0c9b","taskType":"discover","data":{"id":"fdfc44db-1456-4cd7-a59a-a70be70f0c9b","type":"discover","ms":174,"heapUsedMb":323,"heapDeltaMb":3,"heapLimitMb":4144,"rssMb":185,"rssDeltaMb":0}}
{"t":"2026-10-01T16:19:38.240Z","level":"info","msg":"task start","taskId":"0df5a4c5-f16f-4f2d-a5a9-b88367b0e897","taskType":"scan_company","data":{"id":"0df5a4c5-f16f-4f2d-a5a9-b88367b0e897","type":"scan_company","attempt":1,"workerId":"test","commit":null,"readyWaitMs":12,"heapUsedMb":323,"heapLimitMb":4144,"rssMb":185}}
{"t":"2026-10-01T16:19:38.402Z","level":"info","msg":"source scanned","taskId":"0df5a4c5-f16f-4f2d-a5a9-b88367b0e897","taskType":"scan_company","data":{"company":"Acme Robotics","type":"greenhouse","status":"ok","postings":5,"new":5,"closed":0,"followers":1,"deferredDescriptions":0,"reusedListing":false,"claimFetchedBytes":1452,"claimRequests":3,"claimRevalidated":0,"heapUsedMb":315,"ms":157}}
{"t":"2026-10-01T16:19:38.409Z","level":"info","msg":"task done","taskId":"0df5a4c5-f16f-4f2d-a5a9-b88367b0e897","taskType":"scan_company","data":{"id":"0df5a4c5-f16f-4f2d-a5a9-b88367b0e897","type":"scan_company","ms":169,"heapUsedMb":316,"heapDeltaMb":-7,"heapLimitMb":4144,"rssMb":186,"rssDeltaMb":1}}
{"t":"2026-10-01T16:19:38.411Z","level":"info","msg":"task start","taskId":"17a5ca51-8e3b-4789-917d-e87e5888509f","taskType":"fetch_description","data":{"id":"17a5ca51-8e3b-4789-917d-e87e5888509f","type":"fetch_description","attempt":1,"workerId":"test","commit":null,"readyWaitMs":27,"heapUsedMb":316,"heapLimitMb":4144,"rssMb":186}}
{"t":"2026-10-01T16:19:38.442Z","level":"info","msg":"task done","taskId":"17a5ca51-8e3b-4789-917d-e87e5888509f","taskType":"fetch_description","data":{"id":"17a5ca51-8e3b-4789-917d-e87e5888509f","type":"fetch_description","ms":30,"heapUsedMb":317,"heapDeltaMb":1,"heapLimitMb":4144,"rssMb":186,"rssDeltaMb":0}}
{"t":"2026-10-01T16:19:38.443Z","level":"info","msg":"task start","taskId":"6fb6e180-46e6-4d5e-90b2-b93aef3f382e","taskType":"fetch_description","data":{"id":"6fb6e180-46e6-4d5e-90b2-b93aef3f382e","type":"fetch_description","attempt":1,"workerId":"test","commit":null,"readyWaitMs":59,"heapUsedMb":317,"heapLimitMb":4144,"rssMb":186}}
{"t":"2026-10-01T16:19:38.502Z","level":"info","msg":"task done","taskId":"6fb6e180-46e6-4d5e-90b2-b93aef3f382e","taskType":"fetch_description","data":{"id":"6fb6e180-46e6-4d5e-90b2-b93aef3f382e","type":"fetch_description","ms":59,"heapUsedMb":318,"heapDeltaMb":1,"heapLimitMb":4144,"rssMb":186,"rssDeltaMb":0}}
{"t":"2026-10-01T16:19:38.503Z","level":"info","msg":"task start","taskId":"53716c4a-88d8-4e35-8392-371834423630","taskType":"fetch_description","data":{"id":"53716c4a-88d8-4e35-8392-371834423630","type":"fetch_description","attempt":1,"workerId":"test","commit":null,"readyWaitMs":119,"heapUsedMb":318,"heapLimitMb":4144,"rssMb":186}}
{"t":"2026-10-01T16:19:38.539Z","level":"info","msg":"task done","taskId":"53716c4a-88d8-4e35-8392-371834423630","taskType":"fetch_description","data":{"id":"53716c4a-88d8-4e35-8392-371834423630","type":"fetch_description","ms":36,"heapUsedMb":319,"heapDeltaMb":1,"heapLimitMb":4144,"rssMb":186,"rssDeltaMb":0}}
{"t":"2026-10-01T16:19:38.540Z","level":"info","msg":"task start","taskId":"daad0eab-71b5-4789-9eab-238784e704d4","taskType":"fetch_description","data":{"id":"daad0eab-71b5-4789-9eab-238784e704d4","type":"fetch_description","attempt":1,"workerId":"test","commit":null,"readyWaitMs":156,"heapUsedMb":319,"heapLimitMb":4144,"rssMb":186}}
{"t":"2026-10-01T16:19:38.585Z","level":"info","msg":"task done","taskId":"daad0eab-71b5-4789-9eab-238784e704d4","taskType":"fetch_description","data":{"id":"daad0eab-71b5-4789-9eab-238784e704d4","type":"fetch_description","ms":45,"heapUsedMb":320,"heapDeltaMb":1,"heapLimitMb":4144,"rssMb":186,"rssDeltaMb":0}}
{"t":"2026-10-01T16:19:38.586Z","level":"info","msg":"task start","taskId":"13967ee1-7b68-4519-afa7-bb20b035c67b","taskType":"discover","data":{"id":"13967ee1-7b68-4519-afa7-bb20b035c67b","type":"discover","attempt":1,"workerId":"test","commit":null,"readyWaitMs":521,"heapUsedMb":320,"heapLimitMb":4144,"rssMb":186}}
{"t":"2026-10-01T16:19:38.639Z","level":"warn","msg":"logo re-encode failed; the original is kept","taskId":"13967ee1-7b68-4519-afa7-bb20b035c67b","taskType":"discover","data":{"error":"Input buffer has corrupt header:","bytes":400}}
{"t":"2026-10-01T16:19:38.643Z","level":"info","msg":"logo captured","taskId":"13967ee1-7b68-4519-afa7-bb20b035c67b","taskType":"discover","data":{"company":"Acme Robotics","source":"site_icon","sourceUrl":"https://www.acme.example/favicon.png","bytes":400,"contentType":"image/png"}}
{"t":"2026-10-01T16:19:38.644Z","level":"info","msg":"task done","taskId":"13967ee1-7b68-4519-afa7-bb20b035c67b","taskType":"discover","data":{"id":"13967ee1-7b68-4519-afa7-bb20b035c67b","type":"discover","ms":58,"heapUsedMb":321,"heapDeltaMb":1,"heapLimitMb":4144,"rssMb":186,"rssDeltaMb":0}}
{"t":"2026-10-01T16:19:38.650Z","level":"info","msg":"task start","taskId":"dd707f16-71d1-4aff-9215-996ec47aa91e","taskType":"scan_company","data":{"id":"dd707f16-71d1-4aff-9215-996ec47aa91e","type":"scan_company","attempt":1,"workerId":"test","commit":null,"readyWaitMs":3,"heapUsedMb":322,"heapLimitMb":4144,"rssMb":186}}
{"t":"2026-10-01T16:19:38.655Z","level":"info","msg":"host busy: source scan deferred","taskId":"dd707f16-71d1-4aff-9215-996ec47aa91e","taskType":"scan_company","data":{"company":"Acme Robotics","url":"https://job-boards.greenhouse.io/acme","host":"boards-api.greenhouse.io","retryAt":"2026-10-01T17:19:38.648Z"}}
{"t":"2026-10-01T16:19:38.656Z","level":"info","msg":"host busy: sources put back","taskId":"dd707f16-71d1-4aff-9215-996ec47aa91e","taskType":"scan_company","data":{"company":"Acme Robotics","sources":1,"retryAt":"2026-10-01T17:19:38.648Z"}}
{"t":"2026-10-01T16:19:38.658Z","level":"info","msg":"task done","taskId":"dd707f16-71d1-4aff-9215-996ec47aa91e","taskType":"scan_company","data":{"id":"dd707f16-71d1-4aff-9215-996ec47aa91e","type":"scan_company","ms":8,"heapUsedMb":323,"heapDeltaMb":1,"heapLimitMb":4144,"rssMb":187,"rssDeltaMb":1}}
{"t":"2026-10-01T16:19:38.663Z","level":"info","msg":"task start","taskId":"ae62c03b-3bf5-4ba2-8db9-794d53966784","taskType":"scan_company","data":{"id":"ae62c03b-3bf5-4ba2-8db9-794d53966784","type":"scan_company","attempt":1,"workerId":"test","commit":null,"readyWaitMs":2,"heapUsedMb":323,"heapLimitMb":4144,"rssMb":187}}
{"t":"2026-10-01T16:19:38.795Z","level":"info","msg":"source scanned","taskId":"ae62c03b-3bf5-4ba2-8db9-794d53966784","taskType":"scan_company","data":{"company":"Acme Robotics","type":"greenhouse","status":"ok","postings":5,"new":0,"closed":0,"followers":1,"deferredDescriptions":0,"reusedListing":false,"claimFetchedBytes":1452,"claimRequests":3,"claimRevalidated":0,"heapUsedMb":325,"ms":129}}
{"t":"2026-10-01T16:19:38.802Z","level":"info","msg":"task done","taskId":"ae62c03b-3bf5-4ba2-8db9-794d53966784","taskType":"scan_company","data":{"id":"ae62c03b-3bf5-4ba2-8db9-794d53966784","type":"scan_company","ms":139,"heapUsedMb":326,"heapDeltaMb":3,"heapLimitMb":4144,"rssMb":187,"rssDeltaMb":0}}
{"t":"2026-10-01T16:19:38.994Z","level":"info","msg":"task start","taskId":"3e1d813e-b536-47c5-a7a6-00acd53827db","taskType":"discover","data":{"id":"3e1d813e-b536-47c5-a7a6-00acd53827db","type":"discover","attempt":1,"workerId":"test","commit":null,"readyWaitMs":6,"heapUsedMb":327,"heapLimitMb":4144,"rssMb":187}}
{"t":"2026-10-01T16:19:39.164Z","level":"info","msg":"discovery finished","taskId":"3e1d813e-b536-47c5-a7a6-00acd53827db","taskType":"discover","data":{"company":"acme.example","outcome":"resolved","fetches":3,"best":"ats_link"}}
{"t":"2026-10-01T16:19:39.167Z","level":"info","msg":"task done","taskId":"3e1d813e-b536-47c5-a7a6-00acd53827db","taskType":"discover","data":{"id":"3e1d813e-b536-47c5-a7a6-00acd53827db","type":"discover","ms":173,"heapUsedMb":319,"heapDeltaMb":-8,"heapLimitMb":4144,"rssMb":188,"rssDeltaMb":1}}
{"t":"2026-10-01T16:19:39.169Z","level":"info","msg":"task start","taskId":"190d0c0a-1e48-49f0-861c-3c76881f310d","taskType":"scan_company","data":{"id":"190d0c0a-1e48-49f0-861c-3c76881f310d","type":"scan_company","attempt":1,"workerId":"test","commit":null,"readyWaitMs":13,"heapUsedMb":319,"heapLimitMb":4144,"rssMb":188}}
{"t":"2026-10-01T16:19:39.334Z","level":"info","msg":"source scanned","taskId":"190d0c0a-1e48-49f0-861c-3c76881f310d","taskType":"scan_company","data":{"company":"Acme Robotics","type":"greenhouse","status":"ok","postings":5,"new":5,"closed":0,"followers":1,"deferredDescriptions":0,"reusedListing":false,"claimFetchedBytes":1452,"claimRequests":3,"claimRevalidated":0,"heapUsedMb":321,"ms":159}}
{"t":"2026-10-01T16:19:39.340Z","level":"info","msg":"task done","taskId":"190d0c0a-1e48-49f0-861c-3c76881f310d","taskType":"scan_company","data":{"id":"190d0c0a-1e48-49f0-861c-3c76881f310d","type":"scan_company","ms":171,"heapUsedMb":322,"heapDeltaMb":3,"heapLimitMb":4144,"rssMb":188,"rssDeltaMb":0}}
{"t":"2026-10-01T16:19:39.342Z","level":"info","msg":"task start","taskId":"d42f5305-1a90-461b-85b6-13673fd62188","taskType":"fetch_description","data":{"id":"d42f5305-1a90-461b-85b6-13673fd62188","type":"fetch_description","attempt":1,"workerId":"test","commit":null,"readyWaitMs":25,"heapUsedMb":322,"heapLimitMb":4144,"rssMb":188}}
{"t":"2026-10-01T16:19:39.365Z","level":"info","msg":"task done","taskId":"d42f5305-1a90-461b-85b6-13673fd62188","taskType":"fetch_description","data":{"id":"d42f5305-1a90-461b-85b6-13673fd62188","type":"fetch_description","ms":23,"heapUsedMb":323,"heapDeltaMb":1,"heapLimitMb":4144,"rssMb":188,"rssDeltaMb":0}}
{"t":"2026-10-01T16:19:39.366Z","level":"info","msg":"task start","taskId":"938bd1d1-c5f8-41f8-9ab1-b20b49d108f0","taskType":"fetch_description","data":{"id":"938bd1d1-c5f8-41f8-9ab1-b20b49d108f0","type":"fetch_description","attempt":1,"workerId":"test","commit":null,"readyWaitMs":49,"heapUsedMb":323,"heapLimitMb":4144,"rssMb":188}}
{"t":"2026-10-01T16:19:39.416Z","level":"info","msg":"task done","taskId":"938bd1d1-c5f8-41f8-9ab1-b20b49d108f0","taskType":"fetch_description","data":{"id":"938bd1d1-c5f8-41f8-9ab1-b20b49d108f0","type":"fetch_description","ms":50,"heapUsedMb":324,"heapDeltaMb":1,"heapLimitMb":4144,"rssMb":189,"rssDeltaMb":1}}
{"t":"2026-10-01T16:19:39.417Z","level":"info","msg":"task start","taskId":"3ee79d87-ee84-4d91-bf47-ff1eb482c92e","taskType":"fetch_description","data":{"id":"3ee79d87-ee84-4d91-bf47-ff1eb482c92e","type":"fetch_description","attempt":1,"workerId":"test","commit":null,"readyWaitMs":100,"heapUsedMb":324,"heapLimitMb":4144,"rssMb":189}}
{"t":"2026-10-01T16:19:39.468Z","level":"info","msg":"task done","taskId":"3ee79d87-ee84-4d91-bf47-ff1eb482c92e","taskType":"fetch_description","data":{"id":"3ee79d87-ee84-4d91-bf47-ff1eb482c92e","type":"fetch_description","ms":51,"heapUsedMb":325,"heapDeltaMb":1,"heapLimitMb":4144,"rssMb":189,"rssDeltaMb":0}}
{"t":"2026-10-01T16:19:39.469Z","level":"info","msg":"task start","taskId":"3ee0abf0-cda1-4a7a-9452-61aead191045","taskType":"fetch_description","data":{"id":"3ee0abf0-cda1-4a7a-9452-61aead191045","type":"fetch_description","attempt":1,"workerId":"test","commit":null,"readyWaitMs":152,"heapUsedMb":325,"heapLimitMb":4144,"rssMb":189}}
{"t":"2026-10-01T16:19:39.517Z","level":"info","msg":"task done","taskId":"3ee0abf0-cda1-4a7a-9452-61aead191045","taskType":"fetch_description","data":{"id":"3ee0abf0-cda1-4a7a-9452-61aead191045","type":"fetch_description","ms":48,"heapUsedMb":326,"heapDeltaMb":1,"heapLimitMb":4144,"rssMb":189,"rssDeltaMb":0}}
{"t":"2026-10-01T16:19:39.518Z","level":"info","msg":"task start","taskId":"a9289b4d-12b8-4a84-9781-6f619f8c6835","taskType":"discover","data":{"id":"a9289b4d-12b8-4a84-9781-6f619f8c6835","type":"discover","attempt":1,"workerId":"test","commit":null,"readyWaitMs":523,"heapUsedMb":327,"heapLimitMb":4144,"rssMb":189}}
{"t":"2026-10-01T16:19:39.572Z","level":"warn","msg":"logo re-encode failed; the original is kept","taskId":"a9289b4d-12b8-4a84-9781-6f619f8c6835","taskType":"discover","data":{"error":"Input buffer has corrupt header:","bytes":400}}
{"t":"2026-10-01T16:19:39.578Z","level":"info","msg":"logo captured","taskId":"a9289b4d-12b8-4a84-9781-6f619f8c6835","taskType":"discover","data":{"company":"Acme Robotics","source":"site_icon","sourceUrl":"https://www.acme.example/favicon.png","bytes":400,"contentType":"image/png"}}
{"t":"2026-10-01T16:19:39.580Z","level":"info","msg":"task done","taskId":"a9289b4d-12b8-4a84-9781-6f619f8c6835","taskType":"discover","data":{"id":"a9289b4d-12b8-4a84-9781-6f619f8c6835","type":"discover","ms":62,"heapUsedMb":327,"heapDeltaMb":0,"heapLimitMb":4144,"rssMb":189,"rssDeltaMb":0}}
{"t":"2026-10-01T16:19:39.589Z","level":"info","msg":"source scanned","data":{"company":"acme.example","type":"greenhouse","status":"failed","postings":0,"new":0,"closed":0,"followers":1,"deferredDescriptions":0,"reusedListing":false,"claimFetchedBytes":0,"claimRequests":1,"claimRevalidated":0,"heapUsedMb":329,"ms":7}}
{"t":"2026-10-01T16:19:49.652Z","level":"info","msg":"source scanned","data":{"company":"Acme","type":"workday","status":"ok","postings":3500,"new":3500,"closed":0,"followers":1,"deferredDescriptions":0,"reusedListing":false,"claimFetchedBytes":582920,"claimRequests":175,"claimRevalidated":0,"heapUsedMb":144,"ms":9910}}
{"t":"2026-10-01T16:19:59.822Z","level":"info","msg":"source scanned","data":{"company":"Acme","type":"workday","status":"ok","postings":3499,"new":0,"closed":0,"followers":1,"deferredDescriptions":0,"reusedListing":false,"claimFetchedBytes":582754,"claimRequests":175,"claimRevalidated":0,"heapUsedMb":136,"ms":10147}}
{"t":"2026-10-01T16:20:09.925Z","level":"info","msg":"source scanned","data":{"company":"Acme","type":"workday","status":"ok","postings":3499,"new":0,"closed":1,"followers":1,"deferredDescriptions":0,"reusedListing":false,"claimFetchedBytes":582754,"claimRequests":175,"claimRevalidated":0,"heapUsedMb":109,"ms":10090}}
{"t":"2026-10-01T16:20:10.174Z","level":"info","msg":"task start","taskId":"d47174d8-d2c7-4130-811a-d7931f948c60","taskType":"discover","data":{"id":"d47174d8-d2c7-4130-811a-d7931f948c60","type":"discover","attempt":1,"workerId":"test","commit":null,"readyWaitMs":9,"heapUsedMb":111,"heapLimitMb":4144,"rssMb":207}}
{"t":"2026-10-01T16:20:10.347Z","level":"info","msg":"discovery finished","taskId":"d47174d8-d2c7-4130-811a-d7931f948c60","taskType":"discover","data":{"company":"acme.example","outcome":"resolved","fetches":3,"best":"ats_link"}}
{"t":"2026-10-01T16:20:10.349Z","level":"info","msg":"task done","taskId":"d47174d8-d2c7-4130-811a-d7931f948c60","taskType":"discover","data":{"id":"d47174d8-d2c7-4130-811a-d7931f948c60","type":"discover","ms":175,"heapUsedMb":104,"heapDeltaMb":-7,"heapLimitMb":4144,"rssMb":207,"rssDeltaMb":0}}
{"t":"2026-10-01T16:20:10.350Z","level":"info","msg":"task start","taskId":"fc936984-f35d-4396-9aa4-042474cbd47a","taskType":"scan_company","data":{"id":"fc936984-f35d-4396-9aa4-042474cbd47a","type":"scan_company","attempt":1,"workerId":"test","commit":null,"readyWaitMs":13,"heapUsedMb":105,"heapLimitMb":4144,"rssMb":207}}
{"t":"2026-10-01T16:20:10.524Z","level":"info","msg":"source scanned","taskId":"fc936984-f35d-4396-9aa4-042474cbd47a","taskType":"scan_company","data":{"company":"Acme Robotics","type":"greenhouse","status":"ok","postings":5,"new":5,"closed":0,"followers":1,"deferredDescriptions":0,"reusedListing":false,"claimFetchedBytes":1452,"claimRequests":3,"claimRevalidated":0,"heapUsedMb":108,"ms":167}}
{"t":"2026-10-01T16:20:10.534Z","level":"info","msg":"task done","taskId":"fc936984-f35d-4396-9aa4-042474cbd47a","taskType":"scan_company","data":{"id":"fc936984-f35d-4396-9aa4-042474cbd47a","type":"scan_company","ms":184,"heapUsedMb":108,"heapDeltaMb":3,"heapLimitMb":4144,"rssMb":207,"rssDeltaMb":0}}
{"t":"2026-10-01T16:20:10.538Z","level":"info","msg":"task start","taskId":"b800c55c-ad6d-4c06-8612-8e848a2cff8f","taskType":"fetch_description","data":{"id":"b800c55c-ad6d-4c06-8612-8e848a2cff8f","type":"fetch_description","attempt":1,"workerId":"test","commit":null,"readyWaitMs":38,"heapUsedMb":108,"heapLimitMb":4144,"rssMb":207}}
{"t":"2026-10-01T16:20:10.555Z","level":"info","msg":"task done","taskId":"b800c55c-ad6d-4c06-8612-8e848a2cff8f","taskType":"fetch_description","data":{"id":"b800c55c-ad6d-4c06-8612-8e848a2cff8f","type":"fetch_description","ms":17,"heapUsedMb":109,"heapDeltaMb":1,"heapLimitMb":4144,"rssMb":207,"rssDeltaMb":0}}
{"t":"2026-10-01T16:20:10.557Z","level":"info","msg":"task start","taskId":"d8504edc-d949-44ce-8b5c-7ac201940393","taskType":"fetch_description","data":{"id":"d8504edc-d949-44ce-8b5c-7ac201940393","type":"fetch_description","attempt":1,"workerId":"test","commit":null,"readyWaitMs":57,"heapUsedMb":109,"heapLimitMb":4144,"rssMb":207}}
{"t":"2026-10-01T16:20:10.604Z","level":"info","msg":"task done","taskId":"d8504edc-d949-44ce-8b5c-7ac201940393","taskType":"fetch_description","data":{"id":"d8504edc-d949-44ce-8b5c-7ac201940393","type":"fetch_description","ms":47,"heapUsedMb":110,"heapDeltaMb":1,"heapLimitMb":4144,"rssMb":207,"rssDeltaMb":0}}
{"t":"2026-10-01T16:20:10.606Z","level":"info","msg":"task start","taskId":"56bb458c-4db8-4180-803e-44a8dbf2d4ad","taskType":"fetch_description","data":{"id":"56bb458c-4db8-4180-803e-44a8dbf2d4ad","type":"fetch_description","attempt":1,"workerId":"test","commit":null,"readyWaitMs":106,"heapUsedMb":111,"heapLimitMb":4144,"rssMb":207}}
{"t":"2026-10-01T16:20:10.657Z","level":"info","msg":"task done","taskId":"56bb458c-4db8-4180-803e-44a8dbf2d4ad","taskType":"fetch_description","data":{"id":"56bb458c-4db8-4180-803e-44a8dbf2d4ad","type":"fetch_description","ms":51,"heapUsedMb":112,"heapDeltaMb":1,"heapLimitMb":4144,"rssMb":207,"rssDeltaMb":0}}
{"t":"2026-10-01T16:20:10.659Z","level":"info","msg":"task start","taskId":"9b8ba64d-4f67-4472-9f9f-18ed478e5ccd","taskType":"fetch_description","data":{"id":"9b8ba64d-4f67-4472-9f9f-18ed478e5ccd","type":"fetch_description","attempt":1,"workerId":"test","commit":null,"readyWaitMs":159,"heapUsedMb":112,"heapLimitMb":4144,"rssMb":207}}
{"t":"2026-10-01T16:20:10.710Z","level":"info","msg":"task done","taskId":"9b8ba64d-4f67-4472-9f9f-18ed478e5ccd","taskType":"fetch_description","data":{"id":"9b8ba64d-4f67-4472-9f9f-18ed478e5ccd","type":"fetch_description","ms":51,"heapUsedMb":113,"heapDeltaMb":1,"heapLimitMb":4144,"rssMb":207,"rssDeltaMb":0}}
{"t":"2026-10-01T16:20:10.713Z","level":"info","msg":"task start","taskId":"1de572b2-e4a5-4dc2-b0b9-1f84cb2c7be3","taskType":"discover","data":{"id":"1de572b2-e4a5-4dc2-b0b9-1f84cb2c7be3","type":"discover","attempt":1,"workerId":"test","commit":null,"readyWaitMs":538,"heapUsedMb":113,"heapLimitMb":4144,"rssMb":207}}
{"t":"2026-10-01T16:20:10.767Z","level":"warn","msg":"logo re-encode failed; the original is kept","taskId":"1de572b2-e4a5-4dc2-b0b9-1f84cb2c7be3","taskType":"discover","data":{"error":"Input buffer has corrupt header:","bytes":400}}
{"t":"2026-10-01T16:20:10.774Z","level":"info","msg":"logo captured","taskId":"1de572b2-e4a5-4dc2-b0b9-1f84cb2c7be3","taskType":"discover","data":{"company":"Acme Robotics","source":"site_icon","sourceUrl":"https://www.acme.example/favicon.png","bytes":400,"contentType":"image/png"}}
{"t":"2026-10-01T16:20:10.776Z","level":"info","msg":"task done","taskId":"1de572b2-e4a5-4dc2-b0b9-1f84cb2c7be3","taskType":"discover","data":{"id":"1de572b2-e4a5-4dc2-b0b9-1f84cb2c7be3","type":"discover","ms":63,"heapUsedMb":114,"heapDeltaMb":1,"heapLimitMb":4144,"rssMb":208,"rssDeltaMb":1}}
{"t":"2026-10-01T16:20:10.794Z","level":"info","msg":"daily run started","data":{"runId":"f1732e52-9bd6-4437-b486-696f1061d809","runDate":"2026-09-05","companies":1,"logosQueued":0,"retired":3}}
{"t":"2026-10-01T16:20:11.014Z","level":"info","msg":"task start","taskId":"942e0897-81dd-4f4d-8d5c-62e84b3e890a","taskType":"discover","data":{"id":"942e0897-81dd-4f4d-8d5c-62e84b3e890a","type":"discover","attempt":1,"workerId":"test","commit":null,"readyWaitMs":7,"heapUsedMb":107,"heapLimitMb":4144,"rssMb":208}}
{"t":"2026-10-01T16:20:11.196Z","level":"info","msg":"discovery finished","taskId":"942e0897-81dd-4f4d-8d5c-62e84b3e890a","taskType":"discover","data":{"company":"acme.example","outcome":"resolved","fetches":3,"best":"ats_link"}}
{"t":"2026-10-01T16:20:11.200Z","level":"info","msg":"task done","taskId":"942e0897-81dd-4f4d-8d5c-62e84b3e890a","taskType":"discover","data":{"id":"942e0897-81dd-4f4d-8d5c-62e84b3e890a","type":"discover","ms":185,"heapUsedMb":110,"heapDeltaMb":3,"heapLimitMb":4144,"rssMb":208,"rssDeltaMb":0}}
{"t":"2026-10-01T16:20:11.201Z","level":"info","msg":"task start","taskId":"898e9912-21a6-40e0-927a-9e4e75431672","taskType":"scan_company","data":{"id":"898e9912-21a6-40e0-927a-9e4e75431672","type":"scan_company","attempt":1,"workerId":"test","commit":null,"readyWaitMs":18,"heapUsedMb":110,"heapLimitMb":4144,"rssMb":208}}
{"t":"2026-10-01T16:20:11.372Z","level":"info","msg":"source scanned","taskId":"898e9912-21a6-40e0-927a-9e4e75431672","taskType":"scan_company","data":{"company":"Acme Robotics","type":"greenhouse","status":"ok","postings":5,"new":5,"closed":0,"followers":1,"deferredDescriptions":0,"reusedListing":false,"claimFetchedBytes":1452,"claimRequests":3,"claimRevalidated":0,"heapUsedMb":113,"ms":164}}
{"t":"2026-10-01T16:20:11.388Z","level":"info","msg":"task done","taskId":"898e9912-21a6-40e0-927a-9e4e75431672","taskType":"scan_company","data":{"id":"898e9912-21a6-40e0-927a-9e4e75431672","type":"scan_company","ms":187,"heapUsedMb":113,"heapDeltaMb":3,"heapLimitMb":4144,"rssMb":208,"rssDeltaMb":0}}
{"t":"2026-10-01T16:20:11.390Z","level":"info","msg":"task start","taskId":"50cd6dc8-4987-4a42-bde2-a47e5eecb2a9","taskType":"fetch_description","data":{"id":"50cd6dc8-4987-4a42-bde2-a47e5eecb2a9","type":"fetch_description","attempt":1,"workerId":"test","commit":null,"readyWaitMs":51,"heapUsedMb":113,"heapLimitMb":4144,"rssMb":208}}
{"t":"2026-10-01T16:20:11.411Z","level":"info","msg":"task done","taskId":"50cd6dc8-4987-4a42-bde2-a47e5eecb2a9","taskType":"fetch_description","data":{"id":"50cd6dc8-4987-4a42-bde2-a47e5eecb2a9","type":"fetch_description","ms":21,"heapUsedMb":115,"heapDeltaMb":2,"heapLimitMb":4144,"rssMb":209,"rssDeltaMb":1}}
{"t":"2026-10-01T16:20:11.413Z","level":"info","msg":"task start","taskId":"4cdfbf6f-092b-4919-a57e-91ef044ff95b","taskType":"fetch_description","data":{"id":"4cdfbf6f-092b-4919-a57e-91ef044ff95b","type":"fetch_description","attempt":1,"workerId":"test","commit":null,"readyWaitMs":74,"heapUsedMb":115,"heapLimitMb":4144,"rssMb":209}}
{"t":"2026-10-01T16:20:11.457Z","level":"info","msg":"task done","taskId":"4cdfbf6f-092b-4919-a57e-91ef044ff95b","taskType":"fetch_description","data":{"id":"4cdfbf6f-092b-4919-a57e-91ef044ff95b","type":"fetch_description","ms":44,"heapUsedMb":116,"heapDeltaMb":1,"heapLimitMb":4144,"rssMb":209,"rssDeltaMb":0}}
{"t":"2026-10-01T16:20:11.458Z","level":"info","msg":"task start","taskId":"186fe358-2e01-452b-b677-95b485f353e7","taskType":"fetch_description","data":{"id":"186fe358-2e01-452b-b677-95b485f353e7","type":"fetch_description","attempt":1,"workerId":"test","commit":null,"readyWaitMs":119,"heapUsedMb":116,"heapLimitMb":4144,"rssMb":209}}
{"t":"2026-10-01T16:20:11.512Z","level":"info","msg":"task done","taskId":"186fe358-2e01-452b-b677-95b485f353e7","taskType":"fetch_description","data":{"id":"186fe358-2e01-452b-b677-95b485f353e7","type":"fetch_description","ms":54,"heapUsedMb":117,"heapDeltaMb":1,"heapLimitMb":4144,"rssMb":209,"rssDeltaMb":0}}
{"t":"2026-10-01T16:20:11.515Z","level":"info","msg":"task start","taskId":"382a03c4-c24a-407b-82c3-634c19380a8c","taskType":"fetch_description","data":{"id":"382a03c4-c24a-407b-82c3-634c19380a8c","type":"fetch_description","attempt":1,"workerId":"test","commit":null,"readyWaitMs":176,"heapUsedMb":117,"heapLimitMb":4144,"rssMb":209}}
{"t":"2026-10-01T16:20:11.556Z","level":"info","msg":"task done","taskId":"382a03c4-c24a-407b-82c3-634c19380a8c","taskType":"fetch_description","data":{"id":"382a03c4-c24a-407b-82c3-634c19380a8c","type":"fetch_description","ms":41,"heapUsedMb":108,"heapDeltaMb":-9,"heapLimitMb":4144,"rssMb":209,"rssDeltaMb":0}}
{"t":"2026-10-01T16:20:11.558Z","level":"info","msg":"task start","taskId":"71c058bb-bf7e-4560-aeae-7f372fbfb2ea","taskType":"discover","data":{"id":"71c058bb-bf7e-4560-aeae-7f372fbfb2ea","type":"discover","attempt":1,"workerId":"test","commit":null,"readyWaitMs":542,"heapUsedMb":108,"heapLimitMb":4144,"rssMb":209}}
{"t":"2026-10-01T16:20:11.613Z","level":"warn","msg":"logo re-encode failed; the original is kept","taskId":"71c058bb-bf7e-4560-aeae-7f372fbfb2ea","taskType":"discover","data":{"error":"Input buffer has corrupt header:","bytes":400}}
{"t":"2026-10-01T16:20:11.618Z","level":"info","msg":"logo captured","taskId":"71c058bb-bf7e-4560-aeae-7f372fbfb2ea","taskType":"discover","data":{"company":"Acme Robotics","source":"site_icon","sourceUrl":"https://www.acme.example/favicon.png","bytes":400,"contentType":"image/png"}}
{"t":"2026-10-01T16:20:11.620Z","level":"info","msg":"task done","taskId":"71c058bb-bf7e-4560-aeae-7f372fbfb2ea","taskType":"discover","data":{"id":"71c058bb-bf7e-4560-aeae-7f372fbfb2ea","type":"discover","ms":62,"heapUsedMb":109,"heapDeltaMb":1,"heapLimitMb":4144,"rssMb":209,"rssDeltaMb":0}}
{"t":"2026-10-01T16:20:11.633Z","level":"info","msg":"daily run started","data":{"runId":"9ee1198c-8db0-44c0-90b2-3c7ad01f5678","runDate":"2026-09-05","companies":1,"logosQueued":0,"retired":0}}
{"t":"2026-10-01T16:20:11.779Z","level":"info","msg":"source scanned","data":{"company":"Acme Robotics","type":"greenhouse","status":"ok","postings":5,"new":0,"closed":0,"followers":1,"deferredDescriptions":0,"reusedListing":false,"claimFetchedBytes":1452,"claimRequests":3,"claimRevalidated":0,"heapUsedMb":112,"ms":139}}
{"t":"2026-10-01T16:20:11.791Z","level":"info","msg":"scan run finalised","data":{"runId":"9ee1198c-8db0-44c0-90b2-3c7ad01f5678","ok":1,"failed":0,"newRoles":0}}
{"t":"2026-10-01T16:20:11.800Z","level":"info","msg":"scan suggestions filed","data":{"userId":"d568fe62-0475-433e-9c30-49c6232740f5","titles":5,"unmatched":1,"inserted":0}}
{"t":"2026-10-01T16:20:11.809Z","level":"info","msg":"scan suggestions filed","data":{"userId":"d568fe62-0475-433e-9c30-49c6232740f5","titles":5,"unmatched":1,"inserted":0}}
{"t":"2026-10-01T16:20:11.818Z","level":"info","msg":"daily run started","data":{"runId":"61074159-8f2b-495d-829b-a5c1c14796e2","runDate":"2026-09-06","companies":1,"logosQueued":0,"retired":0}}
{"t":"2026-10-01T16:20:11.966Z","level":"info","msg":"source scanned","data":{"company":"Acme Robotics","type":"greenhouse","status":"ok","postings":5,"new":0,"closed":0,"followers":1,"deferredDescriptions":0,"reusedListing":false,"claimFetchedBytes":1452,"claimRequests":3,"claimRevalidated":0,"heapUsedMb":116,"ms":139}}
{"t":"2026-10-01T16:20:11.976Z","level":"info","msg":"scan run finalised","data":{"runId":"61074159-8f2b-495d-829b-a5c1c14796e2","ok":1,"failed":0,"newRoles":0}}
{"t":"2026-10-01T16:20:12.174Z","level":"info","msg":"task start","taskId":"d21d6c1f-d310-4995-a14e-883eb7e5cb82","taskType":"discover","data":{"id":"d21d6c1f-d310-4995-a14e-883eb7e5cb82","type":"discover","attempt":1,"workerId":"test","commit":null,"readyWaitMs":15,"heapUsedMb":118,"heapLimitMb":4144,"rssMb":209}}
{"t":"2026-10-01T16:20:12.356Z","level":"info","msg":"discovery finished","taskId":"d21d6c1f-d310-4995-a14e-883eb7e5cb82","taskType":"discover","data":{"company":"acme.example","outcome":"resolved","fetches":3,"best":"ats_link"}}
{"t":"2026-10-01T16:20:12.360Z","level":"info","msg":"task done","taskId":"d21d6c1f-d310-4995-a14e-883eb7e5cb82","taskType":"discover","data":{"id":"d21d6c1f-d310-4995-a14e-883eb7e5cb82","type":"discover","ms":186,"heapUsedMb":110,"heapDeltaMb":-8,"heapLimitMb":4144,"rssMb":209,"rssDeltaMb":0}}
{"t":"2026-10-01T16:20:12.363Z","level":"info","msg":"task start","taskId":"700fa379-d233-425a-8519-0c5bb37aceba","taskType":"scan_company","data":{"id":"700fa379-d233-425a-8519-0c5bb37aceba","type":"scan_company","attempt":1,"workerId":"test","commit":null,"readyWaitMs":26,"heapUsedMb":111,"heapLimitMb":4144,"rssMb":209}}
{"t":"2026-10-01T16:20:12.541Z","level":"info","msg":"source scanned","taskId":"700fa379-d233-425a-8519-0c5bb37aceba","taskType":"scan_company","data":{"company":"Acme Robotics","type":"greenhouse","status":"ok","postings":5,"new":5,"closed":0,"followers":2,"deferredDescriptions":0,"reusedListing":false,"claimFetchedBytes":1452,"claimRequests":3,"claimRevalidated":0,"heapUsedMb":113,"ms":167}}
{"t":"2026-10-01T16:20:12.558Z","level":"info","msg":"task done","taskId":"700fa379-d233-425a-8519-0c5bb37aceba","taskType":"scan_company","data":{"id":"700fa379-d233-425a-8519-0c5bb37aceba","type":"scan_company","ms":195,"heapUsedMb":114,"heapDeltaMb":3,"heapLimitMb":4144,"rssMb":209,"rssDeltaMb":0}}
{"t":"2026-10-01T16:20:12.562Z","level":"info","msg":"task start","taskId":"50179a2a-6a7c-487a-98e2-7a1f62d09dc7","taskType":"fetch_description","data":{"id":"50179a2a-6a7c-487a-98e2-7a1f62d09dc7","type":"fetch_description","attempt":1,"workerId":"test","commit":null,"readyWaitMs":53,"heapUsedMb":114,"heapLimitMb":4144,"rssMb":209}}
{"t":"2026-10-01T16:20:12.597Z","level":"info","msg":"task done","taskId":"50179a2a-6a7c-487a-98e2-7a1f62d09dc7","taskType":"fetch_description","data":{"id":"50179a2a-6a7c-487a-98e2-7a1f62d09dc7","type":"fetch_description","ms":35,"heapUsedMb":115,"heapDeltaMb":1,"heapLimitMb":4144,"rssMb":209,"rssDeltaMb":0}}
{"t":"2026-10-01T16:20:12.599Z","level":"info","msg":"task start","taskId":"31b4bbeb-f52e-4751-8837-f618a93266f3","taskType":"fetch_description","data":{"id":"31b4bbeb-f52e-4751-8837-f618a93266f3","type":"fetch_description","attempt":1,"workerId":"test","commit":null,"readyWaitMs":90,"heapUsedMb":115,"heapLimitMb":4144,"rssMb":209}}
{"t":"2026-10-01T16:20:12.647Z","level":"info","msg":"task done","taskId":"31b4bbeb-f52e-4751-8837-f618a93266f3","taskType":"fetch_description","data":{"id":"31b4bbeb-f52e-4751-8837-f618a93266f3","type":"fetch_description","ms":48,"heapUsedMb":116,"heapDeltaMb":1,"heapLimitMb":4144,"rssMb":209,"rssDeltaMb":0}}
{"t":"2026-10-01T16:20:12.650Z","level":"info","msg":"task start","taskId":"50e089b1-ff66-4daf-99a7-3edc61170146","taskType":"fetch_description","data":{"id":"50e089b1-ff66-4daf-99a7-3edc61170146","type":"fetch_description","attempt":1,"workerId":"test","commit":null,"readyWaitMs":141,"heapUsedMb":116,"heapLimitMb":4144,"rssMb":209}}
{"t":"2026-10-01T16:20:12.689Z","level":"info","msg":"task done","taskId":"50e089b1-ff66-4daf-99a7-3edc61170146","taskType":"fetch_description","data":{"id":"50e089b1-ff66-4daf-99a7-3edc61170146","type":"fetch_description","ms":39,"heapUsedMb":117,"heapDeltaMb":1,"heapLimitMb":4144,"rssMb":209,"rssDeltaMb":0}}
{"t":"2026-10-01T16:20:12.691Z","level":"info","msg":"task start","taskId":"e60aca68-bcf7-4242-96aa-2dd0f61e71ec","taskType":"fetch_description","data":{"id":"e60aca68-bcf7-4242-96aa-2dd0f61e71ec","type":"fetch_description","attempt":1,"workerId":"test","commit":null,"readyWaitMs":182,"heapUsedMb":117,"heapLimitMb":4144,"rssMb":209}}
{"t":"2026-10-01T16:20:12.746Z","level":"info","msg":"task done","taskId":"e60aca68-bcf7-4242-96aa-2dd0f61e71ec","taskType":"fetch_description","data":{"id":"e60aca68-bcf7-4242-96aa-2dd0f61e71ec","type":"fetch_description","ms":54,"heapUsedMb":119,"heapDeltaMb":2,"heapLimitMb":4144,"rssMb":209,"rssDeltaMb":0}}
{"t":"2026-10-01T16:20:12.748Z","level":"info","msg":"task start","taskId":"10207da4-c45f-4298-bcc4-b347b71f1d68","taskType":"fetch_description","data":{"id":"10207da4-c45f-4298-bcc4-b347b71f1d68","type":"fetch_description","attempt":1,"workerId":"test","commit":null,"readyWaitMs":239,"heapUsedMb":119,"heapLimitMb":4144,"rssMb":209}}
{"t":"2026-10-01T16:20:12.793Z","level":"info","msg":"task done","taskId":"10207da4-c45f-4298-bcc4-b347b71f1d68","taskType":"fetch_description","data":{"id":"10207da4-c45f-4298-bcc4-b347b71f1d68","type":"fetch_description","ms":45,"heapUsedMb":120,"heapDeltaMb":1,"heapLimitMb":4144,"rssMb":209,"rssDeltaMb":0}}
{"t":"2026-10-01T16:20:12.795Z","level":"info","msg":"task start","taskId":"b07660a6-6747-4f33-b562-381fdfd5bb10","taskType":"discover","data":{"id":"b07660a6-6747-4f33-b562-381fdfd5bb10","type":"discover","attempt":1,"workerId":"test","commit":null,"readyWaitMs":620,"heapUsedMb":120,"heapLimitMb":4144,"rssMb":209}}
{"t":"2026-10-01T16:20:12.854Z","level":"warn","msg":"logo re-encode failed; the original is kept","taskId":"b07660a6-6747-4f33-b562-381fdfd5bb10","taskType":"discover","data":{"error":"Input buffer has corrupt header:","bytes":400}}
{"t":"2026-10-01T16:20:12.870Z","level":"info","msg":"logo captured","taskId":"b07660a6-6747-4f33-b562-381fdfd5bb10","taskType":"discover","data":{"company":"Acme Robotics","source":"site_icon","sourceUrl":"https://www.acme.example/favicon.png","bytes":400,"contentType":"image/png"}}
{"t":"2026-10-01T16:20:12.874Z","level":"info","msg":"task done","taskId":"b07660a6-6747-4f33-b562-381fdfd5bb10","taskType":"discover","data":{"id":"b07660a6-6747-4f33-b562-381fdfd5bb10","type":"discover","ms":79,"heapUsedMb":121,"heapDeltaMb":1,"heapLimitMb":4144,"rssMb":209,"rssDeltaMb":0}}
{"t":"2026-10-01T16:20:12.888Z","level":"info","msg":"scan suggestions filed","data":{"userId":"829aac2d-d51b-4bb2-8ec1-726cd3523639","titles":5,"unmatched":1,"inserted":0}}
{"t":"2026-10-01T16:20:12.900Z","level":"info","msg":"scan suggestions filed","data":{"userId":"9e428b55-5704-4634-b154-10a68e233a0f","titles":5,"unmatched":4,"inserted":1}}
{"t":"2026-10-01T16:20:13.722Z","level":"info","msg":"source scanned","data":{"company":"Pager","type":"html","status":"ok","postings":25,"new":25,"closed":0,"followers":0,"deferredDescriptions":0,"reusedListing":false,"claimFetchedBytes":1309,"claimRequests":7,"claimRevalidated":0,"heapUsedMb":120,"ms":155}}
{"t":"2026-10-01T16:20:13.782Z","level":"info","msg":"scan run finalised","data":{"runId":"f5fae940-125d-4e86-820c-69ae3ce32a6d","ok":1,"failed":0,"newRoles":25}}
{"t":"2026-10-01T16:20:14.143Z","level":"info","msg":"slow database query","taskId":"fc936984-f35d-4396-9aa4-042474cbd47a","taskType":"scan_company","data":{"durationMs":360,"statement":"truncate users, companies, career_sources, discovery_runs, scan_runs, scans, jobs, job_events, decisions, tasks, setting"}}
{"t":"2026-10-01T16:20:15.185Z","level":"info","msg":"slow database query","taskId":"fc936984-f35d-4396-9aa4-042474cbd47a","taskType":"scan_company","data":{"durationMs":647,"statement":"truncate users, companies, career_sources, discovery_runs, scan_runs, scans, jobs, job_events, decisions, tasks, setting"}}
{"t":"2026-10-01T16:20:15.353Z","level":"info","msg":"source scanned","data":{"company":"Pager","type":"html","status":"ok","postings":1,"new":1,"closed":0,"followers":1,"deferredDescriptions":0,"reusedListing":false,"claimFetchedBytes":476,"claimRequests":2,"claimRevalidated":0,"heapUsedMb":128,"ms":92}}
{"t":"2026-10-01T16:20:15.879Z","level":"info","msg":"slow database query","taskId":"fc936984-f35d-4396-9aa4-042474cbd47a","taskType":"scan_company","data":{"durationMs":505,"statement":"truncate users, companies, career_sources, discovery_runs, scan_runs, scans, jobs, job_events, decisions, tasks, setting"}}
{"t":"2026-10-01T16:20:16.412Z","level":"info","msg":"source scanned","data":{"company":"Pager","type":"html","status":"ok","postings":25,"new":25,"closed":0,"followers":0,"deferredDescriptions":0,"reusedListing":false,"claimFetchedBytes":1309,"claimRequests":7,"claimRevalidated":0,"heapUsedMb":125,"ms":125}}
{"t":"2026-10-01T16:20:16.693Z","level":"info","msg":"source scanned","data":{"company":"Pager","type":"html","status":"ok","postings":1,"new":1,"closed":0,"followers":0,"deferredDescriptions":0,"reusedListing":false,"claimFetchedBytes":86,"claimRequests":1,"claimRevalidated":0,"heapUsedMb":130,"ms":31}}
{"t":"2026-10-01T16:20:16.911Z","level":"info","msg":"source scanned","data":{"company":"Pager","type":"html","status":"ok","postings":25,"new":25,"closed":0,"followers":0,"deferredDescriptions":0,"reusedListing":false,"claimFetchedBytes":1309,"claimRequests":7,"claimRevalidated":0,"heapUsedMb":136,"ms":85}}
{"t":"2026-10-01T16:20:17.397Z","level":"info","msg":"source scanned","data":{"company":"Pager","type":"html","status":"ok","postings":25,"new":25,"closed":0,"followers":0,"deferredDescriptions":0,"reusedListing":false,"claimFetchedBytes":1309,"claimRequests":7,"claimRevalidated":0,"heapUsedMb":133,"ms":84}}
{"t":"2026-10-01T16:20:17.809Z","level":"info","msg":"source scanned","data":{"company":"Pager","type":"html","status":"ok","postings":1,"new":21,"closed":0,"followers":0,"deferredDescriptions":0,"reusedListing":false,"claimFetchedBytes":110,"claimRequests":1,"claimRevalidated":0,"heapUsedMb":88,"ms":18}}
{"t":"2026-10-01T16:20:18.249Z","level":"info","msg":"slow database query","taskId":"fc936984-f35d-4396-9aa4-042474cbd47a","taskType":"scan_company","data":{"durationMs":434,"statement":"truncate users, companies, career_sources, discovery_runs, scan_runs, scans, jobs, job_events, decisions, tasks, setting"}}
{"t":"2026-10-01T16:20:18.463Z","level":"info","msg":"source scanned","data":{"company":"Pager","type":"html","status":"ok","postings":25,"new":25,"closed":0,"followers":0,"deferredDescriptions":0,"reusedListing":false,"claimFetchedBytes":1428,"claimRequests":7,"claimRevalidated":0,"heapUsedMb":95,"ms":39}}
{"t":"2026-10-01T16:20:18.954Z","level":"info","msg":"source scanned","data":{"company":"Pager","type":"html","status":"ok","postings":25,"new":0,"closed":0,"followers":0,"deferredDescriptions":0,"reusedListing":false,"claimFetchedBytes":1316,"claimRequests":7,"claimRevalidated":0,"heapUsedMb":100,"ms":125}}
{"t":"2026-10-01T16:20:19.266Z","level":"info","msg":"slow database query","taskId":"fc936984-f35d-4396-9aa4-042474cbd47a","taskType":"scan_company","data":{"durationMs":300,"statement":"truncate users, companies, career_sources, discovery_runs, scan_runs, scans, jobs, job_events, decisions, tasks, setting"}}
{"t":"2026-10-01T16:20:19.649Z","level":"info","msg":"source scanned","data":{"company":"Pager","type":"html","status":"partial","postings":3,"new":3,"closed":0,"followers":0,"deferredDescriptions":0,"reusedListing":false,"claimFetchedBytes":520,"claimRequests":3,"claimRevalidated":0,"heapUsedMb":82,"ms":347}}
{"t":"2026-10-01T16:20:20.963Z","level":"info","msg":"slow database query","taskId":"fc936984-f35d-4396-9aa4-042474cbd47a","taskType":"scan_company","data":{"durationMs":1249,"statement":"truncate users, companies, career_sources, discovery_runs, scan_runs, scans, jobs, job_events, decisions, tasks, setting"}}
{"t":"2026-10-01T16:20:21.373Z","level":"info","msg":"source scanned","data":{"company":"Pager","type":"html","status":"ok","postings":1,"new":1,"closed":0,"followers":0,"deferredDescriptions":0,"reusedListing":false,"claimFetchedBytes":145,"claimRequests":2,"claimRevalidated":0,"heapUsedMb":90,"ms":86}}
{"t":"2026-10-01T16:20:21.782Z","level":"info","msg":"source scanned","data":{"company":"Pager","type":"html","status":"partial","postings":20,"new":20,"closed":0,"followers":0,"deferredDescriptions":0,"reusedListing":false,"claimFetchedBytes":0,"claimRequests":0,"claimRevalidated":0,"heapUsedMb":91,"ms":24}}
{"t":"2026-10-01T16:20:22.061Z","level":"info","msg":"source scanned","data":{"company":"Pager","type":"html","status":"partial","postings":2,"new":2,"closed":0,"followers":0,"deferredDescriptions":0,"reusedListing":false,"claimFetchedBytes":570,"claimRequests":3,"claimRevalidated":0,"heapUsedMb":86,"ms":36}}
{"t":"2026-10-01T16:20:22.373Z","level":"info","msg":"source scanned","data":{"company":"Pager","type":"html","status":"partial","postings":3,"new":3,"closed":0,"followers":0,"deferredDescriptions":0,"reusedListing":false,"claimFetchedBytes":548,"claimRequests":3,"claimRevalidated":0,"heapUsedMb":92,"ms":33}}
{"t":"2026-10-01T16:20:24.072Z","level":"info","msg":"slow database query","data":{"durationMs":277,"statement":"truncate tasks, companies, career_sources, jobs, settings, user_settings, company_subscriptions, user_jobs, job_events, "}}
{"t":"2026-10-01T16:20:24.558Z","level":"info","msg":"score batch sent","data":{"batchId":"msgbatch_0001","requests":3,"accounts":2}}
{"t":"2026-10-01T16:20:25.414Z","level":"info","msg":"slow database query","data":{"durationMs":841,"statement":"truncate tasks, companies, career_sources, jobs, settings, user_settings, company_subscriptions, user_jobs, job_events, "}}
{"t":"2026-10-01T16:20:25.571Z","level":"info","msg":"score batch sent","data":{"batchId":"msgbatch_0001","requests":1,"accounts":1}}
{"t":"2026-10-01T16:20:26.128Z","level":"warn","msg":"score batch not sent; roles handed back to live scoring","data":{"roles":1,"error":"batch endpoint unavailable"}}
{"t":"2026-10-01T16:20:26.590Z","level":"info","msg":"slow database query","data":{"durationMs":431,"statement":"truncate tasks, companies, career_sources, jobs, settings, user_settings, company_subscriptions, user_jobs, job_events, "}}
{"t":"2026-10-01T16:20:26.753Z","level":"info","msg":"scan run finalised","data":{"runId":"45870a8f-72cd-4cb4-9b05-795f3a0bd2ec","ok":0,"failed":1,"newRoles":0}}
{"t":"2026-10-01T16:20:26.848Z","level":"info","msg":"task start","taskId":"0b836f29-651d-4932-a2a9-50604483bacf","taskType":"score_job","data":{"id":"0b836f29-651d-4932-a2a9-50604483bacf","type":"score_job","attempt":1,"workerId":"live-test","commit":null,"readyWaitMs":206,"heapUsedMb":92,"heapLimitMb":4144,"rssMb":149}}
{"t":"2026-10-01T16:20:26.901Z","level":"info","msg":"task done","taskId":"0b836f29-651d-4932-a2a9-50604483bacf","taskType":"score_job","data":{"id":"0b836f29-651d-4932-a2a9-50604483bacf","type":"score_job","ms":54,"heapUsedMb":94,"heapDeltaMb":2,"heapLimitMb":4144,"rssMb":149,"rssDeltaMb":0}}
{"t":"2026-10-01T16:20:27.133Z","level":"info","msg":"task start","taskId":"e1bd2fcd-c126-49a7-b044-4ef9e75fe1bd","taskType":"score_job","data":{"id":"e1bd2fcd-c126-49a7-b044-4ef9e75fe1bd","type":"score_job","attempt":1,"workerId":"batch-test","commit":null,"readyWaitMs":8,"heapUsedMb":96,"heapLimitMb":4144,"rssMb":150}}
{"t":"2026-10-01T16:20:27.170Z","level":"info","msg":"task done","taskId":"e1bd2fcd-c126-49a7-b044-4ef9e75fe1bd","taskType":"score_job","data":{"id":"e1bd2fcd-c126-49a7-b044-4ef9e75fe1bd","type":"score_job","ms":37,"heapUsedMb":98,"heapDeltaMb":2,"heapLimitMb":4144,"rssMb":150,"rssDeltaMb":0}}
{"t":"2026-10-01T16:20:27.446Z","level":"info","msg":"score batch sent","data":{"batchId":"msgbatch_0001","requests":1,"accounts":1}}
{"t":"2026-10-01T16:20:27.452Z","level":"info","msg":"task start","taskId":"c35c025d-3871-4e8d-8e76-69ca5af3012d","taskType":"score_job","data":{"id":"c35c025d-3871-4e8d-8e76-69ca5af3012d","type":"score_job","attempt":1,"workerId":"live-mixed","commit":null,"readyWaitMs":115,"heapUsedMb":94,"heapLimitMb":4144,"rssMb":152}}
{"t":"2026-10-01T16:20:27.473Z","level":"info","msg":"task done","taskId":"c35c025d-3871-4e8d-8e76-69ca5af3012d","taskType":"score_job","data":{"id":"c35c025d-3871-4e8d-8e76-69ca5af3012d","type":"score_job","ms":22,"heapUsedMb":96,"heapDeltaMb":2,"heapLimitMb":4144,"rssMb":152,"rssDeltaMb":0}}
{"t":"2026-10-01T16:20:27.475Z","level":"info","msg":"task start","taskId":"70121ddd-71b4-4a67-8abb-67833ce3dffa","taskType":"score_job","data":{"id":"70121ddd-71b4-4a67-8abb-67833ce3dffa","type":"score_job","attempt":1,"workerId":"live-mixed","commit":null,"readyWaitMs":135,"heapUsedMb":96,"heapLimitMb":4144,"rssMb":152}}
{"t":"2026-10-01T16:20:27.491Z","level":"info","msg":"task done","taskId":"70121ddd-71b4-4a67-8abb-67833ce3dffa","taskType":"score_job","data":{"id":"70121ddd-71b4-4a67-8abb-67833ce3dffa","type":"score_job","ms":16,"heapUsedMb":98,"heapDeltaMb":2,"heapLimitMb":4144,"rssMb":152,"rssDeltaMb":0}}
{"t":"2026-10-01T16:20:28.287Z","level":"warn","msg":"score batch not sent; roles handed back to live scoring","data":{"roles":1,"error":"batch endpoint unavailable"}}
{"t":"2026-10-01T16:20:29.002Z","level":"info","msg":"score batch sent","data":{"batchId":"msgbatch_0001","requests":1,"accounts":1}}
{"t":"2026-10-01T16:20:29.015Z","level":"info","msg":"task start","taskId":"5bc849e4-20fd-43ae-ab37-156ba4abe2b7","taskType":"poll_score_batch","data":{"id":"5bc849e4-20fd-43ae-ab37-156ba4abe2b7","type":"poll_score_batch","attempt":1,"workerId":"poll-q","commit":null,"readyWaitMs":12,"heapUsedMb":105,"heapLimitMb":4144,"rssMb":123}}
{"t":"2026-10-01T16:20:29.017Z","level":"info","msg":"task deferred","taskId":"5bc849e4-20fd-43ae-ab37-156ba4abe2b7","taskType":"poll_score_batch","data":{"id":"5bc849e4-20fd-43ae-ab37-156ba4abe2b7","type":"poll_score_batch","until":"2026-10-01T16:21:29.015Z","ms":2}}
{"t":"2026-10-01T16:20:29.223Z","level":"info","msg":"score batch sent","data":{"batchId":"msgbatch_0001","requests":1,"accounts":1}}
{"t":"2026-10-01T16:20:29.232Z","level":"info","msg":"score batch applied","data":{"batchId":"msgbatch_0001","scored":1,"unscored":0,"stale":0,"failed":0,"expired":0,"canceled":0,"applied":0,"requeued":0}}
{"t":"2026-10-01T16:20:29.393Z","level":"info","msg":"score batch sent","data":{"batchId":"msgbatch_0001","requests":1,"accounts":1}}
{"t":"2026-10-01T16:20:29.400Z","level":"info","msg":"score batch applied","data":{"batchId":"msgbatch_0001","scored":0,"unscored":0,"stale":0,"failed":0,"expired":1,"canceled":0,"applied":0,"requeued":1}}
{"t":"2026-10-01T16:20:29.548Z","level":"info","msg":"score batch sent","data":{"batchId":"msgbatch_0001","requests":1,"accounts":1}}
{"t":"2026-10-01T16:20:29.564Z","level":"info","msg":"score batch applied","data":{"batchId":"msgbatch_0001","scored":0,"unscored":0,"stale":0,"failed":1,"expired":0,"canceled":0,"applied":0,"requeued":1}}
{"t":"2026-10-01T16:20:29.871Z","level":"info","msg":"score batch sent","data":{"batchId":"msgbatch_0001","requests":4,"accounts":2}}
{"t":"2026-10-01T16:20:29.914Z","level":"info","msg":"score batch applied","data":{"batchId":"msgbatch_0001","scored":2,"unscored":0,"stale":0,"failed":0,"expired":1,"canceled":0,"applied":0,"requeued":2}}
{"t":"2026-10-01T16:20:29.933Z","level":"info","msg":"score batch applied","data":{"batchId":"msgbatch_0001","scored":0,"unscored":0,"stale":0,"failed":0,"expired":1,"canceled":0,"applied":2,"requeued":2}}
{"t":"2026-10-01T16:20:30.200Z","level":"info","msg":"score batch sent","data":{"batchId":"msgbatch_0001","requests":2,"accounts":1}}
{"t":"2026-10-01T16:20:30.225Z","level":"info","msg":"score batch applied","data":{"batchId":"msgbatch_0001","scored":1,"unscored":0,"stale":0,"failed":0,"expired":0,"canceled":0,"applied":0,"requeued":1}}
{"t":"2026-10-01T16:20:30.385Z","level":"info","msg":"score batch sent","data":{"batchId":"msgbatch_0001","requests":3,"accounts":2}}
{"t":"2026-10-01T16:20:30.399Z","level":"info","msg":"score batch applied","data":{"batchId":"msgbatch_0001","scored":3,"unscored":0,"stale":0,"failed":0,"expired":0,"canceled":0,"applied":0,"requeued":0}}
{"t":"2026-10-01T16:20:30.530Z","level":"info","msg":"score batch sent","data":{"batchId":"msgbatch_0001","requests":1,"accounts":1}}
{"t":"2026-10-01T16:20:30.538Z","level":"info","msg":"score batch applied","data":{"batchId":"msgbatch_0001","scored":0,"unscored":0,"stale":1,"failed":0,"expired":0,"canceled":0,"applied":0,"requeued":0}}
{"t":"2026-10-01T16:20:30.701Z","level":"info","msg":"score batch sent","data":{"batchId":"msgbatch_0001","requests":2,"accounts":2}}
{"t":"2026-10-01T16:20:30.712Z","level":"info","msg":"score batch applied","data":{"batchId":"msgbatch_0001","scored":2,"unscored":0,"stale":0,"failed":0,"expired":0,"canceled":0,"applied":0,"requeued":0}}
{"t":"2026-10-01T16:20:30.866Z","level":"info","msg":"score batch sent","data":{"batchId":"msgbatch_0001","requests":1,"accounts":1}}
{"t":"2026-10-01T16:20:30.876Z","level":"error","msg":"gave up on a scoring batch; its roles are scored live and any cost it ran up is not in the ledger","data":{"batchId":"msgbatch_0001","taskId":"4a5d76a5-3b0f-4475-ac96-f5dbd05da40b","roles":1,"requeued":1,"reason":"provider unreachable"}}
{"t":"2026-10-01T16:20:31.166Z","level":"info","msg":"score batch sent","data":{"batchId":"msgbatch_0001","requests":1,"accounts":1}}
{"t":"2026-10-01T16:20:31.193Z","level":"error","msg":"gave up on a scoring batch; its roles are scored live and any cost it ran up is not in the ledger","data":{"batchId":"msgbatch_0001","taskId":"09ce556f-a5b5-4704-82b7-6344d3957fd2","roles":1,"requeued":1,"reason":"provider unreachable"}}
{"t":"2026-10-01T16:20:31.551Z","level":"info","msg":"score batch sent","data":{"batchId":"msgbatch_0001","requests":2,"accounts":2}}
{"t":"2026-10-01T16:20:31.573Z","level":"error","msg":"gave up on a scoring batch; its roles are scored live and any cost it ran up is not in the ledger","data":{"batchId":"msgbatch_0001","taskId":"9df07da8-5fc4-48c0-9cb6-c9e88e4d3514","roles":2,"requeued":2,"reason":"provider unreachable"}}
{"t":"2026-10-01T16:20:31.936Z","level":"info","msg":"task start","taskId":"8009ea8b-23b0-4978-852f-a1a6cce7ec50","taskType":"collect_score_batch","data":{"id":"8009ea8b-23b0-4978-852f-a1a6cce7ec50","type":"collect_score_batch","attempt":1,"workerId":"batch-queue","commit":null,"readyWaitMs":78,"heapUsedMb":112,"heapLimitMb":4144,"rssMb":126}}
{"t":"2026-10-01T16:20:32.018Z","level":"info","msg":"score batch sent","taskId":"8009ea8b-23b0-4978-852f-a1a6cce7ec50","taskType":"collect_score_batch","data":{"batchId":"msgbatch_0001","requests":3,"accounts":2}}
{"t":"2026-10-01T16:20:32.020Z","level":"info","msg":"task done","taskId":"8009ea8b-23b0-4978-852f-a1a6cce7ec50","taskType":"collect_score_batch","data":{"id":"8009ea8b-23b0-4978-852f-a1a6cce7ec50","type":"collect_score_batch","ms":84,"heapUsedMb":106,"heapDeltaMb":-6,"heapLimitMb":4144,"rssMb":127,"rssDeltaMb":1}}
{"t":"2026-10-01T16:20:32.030Z","level":"info","msg":"task start","taskId":"556cd90e-c0ad-4de0-9366-b3e9408a61ab","taskType":"poll_score_batch","data":{"id":"556cd90e-c0ad-4de0-9366-b3e9408a61ab","type":"poll_score_batch","attempt":1,"workerId":"batch-queue","commit":null,"readyWaitMs":6,"heapUsedMb":106,"heapLimitMb":4144,"rssMb":127}}
{"t":"2026-10-01T16:20:32.033Z","level":"info","msg":"task deferred","taskId":"556cd90e-c0ad-4de0-9366-b3e9408a61ab","taskType":"poll_score_batch","data":{"id":"556cd90e-c0ad-4de0-9366-b3e9408a61ab","type":"poll_score_batch","until":"2026-10-01T16:21:32.030Z","ms":3}}
{"t":"2026-10-01T16:20:32.043Z","level":"info","msg":"task start","taskId":"556cd90e-c0ad-4de0-9366-b3e9408a61ab","taskType":"poll_score_batch","data":{"id":"556cd90e-c0ad-4de0-9366-b3e9408a61ab","type":"poll_score_batch","attempt":1,"workerId":"batch-queue","commit":null,"readyWaitMs":5,"heapUsedMb":107,"heapLimitMb":4144,"rssMb":127}}
{"t":"2026-10-01T16:20:32.080Z","level":"info","msg":"score batch applied","taskId":"556cd90e-c0ad-4de0-9366-b3e9408a61ab","taskType":"poll_score_batch","data":{"batchId":"msgbatch_0001","scored":2,"unscored":0,"stale":0,"failed":0,"expired":1,"canceled":0,"applied":0,"requeued":1}}
{"t":"2026-10-01T16:20:32.083Z","level":"info","msg":"task done","taskId":"556cd90e-c0ad-4de0-9366-b3e9408a61ab","taskType":"poll_score_batch","data":{"id":"556cd90e-c0ad-4de0-9366-b3e9408a61ab","type":"poll_score_batch","ms":40,"heapUsedMb":108,"heapDeltaMb":1,"heapLimitMb":4144,"rssMb":127,"rssDeltaMb":0}}
{"t":"2026-10-01T16:20:32.085Z","level":"info","msg":"task start","taskId":"e18726da-ca1d-4074-9cd6-f75afa62a72c","taskType":"score_job","data":{"id":"e18726da-ca1d-4074-9cd6-f75afa62a72c","type":"score_job","attempt":1,"workerId":"batch-queue","commit":null,"readyWaitMs":18,"heapUsedMb":108,"heapLimitMb":4144,"rssMb":127}}
{"t":"2026-10-01T16:20:32.126Z","level":"info","msg":"task done","taskId":"e18726da-ca1d-4074-9cd6-f75afa62a72c","taskType":"score_job","data":{"id":"e18726da-ca1d-4074-9cd6-f75afa62a72c","type":"score_job","ms":41,"heapUsedMb":110,"heapDeltaMb":2,"heapLimitMb":4144,"rssMb":128,"rssDeltaMb":1}}
{"t":"2026-10-01T16:20:33.034Z","level":"info","event":"slow_database_query","durationMs":253,"statement":"truncate companies, tasks restart identity cascade"}
{"t":"2026-10-01T16:20:37.619Z","level":"info","msg":"health server listening","data":{"port":0}}
{"t":"2026-10-01T16:20:37.757Z","level":"info","msg":"health server listening","data":{"port":0}}
{"t":"2026-10-01T16:20:37.891Z","level":"info","msg":"health server listening","data":{"port":0}}
{"t":"2026-10-01T16:20:42.048Z","level":"info","msg":"health server listening","data":{"port":0}}
{"t":"2026-10-01T16:20:42.200Z","level":"info","msg":"health server listening","data":{"port":0}}
{"t":"2026-10-01T16:20:42.475Z","level":"info","msg":"health server listening","data":{"port":0}}
{"t":"2026-10-01T16:20:42.492Z","level":"info","msg":"health server listening","data":{"port":0}}
{"t":"2026-10-01T16:20:42.622Z","level":"info","msg":"health server listening","data":{"port":0}}
{"t":"2026-10-01T16:20:42.801Z","level":"info","msg":"health server listening","data":{"port":0}}
{"t":"2026-10-01T16:20:44.543Z","level":"info","msg":"profile synthesised","data":{"userId":"619601a5-4e42-461d-bee4-bf735bd6403b","version":1,"decisions":1,"questions":0,"changed":true}}
{"t":"2026-10-01T16:20:44.855Z","level":"info","msg":"scan suggestions filed","data":{"userId":"619601a5-4e42-461d-bee4-bf735bd6403b","titles":4,"unmatched":4,"inserted":1}}
{"t":"2026-10-01T16:20:44.867Z","level":"info","msg":"scan suggestions filed","data":{"userId":"619601a5-4e42-461d-bee4-bf735bd6403b","titles":4,"unmatched":4,"inserted":0}}
{"t":"2026-10-01T16:20:44.878Z","level":"info","msg":"scan suggestions filed","data":{"userId":"619601a5-4e42-461d-bee4-bf735bd6403b","titles":4,"unmatched":4,"inserted":1}}
{"t":"2026-10-01T16:20:45.088Z","level":"info","msg":"profile synthesised","data":{"userId":"619601a5-4e42-461d-bee4-bf735bd6403b","version":2,"decisions":525,"questions":0,"changed":true}}
{"t":"2026-10-01T16:20:45.221Z","level":"info","msg":"profile synthesised","data":{"userId":"619601a5-4e42-461d-bee4-bf735bd6403b","version":2,"decisions":0,"questions":0,"changed":false}}
{"t":"2026-10-01T16:20:47.026Z","level":"info","msg":"maintenance changed rows","data":{"tasks":12000}}
{"t":"2026-10-01T16:20:47.214Z","level":"info","msg":"maintenance changed rows","data":{"tasks":500}}
{"t":"2026-10-01T16:20:47.241Z","level":"info","msg":"maintenance changed rows","data":{"tasks":1500}}
{"t":"2026-10-01T16:20:47.366Z","level":"info","msg":"maintenance changed rows","data":{"tasks":500}}
{"t":"2026-10-01T16:20:47.366Z","level":"warn","msg":"maintenance backlog; continuing next hour","data":{"tables":["tasks"],"batch":500,"budgetMs":20000}}
{"t":"2026-10-01T16:20:47.487Z","level":"info","msg":"maintenance changed rows","data":{"tasks":10}}
{"t":"2026-10-01T16:20:47.688Z","level":"info","msg":"reconciled historical score waiting states","data":{"rows":1,"examined":1}}
{"t":"2026-10-01T16:20:47.688Z","level":"info","msg":"maintenance changed rows","data":{"score_orphans":1}}
{"t":"2026-10-01T16:20:47.812Z","level":"info","msg":"maintenance changed rows","data":{"job_events":9}}
{"t":"2026-10-01T16:20:47.933Z","level":"info","msg":"maintenance changed rows","data":{"scans":2}}
{"t":"2026-10-01T16:20:48.050Z","level":"info","msg":"maintenance changed rows","data":{"scans.raw_snapshot":4}}
{"t":"2026-10-01T16:20:48.172Z","level":"info","msg":"maintenance changed rows","data":{"discovery_runs":3}}
{"t":"2026-10-01T16:20:48.310Z","level":"info","msg":"maintenance changed rows","data":{"verification_cache":1,"ai_reservations":1,"login_attempts":1,"sessions":1,"auth_tokens":2}}
{"t":"2026-10-01T16:20:48.437Z","level":"info","msg":"maintenance changed rows","data":{"tasks":1,"login_attempts":1}}
{"t":"2026-10-01T16:20:49.405Z","level":"info","msg":"posting imported","data":{"company":"Pasted Ltd","userId":"3fb99201-81f5-4a95-858e-54e75fa191fa","jobId":"79bb286d-60d6-44ef-9d7d-8eaf35d54044","title":"Staff Engineer, Platform","url":"https://www.pasted.test/jobs/staff-engineer","inTable":false,"shared":true,"followers":2}}
{"t":"2026-10-01T16:20:49.593Z","level":"info","msg":"posting imported","data":{"company":"Pasted Ltd","userId":"3f00adb4-29a8-4acd-b46d-80ce36fea1ab","jobId":"0170dbb2-b20a-4090-91bc-ecf424f8b4a1","title":"Staff Engineer, Platform","url":"https://www.pasted.test/jobs/staff-engineer","inTable":false,"shared":true,"followers":2}}
{"t":"2026-10-01T16:20:49.859Z","level":"info","msg":"posting imported","data":{"company":"Pasted Ltd","userId":"3a69d231-2bd5-4037-bc06-b76fff6341fb","jobId":"deb6937e-c3f3-4af5-b855-572d420751af","title":"Engineer, Data","url":"https://www.pasted.test/jobs/thin","inTable":false,"shared":true,"followers":2}}
{"t":"2026-10-01T16:20:50.012Z","level":"info","msg":"task start","taskId":"57f94706-432f-41fe-b4c7-ab5209223a1e","taskType":"import_posting","data":{"id":"57f94706-432f-41fe-b4c7-ab5209223a1e","type":"import_posting","attempt":1,"workerId":"test","commit":null,"readyWaitMs":6,"heapUsedMb":90,"heapLimitMb":4144,"rssMb":210}}
{"t":"2026-10-01T16:20:50.019Z","level":"info","msg":"task done","taskId":"57f94706-432f-41fe-b4c7-ab5209223a1e","taskType":"import_posting","data":{"id":"57f94706-432f-41fe-b4c7-ab5209223a1e","type":"import_posting","ms":7,"heapUsedMb":91,"heapDeltaMb":1,"heapLimitMb":4144,"rssMb":210,"rssDeltaMb":0}}
{"t":"2026-10-01T16:20:50.830Z","level":"info","msg":"import put back: host busy","data":{"url":"https://www.pasted.test/jobs/staff-engineer","host":"www.pasted.test","retryAt":"2026-10-01T17:20:50.824Z"}}
{"t":"2026-10-01T16:20:50.834Z","level":"info","msg":"task start","taskId":"1a2a07a2-4b9f-4854-95b3-a347fa2dc275","taskType":"import_posting","data":{"id":"1a2a07a2-4b9f-4854-95b3-a347fa2dc275","type":"import_posting","attempt":1,"workerId":"test","commit":null,"readyWaitMs":3,"heapUsedMb":97,"heapLimitMb":4144,"rssMb":210}}
{"t":"2026-10-01T16:20:50.854Z","level":"info","msg":"posting imported","taskId":"1a2a07a2-4b9f-4854-95b3-a347fa2dc275","taskType":"import_posting","data":{"company":"Pasted Ltd","userId":"9d6dd9f1-0df1-476a-8f82-b94ce7c0df4c","jobId":"81d07db6-df81-4e68-b2e5-7eb0d89d2374","title":"Staff Engineer, Platform","url":"https://www.pasted.test/jobs/staff-engineer","inTable":false,"shared":true,"followers":2}}
{"t":"2026-10-01T16:20:50.855Z","level":"info","msg":"task done","taskId":"1a2a07a2-4b9f-4854-95b3-a347fa2dc275","taskType":"import_posting","data":{"id":"1a2a07a2-4b9f-4854-95b3-a347fa2dc275","type":"import_posting","ms":21,"heapUsedMb":99,"heapDeltaMb":2,"heapLimitMb":4144,"rssMb":210,"rssDeltaMb":0}}
{"t":"2026-10-01T16:20:51.054Z","level":"info","msg":"posting imported","data":{"company":"Pasted Ltd","userId":"595b924e-be23-4ba5-93f5-e46da165bdb2","jobId":"94f8e10c-e39f-432d-9188-71a381b90f48","title":"Staff Engineer, Platform","url":"https://www.elsewhere.test/jobs/staff-engineer","inTable":false,"shared":false,"followers":0}}
{"t":"2026-10-01T16:20:51.292Z","level":"info","msg":"posting imported","data":{"company":"Pasted Ltd","userId":"926bb8e7-9039-45cd-8530-980ee13985d3","jobId":"d3dd29c1-da7e-4735-bf2b-2197929d6069","title":"Staff Engineer, Platform","url":"https://www.pasted.test/jobs/staff-engineer","inTable":false,"shared":true,"followers":2}}
{"t":"2026-10-01T16:20:51.485Z","level":"info","msg":"posting imported","data":{"company":"Pasted Ltd","userId":"1c61b4eb-297a-4180-a5ce-22c3d8161904","jobId":"8bed6a8e-86f1-4718-8c82-156405fa3022","title":"Staff Engineer, Platform","url":"https://www.pasted.test/jobs/staff-engineer","inTable":false,"shared":true,"followers":2}}
{"t":"2026-10-01T16:20:51.795Z","level":"info","msg":"posting imported","data":{"company":"Pasted Ltd","userId":"fdd0785b-0a73-4bb6-85b3-66436952c278","jobId":"315cc6f6-5ec1-4011-95db-bb879a7193f3","title":"Staff Engineer, Platform","url":"https://evil.github.io/jobs/staff-engineer","inTable":false,"shared":false,"followers":0}}
{"t":"2026-10-01T16:20:51.959Z","level":"info","msg":"posting imported","data":{"company":"Pasted Ltd","userId":"fa76b765-5c75-4cdb-992f-b0b2ab1c7a4c","jobId":"936ef4d4-9589-4d11-9272-f4a0fb46f4ec","title":"Staff Engineer, Platform","url":"https://www.pasted.test/jobs/staff-engineer","inTable":false,"shared":false,"followers":0}}
{"t":"2026-10-01T16:20:53.195Z","level":"info","msg":"task start","taskId":"35955527-c5da-4ff8-a353-a70d0e6ddd2c","taskType":"discover","data":{"id":"35955527-c5da-4ff8-a353-a70d0e6ddd2c","type":"discover","attempt":1,"workerId":"backoff","commit":null,"readyWaitMs":156,"heapUsedMb":81,"heapLimitMb":4144,"rssMb":185}}
{"t":"2026-10-01T16:20:53.198Z","level":"info","msg":"task done","taskId":"35955527-c5da-4ff8-a353-a70d0e6ddd2c","taskType":"discover","data":{"id":"35955527-c5da-4ff8-a353-a70d0e6ddd2c","type":"discover","ms":4,"heapUsedMb":81,"heapDeltaMb":0,"heapLimitMb":4144,"rssMb":186,"rssDeltaMb":1}}
{"t":"2026-10-01T16:20:54.012Z","level":"info","msg":"task start","taskId":"1c86c330-03ac-4a7d-9424-3ed3364a9b47","taskType":"discover","data":{"id":"1c86c330-03ac-4a7d-9424-3ed3364a9b47","type":"discover","attempt":1,"workerId":"notified","commit":null,"readyWaitMs":7,"heapUsedMb":84,"heapLimitMb":4144,"rssMb":182}}
{"t":"2026-10-01T16:20:54.015Z","level":"info","msg":"task done","taskId":"1c86c330-03ac-4a7d-9424-3ed3364a9b47","taskType":"discover","data":{"id":"1c86c330-03ac-4a7d-9424-3ed3364a9b47","type":"discover","ms":3,"heapUsedMb":84,"heapDeltaMb":0,"heapLimitMb":4144,"rssMb":182,"rssDeltaMb":0}}
{"t":"2026-10-01T16:20:54.394Z","level":"info","msg":"task start","taskId":"3516f784-507b-4c20-b99a-d3429884586d","taskType":"poll_score_batch","data":{"id":"3516f784-507b-4c20-b99a-d3429884586d","type":"poll_score_batch","attempt":1,"workerId":"deferring","commit":null,"readyWaitMs":13,"heapUsedMb":85,"heapLimitMb":4144,"rssMb":182}}
{"t":"2026-10-01T16:20:54.397Z","level":"info","msg":"task deferred","taskId":"3516f784-507b-4c20-b99a-d3429884586d","taskType":"poll_score_batch","data":{"id":"3516f784-507b-4c20-b99a-d3429884586d","type":"poll_score_batch","until":"2026-10-01T16:20:54.794Z","ms":3}}
{"t":"2026-10-01T16:20:54.798Z","level":"info","msg":"task start","taskId":"3516f784-507b-4c20-b99a-d3429884586d","taskType":"poll_score_batch","data":{"id":"3516f784-507b-4c20-b99a-d3429884586d","type":"poll_score_batch","attempt":1,"workerId":"deferring","commit":null,"readyWaitMs":4,"heapUsedMb":86,"heapLimitMb":4144,"rssMb":182}}
{"t":"2026-10-01T16:20:54.799Z","level":"info","msg":"task done","taskId":"3516f784-507b-4c20-b99a-d3429884586d","taskType":"poll_score_batch","data":{"id":"3516f784-507b-4c20-b99a-d3429884586d","type":"poll_score_batch","ms":1,"heapUsedMb":86,"heapDeltaMb":0,"heapLimitMb":4144,"rssMb":182,"rssDeltaMb":0}}
{"t":"2026-10-01T16:20:55.828Z","level":"warn","msg":"task listener lost; reconnecting","data":{"reason":"terminating connection due to administrator command","inMs":1000}}
{"t":"2026-10-01T16:20:56.838Z","level":"info","msg":"task start","taskId":"b4523af5-5064-425c-9505-dc7df99d0e79","taskType":"discover","data":{"id":"b4523af5-5064-425c-9505-dc7df99d0e79","type":"discover","attempt":1,"workerId":"reconnecting","commit":null,"readyWaitMs":987,"heapUsedMb":80,"heapLimitMb":4144,"rssMb":186}}
{"t":"2026-10-01T16:20:56.840Z","level":"info","msg":"task done","taskId":"b4523af5-5064-425c-9505-dc7df99d0e79","taskType":"discover","data":{"id":"b4523af5-5064-425c-9505-dc7df99d0e79","type":"discover","ms":2,"heapUsedMb":80,"heapDeltaMb":0,"heapLimitMb":4144,"rssMb":186,"rssDeltaMb":0}}
{"t":"2026-10-01T16:20:57.637Z","level":"warn","msg":"CV generation failed","data":{"draftId":"f12f34ce-8f07-4cc3-922f-7ed42f6f668a","kind":"model_access","resolvedBy":"user","attempt":1}}
{"t":"2026-10-01T16:20:57.835Z","level":"warn","msg":"CV generation failed","data":{"draftId":"e98915f2-cbc0-4865-99e1-b4ec27a79dc5","kind":"library_invalid","resolvedBy":"user","attempt":1}}
{"t":"2026-10-01T16:20:57.925Z","level":"warn","msg":"CV generation failed","data":{"draftId":"bf7db862-74cb-4371-8107-3e81e65e9272","kind":"output_invalid","resolvedBy":"system","attempt":1}}
{"t":"2026-10-01T16:20:58.740Z","level":"warn","msg":"CV generation failed","data":{"draftId":"3858b7b3-668e-4ba7-8b96-8805108e487e","kind":"page_limit_unfittable","resolvedBy":"user","attempt":1}}
{"t":"2026-10-01T16:20:59.299Z","level":"warn","msg":"CV generation failed","data":{"draftId":"7f435c56-5470-48d2-83a6-34313446396e","kind":"output_invalid","resolvedBy":"system","attempt":1}}
{"t":"2026-10-01T16:20:59.405Z","level":"warn","msg":"CV generation failed","data":{"draftId":"71cf6504-3ed2-4f51-9f09-28e46dc57eb8","kind":"output_invalid","resolvedBy":"system","attempt":1}}
{"t":"2026-10-01T16:20:59.965Z","level":"warn","msg":"CV build journal stopped","data":{"draftId":"fa734169-b4f0-45bf-88ab-9bc03acfdb7b","attempt":1,"loss":"deleted"}}
{"t":"2026-10-01T16:21:00.143Z","level":"warn","msg":"CV generation failed","data":{"draftId":"eddddf1e-b0da-45b0-898b-21e0b90a91fb","kind":"budget_exhausted","resolvedBy":"user","attempt":1}}
{"t":"2026-10-01T16:21:00.403Z","level":"warn","msg":"CV generation failed","data":{"draftId":"281cbf17-e06b-4bec-b62e-a130c2bda53c","kind":"budget_exhausted","resolvedBy":"user","attempt":1}}
{"t":"2026-10-01T16:21:00.505Z","level":"warn","msg":"CV generation failed","data":{"draftId":"16632a97-fefe-45e6-9265-14a4863d97e0","kind":"budget_exhausted","resolvedBy":"user","attempt":1}}
{"t":"2026-10-01T16:21:00.574Z","level":"warn","msg":"CV generation failed","data":{"draftId":"9ad62aa1-2857-4cb4-bf6d-654103eaeb96","kind":"budget_exhausted","resolvedBy":"user","attempt":1}}
{"t":"2026-10-01T16:21:01.310Z","level":"info","msg":"task start","taskId":"09bf916e-5233-41d8-8858-578b013f3f64","taskType":"generate_cv","data":{"id":"09bf916e-5233-41d8-8858-578b013f3f64","type":"generate_cv","attempt":1,"workerId":"replay-test","commit":null,"readyWaitMs":8,"heapUsedMb":89,"heapLimitMb":4144,"rssMb":193}}
{"t":"2026-10-01T16:21:01.592Z","level":"info","msg":"task done","taskId":"09bf916e-5233-41d8-8858-578b013f3f64","taskType":"generate_cv","data":{"id":"09bf916e-5233-41d8-8858-578b013f3f64","type":"generate_cv","ms":282,"heapUsedMb":90,"heapDeltaMb":1,"heapLimitMb":4144,"rssMb":204,"rssDeltaMb":11}}
{"t":"2026-10-01T16:21:01.900Z","level":"info","msg":"task start","taskId":"0f05dc6c-ae14-436c-889c-4069bbe64414","taskType":"generate_cv","data":{"id":"0f05dc6c-ae14-436c-889c-4069bbe64414","type":"generate_cv","attempt":1,"workerId":"replay-test","commit":null,"readyWaitMs":4,"heapUsedMb":101,"heapLimitMb":4144,"rssMb":208}}
{"t":"2026-10-01T16:21:02.064Z","level":"info","msg":"task done","taskId":"0f05dc6c-ae14-436c-889c-4069bbe64414","taskType":"generate_cv","data":{"id":"0f05dc6c-ae14-436c-889c-4069bbe64414","type":"generate_cv","ms":164,"heapUsedMb":102,"heapDeltaMb":1,"heapLimitMb":4144,"rssMb":211,"rssDeltaMb":3}}
{"t":"2026-10-01T16:21:02.239Z","level":"warn","msg":"CV generation failed","data":{"draftId":"d0508e2c-79b6-4a8b-8631-8b6cd5ebb628","kind":"unknown","resolvedBy":"user","attempt":1}}
{"t":"2026-10-01T16:21:02.281Z","level":"info","msg":"task start","taskId":"8211adf3-fcc0-4093-9432-c040d3557d81","taskType":"generate_cv","data":{"id":"8211adf3-fcc0-4093-9432-c040d3557d81","type":"generate_cv","attempt":1,"workerId":"replay-test","commit":null,"readyWaitMs":2,"heapUsedMb":108,"heapLimitMb":4144,"rssMb":214}}
{"t":"2026-10-01T16:21:02.425Z","level":"info","msg":"task done","taskId":"8211adf3-fcc0-4093-9432-c040d3557d81","taskType":"generate_cv","data":{"id":"8211adf3-fcc0-4093-9432-c040d3557d81","type":"generate_cv","ms":144,"heapUsedMb":100,"heapDeltaMb":-8,"heapLimitMb":4144,"rssMb":217,"rssDeltaMb":3}}
{"t":"2026-10-01T16:21:02.706Z","level":"info","msg":"task start","taskId":"db033361-effe-4f82-8237-7d02e7b7ed9d","taskType":"generate_cv","data":{"id":"db033361-effe-4f82-8237-7d02e7b7ed9d","type":"generate_cv","attempt":1,"workerId":"replay-test","commit":null,"readyWaitMs":2,"heapUsedMb":109,"heapLimitMb":4144,"rssMb":220}}
{"t":"2026-10-01T16:21:02.874Z","level":"info","msg":"task done","taskId":"db033361-effe-4f82-8237-7d02e7b7ed9d","taskType":"generate_cv","data":{"id":"db033361-effe-4f82-8237-7d02e7b7ed9d","type":"generate_cv","ms":168,"heapUsedMb":112,"heapDeltaMb":3,"heapLimitMb":4144,"rssMb":222,"rssDeltaMb":2}}
{"t":"2026-10-01T16:21:04.311Z","level":"info","msg":"source scanned","data":{"company":"Pager","type":"html","status":"partial","postings":20,"new":20,"closed":0,"followers":1,"deferredDescriptions":0,"reusedListing":false,"claimFetchedBytes":0,"claimRequests":0,"claimRevalidated":0,"heapUsedMb":95,"ms":17}}
{"t":"2026-10-01T16:21:04.760Z","level":"info","msg":"source scanned","data":{"company":"Pager","type":"html","status":"partial","postings":21,"new":20,"closed":0,"followers":1,"deferredDescriptions":0,"reusedListing":false,"claimFetchedBytes":0,"claimRequests":0,"claimRevalidated":0,"heapUsedMb":96,"ms":17}}
{"t":"2026-10-01T16:21:05.095Z","level":"info","msg":"source scanned","data":{"company":"Pager","type":"html","status":"ok","postings":1,"new":1,"closed":0,"followers":1,"deferredDescriptions":0,"reusedListing":false,"claimFetchedBytes":90,"claimRequests":1,"claimRevalidated":0,"heapUsedMb":104,"ms":28}}
{"t":"2026-10-01T16:21:05.119Z","level":"info","msg":"source scanned","data":{"company":"Pager","type":"html","status":"partial","postings":21,"new":20,"closed":0,"followers":1,"deferredDescriptions":0,"reusedListing":false,"claimFetchedBytes":0,"claimRequests":0,"claimRevalidated":0,"heapUsedMb":96,"ms":17}}
{"t":"2026-10-01T16:21:05.534Z","level":"info","msg":"source scanned","data":{"company":"Pager","type":"html","status":"ok","postings":21,"new":21,"closed":0,"followers":1,"deferredDescriptions":0,"reusedListing":false,"claimFetchedBytes":334,"claimRequests":2,"claimRevalidated":0,"heapUsedMb":108,"ms":21}}
{"t":"2026-10-01T16:21:08.817Z","level":"info","msg":"library import read","data":{"userId":"63e36228-6f39-4cb7-824c-2687651f0436","importId":"f45a85d3-c107-4205-9f83-7fe026861a87","kind":"paste","jobs":2,"rows":3,"education":1,"skills":0,"dropped":1,"truncated":false,"usd":0.087}}
{"t":"2026-10-01T16:21:09.331Z","level":"info","msg":"library import read","data":{"userId":"63e36228-6f39-4cb7-824c-2687651f0436","importId":"c12c22d5-1b97-4a9b-9d43-e16373970267","kind":"cv","jobs":1,"rows":2,"education":0,"skills":0,"dropped":0,"truncated":false,"usd":0.087}}
{"t":"2026-10-01T16:21:09.439Z","level":"info","msg":"library import read","data":{"userId":"63e36228-6f39-4cb7-824c-2687651f0436","importId":"0528e64c-4c5b-4494-a255-72f7eb1b754b","kind":"website","jobs":2,"rows":3,"education":1,"skills":0,"dropped":1,"truncated":false,"usd":0.087}}
{"t":"2026-10-01T16:21:09.485Z","level":"info","msg":"http robots denied","data":{"host":"closed.example.test","url":"https://closed.example.test/cv"}}
{"t":"2026-10-01T16:21:09.487Z","level":"info","msg":"library import refused","data":{"userId":"63e36228-6f39-4cb7-824c-2687651f0436","importId":"3abda8b1-f788-45bf-b649-dcfe58e10928","kind":"website","message":"closed.example.test asks not to be fetched automatically. Paste the text of the page instead."}}
{"t":"2026-10-01T16:21:09.525Z","level":"info","msg":"library import refused","data":{"userId":"63e36228-6f39-4cb7-824c-2687651f0436","importId":"f4ff94ce-7b6a-41bc-ac4c-1af039d47c14","kind":"website","message":"AVA does not read LinkedIn. Open your profile, choose More → Save to PDF, and upload that file here."}}
{"t":"2026-10-01T16:21:09.567Z","level":"info","msg":"library import refused","data":{"userId":"63e36228-6f39-4cb7-824c-2687651f0436","importId":"9b8f71b4-fd64-4a30-9ba5-9a931bd25d6d","kind":"website","message":"The page at jane.example.test answered HTTP 404. Check that the link opens without signing in."}}
{"t":"2026-10-01T16:21:09.610Z","level":"info","msg":"library import refused by budget","data":{"userId":"63e36228-6f39-4cb7-824c-2687651f0436","importId":"70f3ce28-38da-44f7-b29c-7f1d05f40978","expected":0.088177}}
{"t":"2026-10-01T16:21:09.655Z","level":"info","msg":"library import refused","data":{"userId":"63e36228-6f39-4cb7-824c-2687651f0436","importId":"f55e4bc5-babb-4dbb-9d61-b0b02e54ca88","kind":"cv","message":"AVA reads PDF and Word (.docx) documents. Export this one as a PDF, or paste its text instead."}}
{"t":"2026-10-01T16:21:09.701Z","level":"info","msg":"library import refused","data":{"userId":"63e36228-6f39-4cb7-824c-2687651f0436","importId":"e8dcb120-35c3-4260-a3ce-7a796b0c850d","kind":"paste","message":"Nothing in that document could be matched to what it says. Check that it is the right file, or paste the text instead."}}
{"t":"2026-10-01T16:21:09.745Z","level":"info","msg":"library import refused","data":{"userId":"63e36228-6f39-4cb7-824c-2687651f0436","importId":"3e95cce2-83be-49f4-a3a3-c383daae3d16","kind":"paste","message":"AVA cannot read documents at the moment: no model is configured. Your document is kept — try this import again once one is."}}
{"t":"2026-10-01T16:21:09.885Z","level":"info","msg":"library import refused","data":{"userId":"63e36228-6f39-4cb7-824c-2687651f0436","importId":"4fdbf5c6-b999-4fdf-83ea-48860eb7e827","kind":"paste","message":"AVA's model provider was too busy to read that document just now. Your document is kept: try this import again in a few minutes."}}
{"t":"2026-10-01T16:21:09.894Z","level":"info","msg":"library import refused","data":{"userId":"63e36228-6f39-4cb7-824c-2687651f0436","importId":"e965a6bc-cae9-421a-9789-8b45020d877a","kind":"paste","message":"Reading that document ran past the longest answer the model may give, so nothing was proposed. Your document is kept: try this import again, or paste the part of it that covers your career."}}
{"t":"2026-10-01T16:21:09.943Z","level":"info","msg":"library import read","data":{"userId":"63e36228-6f39-4cb7-824c-2687651f0436","importId":"a5b05e52-fbb4-42ca-877f-14373212ba70","kind":"paste","jobs":2,"rows":3,"education":1,"skills":0,"dropped":1,"truncated":false,"usd":0.087}}
{"t":"2026-10-01T16:21:09.990Z","level":"info","msg":"library import read","data":{"userId":"63e36228-6f39-4cb7-824c-2687651f0436","importId":"b0aba9f5-23b4-4b6c-88d2-7adb723905a1","kind":"cv","jobs":2,"rows":3,"education":1,"skills":0,"dropped":1,"truncated":false,"usd":0.087}}
{"t":"2026-10-01T16:21:10.030Z","level":"info","msg":"library import waits for its host","data":{"userId":"63e36228-6f39-4cb7-824c-2687651f0436","importId":"e9f08dd7-35de-4208-9edc-21ac74f3ec8d","host":"jane.example.test","retryAt":"2026-10-01T16:22:40.028Z"}}
{"t":"2026-10-01T16:21:10.043Z","level":"info","msg":"library import read","data":{"userId":"63e36228-6f39-4cb7-824c-2687651f0436","importId":"e9f08dd7-35de-4208-9edc-21ac74f3ec8d","kind":"website","jobs":2,"rows":3,"education":1,"skills":0,"dropped":1,"truncated":false,"usd":0.087}}
{"t":"2026-10-01T16:21:10.103Z","level":"info","msg":"library import refused","data":{"userId":"63e36228-6f39-4cb7-824c-2687651f0436","importId":"195d1f54-5f3c-4abb-8687-c5d0604006c6","kind":"website","message":"jane.example.test points into a private network, so AVA will not fetch it. Use the address of your own public page, or paste its text instead."}}
{"t":"2026-10-01T16:21:10.749Z","level":"info","msg":"scheduled daily run","data":{"ymd":"2026-09-06","scanTime":"06:00","tz":"UTC"}}
{"t":"2026-10-01T16:21:10.758Z","level":"info","msg":"scheduled weekly jobs","data":{"ymd":"2026-09-06","accounts":8,"queued":23,"suggestionsSkipped":0}}
{"t":"2026-10-01T16:21:10.868Z","level":"info","msg":"scheduled daily run","data":{"ymd":"2026-09-06","scanTime":"06:00","tz":"UTC"}}
{"t":"2026-10-01T16:21:10.874Z","level":"info","msg":"scheduled weekly jobs","data":{"ymd":"2026-09-06","accounts":8,"queued":23,"suggestionsSkipped":0}}
{"t":"2026-10-01T16:21:10.976Z","level":"info","msg":"scheduled daily run","data":{"ymd":"2026-09-06","scanTime":"06:00","tz":"UTC"}}
{"t":"2026-10-01T16:21:10.982Z","level":"info","msg":"scheduled weekly jobs","data":{"ymd":"2026-09-06","accounts":9,"queued":25,"suggestionsSkipped":2}}
{"t":"2026-10-01T16:21:11.043Z","level":"info","msg":"maintenance changed rows","data":{"sessions":1}}
{"t":"2026-10-01T16:21:11.160Z","level":"info","msg":"scheduled daily run","data":{"ymd":"2026-09-06","scanTime":"06:00","tz":"UTC"}}
{"t":"2026-10-01T16:21:11.176Z","level":"info","msg":"scheduled weekly jobs","data":{"ymd":"2026-09-06","accounts":9,"queued":25,"suggestionsSkipped":1}}
{"t":"2026-10-01T16:21:11.489Z","level":"info","msg":"scheduled daily run","data":{"ymd":"2026-09-05","scanTime":"06:00","tz":"Europe/London"}}
{"t":"2026-10-01T16:21:11.582Z","level":"info","msg":"scheduled daily run","data":{"ymd":"2026-09-05","scanTime":"06:00","tz":"Europe/London"}}
{"t":"2026-10-01T16:21:11.714Z","level":"info","msg":"scheduled daily run","data":{"ymd":"2026-09-05","scanTime":"06:00","tz":"Europe/London"}}
{"t":"2026-10-01T16:21:11.815Z","level":"info","msg":"scheduled daily run","data":{"ymd":"2026-09-05","scanTime":"06:00","tz":"Europe/London"}}
{"t":"2026-10-01T16:21:16.291Z","level":"info","msg":"library reviewed","data":{"userId":"7a7d769d-2312-498d-bd4e-5dfc31b62726","version":1,"reviewed":2,"unread":0,"reused":0,"reusedRows":0,"askedRows":3,"pruned":0,"usd":0.0295}}
{"t":"2026-10-01T16:21:16.349Z","level":"info","msg":"library reviewed","data":{"userId":"7a7d769d-2312-498d-bd4e-5dfc31b62726","version":1,"reviewed":2,"unread":0,"reused":0,"reusedRows":0,"askedRows":3,"pruned":0,"usd":0.0295}}
{"t":"2026-10-01T16:21:16.360Z","level":"info","msg":"library reviewed","data":{"userId":"7a7d769d-2312-498d-bd4e-5dfc31b62726","version":2,"reviewed":1,"unread":0,"reused":1,"reusedRows":1,"askedRows":1,"pruned":0,"usd":0.0295}}
{"t":"2026-10-01T16:21:16.417Z","level":"info","msg":"library reviewed","data":{"userId":"7a7d769d-2312-498d-bd4e-5dfc31b62726","version":1,"reviewed":2,"unread":0,"reused":0,"reusedRows":0,"askedRows":3,"pruned":0,"usd":0.0295}}
{"t":"2026-10-01T16:21:16.430Z","level":"info","msg":"library reviewed","data":{"userId":"7a7d769d-2312-498d-bd4e-5dfc31b62726","version":2,"reviewed":1,"unread":0,"reused":1,"reusedRows":1,"askedRows":1,"pruned":0,"usd":0.0295}}
{"t":"2026-10-01T16:21:16.487Z","level":"info","msg":"library reviewed","data":{"userId":"7a7d769d-2312-498d-bd4e-5dfc31b62726","version":1,"reviewed":2,"unread":0,"reused":0,"reusedRows":0,"askedRows":3,"pruned":0,"usd":0.0295}}
{"t":"2026-10-01T16:21:16.542Z","level":"info","msg":"library reviewed","data":{"userId":"7a7d769d-2312-498d-bd4e-5dfc31b62726","version":1,"reviewed":2,"unread":0,"reused":0,"reusedRows":0,"askedRows":3,"pruned":0,"usd":0.0295}}
{"t":"2026-10-01T16:21:16.556Z","level":"info","msg":"library reviewed","data":{"userId":"7a7d769d-2312-498d-bd4e-5dfc31b62726","version":2,"reviewed":1,"unread":0,"reused":1,"reusedRows":1,"askedRows":1,"pruned":0,"usd":0.0295}}
{"t":"2026-10-01T16:21:16.575Z","level":"info","msg":"library reviewed","data":{"userId":"7a7d769d-2312-498d-bd4e-5dfc31b62726","version":3,"reviewed":1,"unread":0,"reused":1,"reusedRows":1,"askedRows":1,"pruned":0,"usd":0.0295}}
{"t":"2026-10-01T16:21:16.585Z","level":"info","msg":"library reviewed","data":{"userId":"7a7d769d-2312-498d-bd4e-5dfc31b62726","version":4,"reviewed":1,"unread":0,"reused":1,"reusedRows":1,"askedRows":1,"pruned":0,"usd":0.0295}}
{"t":"2026-10-01T16:21:16.595Z","level":"info","msg":"library reviewed","data":{"userId":"7a7d769d-2312-498d-bd4e-5dfc31b62726","version":5,"reviewed":1,"unread":0,"reused":1,"reusedRows":1,"askedRows":1,"pruned":0,"usd":0.0295}}
{"t":"2026-10-01T16:21:16.606Z","level":"info","msg":"library reviewed","data":{"userId":"7a7d769d-2312-498d-bd4e-5dfc31b62726","version":6,"reviewed":1,"unread":0,"reused":1,"reusedRows":1,"askedRows":1,"pruned":0,"usd":0.0295}}
{"t":"2026-10-01T16:21:16.618Z","level":"info","msg":"library reviewed","data":{"userId":"7a7d769d-2312-498d-bd4e-5dfc31b62726","version":7,"reviewed":1,"unread":0,"reused":1,"reusedRows":1,"askedRows":1,"pruned":0,"usd":0.0295}}
{"t":"2026-10-01T16:21:16.631Z","level":"info","msg":"library reviewed","data":{"userId":"7a7d769d-2312-498d-bd4e-5dfc31b62726","version":8,"reviewed":1,"unread":0,"reused":1,"reusedRows":1,"askedRows":1,"pruned":0,"usd":0.0295}}
{"t":"2026-10-01T16:21:16.643Z","level":"info","msg":"library reviewed","data":{"userId":"7a7d769d-2312-498d-bd4e-5dfc31b62726","version":9,"reviewed":1,"unread":0,"reused":1,"reusedRows":1,"askedRows":1,"pruned":0,"usd":0.0295}}
{"t":"2026-10-01T16:21:16.653Z","level":"info","msg":"library reviewed","data":{"userId":"7a7d769d-2312-498d-bd4e-5dfc31b62726","version":10,"reviewed":1,"unread":0,"reused":1,"reusedRows":1,"askedRows":1,"pruned":0,"usd":0.0295}}
{"t":"2026-10-01T16:21:16.666Z","level":"info","msg":"library reviewed","data":{"userId":"7a7d769d-2312-498d-bd4e-5dfc31b62726","version":11,"reviewed":1,"unread":0,"reused":1,"reusedRows":1,"askedRows":1,"pruned":0,"usd":0.0295}}
{"t":"2026-10-01T16:21:16.677Z","level":"info","msg":"library reviewed","data":{"userId":"7a7d769d-2312-498d-bd4e-5dfc31b62726","version":12,"reviewed":1,"unread":0,"reused":1,"reusedRows":1,"askedRows":1,"pruned":0,"usd":0.0295}}
{"t":"2026-10-01T16:21:16.688Z","level":"info","msg":"library reviewed","data":{"userId":"7a7d769d-2312-498d-bd4e-5dfc31b62726","version":13,"reviewed":1,"unread":0,"reused":1,"reusedRows":1,"askedRows":1,"pruned":0,"usd":0.0295}}
{"t":"2026-10-01T16:21:16.701Z","level":"info","msg":"library reviewed","data":{"userId":"7a7d769d-2312-498d-bd4e-5dfc31b62726","version":14,"reviewed":1,"unread":0,"reused":1,"reusedRows":1,"askedRows":1,"pruned":0,"usd":0.0295}}
{"t":"2026-10-01T16:21:16.713Z","level":"info","msg":"library reviewed","data":{"userId":"7a7d769d-2312-498d-bd4e-5dfc31b62726","version":15,"reviewed":1,"unread":0,"reused":1,"reusedRows":1,"askedRows":1,"pruned":0,"usd":0.0295}}
{"t":"2026-10-01T16:21:16.732Z","level":"info","msg":"library reviewed","data":{"userId":"7a7d769d-2312-498d-bd4e-5dfc31b62726","version":16,"reviewed":1,"unread":0,"reused":1,"reusedRows":1,"askedRows":1,"pruned":0,"usd":0.0295}}
{"t":"2026-10-01T16:21:16.743Z","level":"info","msg":"library reviewed","data":{"userId":"7a7d769d-2312-498d-bd4e-5dfc31b62726","version":17,"reviewed":1,"unread":0,"reused":1,"reusedRows":1,"askedRows":1,"pruned":0,"usd":0.0295}}
{"t":"2026-10-01T16:21:16.753Z","level":"info","msg":"library reviewed","data":{"userId":"7a7d769d-2312-498d-bd4e-5dfc31b62726","version":18,"reviewed":1,"unread":0,"reused":1,"reusedRows":1,"askedRows":1,"pruned":0,"usd":0.0295}}
{"t":"2026-10-01T16:21:16.762Z","level":"info","msg":"library reviewed","data":{"userId":"7a7d769d-2312-498d-bd4e-5dfc31b62726","version":19,"reviewed":1,"unread":0,"reused":1,"reusedRows":1,"askedRows":1,"pruned":0,"usd":0.0295}}
{"t":"2026-10-01T16:21:16.775Z","level":"info","msg":"library reviewed","data":{"userId":"7a7d769d-2312-498d-bd4e-5dfc31b62726","version":20,"reviewed":1,"unread":0,"reused":1,"reusedRows":1,"askedRows":1,"pruned":0,"usd":0.0295}}
{"t":"2026-10-01T16:21:16.789Z","level":"info","msg":"library reviewed","data":{"userId":"7a7d769d-2312-498d-bd4e-5dfc31b62726","version":21,"reviewed":1,"unread":0,"reused":1,"reusedRows":1,"askedRows":1,"pruned":2,"usd":0.0295}}
{"t":"2026-10-01T16:21:16.800Z","level":"info","msg":"library reviewed","data":{"userId":"7a7d769d-2312-498d-bd4e-5dfc31b62726","version":22,"reviewed":1,"unread":0,"reused":1,"reusedRows":1,"askedRows":1,"pruned":2,"usd":0.0295}}
{"t":"2026-10-01T16:21:16.812Z","level":"info","msg":"library reviewed","data":{"userId":"7a7d769d-2312-498d-bd4e-5dfc31b62726","version":23,"reviewed":1,"unread":0,"reused":1,"reusedRows":1,"askedRows":1,"pruned":2,"usd":0.0295}}
{"t":"2026-10-01T16:21:16.823Z","level":"info","msg":"library reviewed","data":{"userId":"7a7d769d-2312-498d-bd4e-5dfc31b62726","version":24,"reviewed":1,"unread":0,"reused":1,"reusedRows":1,"askedRows":1,"pruned":2,"usd":0.0295}}
{"t":"2026-10-01T16:21:16.834Z","level":"info","msg":"library reviewed","data":{"userId":"7a7d769d-2312-498d-bd4e-5dfc31b62726","version":25,"reviewed":1,"unread":0,"reused":1,"reusedRows":1,"askedRows":1,"pruned":2,"usd":0.0295}}
{"t":"2026-10-01T16:21:16.846Z","level":"info","msg":"library reviewed","data":{"userId":"7a7d769d-2312-498d-bd4e-5dfc31b62726","version":26,"reviewed":1,"unread":0,"reused":1,"reusedRows":1,"askedRows":1,"pruned":2,"usd":0.0295}}
{"t":"2026-10-01T16:21:16.899Z","level":"info","msg":"library reviewed","data":{"userId":"7a7d769d-2312-498d-bd4e-5dfc31b62726","version":2,"reviewed":2,"unread":0,"reused":0,"reusedRows":0,"askedRows":3,"pruned":0,"usd":0.0295}}
{"t":"2026-10-01T16:21:16.947Z","level":"info","msg":"library review refused by budget","data":{"userId":"7a7d769d-2312-498d-bd4e-5dfc31b62726","version":1,"entries":2,"reusedRows":0,"askedRows":3,"expected":0.075142}}
{"t":"2026-10-01T16:21:17.105Z","level":"info","msg":"library reviewed","data":{"userId":"7a7d769d-2312-498d-bd4e-5dfc31b62726","version":1,"reviewed":1,"unread":0,"reused":0,"reusedRows":0,"askedRows":1,"pruned":0,"usd":0.0295}}
{"t":"2026-10-01T16:21:17.194Z","level":"info","msg":"library reviewed","data":{"userId":"7a7d769d-2312-498d-bd4e-5dfc31b62726","version":1,"reviewed":1,"unread":1,"reused":0,"reusedRows":0,"askedRows":3,"pruned":0,"usd":0.059}}
{"t":"2026-10-01T16:21:17.204Z","level":"info","msg":"library reviewed","data":{"userId":"7a7d769d-2312-498d-bd4e-5dfc31b62726","version":1,"reviewed":1,"unread":0,"reused":1,"reusedRows":0,"askedRows":1,"pruned":0,"usd":0.0295}}
{"t":"2026-10-01T16:21:17.257Z","level":"info","msg":"library reviewed","data":{"userId":"7a7d769d-2312-498d-bd4e-5dfc31b62726","version":1,"reviewed":1,"unread":0,"reused":0,"reusedRows":0,"askedRows":2,"pruned":0,"usd":0.0295}}
{"t":"2026-10-01T16:21:18.137Z","level":"info","msg":"source scanned","data":{"company":"Pasted Ltd","type":"greenhouse","status":"ok","postings":1,"new":1,"closed":0,"followers":1,"deferredDescriptions":0,"reusedListing":false,"claimFetchedBytes":349,"claimRequests":3,"claimRevalidated":0,"heapUsedMb":89,"ms":157}}
{"t":"2026-10-01T16:21:18.266Z","level":"info","msg":"source scanned","data":{"company":"Pasted Ltd","type":"greenhouse","status":"ok","postings":1,"new":0,"closed":0,"followers":1,"deferredDescriptions":0,"reusedListing":false,"claimFetchedBytes":349,"claimRequests":3,"claimRevalidated":0,"heapUsedMb":91,"ms":122}}
{"t":"2026-10-01T16:21:18.580Z","level":"info","msg":"source scanned","data":{"company":"Pasted Ltd","type":"greenhouse","status":"ok","postings":1,"new":1,"closed":0,"followers":1,"deferredDescriptions":0,"reusedListing":false,"claimFetchedBytes":349,"claimRequests":3,"claimRevalidated":0,"heapUsedMb":96,"ms":120}}
{"t":"2026-10-01T16:21:18.734Z","level":"info","msg":"source scanned","data":{"company":"Pasted Ltd","type":"greenhouse","status":"ok","postings":2,"new":0,"closed":0,"followers":1,"deferredDescriptions":0,"reusedListing":false,"claimFetchedBytes":561,"claimRequests":3,"claimRevalidated":0,"heapUsedMb":90,"ms":151}}
{"t":"2026-10-01T16:21:19.041Z","level":"info","msg":"source scanned","data":{"company":"Pasted Ltd","type":"greenhouse","status":"ok","postings":2,"new":1,"closed":0,"followers":1,"deferredDescriptions":0,"reusedListing":false,"claimFetchedBytes":561,"claimRequests":3,"claimRevalidated":0,"heapUsedMb":94,"ms":118}}
{"t":"2026-10-01T16:21:19.188Z","level":"info","msg":"source scanned","data":{"company":"Pasted Ltd","type":"greenhouse","status":"ok","postings":1,"new":0,"closed":0,"followers":1,"deferredDescriptions":0,"reusedListing":false,"claimFetchedBytes":349,"claimRequests":3,"claimRevalidated":0,"heapUsedMb":96,"ms":144}}
{"t":"2026-10-01T16:21:19.373Z","level":"info","msg":"source scanned","data":{"company":"Pasted Ltd","type":"greenhouse","status":"ok","postings":1,"new":0,"closed":1,"followers":1,"deferredDescriptions":0,"reusedListing":false,"claimFetchedBytes":349,"claimRequests":3,"claimRevalidated":0,"heapUsedMb":98,"ms":182}}
{"t":"2026-10-01T16:21:19.673Z","level":"info","msg":"source scanned","data":{"company":"Pasted Ltd","type":"greenhouse","status":"ok","postings":2,"new":1,"closed":0,"followers":2,"deferredDescriptions":0,"reusedListing":false,"claimFetchedBytes":561,"claimRequests":3,"claimRevalidated":0,"heapUsedMb":92,"ms":120}}
{"t":"2026-10-01T16:21:22.248Z","level":"warn","msg":"logo re-encode failed; the original is kept","data":{"error":"Input buffer has corrupt header:","bytes":400}}
{"t":"2026-10-01T16:21:22.249Z","level":"warn","msg":"logo re-encode failed; the original is kept","data":{"error":"Input buffer has corrupt header:","bytes":400}}
{"t":"2026-10-01T16:21:22.534Z","level":"info","msg":"logo captured","data":{"company":"Touch Ltd","source":"site_icon","sourceUrl":"https://www.touch.test/touch.png","bytes":82,"contentType":"image/webp"}}
{"t":"2026-10-01T16:21:22.721Z","level":"info","msg":"logos re-encoded","data":{"examined":2,"reencoded":2,"kept":0,"replaced":0,"bytesBefore":1396,"bytesAfter":164,"next":"71377494-9701-44f1-8ab9-a2fca13fb738"}}
{"t":"2026-10-01T16:21:22.723Z","level":"warn","msg":"logo re-encode failed; the original is kept","data":{"error":"Input buffer has corrupt header:","bytes":400}}
{"t":"2026-10-01T16:21:22.723Z","level":"info","msg":"logos re-encoded","data":{"examined":1,"reencoded":0,"kept":1,"replaced":0,"bytesBefore":0,"bytesAfter":0,"next":null}}
{"t":"2026-10-01T16:21:22.967Z","level":"info","msg":"logos re-encoded","data":{"examined":1,"reencoded":0,"kept":0,"replaced":1,"bytesBefore":0,"bytesAfter":0,"next":null}}
{"t":"2026-10-01T16:21:23.563Z","level":"info","msg":"http revalidated","data":{"host":"cache.test","durationMs":1,"bytes":0}}
{"t":"2026-10-01T16:21:23.571Z","level":"info","msg":"http robots denied","data":{"host":"www.example.test","url":"https://www.example.test/private/secret"}}
{"t":"2026-10-01T16:21:23.574Z","level":"info","msg":"browser robots denied","data":{"host":"www.example.test","url":"https://www.example.test/private/secret"}}
{"t":"2026-10-01T16:21:24.165Z","level":"info","msg":"http robots denied","data":{"host":"www.example.test","url":"https://www.example.test/private/secret"}}
{"t":"2026-10-01T16:21:24.231Z","level":"info","msg":"http robots denied","data":{"host":"changing.test","url":"https://changing.test/jobs"}}
{"t":"2026-10-01T16:21:24.233Z","level":"info","msg":"http robots denied","data":{"host":"flaky.test","url":"https://flaky.test/jobs"}}
{"t":"2026-10-01T16:21:24.634Z","level":"info","msg":"http revalidated","data":{"host":"large.test","durationMs":1,"bytes":0,"validatorOnly":true}}
{"t":"2026-10-01T16:21:24.674Z","level":"info","msg":"http revalidated","data":{"host":"traffic.test","durationMs":1,"bytes":0}}
{"t":"2026-10-01T16:21:24.784Z","level":"info","msg":"http robots denied","data":{"host":"www.example.test","url":"https://www.example.test/private/secret"}}
{"t":"2026-10-01T16:21:24.809Z","level":"warn","msg":"http refused a private address","data":{"host":"10.9.8.7","url":"http://10.9.8.7/admin"}}
{"t":"2026-10-01T16:21:24.813Z","level":"info","msg":"http revalidated","data":{"host":"traffic.test","durationMs":0,"bytes":0}}
{"t":"2026-10-01T16:21:24.926Z","level":"info","msg":"http revalidated","data":{"host":"traffic.test","durationMs":0,"bytes":0}}
{"t":"2026-10-01T16:21:25.040Z","level":"warn","msg":"http refused a private address","data":{"host":"127.0.0.1","url":"http://127.0.0.1:64839/secret"}}
{"t":"2026-10-01T16:21:25.040Z","level":"warn","msg":"http refused a private address","data":{"host":"127.0.0.1","url":"http://2130706433:64839/secret"}}
{"t":"2026-10-01T16:21:25.041Z","level":"warn","msg":"http refused a private address","data":{"host":"[::ffff:7f00:1]","url":"http://[::ffff:127.0.0.1]:64839/"}}
{"t":"2026-10-01T16:21:25.041Z","level":"warn","msg":"http refused a private address","data":{"host":"169.254.169.254","url":"http://169.254.169.254/latest/meta-data/"}}
{"t":"2026-10-01T16:21:25.041Z","level":"warn","msg":"http refused a private address","data":{"host":"[::1]","url":"http://[::1]/"}}
{"t":"2026-10-01T16:21:25.042Z","level":"warn","msg":"http refused a private address","data":{"host":"10.0.0.5","url":"http://10.0.0.5:8080/"}}
{"t":"2026-10-01T16:21:25.042Z","level":"warn","msg":"http refused a private address","data":{"host":"127.0.0.1","url":"http://127.0.0.1:64839/favicon.ico"}}
{"t":"2026-10-01T16:21:25.043Z","level":"warn","msg":"http refused a private address","data":{"host":"","url":"file:///etc/passwd"}}
{"t":"2026-10-01T16:21:25.043Z","level":"warn","msg":"http refused a private address","data":{"host":"","url":"data:text/html,<title>x</title>"}}
{"t":"2026-10-01T16:21:25.043Z","level":"warn","msg":"http refused a private address","data":{"host":"localhost","url":"http://localhost:8080/"}}
{"t":"2026-10-01T16:21:25.043Z","level":"warn","msg":"http refused a private address","data":{"host":"metadata.google.internal","url":"http://metadata.google.internal/computeMetadata/v1/"}}
{"t":"2026-10-01T16:21:25.043Z","level":"warn","msg":"http refused a private address","data":{"host":"ava-worker","url":"http://ava-worker:8080/healthz"}}
{"t":"2026-10-01T16:21:25.044Z","level":"warn","msg":"http refused a private address","data":{"host":"intranet.example.com","url":"https://intranet.example.com/careers"}}
{"t":"2026-10-01T16:21:25.044Z","level":"warn","msg":"http refused a private address","data":{"host":"split.example.com","url":"https://split.example.com/careers"}}
{"t":"2026-10-01T16:21:25.045Z","level":"warn","msg":"http refused a private address","data":{"host":"rebound.example.com","url":"https://rebound.example.com/careers"}}
{"t":"2026-10-01T16:21:25.050Z","level":"warn","msg":"http refused a private address","data":{"host":"127.0.0.1","url":"http://127.0.0.1:64840/secret"}}
{"t":"2026-10-01T16:21:25.053Z","level":"warn","msg":"http refused a private address","data":{"host":"169.254.169.254","url":"http://169.254.169.254/latest/meta-data/"}}
{"t":"2026-10-01T16:21:25.054Z","level":"warn","msg":"http refused a private address","data":{"host":"localhost","url":"http://localhost/admin"}}
{"t":"2026-10-01T16:21:25.056Z","level":"warn","msg":"http refused a private address","data":{"host":"127.0.0.1","url":"http://127.0.0.1:64840/secret"}}
{"t":"2026-10-01T16:21:25.061Z","level":"warn","msg":"http refused a private address","data":{"host":"127.0.0.2","url":"http://127.0.0.2:9/secret"}}
{"t":"2026-10-01T16:21:25.072Z","level":"info","msg":"http robots denied","data":{"host":"www.careers.test","url":"https://www.careers.test/private/list"}}
{"t":"2026-10-01T16:21:25.970Z","level":"warn","msg":"logo re-encode failed; the original is kept","data":{"error":"Input buffer has corrupt header:","bytes":400}}
{"t":"2026-10-01T16:21:25.975Z","level":"info","msg":"logo captured","data":{"company":"Logo Ltd","source":"site_icon","sourceUrl":"https://www.logo.test/touch.png","bytes":400,"contentType":"image/png"}}
{"t":"2026-10-01T16:21:26.351Z","level":"info","msg":"logo capture failed","data":{"company":"Logo Ltd","error":"No usable icon found for blank.test","tried":4,"attempts":1,"nextAttemptAt":"2026-09-19T10:00:00.000Z"}}
{"t":"2026-10-01T16:21:26.819Z","level":"info","msg":"daily run started","data":{"runId":"452c0faf-a2f4-41b3-ac87-507c7aaf64bb","runDate":"2026-09-19","companies":4,"logosQueued":2,"retired":0}}
{"t":"2026-10-01T16:21:26.825Z","level":"info","msg":"daily run started","data":{"runId":"052f64be-0733-4c92-9e1c-75e25b4de6ba","runDate":"2026-09-19","companies":4,"logosQueued":0,"retired":0}}
{"t":"2026-10-01T16:21:26.834Z","level":"info","msg":"daily run started","data":{"runId":"3fa5fbff-f949-4b87-b187-198b9e2d85d0","runDate":"2026-09-19","companies":4,"logosQueued":1,"retired":0}}
{"t":"2026-10-01T16:21:27.453Z","level":"warn","msg":"monitor sample needs attention","data":{"levels":{"oldestReady":"warn"}}}
{"t":"2026-10-01T16:21:27.587Z","level":"warn","msg":"monitor sample needs attention","data":{"levels":{"oldestReady":"fail"}}}
{"t":"2026-10-01T16:21:27.592Z","level":"warn","msg":"monitor sample needs attention","data":{"levels":{"oldestReady":"fail"}}}
{"t":"2026-10-01T16:21:27.872Z","level":"warn","msg":"monitor sample needs attention","data":{"levels":{"scanFailures":"warn","modelRateLimited":"warn"}}}
{"t":"2026-10-01T16:21:27.994Z","level":"warn","msg":"monitor sample needs attention","data":{"levels":{"slowQueries":"fail"}}}
{"t":"2026-10-01T16:21:28.108Z","level":"error","msg":"monitor sample failed","data":{"error":"gone"}}
{"t":"2026-10-01T16:21:29.694Z","level":"info","msg":"analysed tables after a bulk write","data":{"tables":["user_jobs"],"reason":"reevaluate_gate","ms":2}}
{"t":"2026-10-01T16:21:37.233Z","level":"info","msg":"gate semantics changed; re-evaluating every account","data":{"version":1,"accounts":14}}
{"t":"2026-10-01T16:21:37.249Z","level":"info","msg":"gate semantics changed; re-evaluating every account","data":{"version":2,"accounts":14}}
{"t":"2026-10-01T16:21:37.290Z","level":"info","msg":"gate semantics changed; re-evaluating every account","data":{"version":1,"accounts":14}}
{"t":"2026-10-01T16:21:37.333Z","level":"info","msg":"gate semantics changed; re-evaluating every account","data":{"version":1,"accounts":14}}
{"t":"2026-10-01T16:21:37.373Z","level":"info","msg":"gate semantics changed; re-evaluating every account","data":{"version":1,"accounts":14}}
{"t":"2026-10-01T16:21:37.489Z","level":"warn","msg":"model unreachable with this key","data":{"model":"claude-opus-5","status":404,"message":"404 model: claude-opus-5"}}
{"t":"2026-10-01T16:21:37.497Z","level":"warn","msg":"model probe failed","data":{"name":"Error","message":"offline","stack":"Error: offline\n    at Object.probeModel (/Users/h_dryden/Documents/New project/christopher-jtbd-review/apps/worker/src/boot.test.ts:123:54)\n    at probeConfiguredModels (/Users/h_dryden/Documents/New project/christopher-jtbd-review/apps/worker/src/boot.ts:45:35)\n    at processTicksAndRejections (node:internal/process/task_queues:105:5)\n    at /Users/h_dryden/Documents/New project/christopher-jtbd-review/apps/worker/src/boot.test.ts:124:12\n    at file:///Users/h_dryden/Documents/New%20project/christopher-jtbd-review/node_modules/.pnpm/vitest@5.0.0_@opentelemetry+api@1.9.1_@types+node@26.4.1_jsdom@26.1.0_vite@8.2.2_@types_c344cf73f7ea71631ab4cfb754e2c176/node_modules/vitest/dist/chunks/run.CQOUYP-x.js:2783:20"}}
{"t":"2026-10-01T16:21:39.637Z","level":"error","msg":"ai usage unrecorded","data":{"userId":"9f2d30f1-967a-47b4-815d-23dd318c6ec9","callSite":"CV","model":"claude-sonnet-5","inputTokens":100,"outputTokens":50,"cacheReadTokens":0,"cacheWriteTokens":0,"costUsd":0.5,"durationMs":10,"ok":true,"refType":"cv","refId":"draft-1","stage":"author","id":"fc6cd7b5-3687-4cbf-8d71-2cdf08ccfef7","error":"timeout exceeded when trying to connect"}}
{"t":"2026-10-01T16:21:39.692Z","level":"error","msg":"ai usage unrecorded","data":{"userId":"1ee0e329-6b2e-44e0-82ba-38d8ff453c1a","callSite":"CV","model":"claude-sonnet-5","inputTokens":100,"outputTokens":50,"cacheReadTokens":0,"cacheWriteTokens":0,"costUsd":2,"durationMs":10,"ok":true,"refType":"cv","refId":"draft-1","stage":"author","id":"e4ee53d3-56d4-43e1-b964-7fd9dc534b61","error":"lock timeout"}}
{"t":"2026-10-01T16:21:43.269Z","level":"warn","msg":"CV stage hold could not be released","data":{"stage":"rubric","error":"release failed"}}

 Test Files  58 passed (58)
      Tests  747 passed (747)
   Start at  17:16:07
   Duration  338.59s (tests 93%, import 7%)

